,exp #,gen #,CHIR99021,SP600125,Dexameth,rhGM-CSF,rhSCF,rhIGF-1,AA,Y27632,ALB,FN,GL,CH,ITS,bME,PY,rep ct #1,rep ct #2,rep ct #3,rep ct #4,mean (rep ct),PC fold chg,count threshold,normalized cell count,Col26 (mean+1),Col27 (log Col26),Residual Col27 Exp#1,Residual Col27 Exp#2,Residual Col27 Exp#3,Col32 (log foldchg w/ +threshold),Col33 (std dev),Col34 (Col32+noise),Penicillin (units/mL),Streptomycin (µg/mL),CHIR99021 (µM),SP600125 (µM),Dexamethasone (nM),Recombinant Human GM-CSF (rhGM-CSF) (ng/mL),Recombinant Human SCF (rhSCF) (ng/mL),Recombinant Human IGF-1 (rhIGF-1) (ng/mL),Ascorbic Acid (AA) (µM),Y27632 (µM),Albumin (ALB) (mg/mL),Fibronectin (FN) (µg/mL),GlutaMAX Supplement (GL) (mM),Cholesterol Concentrate (CH) (µg/mL),ITS Supplement,Sodium Pyruvate (PY) (mM),β-mercaptoethanol (bME) (µM),CHIR Component A (µM),CHIR Component B (µM),SP600125 Active (µM),SP600125 Inactive (µM),Dex Active (nM),Dex Inactive (nM),IGF-1 Active (ng/mL),IGF-1 Inactive (ng/mL),Insulin (µg/mL),Transferrin (µg/mL),Selenium (ng/mL),bME Active (µM),bME Inactive (µM)
0,1,1,3,1,3,3,5,2,3,3,2,3,1,2,2,2,3,2450.0,2316.666667,3166.666667,4116.666667,3012.50000025,11.79277778,50.0,255.4529608248075,3013.50000025,3.4790711958399596,-0.8001195769377301,,,-0.6900151616476398,0.4980266,-0.6900151616476398,100,100,3,10,100,2,50,10,50,10,1,10,2,5,1,1,50,1.2000000000000002,1.7999999999999998,7.0,3.0,90.0,10.0,8.0,2.0,1.0,0.5,5,42.5,7.5
1,1,1,1,2,1,4,2,5,4,4,0,1,2,1,1,3,3,5933.333333,4216.666667,5150.0,6016.666667,5329.16666675,11.79277778,50.0,451.90088087541324,5330.16666675,3.7267407890112216,-0.5078393624248103,,,-0.44537625849413887,0.4980266,-0.44537625849413887,100,100,3,10,100,2,50,10,50,10,1,10,2,5,1,1,50,1.2000000000000002,1.7999999999999998,7.0,3.0,90.0,10.0,8.0,2.0,1.0,0.5,5,42.5,7.5
2,1,1,3,3,5,4,5,3,5,1,1,0,1,0,1,2,2,3366.666667,1633.333333,2283.333333,1866.666667,2287.5,11.79277778,50.0,193.97465488406752,2288.5,3.359550916763318,-0.06894357875817958,,,-0.8073396395111259,0.4980266,-0.8073396395111259,100,100,3,10,100,2,50,10,50,10,1,10,2,5,1,1,50,1.2000000000000002,1.7999999999999998,7.0,3.0,90.0,10.0,8.0,2.0,1.0,0.5,5,42.5,7.5
3,1,1,1,5,2,1,5,0,5,1,5,4,2,3,2,1,0,0.0,0.0,0.0,0.0,0.0,11.79277778,50.0,0.0,1.0,0.0,-0.7027733827417598,,,-2.4771212547196626,0.4980266,-0.39984440254942566,100,100,3,10,100,2,50,10,50,10,1,10,2,5,1,1,50,1.2000000000000002,1.7999999999999998,7.0,3.0,90.0,10.0,8.0,2.0,1.0,0.5,5,42.5,7.5
4,1,1,3,1,4,0,5,2,1,2,2,5,5,3,0,1,1,50.0,16.66666667,33.33333333,16.66666667,29.1666666675,11.79277778,50.0,2.4732651807418353,30.1666666675,1.479527324497538,-0.33427130085959345,,,-2.277548899809887,0.4980266,-2.277548899809887,100,100,3,10,100,2,50,10,50,10,1,10,2,5,1,1,50,1.2000000000000002,1.7999999999999998,7.0,3.0,90.0,10.0,8.0,2.0,1.0,0.5,5,42.5,7.5
5,1,1,4,3,5,3,2,5,4,3,1,2,4,3,0,2,3,0.0,0.0,0.0,0.0,0.0,11.79277778,50.0,0.0,1.0,0.0,-2.5205449354390694,,,-2.4771212547196626,0.4980266,-0.42826535236355623,100,100,3,10,100,2,50,10,50,10,1,10,2,5,1,1,50,1.2000000000000002,1.7999999999999998,7.0,3.0,90.0,10.0,8.0,2.0,1.0,0.5,5,42.5,7.5
6,1,1,4,2,3,3,1,0,1,3,4,1,2,1,2,3,1,16.66666667,33.33333333,66.66666667,0.0,29.1666666675,11.79277778,50.0,2.4732651807418353,30.1666666675,1.479527324497538,-1.967356060576156,,,-2.277548899809887,0.4980266,-2.277548899809887,100,100,3,10,100,2,50,10,50,10,1,10,2,5,1,1,50,1.2000000000000002,1.7999999999999998,7.0,3.0,90.0,10.0,8.0,2.0,1.0,0.5,5,42.5,7.5
7,1,1,1,4,5,3,3,5,2,3,3,3,3,1,2,0,2,1066.666667,866.6666667,966.6666667,1050.0,987.5000001,11.79277778,50.0,83.73769255406083,988.5000001,2.9949766736936256,-0.7579508109127531,,,-1.1601031536296913,0.4980266,-1.1601031536296913,100,100,3,10,100,2,50,10,50,10,1,10,2,5,1,1,50,1.2000000000000002,1.7999999999999998,7.0,3.0,90.0,10.0,8.0,2.0,1.0,0.5,5,42.5,7.5
8,1,1,3,5,4,4,5,0,2,4,1,2,1,1,2,0,2,0.0,0.0,0.0,0.0,0.0,11.79277778,50.0,0.0,1.0,0.0,-1.030684491243319,,,-2.4771212547196626,0.4980266,-0.696781302338489,100,100,3,10,100,2,50,10,50,10,1,10,2,5,1,1,50,1.2000000000000002,1.7999999999999998,7.0,3.0,90.0,10.0,8.0,2.0,1.0,0.5,5,42.5,7.5
9,1,1,2,1,4,4,4,1,2,5,5,2,5,2,3,2,1,127916.6667,114716.6667,128250.0,134166.6667,126262.500025,11.79277778,50.0,10706.76496924544,126263.500025,5.101277823803913,-0.440694058529723,,,0.9253550718896543,0.4980266,0.9253550718896543,100,100,3,10,100,2,50,10,50,10,1,10,2,5,1,1,50,1.2000000000000002,1.7999999999999998,7.0,3.0,90.0,10.0,8.0,2.0,1.0,0.5,5,42.5,7.5
10,1,1,3,3,2,2,4,2,0,0,1,5,5,2,1,1,1,66.66666667,50.0,16.66666667,33.33333333,41.666666667499996,11.79277778,50.0,3.533235972458051,42.666666667499996,1.6300887149366883,-0.8307050313893631,,,-2.2138798199411327,0.4980266,-2.2138798199411327,100,100,3,10,100,2,50,10,50,10,1,10,2,5,1,1,50,1.2000000000000002,1.7999999999999998,7.0,3.0,90.0,10.0,8.0,2.0,1.0,0.5,5,42.5,7.5
11,1,1,2,1,2,3,3,4,4,4,5,2,2,4,3,1,3,14466.66667,14433.33333,13750.0,16316.66667,14741.6666675,11.79277778,50.0,1250.0588871013222,14742.6666675,4.168576046225419,0.029428454879595556,,,-0.006074147687725904,0.4980266,-0.006074147687725904,100,100,3,10,100,2,50,10,50,10,1,10,2,5,1,1,50,1.2000000000000002,1.7999999999999998,7.0,3.0,90.0,10.0,8.0,2.0,1.0,0.5,5,42.5,7.5
12,1,1,5,4,4,4,4,5,1,2,5,1,5,3,2,0,0,83.33333333,83.33333333,33.33333333,66.66666667,66.666666665,11.79277778,50.0,5.6531775556784885,67.666666665,1.8303747831828536,-1.0303486198157583,,,-2.109144469431272,0.4980266,-2.109144469431272,100,100,3,10,100,2,50,10,50,10,1,10,2,5,1,1,50,1.2000000000000002,1.7999999999999998,7.0,3.0,90.0,10.0,8.0,2.0,1.0,0.5,5,42.5,7.5
13,1,1,5,1,2,2,2,0,4,3,2,5,3,4,2,3,2,16.66666667,0.0,0.0,0.0,4.1666666675,11.79277778,50.0,0.35332359730940344,5.1666666675,0.7132104435206765,-0.3383301947975259,,,-2.442359148453769,0.4980266,-2.442359148453769,100,100,3,10,100,2,50,10,50,10,1,10,2,5,1,1,50,1.2000000000000002,1.7999999999999998,7.0,3.0,90.0,10.0,8.0,2.0,1.0,0.5,5,42.5,7.5
14,1,1,2,3,5,2,4,4,2,3,1,2,5,1,2,3,3,4900.0,7133.333333,5950.0,6433.333333,6104.166666499999,11.79277778,50.0,517.6190699406192,6105.166666499999,3.7856975243584223,0.05136307234654769,,,-0.3869220054670993,0.4980266,-0.3869220054670993,100,100,3,10,100,2,50,10,50,10,1,10,2,5,1,1,50,1.2000000000000002,1.7999999999999998,7.0,3.0,90.0,10.0,8.0,2.0,1.0,0.5,5,42.5,7.5
15,1,1,2,5,1,5,0,4,4,0,5,2,5,2,3,1,3,50.0,83.33333333,83.33333333,0.0,54.16666666500001,11.79277778,50.0,4.593206763962274,55.16666666500001,1.7416767433789544,-1.2977688558166327,,,-2.1583624921021984,0.4980266,-2.1583624921021984,100,100,3,10,100,2,50,10,50,10,1,10,2,5,1,1,50,1.2000000000000002,1.7999999999999998,7.0,3.0,90.0,10.0,8.0,2.0,1.0,0.5,5,42.5,7.5
16,1,1,5,0,5,4,1,1,2,5,2,4,5,3,1,3,2,0.0,0.0,16.66666667,0.0,4.1666666675,11.79277778,50.0,0.35332359730940344,5.1666666675,0.7132104435206765,-1.3945224997995365,,,-2.442359148453769,0.4980266,-2.442359148453769,100,100,3,10,100,2,50,10,50,10,1,10,2,5,1,1,50,1.2000000000000002,1.7999999999999998,7.0,3.0,90.0,10.0,8.0,2.0,1.0,0.5,5,42.5,7.5
17,1,1,4,2,4,3,5,1,1,3,0,5,3,0,2,3,1,0.0,66.66666667,33.33333333,16.66666667,29.1666666675,11.79277778,50.0,2.4732651807418353,30.1666666675,1.479527324497538,-0.09858184112368806,,,-2.277548899809887,0.4980266,-2.277548899809887,100,100,3,10,100,2,50,10,50,10,1,10,2,5,1,1,50,1.2000000000000002,1.7999999999999998,7.0,3.0,90.0,10.0,8.0,2.0,1.0,0.5,5,42.5,7.5
18,1,1,1,4,4,1,1,2,2,2,0,4,5,1,1,2,1,16.66666667,0.0,0.0,16.66666667,8.333333335,11.79277778,50.0,0.7066471946188069,9.333333335,0.9700367767001093,-1.32747955944396,,,-2.410174465076641,0.4980266,-2.410174465076641,100,100,3,10,100,2,50,10,50,10,1,10,2,5,1,1,50,1.2000000000000002,1.7999999999999998,7.0,3.0,90.0,10.0,8.0,2.0,1.0,0.5,5,42.5,7.5
19,1,1,5,4,2,3,1,5,2,2,3,3,4,1,2,3,3,0.0,83.33333333,33.33333333,0.0,29.166666665,11.79277778,50.0,2.4732651805298413,30.166666665,1.4795273244615468,-0.006060146731137639,,,-2.2775488998236013,0.4980266,-2.2775488998236013,100,100,3,10,100,2,50,10,50,10,1,10,2,5,1,1,50,1.2000000000000002,1.7999999999999998,7.0,3.0,90.0,10.0,8.0,2.0,1.0,0.5,5,42.5,7.5
20,1,1,3,1,4,4,5,5,2,1,0,5,4,1,3,1,3,800.0,1350.0,2100.0,2183.333333,1608.3333332500001,11.79277778,50.0,136.38290852708667,1609.3333332500001,3.206646006683161,-0.29161899552540227,,,-0.9564194287154233,0.4980266,-0.9564194287154233,100,100,3,10,100,2,50,10,50,10,1,10,2,5,1,1,50,1.2000000000000002,1.7999999999999998,7.0,3.0,90.0,10.0,8.0,2.0,1.0,0.5,5,42.5,7.5
21,1,1,4,1,5,0,1,2,0,4,5,4,0,1,2,1,1,66.66666667,0.0,33.33333333,0.0,25.0,11.79277778,50.0,2.119941583432432,26.0,1.414973347970818,-1.0917359236806343,,,-2.3010299956639813,0.4980266,-2.3010299956639813,100,100,3,10,100,2,50,10,50,10,1,10,2,5,1,1,50,1.2000000000000002,1.7999999999999998,7.0,3.0,90.0,10.0,8.0,2.0,1.0,0.5,5,42.5,7.5
22,1,1,2,2,0,4,5,5,1,1,5,1,3,1,1,1,2,215850.0,224700.0,231166.6667,226550.0,224566.666675,11.79277778,50.0,19042.728597485704,224567.666675,5.351347226567114,-0.04706462691715352,,,1.175350718944721,0.4980266,1.175350718944721,100,100,3,10,100,2,50,10,50,10,1,10,2,5,1,1,50,1.2000000000000002,1.7999999999999998,7.0,3.0,90.0,10.0,8.0,2.0,1.0,0.5,5,42.5,7.5
23,1,1,2,5,2,5,2,4,3,5,2,1,2,1,3,0,0,16.66666667,0.0,33.33333333,33.33333333,20.8333333325,11.79277778,50.0,1.7666179861230287,21.8333333325,1.3391200452555445,-0.02668336928551418,,,-2.325853579394123,0.4980266,-2.325853579394123,100,100,3,10,100,2,50,10,50,10,1,10,2,5,1,1,50,1.2000000000000002,1.7999999999999998,7.0,3.0,90.0,10.0,8.0,2.0,1.0,0.5,5,42.5,7.5
24,1,1,5,0,1,5,3,4,2,5,2,0,3,1,3,1,3,0.0,0.0,16.66666667,0.0,4.1666666675,11.79277778,50.0,0.35332359730940344,5.1666666675,0.7132104435206765,-1.990789252901058,,,-2.442359148453769,0.4980266,-2.442359148453769,100,100,3,10,100,2,50,10,50,10,1,10,2,5,1,1,50,1.2000000000000002,1.7999999999999998,7.0,3.0,90.0,10.0,8.0,2.0,1.0,0.5,5,42.5,7.5
25,1,1,5,4,5,2,2,1,2,4,1,0,2,2,3,3,3,16.66666667,16.66666667,0.0,0.0,8.333333335,11.79277778,50.0,0.7066471946188069,9.333333335,0.9700367767001093,-0.03508117129374655,,,-2.410174465076641,0.4980266,-2.410174465076641,100,100,3,10,100,2,50,10,50,10,1,10,2,5,1,1,50,1.2000000000000002,1.7999999999999998,7.0,3.0,90.0,10.0,8.0,2.0,1.0,0.5,5,42.5,7.5
26,1,1,3,4,3,0,1,2,5,0,0,2,0,3,3,0,3,0.0,0.0,0.0,0.0,0.0,11.79277778,50.0,0.0,1.0,0.0,-0.6687378153898301,,,-2.4771212547196626,0.4980266,-0.6507920095368016,100,100,3,10,100,2,50,10,50,10,1,10,2,5,1,1,50,1.2000000000000002,1.7999999999999998,7.0,3.0,90.0,10.0,8.0,2.0,1.0,0.5,5,42.5,7.5
27,1,1,3,3,1,5,1,2,3,5,2,4,1,2,2,2,1,500.0,366.6666667,600.0,683.3333333,537.5,11.79277778,50.0,45.578744043797286,538.5,2.7311857076340003,-0.4174412654229478,,,-1.4070833881119074,0.4980266,-1.4070833881119074,100,100,3,10,100,2,50,10,50,10,1,10,2,5,1,1,50,1.2000000000000002,1.7999999999999998,7.0,3.0,90.0,10.0,8.0,2.0,1.0,0.5,5,42.5,7.5
28,1,1,1,4,5,1,4,4,1,2,4,4,3,5,0,3,2,133.3333333,50.0,50.0,100.0,83.333333325,11.79277778,50.0,7.066471944068126,84.333333325,1.925999266413241,-0.10005364965104158,,,-2.0511525224745246,0.4980266,-2.0511525224745246,100,100,3,10,100,2,50,10,50,10,1,10,2,5,1,1,50,1.2000000000000002,1.7999999999999998,7.0,3.0,90.0,10.0,8.0,2.0,1.0,0.5,5,42.5,7.5
29,1,1,2,3,5,1,3,1,3,4,4,2,2,5,1,1,0,1033.333333,1116.666667,933.3333333,916.6666667,1000.0,11.79277778,50.0,84.79766333729728,1001.0,3.000434077479319,0.1680014831254848,,,-1.154901959985743,0.4980266,-1.154901959985743,100,100,3,10,100,2,50,10,50,10,1,10,2,5,1,1,50,1.2000000000000002,1.7999999999999998,7.0,3.0,90.0,10.0,8.0,2.0,1.0,0.5,5,42.5,7.5
30,1,1,2,2,4,3,4,2,2,4,1,5,3,5,0,0,2,17566.66667,12150.0,15833.33333,19233.33333,16195.8333325,11.79277778,50.0,1373.3688223963125,16196.8333325,4.209430113267772,-0.10008127647707088,,,0.034650734398421285,0.4980266,0.034650734398421285,100,100,3,10,100,2,50,10,50,10,1,10,2,5,1,1,50,1.2000000000000002,1.7999999999999998,7.0,3.0,90.0,10.0,8.0,2.0,1.0,0.5,5,42.5,7.5
31,1,1,1,2,2,1,3,1,4,5,1,1,5,1,3,2,0,1600.0,1566.666667,1800.0,1883.333333,1712.5,11.79277778,50.0,145.2159984651216,1713.5,3.233884108765886,0.11007284019160579,,,-0.929962133392245,0.4980266,-0.929962133392245,100,100,3,10,100,2,50,10,50,10,1,10,2,5,1,1,50,1.2000000000000002,1.7999999999999998,7.0,3.0,90.0,10.0,8.0,2.0,1.0,0.5,5,42.5,7.5
32,1,1,4,4,5,2,4,0,0,1,0,5,4,4,1,1,0,0.0,0.0,16.66666667,0.0,4.1666666675,11.79277778,50.0,0.35332359730940344,5.1666666675,0.7132104435206765,0.14725127699908735,,,-2.442359148453769,0.4980266,-2.442359148453769,100,100,3,10,100,2,50,10,50,10,1,10,2,5,1,1,50,1.2000000000000002,1.7999999999999998,7.0,3.0,90.0,10.0,8.0,2.0,1.0,0.5,5,42.5,7.5
33,1,1,1,3,0,2,1,0,2,0,4,2,1,4,2,3,2,766.6666667,750.0,683.3333333,666.6666667,716.666666675,11.79277778,50.0,60.7716587257697,717.666666675,2.855922775108868,-0.4414867029002094,,,-1.2914846777530302,0.4980266,-1.2914846777530302,100,100,3,10,100,2,50,10,50,10,1,10,2,5,1,1,50,1.2000000000000002,1.7999999999999998,7.0,3.0,90.0,10.0,8.0,2.0,1.0,0.5,5,42.5,7.5
34,1,1,0,4,3,5,3,3,5,1,3,4,5,4,2,3,2,1100.0,1116.666667,1266.666667,1433.333333,1229.1666667499999,11.79277778,50.0,104.23046119249437,1230.1666667499999,3.089963954972993,-0.3431392973059788,,,-1.069164125261808,0.4980266,-1.069164125261808,100,100,3,10,100,2,50,10,50,10,1,10,2,5,1,1,50,1.2000000000000002,1.7999999999999998,7.0,3.0,90.0,10.0,8.0,2.0,1.0,0.5,5,42.5,7.5
35,1,1,2,5,4,3,4,5,3,3,4,2,3,0,1,1,3,116.6666667,83.33333333,16.66666667,16.66666667,58.333333342500005,11.79277778,50.0,4.9465303621196535,59.333333342500005,1.7732987476563276,-0.6198471079346555,,,-2.141329152759721,0.4980266,-2.141329152759721,100,100,3,10,100,2,50,10,50,10,1,10,2,5,1,1,50,1.2000000000000002,1.7999999999999998,7.0,3.0,90.0,10.0,8.0,2.0,1.0,0.5,5,42.5,7.5
36,1,1,2,4,1,4,4,0,2,4,5,3,3,1,0,1,3,14033.33333,14483.33333,17933.33333,18016.66667,16116.666664999999,11.79277778,50.0,1366.6556739781117,16117.666664999999,4.207302169735669,0.029488402872186015,,,0.03252922478214732,0.4980266,0.03252922478214732,100,100,3,10,100,2,50,10,50,10,1,10,2,5,1,1,50,1.2000000000000002,1.7999999999999998,7.0,3.0,90.0,10.0,8.0,2.0,1.0,0.5,5,42.5,7.5
37,1,1,3,5,1,3,4,4,2,2,2,5,4,4,3,0,3,0.0,33.33333333,0.0,0.0,8.3333333325,11.79277778,50.0,0.7066471944068127,9.3333333325,0.9700367765837805,-0.6183630234450317,,,-2.4101744650952535,0.4980266,-2.4101744650952535,100,100,3,10,100,2,50,10,50,10,1,10,2,5,1,1,50,1.2000000000000002,1.7999999999999998,7.0,3.0,90.0,10.0,8.0,2.0,1.0,0.5,5,42.5,7.5
38,1,1,2,4,5,5,1,0,4,1,5,5,1,5,3,0,1,15750.0,14116.66667,19733.33333,17833.33333,16858.3333325,11.79277778,50.0,1429.5472743572718,16859.3333325,4.226840397350356,0.480682532409622,,,0.05200954190863552,0.4980266,0.05200954190863552,100,100,3,10,100,2,50,10,50,10,1,10,2,5,1,1,50,1.2000000000000002,1.7999999999999998,7.0,3.0,90.0,10.0,8.0,2.0,1.0,0.5,5,42.5,7.5
39,1,1,2,1,4,4,4,4,2,4,4,4,3,2,2,2,2,123333.3333,79400.0,118633.3333,117850.0,109804.16665,11.79277778,50.0,9311.136756619186,109805.16665,5.040622775403639,0.028105331399438604,,,0.8647252748343062,0.4980266,0.8647252748343062,100,100,3,10,100,2,50,10,50,10,1,10,2,5,1,1,50,1.2000000000000002,1.7999999999999998,7.0,3.0,90.0,10.0,8.0,2.0,1.0,0.5,5,42.5,7.5
40,1,1,4,1,2,2,4,5,5,5,3,2,1,5,3,0,0,100.0,50.0,66.66666667,150.0,91.6666666675,11.79277778,50.0,7.773119139322915,92.6666666675,1.9669235412023194,-0.365834375126012,,,-2.0248235837224775,0.4980266,-2.0248235837224775,100,100,3,10,100,2,50,10,50,10,1,10,2,5,1,1,50,1.2000000000000002,1.7999999999999998,7.0,3.0,90.0,10.0,8.0,2.0,1.0,0.5,5,42.5,7.5
41,1,1,3,2,3,4,2,3,4,5,3,3,0,0,1,1,0,3633.333333,2800.0,4266.666667,2800.0,3375.0,11.79277778,50.0,286.1921137633783,3376.0,3.5284024379536176,0.1195973505168042,,,-0.6414306832272368,0.4980266,-0.6414306832272368,100,100,3,10,100,2,50,10,50,10,1,10,2,5,1,1,50,1.2000000000000002,1.7999999999999998,7.0,3.0,90.0,10.0,8.0,2.0,1.0,0.5,5,42.5,7.5
42,1,1,4,3,3,1,2,1,4,5,1,5,3,1,2,3,1,0.0,0.0,0.0,0.0,0.0,11.79277778,50.0,0.0,1.0,0.0,-0.9210928477500098,,,-2.4771212547196626,0.4980266,-1.2510918923731058,100,100,3,10,100,2,50,10,50,10,1,10,2,5,1,1,50,1.2000000000000002,1.7999999999999998,7.0,3.0,90.0,10.0,8.0,2.0,1.0,0.5,5,42.5,7.5
43,1,1,0,1,4,4,1,2,4,2,5,1,3,2,3,1,3,145233.3333,115716.6667,176300.0,123416.6667,140166.666675,11.79277778,50.0,11885.805811817814,140167.666675,5.146647843843889,-0.2230879837444153,,,0.9707083795020967,0.4980266,0.9707083795020967,100,100,3,10,100,2,50,10,50,10,1,10,2,5,1,1,50,1.2000000000000002,1.7999999999999998,7.0,3.0,90.0,10.0,8.0,2.0,1.0,0.5,5,42.5,7.5
44,1,1,5,2,0,4,5,0,5,2,0,3,4,1,2,2,1,0.0,0.0,16.66666667,16.66666667,8.333333335,11.79277778,50.0,0.7066471946188069,9.333333335,0.9700367767001093,-0.32703210513475056,,,-2.410174465076641,0.4980266,-2.410174465076641,100,100,3,10,100,2,50,10,50,10,1,10,2,5,1,1,50,1.2000000000000002,1.7999999999999998,7.0,3.0,90.0,10.0,8.0,2.0,1.0,0.5,5,42.5,7.5
45,1,1,3,1,0,1,5,1,5,3,5,3,1,5,3,0,3,1216.666667,866.6666667,1350.0,1383.333333,1204.166666675,11.79277778,50.0,102.11051960270213,1205.166666675,3.0810471111532367,-0.3545628100694387,,,-1.0777360051705582,0.4980266,-1.0777360051705582,100,100,3,10,100,2,50,10,50,10,1,10,2,5,1,1,50,1.2000000000000002,1.7999999999999998,7.0,3.0,90.0,10.0,8.0,2.0,1.0,0.5,5,42.5,7.5
46,1,1,5,2,2,4,2,5,4,4,0,1,2,0,3,3,3,100.0,0.0,16.66666667,16.66666667,33.333333335,11.79277778,50.0,2.8265887780512386,34.333333335,1.535715970006592,-0.2007557872560346,,,-2.25527250509462,0.4980266,-2.25527250509462,100,100,3,10,100,2,50,10,50,10,1,10,2,5,1,1,50,1.2000000000000002,1.7999999999999998,7.0,3.0,90.0,10.0,8.0,2.0,1.0,0.5,5,42.5,7.5
47,1,1,0,5,2,1,5,5,5,1,3,0,1,1,1,0,3,0.0,33.33333333,16.66666667,0.0,12.5,11.79277778,50.0,1.059970791716216,13.5,1.130333768495006,-0.03683620832112844,,,-2.380211241711606,0.4980266,-2.380211241711606,100,100,3,10,100,2,50,10,50,10,1,10,2,5,1,1,50,1.2000000000000002,1.7999999999999998,7.0,3.0,90.0,10.0,8.0,2.0,1.0,0.5,5,42.5,7.5
48,1,1,1,5,2,4,1,4,1,5,4,4,2,3,2,2,3,16.66666667,66.66666667,0.0,0.0,20.833333335,11.79277778,50.0,1.7666179863350226,21.833333335,1.339120045305273,-1.475486537287132,,,-2.3258535793787947,0.4980266,-2.3258535793787947,100,100,3,10,100,2,50,10,50,10,1,10,2,5,1,1,50,1.2000000000000002,1.7999999999999998,7.0,3.0,90.0,10.0,8.0,2.0,1.0,0.5,5,42.5,7.5
49,1,1,3,5,4,0,5,2,1,5,0,5,5,2,0,1,1,0.0,16.66666667,0.0,0.0,4.1666666675,11.79277778,50.0,0.35332359730940344,5.1666666675,0.7132104435206765,0.39501288937454215,,,-2.442359148453769,0.4980266,-2.442359148453769,100,100,3,10,100,2,50,10,50,10,1,10,2,5,1,1,50,1.2000000000000002,1.7999999999999998,7.0,3.0,90.0,10.0,8.0,2.0,1.0,0.5,5,42.5,7.5
50,1,1,4,2,5,3,5,5,4,5,5,4,4,3,1,2,1,666.6666667,533.3333333,566.6666667,400.0,541.666666675,11.79277778,50.0,45.93206764174268,542.666666675,2.734533145840189,-0.791097338605574,,,-1.4040141563781139,0.4980266,-1.4040141563781139,100,100,3,10,100,2,50,10,50,10,1,10,2,5,1,1,50,1.2000000000000002,1.7999999999999998,7.0,3.0,90.0,10.0,8.0,2.0,1.0,0.5,5,42.5,7.5
51,1,1,4,0,4,4,5,3,2,3,4,1,2,5,1,3,1,466.6666667,383.3333333,416.6666667,400.0,416.666666675,11.79277778,50.0,35.33235972458051,417.666666675,2.6208298162831527,-1.2390786688443312,,,-1.5070844780893504,0.4980266,-1.5070844780893504,100,100,3,10,100,2,50,10,50,10,1,10,2,5,1,1,50,1.2000000000000002,1.7999999999999998,7.0,3.0,90.0,10.0,8.0,2.0,1.0,0.5,5,42.5,7.5
52,1,1,1,4,3,3,3,5,2,3,5,3,3,3,3,0,2,16183.33333,14333.33333,16600.0,18650.0,16441.666665,11.79277778,50.0,1394.2149145627334,16442.666665,4.21597225261875,0.7711032053625746,,,0.0411732890591999,0.4980266,0.0411732890591999,100,100,3,10,100,2,50,10,50,10,1,10,2,5,1,1,50,1.2000000000000002,1.7999999999999998,7.0,3.0,90.0,10.0,8.0,2.0,1.0,0.5,5,42.5,7.5
53,1,1,3,5,0,5,4,5,2,5,0,0,1,1,3,0,0,0.0,0.0,0.0,0.0,0.0,11.79277778,50.0,0.0,1.0,0.0,0.009804849480793049,,,-2.4771212547196626,0.4980266,-0.4594586698442069,100,100,3,10,100,2,50,10,50,10,1,10,2,5,1,1,50,1.2000000000000002,1.7999999999999998,7.0,3.0,90.0,10.0,8.0,2.0,1.0,0.5,5,42.5,7.5
54,1,1,2,1,4,1,4,3,3,5,5,2,5,0,3,2,3,2350.0,2316.666667,2800.0,2900.0,2591.66666675,11.79277778,50.0,219.7672774895619,2592.66666675,3.4137466841057376,-0.7074190411800472,,,-0.7542132428718544,0.4980266,-0.7542132428718544,100,100,3,10,100,2,50,10,50,10,1,10,2,5,1,1,50,1.2000000000000002,1.7999999999999998,7.0,3.0,90.0,10.0,8.0,2.0,1.0,0.5,5,42.5,7.5
55,1,1,3,3,2,4,4,1,4,5,0,2,5,2,3,1,3,1883.333333,1950.0,2533.333333,2400.0,2191.6666665000002,11.79277778,50.0,185.8482121334436,2192.6666665000002,3.340972614393962,-0.38295865639205173,,,-0.8255202251331876,0.4980266,-0.8255202251331876,100,100,3,10,100,2,50,10,50,10,1,10,2,5,1,1,50,1.2000000000000002,1.7999999999999998,7.0,3.0,90.0,10.0,8.0,2.0,1.0,0.5,5,42.5,7.5
56,1,1,4,1,0,3,5,4,0,4,5,2,2,0,0,1,3,8733.333333,7116.666667,8366.666667,6866.666667,7770.8333335,11.79277778,50.0,658.9485088643805,7771.8333335,3.8905234786084733,-0.11239732073919084,,,-0.28283822813668585,0.4980266,-0.28283822813668585,100,100,3,10,100,2,50,10,50,10,1,10,2,5,1,1,50,1.2000000000000002,1.7999999999999998,7.0,3.0,90.0,10.0,8.0,2.0,1.0,0.5,5,42.5,7.5
57,1,1,5,4,4,4,4,0,1,2,5,1,0,0,1,0,0,83.33333333,16.66666667,50.0,33.33333333,45.833333332500004,11.79277778,50.0,3.886559569555461,46.833333332500004,1.6705550695137086,0.013201881166102991,,,-2.1945746647534707,0.4980266,-2.1945746647534707,100,100,3,10,100,2,50,10,50,10,1,10,2,5,1,1,50,1.2000000000000002,1.7999999999999998,7.0,3.0,90.0,10.0,8.0,2.0,1.0,0.5,5,42.5,7.5
58,1,1,5,1,2,2,2,4,4,3,2,0,3,4,3,3,3,483.3333333,33.33333333,0.0,0.0,129.1666666575,11.79277778,50.0,10.953031513623587,130.1666666575,2.1144997834630725,0.21270317167812558,,,-1.9228340452099204,0.4980266,-1.9228340452099204,100,100,3,10,100,2,50,10,50,10,1,10,2,5,1,1,50,1.2000000000000002,1.7999999999999998,7.0,3.0,90.0,10.0,8.0,2.0,1.0,0.5,5,42.5,7.5
59,1,1,5,5,5,0,2,4,2,3,1,5,5,0,2,3,0,0.0,0.0,0.0,0.0,0.0,11.79277778,50.0,0.0,1.0,0.0,1.1059512704565542,,,-2.4771212547196626,0.4980266,-1.6133467068690885,100,100,3,10,100,2,50,10,50,10,1,10,2,5,1,1,50,1.2000000000000002,1.7999999999999998,7.0,3.0,90.0,10.0,8.0,2.0,1.0,0.5,5,42.5,7.5
60,1,1,2,0,2,1,0,2,0,5,5,2,5,0,3,1,2,883.3333333,950.0,733.3333333,1150.0,929.16666665,11.79277778,50.0,78.79116218282543,930.16666665,2.968560772125235,-0.014254223982432368,,,-1.1852346385029433,0.4980266,-1.1852346385029433,100,100,3,10,100,2,50,10,50,10,1,10,2,5,1,1,50,1.2000000000000002,1.7999999999999998,7.0,3.0,90.0,10.0,8.0,2.0,1.0,0.5,5,42.5,7.5
61,1,1,5,0,5,4,1,1,2,1,2,4,5,3,3,3,2,33.33333333,0.0,0.0,0.0,8.3333333325,11.79277778,50.0,0.7066471944068127,9.3333333325,0.9700367765837805,-0.8748021748960793,,,-2.4101744650952535,0.4980266,-2.4101744650952535,100,100,3,10,100,2,50,10,50,10,1,10,2,5,1,1,50,1.2000000000000002,1.7999999999999998,7.0,3.0,90.0,10.0,8.0,2.0,1.0,0.5,5,42.5,7.5
62,1,1,0,2,4,0,5,1,5,3,0,5,2,0,2,1,0,33.33333333,116.6666667,66.66666667,50.0,66.666666675,11.79277778,50.0,5.653177556526466,67.666666675,1.830374783247035,0.5909724450590155,,,-2.109144469394047,0.4980266,-2.109144469394047,100,100,3,10,100,2,50,10,50,10,1,10,2,5,1,1,50,1.2000000000000002,1.7999999999999998,7.0,3.0,90.0,10.0,8.0,2.0,1.0,0.5,5,42.5,7.5
63,1,1,2,2,3,4,1,0,4,5,0,0,5,1,1,2,1,4983.333333,5166.666667,5450.0,4633.333333,5058.33333325,11.79277778,50.0,428.93484704076224,5059.33333325,3.7040932937635986,-0.264909911106618,,,-0.4678120305919758,0.4980266,-0.4678120305919758,100,100,3,10,100,2,50,10,50,10,1,10,2,5,1,1,50,1.2000000000000002,1.7999999999999998,7.0,3.0,90.0,10.0,8.0,2.0,1.0,0.5,5,42.5,7.5
64,1,1,5,0,3,3,1,0,2,2,1,3,0,1,2,2,3,50.0,0.0,0.0,0.0,12.5,11.79277778,50.0,1.059970791716216,13.5,1.130333768495006,-1.3873047466991353,,,-2.380211241711606,0.4980266,-2.380211241711606,100,100,3,10,100,2,50,10,50,10,1,10,2,5,1,1,50,1.2000000000000002,1.7999999999999998,7.0,3.0,90.0,10.0,8.0,2.0,1.0,0.5,5,42.5,7.5
65,1,1,3,1,4,4,0,4,3,1,0,5,4,1,3,3,3,933.3333333,1466.666667,1350.0,1950.0,1425.0000000750001,11.79277778,50.0,120.83667026200845,1426.0000000750001,3.1541195255386882,0.04647239228191946,,,-1.0072992387194166,0.4980266,-1.0072992387194166,100,100,3,10,100,2,50,10,50,10,1,10,2,5,1,1,50,1.2000000000000002,1.7999999999999998,7.0,3.0,90.0,10.0,8.0,2.0,1.0,0.5,5,42.5,7.5
66,1,1,4,5,5,0,5,5,4,4,5,0,0,0,2,1,0,0.0,0.0,0.0,0.0,0.0,11.79277778,50.0,0.0,1.0,0.0,-0.594276356502942,,,-2.4771212547196626,0.4980266,-0.6678591536737173,100,100,3,10,100,2,50,10,50,10,1,10,2,5,1,1,50,1.2000000000000002,1.7999999999999998,7.0,3.0,90.0,10.0,8.0,2.0,1.0,0.5,5,42.5,7.5
67,1,1,0,2,0,4,5,5,4,1,4,4,3,1,1,1,2,210050.0,196450.0,187350.0,247950.0,210450.0,11.79277778,50.0,17845.668249334212,210451.0,5.323150993725999,0.231085423098091,,,1.147160841116006,0.4980266,1.147160841116006,100,100,3,10,100,2,50,10,50,10,1,10,2,5,1,1,50,1.2000000000000002,1.7999999999999998,7.0,3.0,90.0,10.0,8.0,2.0,1.0,0.5,5,42.5,7.5
68,1,1,4,3,5,5,5,4,3,5,2,1,2,1,3,2,0,100.0,50.0,16.66666667,0.0,41.6666666675,11.79277778,50.0,3.5332359724580518,42.6666666675,1.6300887149366883,-0.21986399468092244,,,-2.2138798199411327,0.4980266,-2.2138798199411327,100,100,3,10,100,2,50,10,50,10,1,10,2,5,1,1,50,1.2000000000000002,1.7999999999999998,7.0,3.0,90.0,10.0,8.0,2.0,1.0,0.5,5,42.5,7.5
69,1,1,5,0,5,5,3,4,3,5,3,0,3,1,3,3,3,133.3333333,16.66666667,33.33333333,16.66666667,49.9999999925,11.79277778,50.0,4.239883166228882,50.9999999925,1.7075701760340696,-0.7567196228516471,,,-2.1760912590882535,0.4980266,-2.1760912590882535,100,100,3,10,100,2,50,10,50,10,1,10,2,5,1,1,50,1.2000000000000002,1.7999999999999998,7.0,3.0,90.0,10.0,8.0,2.0,1.0,0.5,5,42.5,7.5
70,1,1,3,4,1,5,2,2,4,1,1,1,2,2,3,2,3,200.0,50.0,50.0,33.33333333,83.3333333325,11.79277778,50.0,7.066471944704109,84.3333333325,1.9259992664518641,-0.8761693540915081,,,-2.0511525224500957,0.4980266,-2.0511525224500957,100,100,3,10,100,2,50,10,50,10,1,10,2,5,1,1,50,1.2000000000000002,1.7999999999999998,7.0,3.0,90.0,10.0,8.0,2.0,1.0,0.5,5,42.5,7.5
71,1,1,5,2,3,2,4,2,5,0,4,2,0,5,3,0,3,33.33333333,0.0,0.0,50.0,20.8333333325,11.79277778,50.0,1.7666179861230287,21.8333333325,1.3391200452555445,-0.9585603867672825,,,-2.325853579394123,0.4980266,-2.325853579394123,100,100,3,10,100,2,50,10,50,10,1,10,2,5,1,1,50,1.2000000000000002,1.7999999999999998,7.0,3.0,90.0,10.0,8.0,2.0,1.0,0.5,5,42.5,7.5
72,1,1,3,3,4,3,1,2,3,5,2,5,3,5,3,2,2,2350.0,3316.666667,2750.0,2650.0,2766.66666675,11.79277778,50.0,234.60686857358894,2767.66666675,3.442113783216665,-0.13183108450341807,,,-0.7263558048128024,0.4980266,-0.7263558048128024,100,100,3,10,100,2,50,10,50,10,1,10,2,5,1,1,50,1.2000000000000002,1.7999999999999998,7.0,3.0,90.0,10.0,8.0,2.0,1.0,0.5,5,42.5,7.5
73,1,1,5,4,5,1,4,0,2,5,4,4,3,5,0,3,0,33.33333333,0.0,16.66666667,16.66666667,16.6666666675,11.79277778,50.0,1.4132943890256193,17.6666666675,1.2471546149016122,0.7395813746951856,,,-2.3521825181059337,0.4980266,-2.3521825181059337,100,100,3,10,100,2,50,10,50,10,1,10,2,5,1,1,50,1.2000000000000002,1.7999999999999998,7.0,3.0,90.0,10.0,8.0,2.0,1.0,0.5,5,42.5,7.5
74,1,1,4,3,5,5,3,1,3,5,5,2,2,5,1,0,3,2333.333333,1850.0,1983.333333,1866.666667,2008.3333332500001,11.79277778,50.0,170.30197386200558,2009.3333332500001,3.30305198890492,-1.0058547355774219,,,-0.8625755518612231,0.4980266,-0.8625755518612231,100,100,3,10,100,2,50,10,50,10,1,10,2,5,1,1,50,1.2000000000000002,1.7999999999999998,7.0,3.0,90.0,10.0,8.0,2.0,1.0,0.5,5,42.5,7.5
75,1,1,2,2,0,5,4,0,2,5,1,3,3,5,1,0,1,94950.0,94383.33333,124516.6667,121933.3333,108945.8333325,11.79277778,50.0,9238.352096930636,108946.8333325,5.037214611487204,-0.11121175636837499,,,0.8613186370932867,0.4980266,0.8613186370932867,100,100,3,10,100,2,50,10,50,10,1,10,2,5,1,1,50,1.2000000000000002,1.7999999999999998,7.0,3.0,90.0,10.0,8.0,2.0,1.0,0.5,5,42.5,7.5
76,1,1,4,2,5,2,4,1,4,4,1,4,5,1,3,2,3,33.33333333,50.0,33.33333333,66.66666667,45.833333332500004,11.79277778,50.0,3.886559569555461,46.833333332500004,1.6705550695137086,-0.571305735389591,,,-2.1945746647534707,0.4980266,-2.1945746647534707,100,100,3,10,100,2,50,10,50,10,1,10,2,5,1,1,50,1.2000000000000002,1.7999999999999998,7.0,3.0,90.0,10.0,8.0,2.0,1.0,0.5,5,42.5,7.5
77,1,1,1,4,0,2,0,0,5,2,0,0,0,4,1,3,0,0.0,0.0,0.0,16.66666667,4.1666666675,11.79277778,50.0,0.35332359730940344,5.1666666675,0.7132104435206765,-0.16201432204475785,,,-2.442359148453769,0.4980266,-2.442359148453769,100,100,3,10,100,2,50,10,50,10,1,10,2,5,1,1,50,1.2000000000000002,1.7999999999999998,7.0,3.0,90.0,10.0,8.0,2.0,1.0,0.5,5,42.5,7.5
78,1,1,0,3,2,1,1,0,2,0,4,1,1,0,2,0,2,433.3333333,600.0,866.6666667,583.3333333,620.833333325,11.79277778,50.0,52.64521598786541,621.833333325,2.7936739986513652,-0.11898295983524809,,,-1.3494766247408325,0.4980266,-1.3494766247408325,100,100,3,10,100,2,50,10,50,10,1,10,2,5,1,1,50,1.2000000000000002,1.7999999999999998,7.0,3.0,90.0,10.0,8.0,2.0,1.0,0.5,5,42.5,7.5
79,1,1,0,4,1,5,3,3,5,1,5,4,5,4,3,1,3,18283.33333,16566.66667,17966.66667,16250.0,17266.6666675,11.79277778,50.0,1464.1729870279978,17267.6666675,4.237233656508284,0.16343971378300992,,,0.06237303813875224,0.4980266,0.06237303813875224,100,100,3,10,100,2,50,10,50,10,1,10,2,5,1,1,50,1.2000000000000002,1.7999999999999998,7.0,3.0,90.0,10.0,8.0,2.0,1.0,0.5,5,42.5,7.5
80,1,1,1,5,4,3,4,2,3,3,4,2,3,3,1,1,3,100.0,33.33333333,100.0,16.66666667,62.50000000000001,11.79277778,50.0,5.299853958581081,63.50000000000001,1.8027737252919758,-0.7209469865531852,,,-2.1249387366083,0.4980266,-2.1249387366083,100,100,3,10,100,2,50,10,50,10,1,10,2,5,1,1,50,1.2000000000000002,1.7999999999999998,7.0,3.0,90.0,10.0,8.0,2.0,1.0,0.5,5,42.5,7.5
81,1,1,2,4,1,4,4,0,2,4,0,3,0,1,0,1,1,16.66666667,33.33333333,16.66666667,16.66666667,20.833333335,11.79277778,50.0,1.7666179863350226,21.833333335,1.339120045305273,-0.2474812748933879,,,-2.3258535793787947,0.4980266,-2.3258535793787947,100,100,3,10,100,2,50,10,50,10,1,10,2,5,1,1,50,1.2000000000000002,1.7999999999999998,7.0,3.0,90.0,10.0,8.0,2.0,1.0,0.5,5,42.5,7.5
82,1,1,4,5,0,3,0,4,2,2,2,5,4,4,3,0,0,0.0,0.0,0.0,16.66666667,4.1666666675,11.79277778,50.0,0.35332359730940344,5.1666666675,0.7132104435206765,-0.6143219709589478,,,-2.442359148453769,0.4980266,-2.442359148453769,100,100,3,10,100,2,50,10,50,10,1,10,2,5,1,1,50,1.2000000000000002,1.7999999999999998,7.0,3.0,90.0,10.0,8.0,2.0,1.0,0.5,5,42.5,7.5
83,1,1,4,4,5,0,1,1,0,1,5,5,1,3,3,0,2,33.33333333,16.66666667,0.0,33.33333333,20.8333333325,11.79277778,50.0,1.7666179861230287,21.8333333325,1.3391200452555445,0.8348557396946172,,,-2.325853579394123,0.4980266,-2.325853579394123,100,100,3,10,100,2,50,10,50,10,1,10,2,5,1,1,50,1.2000000000000002,1.7999999999999998,7.0,3.0,90.0,10.0,8.0,2.0,1.0,0.5,5,42.5,7.5
84,1,1,2,1,5,4,4,2,4,4,3,4,3,2,2,2,3,117483.3333,77216.66667,96600.0,111233.3333,100633.3333175,11.79277778,50.0,8533.471519167388,100634.3333175,5.002746173826269,0.37048409059527465,,,0.826866326221845,0.4980266,0.826866326221845,100,100,3,10,100,2,50,10,50,10,1,10,2,5,1,1,50,1.2000000000000002,1.7999999999999998,7.0,3.0,90.0,10.0,8.0,2.0,1.0,0.5,5,42.5,7.5
85,1,1,4,4,5,2,0,0,5,5,0,2,2,3,3,1,0,0.0,0.0,0.0,0.0,0.0,11.79277778,50.0,0.0,1.0,0.0,-0.6885378606335865,,,-2.4771212547196626,0.4980266,-1.6453950131881139,100,100,3,10,100,2,50,10,50,10,1,10,2,5,1,1,50,1.2000000000000002,1.7999999999999998,7.0,3.0,90.0,10.0,8.0,2.0,1.0,0.5,5,42.5,7.5
86,1,1,1,3,5,3,2,3,5,3,2,0,0,0,3,1,3,42600.0,26916.66667,33133.33333,33333.33333,33995.8333325,11.79277778,50.0,2882.767229800204,33996.8333325,4.531438466151975,0.2988047042259705,,,0.3559727097208949,0.4980266,0.3559727097208949,100,100,3,10,100,2,50,10,50,10,1,10,2,5,1,1,50,1.2000000000000002,1.7999999999999998,7.0,3.0,90.0,10.0,8.0,2.0,1.0,0.5,5,42.5,7.5
87,1,1,0,3,0,3,2,1,4,3,1,5,5,1,2,3,0,2733.333333,2916.666667,1416.666667,2850.0,2479.16666675,11.79277778,50.0,210.22754036411598,2480.16666675,3.3944808663172417,0.733350996445044,,,-0.7731138096777201,0.4980266,-0.7731138096777201,100,100,3,10,100,2,50,10,50,10,1,10,2,5,1,1,50,1.2000000000000002,1.7999999999999998,7.0,3.0,90.0,10.0,8.0,2.0,1.0,0.5,5,42.5,7.5
88,1,1,0,5,0,4,1,2,4,0,5,1,3,2,3,1,3,0.0,16.66666667,50.0,16.66666667,20.833333335,11.79277778,50.0,1.7666179863350226,21.833333335,1.339120045305273,-1.3142263245591617,,,-2.3258535793787947,0.4980266,-2.3258535793787947,100,100,3,10,100,2,50,10,50,10,1,10,2,5,1,1,50,1.2000000000000002,1.7999999999999998,7.0,3.0,90.0,10.0,8.0,2.0,1.0,0.5,5,42.5,7.5
89,1,1,5,1,0,4,5,0,5,2,2,2,4,1,2,3,1,0.0,0.0,33.33333333,0.0,8.3333333325,11.79277778,50.0,0.7066471944068127,9.3333333325,0.9700367765837805,-1.4973661034077057,,,-2.4101744650952535,0.4980266,-2.4101744650952535,100,100,3,10,100,2,50,10,50,10,1,10,2,5,1,1,50,1.2000000000000002,1.7999999999999998,7.0,3.0,90.0,10.0,8.0,2.0,1.0,0.5,5,42.5,7.5
90,1,2,3,1,3,3,5,2,3,3,2,3,1,2,2,2,3,38516.66667,40933.33333,47400.0,41100.0,41987.5,11.53472222,50.0,3640.0963282148286,41988.5,4.623130360149757,0.3439395873720672,,,0.4475456212670108,0.4980266,0.4475456212670108,100,100,3,10,100,2,50,10,50,10,1,10,2,5,1,1,50,1.2000000000000002,1.7999999999999998,7.0,3.0,90.0,10.0,8.0,2.0,1.0,0.5,5,42.5,7.5
91,1,2,1,2,1,4,2,5,4,4,0,1,2,1,1,3,3,6750.0,7633.333333,7950.0,8016.666667,7587.5,11.53472222,50.0,657.7965082543617,7588.5,3.8801559384642488,-0.35442421297178317,,,-0.2931400358050706,0.4980266,-0.2931400358050706,100,100,3,10,100,2,50,10,50,10,1,10,2,5,1,1,50,1.2000000000000002,1.7999999999999998,7.0,3.0,90.0,10.0,8.0,2.0,1.0,0.5,5,42.5,7.5
92,1,2,3,3,5,4,5,3,5,1,1,0,1,0,1,2,2,2683.333333,2683.333333,2866.666667,3233.333333,2866.6666665000002,11.53472222,50.0,248.52498498225648,2867.6666665000002,3.4575286681558075,0.02903417263430974,,,-0.7112044607778472,0.4980266,-0.7112044607778472,100,100,3,10,100,2,50,10,50,10,1,10,2,5,1,1,50,1.2000000000000002,1.7999999999999998,7.0,3.0,90.0,10.0,8.0,2.0,1.0,0.5,5,42.5,7.5
93,1,2,5,2,4,0,2,5,4,5,3,0,5,5,2,3,2,16.66666667,16.66666667,16.66666667,16.66666667,16.66666667,11.53472222,50.0,1.4449127037582012,17.66666667,1.247154614963069,-0.07753825771204026,,,-2.3521825180896476,0.4980266,-2.3521825180896476,100,100,3,10,100,2,50,10,50,10,1,10,2,5,1,1,50,1.2000000000000002,1.7999999999999998,7.0,3.0,90.0,10.0,8.0,2.0,1.0,0.5,5,42.5,7.5
94,1,2,3,1,4,0,5,2,1,2,2,5,5,3,0,1,1,133.3333333,50.0,100.0,200.0,120.833333325,11.53472222,50.0,10.475617099429378,121.833333325,2.0857661265445113,0.2719675011873799,,,-1.9435186440687369,0.4980266,-1.9435186440687369,100,100,3,10,100,2,50,10,50,10,1,10,2,5,1,1,50,1.2000000000000002,1.7999999999999998,7.0,3.0,90.0,10.0,8.0,2.0,1.0,0.5,5,42.5,7.5
95,1,2,4,2,5,3,5,5,4,5,5,4,4,3,1,2,1,2950.0,2583.333333,3266.666667,3583.333333,3095.83333325,11.53472222,50.0,268.39253466218275,3096.83333325,3.4909178329326465,-0.034712651513116644,,,-0.6783555491496035,0.4980266,-0.6783555491496035,100,100,3,10,100,2,50,10,50,10,1,10,2,5,1,1,50,1.2000000000000002,1.7999999999999998,7.0,3.0,90.0,10.0,8.0,2.0,1.0,0.5,5,42.5,7.5
96,1,2,4,0,4,4,5,3,2,3,4,1,2,5,1,3,1,2933.333333,3183.333333,3683.333333,3050.0,3212.49999975,11.53472222,50.0,278.50692357201814,3213.49999975,3.506978304212632,-0.35293018091485173,,,-0.6625407387426231,0.4980266,-0.6625407387426231,100,100,3,10,100,2,50,10,50,10,1,10,2,5,1,1,50,1.2000000000000002,1.7999999999999998,7.0,3.0,90.0,10.0,8.0,2.0,1.0,0.5,5,42.5,7.5
97,1,2,1,4,3,3,3,5,2,3,5,3,3,3,3,0,2,14883.33333,15800.0,13916.66667,16616.66667,15304.1666675,11.53472222,50.0,1326.7910900328554,15305.1666675,4.184838063262426,0.7399690160062504,,,0.010134991451353915,0.4980266,0.010134991451353915,100,100,3,10,100,2,50,10,50,10,1,10,2,5,1,1,50,1.2000000000000002,1.7999999999999998,7.0,3.0,90.0,10.0,8.0,2.0,1.0,0.5,5,42.5,7.5
98,1,2,2,3,1,4,0,1,0,0,4,4,1,5,0,1,1,16733.33333,15416.66667,14433.33333,15883.33333,15616.666665,11.53472222,50.0,1353.8832030061665,15617.666665,4.193616149246112,-0.11301082902759862,,,0.018885344114172267,0.4980266,0.018885344114172267,100,100,3,10,100,2,50,10,50,10,1,10,2,5,1,1,50,1.2000000000000002,1.7999999999999998,7.0,3.0,90.0,10.0,8.0,2.0,1.0,0.5,5,42.5,7.5
99,1,2,2,1,4,4,4,1,2,5,5,2,5,2,3,2,1,78533.33333,75966.66667,84033.33333,57450.0,73995.8333325,11.53472222,50.0,6415.051175155217,73996.8333325,4.869213134654654,-0.6727587476789818,,,0.693409366102484,0.4980266,0.693409366102484,100,100,3,10,100,2,50,10,50,10,1,10,2,5,1,1,50,1.2000000000000002,1.7999999999999998,7.0,3.0,90.0,10.0,8.0,2.0,1.0,0.5,5,42.5,7.5
100,1,2,3,3,2,4,4,1,4,5,0,2,5,2,3,1,3,8100.0,7133.333333,8050.0,7116.666667,7600.0,11.53472222,50.0,658.8801927819636,7601.0,3.8808707325324234,0.1569394617464095,,,-0.2924298239020636,0.4980266,-0.2924298239020636,100,100,3,10,100,2,50,10,50,10,1,10,2,5,1,1,50,1.2000000000000002,1.7999999999999998,7.0,3.0,90.0,10.0,8.0,2.0,1.0,0.5,5,42.5,7.5
101,1,2,2,1,2,3,3,4,4,4,5,2,2,4,3,1,3,19433.33333,20616.66667,20116.66667,23433.33333,20900.0,11.53472222,50.0,1811.9205301504,20901.0,4.320167065254232,0.18101947390840856,,,0.1450927682466329,0.4980266,0.1450927682466329,100,100,3,10,100,2,50,10,50,10,1,10,2,5,1,1,50,1.2000000000000002,1.7999999999999998,7.0,3.0,90.0,10.0,8.0,2.0,1.0,0.5,5,42.5,7.5
102,1,2,5,4,4,4,4,5,1,2,5,1,5,3,2,0,0,83.33333333,33.33333333,33.33333333,100.0,62.4999999975,11.53472222,50.0,5.418422637792832,63.4999999975,1.8027737252748774,-1.0579496777237345,,,-2.124938736617951,0.4980266,-2.124938736617951,100,100,3,10,100,2,50,10,50,10,1,10,2,5,1,1,50,1.2000000000000002,1.7999999999999998,7.0,3.0,90.0,10.0,8.0,2.0,1.0,0.5,5,42.5,7.5
103,1,2,4,4,1,2,2,3,4,4,1,4,3,0,0,1,3,16.66666667,16.66666667,33.33333333,100.0,41.6666666675,11.53472222,50.0,3.6122817587452922,42.6666666675,1.6300887149366883,-0.21574818144471375,,,-2.2138798199411327,0.4980266,-2.2138798199411327,100,100,3,10,100,2,50,10,50,10,1,10,2,5,1,1,50,1.2000000000000002,1.7999999999999998,7.0,3.0,90.0,10.0,8.0,2.0,1.0,0.5,5,42.5,7.5
104,1,2,2,3,5,2,4,4,2,3,1,2,5,1,2,3,3,7333.333333,6750.0,7116.666667,7866.666667,7266.66666675,11.53472222,50.0,629.9819387198039,7267.66666675,3.861395000073683,0.12706054806180855,,,-0.3117779891922571,0.4980266,-0.3117779891922571,100,100,3,10,100,2,50,10,50,10,1,10,2,5,1,1,50,1.2000000000000002,1.7999999999999998,7.0,3.0,90.0,10.0,8.0,2.0,1.0,0.5,5,42.5,7.5
105,1,2,2,0,2,1,0,2,0,5,5,2,5,0,3,1,2,1200.0,1333.333333,1333.333333,1383.333333,1312.49999975,11.53472222,50.0,113.78687537652726,1313.49999975,3.118430077039429,0.13561508093176178,,,-1.0417547481866882,0.4980266,-1.0417547481866882,100,100,3,10,100,2,50,10,50,10,1,10,2,5,1,1,50,1.2000000000000002,1.7999999999999998,7.0,3.0,90.0,10.0,8.0,2.0,1.0,0.5,5,42.5,7.5
106,1,2,2,3,1,4,1,3,4,5,5,3,0,0,1,3,1,5283.333333,5366.666667,5816.666667,5200.0,5416.66666675,11.53472222,50.0,469.5966286347206,5417.66666675,3.73381228064464,-0.14316815883041123,,,-0.43836866572102545,0.4980266,-0.43836866572102545,100,100,3,10,100,2,50,10,50,10,1,10,2,5,1,1,50,1.2000000000000002,1.7999999999999998,7.0,3.0,90.0,10.0,8.0,2.0,1.0,0.5,5,42.5,7.5
107,1,2,0,2,4,0,5,1,5,3,0,5,2,0,2,1,0,0.0,0.0,16.66666667,0.0,4.1666666675,11.53472222,50.0,0.3612281759395503,5.1666666675,0.7132104435206765,-0.526191894667343,,,-2.442359148453769,0.4980266,-2.442359148453769,100,100,3,10,100,2,50,10,50,10,1,10,2,5,1,1,50,1.2000000000000002,1.7999999999999998,7.0,3.0,90.0,10.0,8.0,2.0,1.0,0.5,5,42.5,7.5
108,1,2,2,2,3,4,1,0,4,5,0,0,5,1,1,2,1,20416.66667,21350.0,20500.0,20750.0,20754.1666675,11.53472222,50.0,1799.2775440672901,20755.1666675,4.317126225186711,0.34812302031649445,,,0.14205906530521864,0.4980266,0.14205906530521864,100,100,3,10,100,2,50,10,50,10,1,10,2,5,1,1,50,1.2000000000000002,1.7999999999999998,7.0,3.0,90.0,10.0,8.0,2.0,1.0,0.5,5,42.5,7.5
109,1,2,4,1,5,2,1,1,3,2,2,4,3,3,3,1,3,283.3333333,116.6666667,316.6666667,533.3333333,312.5,11.53472222,50.0,27.092113190047847,313.5,2.496237545166735,-0.19500091267615538,,,-1.6167832481486688,0.4980266,-1.6167832481486688,100,100,3,10,100,2,50,10,50,10,1,10,2,5,1,1,50,1.2000000000000002,1.7999999999999998,7.0,3.0,90.0,10.0,8.0,2.0,1.0,0.5,5,42.5,7.5
110,1,2,3,1,4,4,0,4,3,1,0,5,4,1,3,3,3,2033.333333,1833.333333,2066.666667,2383.333333,2079.1666665000002,11.53472222,50.0,180.2528597433359,2080.1666665000002,3.3180981327711714,0.2104509995144026,,,-0.8478816006665701,0.4980266,-0.8478816006665701,100,100,3,10,100,2,50,10,50,10,1,10,2,5,1,1,50,1.2000000000000002,1.7999999999999998,7.0,3.0,90.0,10.0,8.0,2.0,1.0,0.5,5,42.5,7.5
111,1,2,4,2,3,0,0,3,4,5,0,3,2,0,1,0,3,16.66666667,16.66666667,16.66666667,66.66666667,29.16666667,11.53472222,50.0,2.528597231360115,30.16666667,1.4795273245335292,-0.6659823613288032,,,-2.277548899796172,0.4980266,-2.277548899796172,100,100,3,10,100,2,50,10,50,10,1,10,2,5,1,1,50,1.2000000000000002,1.7999999999999998,7.0,3.0,90.0,10.0,8.0,2.0,1.0,0.5,5,42.5,7.5
112,1,2,0,2,0,4,5,5,4,1,4,4,3,1,1,1,2,100516.6667,85416.66667,99100.0,100000.0,96258.3333425,11.53472222,50.0,8345.093319681173,96259.3333425,4.983442849584471,-0.10862272104343695,,,0.8075726082150807,0.4980266,0.8075726082150807,100,100,3,10,100,2,50,10,50,10,1,10,2,5,1,1,50,1.2000000000000002,1.7999999999999998,7.0,3.0,90.0,10.0,8.0,2.0,1.0,0.5,5,42.5,7.5
113,1,2,1,3,0,3,1,3,4,4,2,0,1,5,0,3,2,1900.0,1883.333333,1833.333333,2000.0,1904.1666665,11.53472222,50.0,165.0812763569091,1905.1666665,3.279932974329289,-0.25148612427350026,,,-0.885129658089244,0.4980266,-0.885129658089244,100,100,3,10,100,2,50,10,50,10,1,10,2,5,1,1,50,1.2000000000000002,1.7999999999999998,7.0,3.0,90.0,10.0,8.0,2.0,1.0,0.5,5,42.5,7.5
114,1,2,5,0,5,5,3,4,3,5,3,0,3,1,3,3,3,33.33333333,83.33333333,116.6666667,266.6666667,125.000000015,11.53472222,50.0,10.83684527731956,126.000000015,2.1003705451692647,-0.36391925371645195,,,-1.9330532103321616,0.4980266,-1.9330532103321616,100,100,3,10,100,2,50,10,50,10,1,10,2,5,1,1,50,1.2000000000000002,1.7999999999999998,7.0,3.0,90.0,10.0,8.0,2.0,1.0,0.5,5,42.5,7.5
115,1,2,3,4,1,5,2,2,4,1,1,1,2,2,3,2,3,133.3333333,200.0,83.33333333,150.0,141.6666666575,11.53472222,50.0,12.281757978693655,142.6666666575,2.1543225142656053,-0.647846106277767,,,-1.893544669106484,0.4980266,-1.893544669106484,100,100,3,10,100,2,50,10,50,10,1,10,2,5,1,1,50,1.2000000000000002,1.7999999999999998,7.0,3.0,90.0,10.0,8.0,2.0,1.0,0.5,5,42.5,7.5
116,1,2,5,0,2,0,5,0,4,4,5,0,2,1,3,1,3,50.0,50.0,33.33333333,83.33333333,54.16666666500001,11.53472222,50.0,4.69596628613047,55.16666666500001,1.7416767433789544,-1.2830056740075402,,,-2.1583624921021984,0.4980266,-2.1583624921021984,100,100,3,10,100,2,50,10,50,10,1,10,2,5,1,1,50,1.2000000000000002,1.7999999999999998,7.0,3.0,90.0,10.0,8.0,2.0,1.0,0.5,5,42.5,7.5
117,1,2,3,3,4,3,1,2,3,5,2,5,3,5,3,2,2,1216.666667,1183.333333,1066.666667,1500.0,1241.6666667499999,11.53472222,50.0,107.64599641568132,1242.6666667499999,3.094354648991405,-0.4795902187286778,,,-1.0649408069049957,0.4980266,-1.0649408069049957,100,100,3,10,100,2,50,10,50,10,1,10,2,5,1,1,50,1.2000000000000002,1.7999999999999998,7.0,3.0,90.0,10.0,8.0,2.0,1.0,0.5,5,42.5,7.5
118,1,2,1,4,5,1,4,4,1,2,4,4,3,5,0,3,2,200.0,133.3333333,83.33333333,166.6666667,145.8333333325,11.53472222,50.0,12.642986155283415,146.8333333325,2.1668246580259396,0.14077174196165698,,,-1.8842046428334178,0.4980266,-1.8842046428334178,100,100,3,10,100,2,50,10,50,10,1,10,2,5,1,1,50,1.2000000000000002,1.7999999999999998,7.0,3.0,90.0,10.0,8.0,2.0,1.0,0.5,5,42.5,7.5
119,1,2,4,3,5,5,3,1,3,5,5,2,2,5,1,0,3,3500.0,3166.666667,3483.333333,3816.666667,3491.66666675,11.53472222,50.0,302.7092113840258,3492.66666675,3.543157139402627,-0.7657495850797149,,,-0.6268835750427758,0.4980266,-0.6268835750427758,100,100,3,10,100,2,50,10,50,10,1,10,2,5,1,1,50,1.2000000000000002,1.7999999999999998,7.0,3.0,90.0,10.0,8.0,2.0,1.0,0.5,5,42.5,7.5
120,1,2,2,2,0,5,4,0,2,5,1,3,3,5,1,0,1,58116.66667,44883.33333,44050.0,56883.33333,50983.3333325,11.53472222,50.0,4419.987959840094,50984.3333325,4.707436744872252,-0.44098962298332633,,,0.5317626769158257,0.4980266,0.5317626769158257,100,100,3,10,100,2,50,10,50,10,1,10,2,5,1,1,50,1.2000000000000002,1.7999999999999998,7.0,3.0,90.0,10.0,8.0,2.0,1.0,0.5,5,42.5,7.5
121,1,2,1,2,2,1,3,1,4,5,1,1,5,1,3,2,0,800.0,616.6666667,900.0,633.3333333,737.5,11.53472222,50.0,63.93738712851292,738.5,2.8683504996479683,-0.25546076892631175,,,-1.2798406965940432,0.4980266,-1.2798406965940432,100,100,3,10,100,2,50,10,50,10,1,10,2,5,1,1,50,1.2000000000000002,1.7999999999999998,7.0,3.0,90.0,10.0,8.0,2.0,1.0,0.5,5,42.5,7.5
122,1,2,1,1,0,0,5,3,3,0,5,3,2,3,1,0,0,283.3333333,250.0,200.0,250.0,245.833333325,11.53472222,50.0,21.31246237544852,246.833333325,2.3924038081229027,-0.196582065477231,,,-1.7050441520604456,0.4980266,-1.7050441520604456,100,100,3,10,100,2,50,10,50,10,1,10,2,5,1,1,50,1.2000000000000002,1.7999999999999998,7.0,3.0,90.0,10.0,8.0,2.0,1.0,0.5,5,42.5,7.5
123,1,2,0,3,2,1,1,0,2,0,4,1,1,0,2,0,2,1566.666667,1733.333333,1283.333333,1300.0,1470.8333332500001,11.53472222,50.0,127.51354607393398,1471.8333332500001,3.167858634357532,0.2552016758709188,,,-0.9940096363346095,0.4980266,-0.9940096363346095,100,100,3,10,100,2,50,10,50,10,1,10,2,5,1,1,50,1.2000000000000002,1.7999999999999998,7.0,3.0,90.0,10.0,8.0,2.0,1.0,0.5,5,42.5,7.5
124,1,2,0,4,1,5,3,3,5,1,5,4,5,4,3,1,3,10616.66667,12216.66667,11233.33333,14166.66667,12058.333335,11.53472222,50.0,1045.3943411044709,12059.333335,4.081323299766528,0.0075293570412542365,,,-0.09300689074550555,0.4980266,-0.09300689074550555,100,100,3,10,100,2,50,10,50,10,1,10,2,5,1,1,50,1.2000000000000002,1.7999999999999998,7.0,3.0,90.0,10.0,8.0,2.0,1.0,0.5,5,42.5,7.5
125,1,2,1,5,4,3,4,2,3,3,4,2,3,3,1,1,3,200.0,150.0,200.0,200.0,187.5,11.53472222,50.0,16.255267914028707,188.5,2.2753113545418118,-0.24840935730334923,,,-1.8004276450947958,0.4980266,-1.8004276450947958,100,100,3,10,100,2,50,10,50,10,1,10,2,5,1,1,50,1.2000000000000002,1.7999999999999998,7.0,3.0,90.0,10.0,8.0,2.0,1.0,0.5,5,42.5,7.5
126,1,2,2,4,1,4,4,0,2,4,5,3,3,1,0,1,3,14383.33333,20133.33333,15616.66667,16283.33333,16604.166665,11.53472222,50.0,1439.4942806867177,16605.166665,4.220243238942328,0.04242947207884473,,,0.04543164744935562,0.4980266,0.04543164744935562,100,100,3,10,100,2,50,10,50,10,1,10,2,5,1,1,50,1.2000000000000002,1.7999999999999998,7.0,3.0,90.0,10.0,8.0,2.0,1.0,0.5,5,42.5,7.5
127,1,2,0,1,1,2,0,5,5,2,2,2,5,2,0,3,1,1350.0,1800.0,1750.0,1683.333333,1645.8333332500001,11.53472222,50.0,142.68512946036077,1646.8333332500001,3.216649648888984,0.23974408532764757,,,-0.9467080915634084,0.4980266,-0.9467080915634084,100,100,3,10,100,2,50,10,50,10,1,10,2,5,1,1,50,1.2000000000000002,1.7999999999999998,7.0,3.0,90.0,10.0,8.0,2.0,1.0,0.5,5,42.5,7.5
128,1,2,2,4,5,5,1,0,4,1,5,5,1,5,3,0,1,9800.0,8783.333333,7116.666667,14916.66667,10154.166667500001,11.53472222,50.0,880.3130646608671,10155.166667500001,4.006687055479041,0.2605291905383069,,,-0.167313715607106,0.4980266,-0.167313715607106,100,100,3,10,100,2,50,10,50,10,1,10,2,5,1,1,50,1.2000000000000002,1.7999999999999998,7.0,3.0,90.0,10.0,8.0,2.0,1.0,0.5,5,42.5,7.5
129,1,2,2,1,5,4,4,2,4,4,3,4,3,2,2,2,3,49333.33333,60700.0,36266.66667,76283.33333,55645.8333325,11.53472222,50.0,4824.202288635607,55646.8333325,4.745440455187325,0.11317837195633018,,,0.5697314472780276,0.4980266,0.5697314472780276,100,100,3,10,100,2,50,10,50,10,1,10,2,5,1,1,50,1.2000000000000002,1.7999999999999998,7.0,3.0,90.0,10.0,8.0,2.0,1.0,0.5,5,42.5,7.5
130,1,2,4,1,2,2,4,5,5,5,3,2,1,5,3,0,0,16.66666667,0.0,83.33333333,16.66666667,29.1666666675,11.53472222,50.0,2.5285972311433778,30.1666666675,1.479527324497538,-0.8532305918307934,,,-2.277548899809887,0.4980266,-2.277548899809887,100,100,3,10,100,2,50,10,50,10,1,10,2,5,1,1,50,1.2000000000000002,1.7999999999999998,7.0,3.0,90.0,10.0,8.0,2.0,1.0,0.5,5,42.5,7.5
131,1,2,1,3,5,3,2,3,5,3,2,0,0,0,3,1,3,37183.33333,32683.33333,34316.66667,36466.66667,35162.5,11.53472222,50.0,3048.4045761441835,35163.5,4.54609209606715,0.31345833414114477,,,0.37060560093814854,0.4980266,0.37060560093814854,100,100,3,10,100,2,50,10,50,10,1,10,2,5,1,1,50,1.2000000000000002,1.7999999999999998,7.0,3.0,90.0,10.0,8.0,2.0,1.0,0.5,5,42.5,7.5
132,1,2,0,3,0,3,2,1,4,3,1,5,5,1,2,3,0,400.0,366.6666667,400.0,816.6666667,495.83333335,11.53472222,50.0,42.98615292965416,496.83333335,2.6962107256635557,0.035080855791358,,,-1.439031205098262,0.4980266,-1.439031205098262,100,100,3,10,100,2,50,10,50,10,1,10,2,5,1,1,50,1.2000000000000002,1.7999999999999998,7.0,3.0,90.0,10.0,8.0,2.0,1.0,0.5,5,42.5,7.5
133,1,2,0,1,4,4,1,2,4,2,5,1,3,2,3,1,3,112500.0,129816.6667,92383.33333,89016.66667,105929.166675,11.53472222,50.0,9183.503915796942,105930.166675,5.025019655620585,-0.3447161719677192,,,0.8491292412342356,0.4980266,0.8491292412342356,100,100,3,10,100,2,50,10,50,10,1,10,2,5,1,1,50,1.2000000000000002,1.7999999999999998,7.0,3.0,90.0,10.0,8.0,2.0,1.0,0.5,5,42.5,7.5
134,1,2,1,2,0,0,5,5,3,0,1,2,4,0,0,0,2,716.6666667,650.0,716.6666667,783.3333333,716.666666675,11.53472222,50.0,62.13124624989885,717.666666675,2.855922775108868,-0.22463448163983424,,,-1.2914846777530302,0.4980266,-1.2914846777530302,100,100,3,10,100,2,50,10,50,10,1,10,2,5,1,1,50,1.2000000000000002,1.7999999999999998,7.0,3.0,90.0,10.0,8.0,2.0,1.0,0.5,5,42.5,7.5
135,1,2,2,3,1,3,5,0,3,4,5,0,1,2,0,2,0,13600.0,14466.66667,14933.33333,13066.66667,14016.6666675,11.53472222,50.0,1215.1715836898584,14017.6666675,4.146675728483409,0.6362373683912286,,,-0.027900062787941503,0.4980266,-0.027900062787941503,100,100,3,10,100,2,50,10,50,10,1,10,2,5,1,1,50,1.2000000000000002,1.7999999999999998,7.0,3.0,90.0,10.0,8.0,2.0,1.0,0.5,5,42.5,7.5
136,1,2,5,2,1,5,2,5,4,4,0,1,2,1,1,3,3,16.66666667,0.0,16.66666667,133.3333333,41.66666666,11.53472222,50.0,3.612281758095081,42.66666666,1.6300887148603473,0.007570564994053841,,,-2.213879819976666,0.4980266,-2.213879819976666,100,100,3,10,100,2,50,10,50,10,1,10,2,5,1,1,50,1.2000000000000002,1.7999999999999998,7.0,3.0,90.0,10.0,8.0,2.0,1.0,0.5,5,42.5,7.5
137,1,2,2,3,5,4,0,3,5,1,5,0,1,5,3,0,3,24566.66667,28166.66667,23116.66667,28983.33333,26208.333334999996,11.53472222,50.0,2272.125226349837,26209.333334999996,4.418455974299786,-0.011136944282939432,,,0.24317589809825899,0.4980266,0.24317589809825899,100,100,3,10,100,2,50,10,50,10,1,10,2,5,1,1,50,1.2000000000000002,1.7999999999999998,7.0,3.0,90.0,10.0,8.0,2.0,1.0,0.5,5,42.5,7.5
138,1,2,2,2,2,2,2,5,2,5,5,0,5,5,0,3,0,18950.0,23216.66667,22783.33333,19566.66667,21129.1666675,11.53472222,50.0,1831.7880798953474,21130.1666675,4.324902922631589,0.94903819118153,,,0.14981760895250443,0.4980266,0.14981760895250443,100,100,3,10,100,2,50,10,50,10,1,10,2,5,1,1,50,1.2000000000000002,1.7999999999999998,7.0,3.0,90.0,10.0,8.0,2.0,1.0,0.5,5,42.5,7.5
139,1,2,3,1,4,0,5,5,4,5,0,0,0,1,0,3,1,2583.333333,2883.333333,2450.0,2066.666667,2495.83333325,11.53472222,50.0,216.3756773372909,2496.83333325,3.3973895536186296,1.104079651755732,,,-0.7702612905389489,0.4980266,-0.7702612905389489,100,100,3,10,100,2,50,10,50,10,1,10,2,5,1,1,50,1.2000000000000002,1.7999999999999998,7.0,3.0,90.0,10.0,8.0,2.0,1.0,0.5,5,42.5,7.5
140,1,2,4,2,4,0,1,5,4,5,5,4,4,3,1,0,1,83.33333333,50.0,83.33333333,33.33333333,62.49999999750001,11.53472222,50.0,5.418422637792833,63.49999999750001,1.8027737252748774,0.3053327135305688,,,-2.124938736617951,0.4980266,-2.124938736617951,100,100,3,10,100,2,50,10,50,10,1,10,2,5,1,1,50,1.2000000000000002,1.7999999999999998,7.0,3.0,90.0,10.0,8.0,2.0,1.0,0.5,5,42.5,7.5
141,1,2,4,1,5,4,1,0,1,3,0,1,2,5,1,3,3,3616.666667,2666.666667,2866.666667,3066.666667,3054.166667,11.53472222,50.0,264.78025293963253,3055.166667,3.4850349070774453,-0.7119476149946293,,,-0.6841462279723588,0.4980266,-0.6841462279723588,100,100,3,10,100,2,50,10,50,10,1,10,2,5,1,1,50,1.2000000000000002,1.7999999999999998,7.0,3.0,90.0,10.0,8.0,2.0,1.0,0.5,5,42.5,7.5
142,1,2,1,5,3,3,4,0,4,3,5,1,3,3,1,0,3,250.0,200.0,233.3333333,66.66666667,187.49999999250002,11.53472222,50.0,16.2552679133785,188.49999999250002,2.2753113545245323,-0.5322860236960665,,,-1.8004276451085104,0.4980266,-1.8004276451085104,100,100,3,10,100,2,50,10,50,10,1,10,2,5,1,1,50,1.2000000000000002,1.7999999999999998,7.0,3.0,90.0,10.0,8.0,2.0,1.0,0.5,5,42.5,7.5
143,1,2,2,3,5,1,5,1,3,0,3,5,4,5,2,0,1,350.0,216.6666667,283.3333333,616.6666667,366.666666675,11.53472222,50.0,31.78807947704526,367.666666675,2.5654542577303716,0.9126826565836483,,,-1.5563025007586013,0.4980266,-1.5563025007586013,100,100,3,10,100,2,50,10,50,10,1,10,2,5,1,1,50,1.2000000000000002,1.7999999999999998,7.0,3.0,90.0,10.0,8.0,2.0,1.0,0.5,5,42.5,7.5
144,1,2,2,2,4,0,4,1,2,4,3,3,5,2,3,2,1,150.0,200.0,266.6666667,150.0,191.666666675,11.53472222,50.0,16.61649609061847,192.666666675,2.284806583719651,-0.683945800523059,,,-1.7928745071893744,0.4980266,-1.7928745071893744,100,100,3,10,100,2,50,10,50,10,1,10,2,5,1,1,50,1.2000000000000002,1.7999999999999998,7.0,3.0,90.0,10.0,8.0,2.0,1.0,0.5,5,42.5,7.5
145,1,2,3,3,2,4,2,1,0,3,0,4,4,2,3,3,3,3700.0,3400.0,3983.333333,4500.0,3895.83333325,11.53472222,50.0,337.74834442870525,3896.83333325,3.590711831505364,0.7697719161747698,,,-0.5799525217731859,0.4980266,-0.5799525217731859,100,100,3,10,100,2,50,10,50,10,1,10,2,5,1,1,50,1.2000000000000002,1.7999999999999998,7.0,3.0,90.0,10.0,8.0,2.0,1.0,0.5,5,42.5,7.5
146,1,2,2,1,2,5,3,4,4,4,5,3,5,4,3,3,3,24933.33333,28733.33333,26050.0,24800.0,26129.166665,11.53472222,50.0,2265.261890719376,26130.166665,4.417142179779335,-0.3529609218337919,,,0.24186455892100314,0.4980266,0.24186455892100314,100,100,3,10,100,2,50,10,50,10,1,10,2,5,1,1,50,1.2000000000000002,1.7999999999999998,7.0,3.0,90.0,10.0,8.0,2.0,1.0,0.5,5,42.5,7.5
147,1,2,5,4,4,4,4,5,5,5,0,0,5,0,3,0,0,33.33333333,0.0,33.33333333,66.66666667,33.333333332500004,11.53472222,50.0,2.8898254068661915,34.333333332500004,1.5357159699749687,0.3984039939634214,,,-2.255272505107649,0.4980266,-2.255272505107649,100,100,3,10,100,2,50,10,50,10,1,10,2,5,1,1,50,1.2000000000000002,1.7999999999999998,7.0,3.0,90.0,10.0,8.0,2.0,1.0,0.5,5,42.5,7.5
148,1,2,4,4,1,0,4,3,5,4,1,4,5,5,0,1,3,50.0,0.0,0.0,150.0,50.0,11.53472222,50.0,4.334738110407655,51.0,1.7075701760979363,0.5440133684983441,,,-2.1760912590556813,0.4980266,-2.1760912590556813,100,100,3,10,100,2,50,10,50,10,1,10,2,5,1,1,50,1.2000000000000002,1.7999999999999998,7.0,3.0,90.0,10.0,8.0,2.0,1.0,0.5,5,42.5,7.5
149,1,2,5,2,5,1,1,4,2,3,1,5,5,3,2,3,3,16.66666667,16.66666667,0.0,0.0,8.333333335,11.53472222,50.0,0.7224563518791006,9.333333335,0.9700367767001093,0.2737066031326245,,,-2.410174465076641,0.4980266,-2.410174465076641,100,100,3,10,100,2,50,10,50,10,1,10,2,5,1,1,50,1.2000000000000002,1.7999999999999998,7.0,3.0,90.0,10.0,8.0,2.0,1.0,0.5,5,42.5,7.5
150,1,2,2,3,4,4,0,2,0,5,3,2,3,0,3,2,3,17850.0,17300.0,17716.66667,15250.0,17029.1666675,11.53472222,50.0,1476.3395548419198,17030.1666675,4.2312188982515835,-0.03825496706566511,,,0.056375417570404804,0.4980266,0.056375417570404804,100,100,3,10,100,2,50,10,50,10,1,10,2,5,1,1,50,1.2000000000000002,1.7999999999999998,7.0,3.0,90.0,10.0,8.0,2.0,1.0,0.5,5,42.5,7.5
151,1,2,2,3,0,4,1,3,4,0,5,3,0,0,1,0,3,32500.0,30900.0,32833.33333,42050.0,34570.8333325,11.53472222,50.0,2997.1101750987805,34571.8333325,4.538722410640949,-0.6723848427294472,,,0.3632462581911071,0.4980266,0.3632462581911071,100,100,3,10,100,2,50,10,50,10,1,10,2,5,1,1,50,1.2000000000000002,1.7999999999999998,7.0,3.0,90.0,10.0,8.0,2.0,1.0,0.5,5,42.5,7.5
152,1,2,0,2,4,0,0,1,4,5,0,5,5,4,1,2,1,9400.0,9666.666667,9266.666667,9050.0,9345.833333499999,11.53472222,50.0,810.2347984848133,9346.833333499999,3.9706644987091266,1.4973911803663205,,,-0.20315595454560434,0.4980266,-0.20315595454560434,100,100,3,10,100,2,50,10,50,10,1,10,2,5,1,1,50,1.2000000000000002,1.7999999999999998,7.0,3.0,90.0,10.0,8.0,2.0,1.0,0.5,5,42.5,7.5
153,1,2,2,2,3,4,1,0,4,5,2,0,5,1,1,3,1,16950.0,14500.0,14166.66667,12066.66667,14420.833335,11.53472222,50.0,1250.2107168212326,14421.833335,4.159020472357337,0.16419757152611636,,,-0.015597717406505458,0.4980266,-0.015597717406505458,100,100,3,10,100,2,50,10,50,10,1,10,2,5,1,1,50,1.2000000000000002,1.7999999999999998,7.0,3.0,90.0,10.0,8.0,2.0,1.0,0.5,5,42.5,7.5
154,1,2,2,0,5,2,1,1,3,5,2,2,3,3,3,1,3,11533.33333,10783.33333,11583.33333,10383.33333,11070.83333,11.53472222,50.0,959.7832629904458,11071.83333,4.044219539503749,0.1883971793654009,,,-0.12995392710995407,0.4980266,-0.12995392710995407,100,100,3,10,100,2,50,10,50,10,1,10,2,5,1,1,50,1.2000000000000002,1.7999999999999998,7.0,3.0,90.0,10.0,8.0,2.0,1.0,0.5,5,42.5,7.5
155,1,2,3,1,4,4,0,0,3,4,0,2,4,1,3,3,3,6050.0,5316.666667,5466.666667,4400.0,5308.333333500001,11.53472222,50.0,460.20469606939525,5309.333333500001,3.7250399923133237,-0.018622240108817856,,,-0.44706153216557554,0.4980266,-0.44706153216557554,100,100,3,10,100,2,50,10,50,10,1,10,2,5,1,1,50,1.2000000000000002,1.7999999999999998,7.0,3.0,90.0,10.0,8.0,2.0,1.0,0.5,5,42.5,7.5
156,1,2,5,0,5,0,1,5,5,5,0,0,2,0,3,0,2,0.0,0.0,50.0,83.33333333,33.333333332500004,11.53472222,50.0,2.8898254068661915,34.333333332500004,1.5357159699749687,0.06043659246666078,,,-2.255272505107649,0.4980266,-2.255272505107649,100,100,3,10,100,2,50,10,50,10,1,10,2,5,1,1,50,1.2000000000000002,1.7999999999999998,7.0,3.0,90.0,10.0,8.0,2.0,1.0,0.5,5,42.5,7.5
157,1,2,1,4,0,4,0,5,4,1,0,0,3,0,3,3,3,1416.666667,1233.333333,1283.333333,1216.666667,1287.5,11.53472222,50.0,111.61950634299713,1288.5,3.1100844228869233,-0.42547099002903543,,,-1.0497974683624152,0.4980266,-1.0497974683624152,100,100,3,10,100,2,50,10,50,10,1,10,2,5,1,1,50,1.2000000000000002,1.7999999999999998,7.0,3.0,90.0,10.0,8.0,2.0,1.0,0.5,5,42.5,7.5
158,1,2,1,3,3,3,1,3,4,4,2,0,1,5,0,0,3,9550.0,10033.33333,9233.333333,7266.666667,9020.8333325,11.53472222,50.0,782.0590006804689,9021.8333325,3.9552947997685473,0.10898668365614439,,,-0.21844407176609135,0.4980266,-0.21844407176609135,100,100,3,10,100,2,50,10,50,10,1,10,2,5,1,1,50,1.2000000000000002,1.7999999999999998,7.0,3.0,90.0,10.0,8.0,2.0,1.0,0.5,5,42.5,7.5
159,1,2,3,0,5,5,0,5,2,5,5,0,3,1,3,3,3,29083.33333,26333.33333,24250.0,20633.33333,25074.999997500003,11.53472222,50.0,2173.8711621527027,25075.999997500003,4.399258261123624,0.32240415956106183,,,0.22401481132965073,0.4980266,0.22401481132965073,100,100,3,10,100,2,50,10,50,10,1,10,2,5,1,1,50,1.2000000000000002,1.7999999999999998,7.0,3.0,90.0,10.0,8.0,2.0,1.0,0.5,5,42.5,7.5
160,1,2,4,4,2,5,0,2,4,1,1,0,3,5,3,2,3,300.0,283.3333333,350.0,316.6666667,312.5,11.53472222,50.0,27.092113190047847,313.5,2.496237545166735,-0.5209269908302887,,,-1.6167832481486688,0.4980266,-1.6167832481486688,100,100,3,10,100,2,50,10,50,10,1,10,2,5,1,1,50,1.2000000000000002,1.7999999999999998,7.0,3.0,90.0,10.0,8.0,2.0,1.0,0.5,5,42.5,7.5
161,1,2,3,4,1,0,3,3,0,4,5,2,2,5,3,1,3,33.33333333,0.0,66.66666667,133.3333333,58.333333325,11.53472222,50.0,5.057194461419808,59.333333325,1.7732987475282351,0.5399650088030585,,,-2.1413291528298766,0.4980266,-2.1413291528298766,100,100,3,10,100,2,50,10,50,10,1,10,2,5,1,1,50,1.2000000000000002,1.7999999999999998,7.0,3.0,90.0,10.0,8.0,2.0,1.0,0.5,5,42.5,7.5
162,1,2,2,3,0,0,4,2,3,1,5,4,2,5,0,0,0,116.6666667,66.66666667,183.3333333,183.3333333,137.4999999925,11.53472222,50.0,11.920529802970842,138.4999999925,2.1414497733769498,0.16172364549036966,,,-1.9030899870093154,0.4980266,-1.9030899870093154,100,100,3,10,100,2,50,10,50,10,1,10,2,5,1,1,50,1.2000000000000002,1.7999999999999998,7.0,3.0,90.0,10.0,8.0,2.0,1.0,0.5,5,42.5,7.5
163,1,2,2,0,5,4,2,3,5,4,4,4,3,0,3,3,2,12266.66667,11700.0,12250.0,13316.66667,12383.333335,11.53472222,50.0,1073.5701388221205,12384.333335,4.092872632906232,-0.02202228193721556,,,-0.0815036819084397,0.4980266,-0.0815036819084397,100,100,3,10,100,2,50,10,50,10,1,10,2,5,1,1,50,1.2000000000000002,1.7999999999999998,7.0,3.0,90.0,10.0,8.0,2.0,1.0,0.5,5,42.5,7.5
164,1,2,4,2,5,2,5,1,5,1,5,2,2,5,1,0,2,716.6666667,916.6666667,533.3333333,1016.666667,795.833333425,11.53472222,50.0,68.9945815986022,796.833333425,2.9013674933621063,-0.6806014174729866,,,-1.248806462807008,0.4980266,-1.248806462807008,100,100,3,10,100,2,50,10,50,10,1,10,2,5,1,1,50,1.2000000000000002,1.7999999999999998,7.0,3.0,90.0,10.0,8.0,2.0,1.0,0.5,5,42.5,7.5
165,1,2,2,2,5,5,4,5,2,5,1,0,3,4,1,0,1,29050.0,28400.0,30233.33333,26433.33333,28529.166664999997,11.53472222,50.0,2473.3293200189432,28530.166664999997,4.455304308687515,0.06974364042745762,,,0.2799583020658726,0.4980266,0.2799583020658726,100,100,3,10,100,2,50,10,50,10,1,10,2,5,1,1,50,1.2000000000000002,1.7999999999999998,7.0,3.0,90.0,10.0,8.0,2.0,1.0,0.5,5,42.5,7.5
166,1,2,5,2,5,1,3,1,0,5,3,3,5,5,3,2,0,100.0,16.66666667,83.33333333,66.66666667,66.6666666675,11.53472222,50.0,5.779650813949119,67.6666666675,1.830374783198899,-0.587564174059763,,,-2.109144469421966,0.4980266,-2.109144469421966,100,100,3,10,100,2,50,10,50,10,1,10,2,5,1,1,50,1.2000000000000002,1.7999999999999998,7.0,3.0,90.0,10.0,8.0,2.0,1.0,0.5,5,42.5,7.5
167,1,2,1,5,0,0,5,0,0,2,5,3,2,0,0,2,0,16.66666667,0.0,33.33333333,0.0,12.5,11.53472222,50.0,1.0836845276019138,13.5,1.130333768495006,-0.23028784456304652,,,-2.380211241711606,0.4980266,-2.380211241711606,100,100,3,10,100,2,50,10,50,10,1,10,2,5,1,1,50,1.2000000000000002,1.7999999999999998,7.0,3.0,90.0,10.0,8.0,2.0,1.0,0.5,5,42.5,7.5
168,1,2,5,0,2,2,1,5,1,0,5,3,1,0,3,0,2,333.3333333,283.3333333,450.0,533.3333333,399.99999997500004,11.53472222,50.0,34.67790488109388,400.99999997500004,2.6031443725931065,-0.33408616698405247,,,-1.522878745304465,0.4980266,-1.522878745304465,100,100,3,10,100,2,50,10,50,10,1,10,2,5,1,1,50,1.2000000000000002,1.7999999999999998,7.0,3.0,90.0,10.0,8.0,2.0,1.0,0.5,5,42.5,7.5
169,1,2,3,4,0,5,3,5,5,1,0,4,2,4,0,3,3,283.3333333,266.6666667,133.3333333,150.0,208.333333325,11.53472222,50.0,18.061408792642776,209.333333325,2.320838389000245,0.852559674306461,,,-1.7639108112830428,0.4980266,-1.7639108112830428,100,100,3,10,100,2,50,10,50,10,1,10,2,5,1,1,50,1.2000000000000002,1.7999999999999998,7.0,3.0,90.0,10.0,8.0,2.0,1.0,0.5,5,42.5,7.5
170,1,2,0,5,1,2,1,2,3,1,4,5,4,3,1,1,3,50.0,0.0,33.33333333,33.33333333,29.166666665,11.53472222,50.0,2.5285972309266413,30.166666665,1.4795273244615468,-0.4606851843258939,,,-2.2775488998236013,0.4980266,-2.2775488998236013,100,100,3,10,100,2,50,10,50,10,1,10,2,5,1,1,50,1.2000000000000002,1.7999999999999998,7.0,3.0,90.0,10.0,8.0,2.0,1.0,0.5,5,42.5,7.5
171,1,2,2,2,5,4,4,0,5,4,0,5,2,0,3,0,0,33.33333333,33.33333333,83.33333333,66.66666667,54.166666664999994,11.53472222,50.0,4.695966286130468,55.166666664999994,1.7416767433789544,-0.14479750670083447,,,-2.1583624921021984,0.4980266,-2.1583624921021984,100,100,3,10,100,2,50,10,50,10,1,10,2,5,1,1,50,1.2000000000000002,1.7999999999999998,7.0,3.0,90.0,10.0,8.0,2.0,1.0,0.5,5,42.5,7.5
172,1,2,3,5,1,2,0,5,5,5,2,2,5,2,3,2,1,33.33333333,50.0,50.0,50.0,45.833333332500004,11.53472222,50.0,3.9735099344681055,46.833333332500004,1.6705550695137086,-0.042006153313157046,,,-2.1945746647534707,0.4980266,-2.1945746647534707,100,100,3,10,100,2,50,10,50,10,1,10,2,5,1,1,50,1.2000000000000002,1.7999999999999998,7.0,3.0,90.0,10.0,8.0,2.0,1.0,0.5,5,42.5,7.5
173,1,2,2,2,5,4,5,0,4,1,3,5,5,3,3,0,1,6883.333333,3366.666667,6916.666667,7200.0,6091.66666675,11.53472222,50.0,528.115593125224,6092.66666675,3.7848074182769196,0.3525994100343177,,,-0.38780501723836186,0.4980266,-0.38780501723836186,100,100,3,10,100,2,50,10,50,10,1,10,2,5,1,1,50,1.2000000000000002,1.7999999999999998,7.0,3.0,90.0,10.0,8.0,2.0,1.0,0.5,5,42.5,7.5
174,1,2,0,1,3,4,4,2,3,4,5,5,2,2,2,1,2,29583.33333,31883.33333,42233.33333,67900.0,42899.9999975,11.53472222,50.0,3719.2052985130317,42900.9999975,4.632467415455927,-1.0551305354231912,,,0.4568719090863009,0.4980266,0.4568719090863009,100,100,3,10,100,2,50,10,50,10,1,10,2,5,1,1,50,1.2000000000000002,1.7999999999999998,7.0,3.0,90.0,10.0,8.0,2.0,1.0,0.5,5,42.5,7.5
175,1,2,0,1,0,4,4,5,5,0,5,2,1,5,3,1,0,14500.0,13250.0,13083.33333,18233.33333,14766.666665,11.53472222,50.0,1280.1926551292363,14767.666665,4.169311880920127,0.18638924797126322,,,-0.005340748517963167,0.4980266,-0.005340748517963167,100,100,3,10,100,2,50,10,50,10,1,10,2,5,1,1,50,1.2000000000000002,1.7999999999999998,7.0,3.0,90.0,10.0,8.0,2.0,1.0,0.5,5,42.5,7.5
176,1,2,4,3,4,3,5,0,5,3,2,0,2,0,3,1,0,33.33333333,66.66666667,83.33333333,33.33333333,54.16666666500001,11.53472222,50.0,4.69596628613047,55.16666666500001,1.7416767433789544,-0.11522862573007475,,,-2.1583624921021984,0.4980266,-2.1583624921021984,100,100,3,10,100,2,50,10,50,10,1,10,2,5,1,1,50,1.2000000000000002,1.7999999999999998,7.0,3.0,90.0,10.0,8.0,2.0,1.0,0.5,5,42.5,7.5
177,1,2,0,3,0,3,0,1,5,5,3,0,1,1,2,3,3,7833.333333,8100.0,7766.666667,8433.333333,8033.333333250001,11.53472222,50.0,696.4479230649388,8034.333333250001,3.9049498460399175,0.08667679398861328,,,-0.2685007708415384,0.4980266,-0.2685007708415384,100,100,3,10,100,2,50,10,50,10,1,10,2,5,1,1,50,1.2000000000000002,1.7999999999999998,7.0,3.0,90.0,10.0,8.0,2.0,1.0,0.5,5,42.5,7.5
178,1,2,0,1,4,5,0,2,5,5,5,1,3,2,2,0,3,58766.66667,62183.33333,70583.33333,60450.0,62995.8333325,11.53472222,50.0,5461.408790865533,62996.8333325,4.799318719282375,-0.7338594693005609,,,0.6235651304973789,0.4980266,0.6235651304973789,100,100,3,10,100,2,50,10,50,10,1,10,2,5,1,1,50,1.2000000000000002,1.7999999999999998,7.0,3.0,90.0,10.0,8.0,2.0,1.0,0.5,5,42.5,7.5
179,1,2,5,2,0,0,5,5,3,4,5,2,4,5,0,0,2,50.0,16.66666667,16.66666667,33.33333333,29.1666666675,11.53472222,50.0,2.5285972311433778,30.1666666675,1.479527324497538,-0.495372614559662,,,-2.277548899809887,0.4980266,-2.277548899809887,100,100,3,10,100,2,50,10,50,10,1,10,2,5,1,1,50,1.2000000000000002,1.7999999999999998,7.0,3.0,90.0,10.0,8.0,2.0,1.0,0.5,5,42.5,7.5
180,1,3,3,1,3,3,5,2,3,3,2,3,1,2,2,2,3,30916.66667,42566.66667,49616.66667,65650.0,47187.5000025,9.953611111,50.0,4740.7417746461715,47188.5000025,4.673836172490422,0.39464539971273194,,,0.49819564589237425,0.4980266,0.49819564589237425,100,100,3,10,100,2,50,10,50,10,1,10,2,5,1,1,50,1.2000000000000002,1.7999999999999998,7.0,3.0,90.0,10.0,8.0,2.0,1.0,0.5,5,42.5,7.5
181,1,3,1,2,1,4,2,5,4,4,0,1,2,1,1,3,3,5350.0,8683.333333,7416.666667,10233.33333,7920.8333325,9.953611111,50.0,795.7748443423188,7921.8333325,3.8988257010401264,-0.33575445039590557,,,-0.27458753078539594,0.4980266,-0.27458753078539594,100,100,3,10,100,2,50,10,50,10,1,10,2,5,1,1,50,1.2000000000000002,1.7999999999999998,7.0,3.0,90.0,10.0,8.0,2.0,1.0,0.5,5,42.5,7.5
182,1,3,2,3,5,4,0,3,5,1,5,0,1,5,3,0,3,37800.0,49233.33333,53683.33333,59900.0,50154.166665,9.953611111,50.0,5038.791058410278,50155.166665,4.700315677905222,0.27072275932249656,,,0.5246485035977783,0.4980266,0.5246485035977783,100,100,3,10,100,2,50,10,50,10,1,10,2,5,1,1,50,1.2000000000000002,1.7999999999999998,7.0,3.0,90.0,10.0,8.0,2.0,1.0,0.5,5,42.5,7.5
183,1,3,2,2,2,2,2,5,2,5,5,0,5,5,0,3,0,566.6666667,533.3333333,450.0,700.0,562.5,9.953611111,50.0,56.51215360205968,563.5,2.750893920382125,-0.6249708110679335,,,-1.3889851660191113,0.4980266,-1.3889851660191113,100,100,3,10,100,2,50,10,50,10,1,10,2,5,1,1,50,1.2000000000000002,1.7999999999999998,7.0,3.0,90.0,10.0,8.0,2.0,1.0,0.5,5,42.5,7.5
184,1,3,3,1,4,0,5,5,4,5,0,0,0,1,0,3,1,100.0,66.66666667,33.33333333,33.33333333,58.333333332500004,9.953611111,50.0,5.860519632722468,59.333333332500004,1.7732987475831319,-0.5200111542797656,,,-2.14132915279981,0.4980266,-2.14132915279981,100,100,3,10,100,2,50,10,50,10,1,10,2,5,1,1,50,1.2000000000000002,1.7999999999999998,7.0,3.0,90.0,10.0,8.0,2.0,1.0,0.5,5,42.5,7.5
185,1,3,4,2,5,3,5,5,4,5,5,4,4,3,1,2,1,19200.0,32816.66667,38366.66667,37983.33333,32091.6666675,9.953611111,50.0,3224.123015217527,32092.6666675,4.506405805311875,0.9807753208661119,,,0.33097713377399574,0.4980266,0.33097713377399574,100,100,3,10,100,2,50,10,50,10,1,10,2,5,1,1,50,1.2000000000000002,1.7999999999999998,7.0,3.0,90.0,10.0,8.0,2.0,1.0,0.5,5,42.5,7.5
186,1,3,4,0,4,4,5,3,2,3,4,1,2,5,1,3,1,76183.33333,52766.66667,66066.66667,70150.0,66291.6666675,9.953611111,50.0,6660.061954222756,66292.6666675,4.821465489159134,0.9615570040316506,,,0.6456951188212735,0.4980266,0.6456951188212735,100,100,3,10,100,2,50,10,50,10,1,10,2,5,1,1,50,1.2000000000000002,1.7999999999999998,7.0,3.0,90.0,10.0,8.0,2.0,1.0,0.5,5,42.5,7.5
187,1,3,1,4,3,3,3,5,2,3,5,3,3,3,3,0,2,17333.33333,18200.0,21166.66667,16433.33333,18283.3333325,9.953611111,50.0,1836.854296255818,18284.3333325,4.262079130094094,0.8172100828379185,,,0.08715017569915946,0.4980266,0.08715017569915946,100,100,3,10,100,2,50,10,50,10,1,10,2,5,1,1,50,1.2000000000000002,1.7999999999999998,7.0,3.0,90.0,10.0,8.0,2.0,1.0,0.5,5,42.5,7.5
188,1,3,2,3,1,4,0,1,0,0,4,4,1,5,0,1,1,21266.66667,24700.0,33750.0,26200.0,26479.1666675,9.953611111,50.0,2660.2573048325316,26480.1666675,4.422920714247563,0.11629373597385229,,,0.24763234911019658,0.4980266,0.24763234911019658,100,100,3,10,100,2,50,10,50,10,1,10,2,5,1,1,50,1.2000000000000002,1.7999999999999998,7.0,3.0,90.0,10.0,8.0,2.0,1.0,0.5,5,42.5,7.5
189,1,3,0,2,0,3,3,3,3,1,3,3,2,1,1,1,2,70233.33333,69300.0,70683.33333,72683.33333,70724.9999975,9.953611111,50.0,7105.461445981139,70725.9999975,4.849579096677998,-0.053333412838894034,,,0.6737886189661186,0.4980266,0.6737886189661186,100,100,3,10,100,2,50,10,50,10,1,10,2,5,1,1,50,1.2000000000000002,1.7999999999999998,7.0,3.0,90.0,10.0,8.0,2.0,1.0,0.5,5,42.5,7.5
190,1,3,3,3,2,4,4,1,4,5,0,2,5,2,3,1,3,24100.0,24900.0,35150.0,38716.66667,30716.6666675,9.953611111,50.0,3085.982195301381,30717.6666675,4.4873882233413855,0.7634569525553716,,,0.3119891872623315,0.4980266,0.3119891872623315,100,100,3,10,100,2,50,10,50,10,1,10,2,5,1,1,50,1.2000000000000002,1.7999999999999998,7.0,3.0,90.0,10.0,8.0,2.0,1.0,0.5,5,42.5,7.5
191,1,3,2,1,2,5,3,4,4,4,5,3,5,4,3,3,3,50866.66667,58183.33333,63933.33333,55600.0,57145.8333325,9.953611111,50.0,5741.216197340342,57146.8333325,4.756992169913728,-0.013110931699398698,,,0.581273132908426,0.4980266,0.581273132908426,100,100,3,10,100,2,50,10,50,10,1,10,2,5,1,1,50,1.2000000000000002,1.7999999999999998,7.0,3.0,90.0,10.0,8.0,2.0,1.0,0.5,5,42.5,7.5
192,1,3,5,4,4,4,4,5,1,2,5,1,5,3,2,0,0,14850.0,18366.66667,23150.0,22516.66667,19720.833335,9.953611111,50.0,1981.274244601136,19721.833335,4.2949472843508945,1.4342238813522825,,,0.1199337160326349,0.4980266,0.1199337160326349,100,100,3,10,100,2,50,10,50,10,1,10,2,5,1,1,50,1.2000000000000002,1.7999999999999998,7.0,3.0,90.0,10.0,8.0,2.0,1.0,0.5,5,42.5,7.5
193,1,3,4,4,1,2,2,3,4,4,1,4,3,0,0,1,3,233.3333333,150.0,433.3333333,266.6666667,270.833333325,9.953611111,50.0,27.209555437191522,271.833333325,2.4343027106433186,0.5884658142619166,,,-1.6698117756060857,0.4980266,-1.6698117756060857,100,100,3,10,100,2,50,10,50,10,1,10,2,5,1,1,50,1.2000000000000002,1.7999999999999998,7.0,3.0,90.0,10.0,8.0,2.0,1.0,0.5,5,42.5,7.5
194,1,3,2,3,5,2,4,4,2,3,1,2,5,1,2,3,3,5666.666667,7100.0,10683.33333,9516.666667,8241.666666,9.953611111,50.0,828.0077023394971,8242.666666,3.91606773730046,0.18173328528858557,,,-0.25744942439249885,0.4980266,-0.25744942439249885,100,100,3,10,100,2,50,10,50,10,1,10,2,5,1,1,50,1.2000000000000002,1.7999999999999998,7.0,3.0,90.0,10.0,8.0,2.0,1.0,0.5,5,42.5,7.5
195,1,3,2,3,4,4,0,2,0,5,3,2,3,0,3,2,3,13516.66667,17083.33333,15266.66667,17000.0,15716.6666675,9.953611111,50.0,1578.9914325797893,15717.6666675,4.1963880742324555,-0.07308579108479307,,,0.02164862698542214,0.4980266,0.02164862698542214,100,100,3,10,100,2,50,10,50,10,1,10,2,5,1,1,50,1.2000000000000002,1.7999999999999998,7.0,3.0,90.0,10.0,8.0,2.0,1.0,0.5,5,42.5,7.5
196,1,3,2,3,0,4,1,3,4,0,5,3,0,0,1,0,3,117033.3333,96866.66667,162683.3333,125166.6667,125437.4999925,9.953611111,50.0,12602.210252505814,125438.4999925,5.098430852029816,-0.11267640134057988,,,0.9225092081585715,0.4980266,0.9225092081585715,100,100,3,10,100,2,50,10,50,10,1,10,2,5,1,1,50,1.2000000000000002,1.7999999999999998,7.0,3.0,90.0,10.0,8.0,2.0,1.0,0.5,5,42.5,7.5
197,1,3,0,2,4,0,0,1,4,5,0,5,5,4,1,2,1,0.0,83.33333333,33.33333333,100.0,54.166666665,9.953611111,50.0,5.441911087438304,55.166666665,1.7416767433789544,-0.7315965749638518,,,-2.1583624921021984,0.4980266,-2.1583624921021984,100,100,3,10,100,2,50,10,50,10,1,10,2,5,1,1,50,1.2000000000000002,1.7999999999999998,7.0,3.0,90.0,10.0,8.0,2.0,1.0,0.5,5,42.5,7.5
198,1,3,2,2,3,4,1,0,4,5,0,0,5,1,1,2,1,18416.66667,20200.0,25500.0,25850.0,22491.6666675,9.953611111,50.0,2259.6489270757083,22492.6666675,4.352040947224246,0.38303774235402965,,,0.1768947643553374,0.4980266,0.1768947643553374,100,100,3,10,100,2,50,10,50,10,1,10,2,5,1,1,50,1.2000000000000002,1.7999999999999998,7.0,3.0,90.0,10.0,8.0,2.0,1.0,0.5,5,42.5,7.5
199,1,3,2,0,5,2,1,1,3,5,2,2,3,3,3,1,3,11166.66667,10866.66667,10583.33333,12233.33333,11212.5,9.953611111,50.0,1126.4755951343898,11213.5,4.049741187389185,0.19391882725083676,,,-0.12445645506856184,0.4980266,-0.12445645506856184,100,100,3,10,100,2,50,10,50,10,1,10,2,5,1,1,50,1.2000000000000002,1.7999999999999998,7.0,3.0,90.0,10.0,8.0,2.0,1.0,0.5,5,42.5,7.5
200,1,3,3,1,4,4,0,0,3,4,0,2,4,1,3,3,3,6500.0,6350.0,8233.333333,7550.0,7158.333333250001,9.953611111,50.0,719.1694806459874,7159.333333250001,3.854872583317539,0.11121035089539744,,,-0.3182563976435126,0.4980266,-0.3182563976435126,100,100,3,10,100,2,50,10,50,10,1,10,2,5,1,1,50,1.2000000000000002,1.7999999999999998,7.0,3.0,90.0,10.0,8.0,2.0,1.0,0.5,5,42.5,7.5
201,1,3,4,2,3,0,0,3,4,5,0,3,2,0,1,0,3,66.66666667,450.0,66.66666667,183.3333333,191.66666666000003,9.953611111,50.0,19.255993078550567,192.66666666000003,2.2848065836858393,0.13929689782350696,,,-1.7928745072163306,0.4980266,-1.7928745072163306,100,100,3,10,100,2,50,10,50,10,1,10,2,5,1,1,50,1.2000000000000002,1.7999999999999998,7.0,3.0,90.0,10.0,8.0,2.0,1.0,0.5,5,42.5,7.5
202,1,3,1,2,0,3,3,3,3,1,3,3,3,1,1,1,2,55266.66667,49650.0,67600.0,65483.33333,59500.0,9.953611111,50.0,5977.730025462313,59501.0,4.774524264734136,-0.14292189118708798,,,0.5987905067631151,0.4980266,0.5987905067631151,100,100,3,10,100,2,50,10,50,10,1,10,2,5,1,1,50,1.2000000000000002,1.7999999999999998,7.0,3.0,90.0,10.0,8.0,2.0,1.0,0.5,5,42.5,7.5
203,1,3,1,3,3,3,1,3,4,4,2,0,1,5,0,0,3,27216.66667,28116.66667,28233.33333,28333.33333,27975.0,9.953611111,50.0,2810.537772475768,27976.0,4.446785619301188,0.6004775031887855,,,0.2714543622113295,0.4980266,0.2714543622113295,100,100,3,10,100,2,50,10,50,10,1,10,2,5,1,1,50,1.2000000000000002,1.7999999999999998,7.0,3.0,90.0,10.0,8.0,2.0,1.0,0.5,5,42.5,7.5
204,1,3,3,0,5,5,0,5,2,5,5,0,3,1,3,3,3,47916.66667,46450.0,63216.66667,65366.66667,55737.500002500004,9.953611111,50.0,5599.72650939748,55738.500002500004,4.746155277089833,0.6693011755272709,,,0.5704456408123666,0.4980266,0.5704456408123666,100,100,3,10,100,2,50,10,50,10,1,10,2,5,1,1,50,1.2000000000000002,1.7999999999999998,7.0,3.0,90.0,10.0,8.0,2.0,1.0,0.5,5,42.5,7.5
205,1,3,4,4,2,5,0,2,4,1,1,0,3,5,3,2,3,23350.0,19866.66667,26683.33333,23950.0,23462.5,9.953611111,50.0,2357.1847180236896,23463.5,4.370392795388682,1.353228259391658,,,0.195207549502754,0.4980266,0.195207549502754,100,100,3,10,100,2,50,10,50,10,1,10,2,5,1,1,50,1.2000000000000002,1.7999999999999998,7.0,3.0,90.0,10.0,8.0,2.0,1.0,0.5,5,42.5,7.5
206,1,3,5,0,2,0,5,0,4,4,5,0,2,1,3,1,3,7416.666667,7683.333333,8383.333333,8750.0,8058.333333250001,9.953611111,50.0,809.588926409283,8059.333333250001,3.906299118521544,0.8816167011350493,,,-0.2671596648394176,0.4980266,-0.2671596648394176,100,100,3,10,100,2,50,10,50,10,1,10,2,5,1,1,50,1.2000000000000002,1.7999999999999998,7.0,3.0,90.0,10.0,8.0,2.0,1.0,0.5,5,42.5,7.5
207,1,3,1,2,0,3,3,3,3,1,3,3,3,1,1,1,2,69333.33333,47200.0,67783.33333,58300.0,60654.166665,9.953611111,50.0,6093.684592315392,60655.166665,4.782867800396818,-0.13457835552440667,,,0.607127242522261,0.4980266,0.607127242522261,100,100,3,10,100,2,50,10,50,10,1,10,2,5,1,1,50,1.2000000000000002,1.7999999999999998,7.0,3.0,90.0,10.0,8.0,2.0,1.0,0.5,5,42.5,7.5
208,1,3,2,0,5,4,2,3,5,4,4,4,3,0,3,3,2,18100.0,17816.66667,23150.0,19866.66667,19733.333335,9.953611111,50.0,1982.5300702367372,19734.333335,4.2952224596486275,0.18032754480517976,,,0.12020820955185388,0.4980266,0.12020820955185388,100,100,3,10,100,2,50,10,50,10,1,10,2,5,1,1,50,1.2000000000000002,1.7999999999999998,7.0,3.0,90.0,10.0,8.0,2.0,1.0,0.5,5,42.5,7.5
209,1,3,4,3,5,5,3,1,3,5,5,2,2,5,1,0,3,84583.33333,89666.66667,106416.6667,92400.0,93266.666675,9.953611111,50.0,9370.133676603913,93267.666675,4.969731111931208,0.6608243874488657,,,0.7938679580944421,0.4980266,0.7938679580944421,100,100,3,10,100,2,50,10,50,10,1,10,2,5,1,1,50,1.2000000000000002,1.7999999999999998,7.0,3.0,90.0,10.0,8.0,2.0,1.0,0.5,5,42.5,7.5
210,1,3,0,2,0,3,3,3,3,1,3,3,3,1,1,1,2,66550.0,47883.33333,59550.0,45250.0,54808.3333325,9.953611111,50.0,5506.376803482894,54809.3333325,4.73885451960956,-0.07733337375000993,,,0.5631513499821755,0.4980266,0.5631513499821755,100,100,3,10,100,2,50,10,50,10,1,10,2,5,1,1,50,1.2000000000000002,1.7999999999999998,7.0,3.0,90.0,10.0,8.0,2.0,1.0,0.5,5,42.5,7.5
211,1,3,0,2,0,3,3,3,3,2,3,3,3,1,1,1,2,51316.66667,39583.33333,49816.66667,49966.66667,47670.833335,9.953611111,50.0,4789.300365805702,47671.833335,4.67826185408697,-0.23460877738572616,,,0.5026167599667654,0.4980266,0.5026167599667654,100,100,3,10,100,2,50,10,50,10,1,10,2,5,1,1,50,1.2000000000000002,1.7999999999999998,7.0,3.0,90.0,10.0,8.0,2.0,1.0,0.5,5,42.5,7.5
212,1,3,1,1,0,0,5,3,3,0,5,3,2,3,1,0,0,1200.0,833.3333333,966.6666667,983.3333333,995.833333325,9.953611111,50.0,100.04744230206845,996.833333325,2.9986225520248326,0.409636678424699,,,-1.1566287792897096,0.4980266,-1.1566287792897096,100,100,3,10,100,2,50,10,50,10,1,10,2,5,1,1,50,1.2000000000000002,1.7999999999999998,7.0,3.0,90.0,10.0,8.0,2.0,1.0,0.5,5,42.5,7.5
213,1,3,0,3,2,1,1,0,2,0,4,1,1,0,2,0,2,2000.0,1783.333333,2100.0,2116.666667,2000.0,9.953611111,50.0,200.93210169621221,2001.0,3.3012470886362113,0.388590130149598,,,-0.8643373979999269,0.4980266,-0.8643373979999269,100,100,3,10,100,2,50,10,50,10,1,10,2,5,1,1,50,1.2000000000000002,1.7999999999999998,7.0,3.0,90.0,10.0,8.0,2.0,1.0,0.5,5,42.5,7.5
214,1,3,0,2,0,3,3,3,3,1,3,3,3,1,1,1,1,53083.33333,44333.33333,58883.33333,64700.0,55249.9999975,9.953611111,50.0,5550.749309106697,55250.9999975,4.742340142799971,0.21105786441426222,,,0.5666338722293834,0.4980266,0.5666338722293834,100,100,3,10,100,2,50,10,50,10,1,10,2,5,1,1,50,1.2000000000000002,1.7999999999999998,7.0,3.0,90.0,10.0,8.0,2.0,1.0,0.5,5,42.5,7.5
215,1,3,1,5,4,3,4,2,3,3,4,2,3,3,1,1,3,2016.666667,1983.333333,2750.0,2083.333333,2208.33333325,9.953611111,50.0,221.86252894786216,2209.33333325,3.3442612450112557,0.8205405331660947,,,-0.822303214244926,0.4980266,-0.822303214244926,100,100,3,10,100,2,50,10,50,10,1,10,2,5,1,1,50,1.2000000000000002,1.7999999999999998,7.0,3.0,90.0,10.0,8.0,2.0,1.0,0.5,5,42.5,7.5
216,1,3,2,4,1,4,4,0,2,4,5,3,3,1,0,1,3,30450.0,36116.66667,43333.33333,40550.0,37612.5,9.953611111,50.0,3778.779337524391,37613.5,4.575343747141191,0.3975299802777075,,,0.3998178856257323,0.4980266,0.3998178856257323,100,100,3,10,100,2,50,10,50,10,1,10,2,5,1,1,50,1.2000000000000002,1.7999999999999998,7.0,3.0,90.0,10.0,8.0,2.0,1.0,0.5,5,42.5,7.5
217,1,3,0,1,1,2,0,5,5,2,2,2,5,2,0,3,1,1966.666667,1933.333333,2800.0,2666.666667,2341.66666675,9.953611111,50.0,235.25800241102064,2342.66666675,3.3697104981190438,0.39280493455770715,,,-0.7973906083541815,0.4980266,-0.7973906083541815,100,100,3,10,100,2,50,10,50,10,1,10,2,5,1,1,50,1.2000000000000002,1.7999999999999998,7.0,3.0,90.0,10.0,8.0,2.0,1.0,0.5,5,42.5,7.5
218,1,3,0,3,0,3,3,3,3,1,3,3,3,1,1,1,2,44733.33333,50433.33333,57166.66667,53633.33333,51491.666665,9.953611111,50.0,5173.16440141962,51492.666665,4.711745383338328,0.30547359688186226,,,0.5360671988477899,0.4980266,0.5360671988477899,100,100,3,10,100,2,50,10,50,10,1,10,2,5,1,1,50,1.2000000000000002,1.7999999999999998,7.0,3.0,90.0,10.0,8.0,2.0,1.0,0.5,5,42.5,7.5
219,1,3,0,2,0,3,3,3,3,1,3,3,3,1,2,1,2,47566.66667,62650.0,68400.0,46250.0,56216.6666675,9.953611111,50.0,5647.866491928087,56217.6666675,4.749872816112071,-0.11504796449495558,,,0.5741599285207247,0.4980266,0.5741599285207247,100,100,3,10,100,2,50,10,50,10,1,10,2,5,1,1,50,1.2000000000000002,1.7999999999999998,7.0,3.0,90.0,10.0,8.0,2.0,1.0,0.5,5,42.5,7.5
220,1,3,0,1,0,4,4,5,5,0,5,2,1,5,3,1,0,15950.0,16516.66667,18783.33333,20533.33333,17945.8333325,9.953611111,50.0,1802.9470040945823,17946.8333325,4.253987829652776,0.2710651967039128,,,0.07908070326010033,0.4980266,0.07908070326010033,100,100,3,10,100,2,50,10,50,10,1,10,2,5,1,1,50,1.2000000000000002,1.7999999999999998,7.0,3.0,90.0,10.0,8.0,2.0,1.0,0.5,5,42.5,7.5
221,1,3,1,3,5,3,2,3,5,3,2,0,0,0,3,1,3,37366.66667,46716.66667,43950.0,51433.33333,44866.6666675,9.953611111,50.0,4507.5768148020825,44867.6666675,4.651933484737479,0.4192997228114743,,,0.47631626009149003,0.4980266,0.47631626009149003,100,100,3,10,100,2,50,10,50,10,1,10,2,5,1,1,50,1.2000000000000002,1.7999999999999998,7.0,3.0,90.0,10.0,8.0,2.0,1.0,0.5,5,42.5,7.5
222,1,3,0,3,0,3,0,1,5,5,3,0,1,1,2,3,3,15516.66667,18600.0,16450.0,17616.66667,17045.833335,9.953611111,50.0,1712.527558582452,17046.833335,4.231643715125345,0.4133706630740406,,,0.056799016241964546,0.4980266,0.056799016241964546,100,100,3,10,100,2,50,10,50,10,1,10,2,5,1,1,50,1.2000000000000002,1.7999999999999998,7.0,3.0,90.0,10.0,8.0,2.0,1.0,0.5,5,42.5,7.5
223,1,3,0,1,0,3,3,3,3,1,3,3,3,1,1,1,2,41350.0,43166.66667,41033.33333,48550.0,43525.0,9.953611111,50.0,4372.784863163818,43526.0,4.63874875772143,-0.25209992141454673,,,0.4631461367263495,0.4980266,0.4631461367263495,100,100,3,10,100,2,50,10,50,10,1,10,2,5,1,1,50,1.2000000000000002,1.7999999999999998,7.0,3.0,90.0,10.0,8.0,2.0,1.0,0.5,5,42.5,7.5
224,1,3,1,2,0,0,5,5,3,0,1,2,4,0,0,0,2,783.3333333,716.6666667,750.0,933.3333333,795.833333325,9.953611111,50.0,79.95423213244723,796.833333325,2.9013674933076037,-0.17918976344109838,,,-1.248806462858353,0.4980266,-1.248806462858353,100,100,3,10,100,2,50,10,50,10,1,10,2,5,1,1,50,1.2000000000000002,1.7999999999999998,7.0,3.0,90.0,10.0,8.0,2.0,1.0,0.5,5,42.5,7.5
225,1,3,0,4,0,3,0,1,5,3,2,3,1,2,2,2,3,7616.666667,6633.333333,10450.0,9283.333333,8495.83333325,9.953611111,50.0,853.5428236553294,8496.83333325,3.9292570995806244,0.44605599327454115,,,-0.24433684040315592,0.4980266,-0.24433684040315592,100,100,3,10,100,2,50,10,50,10,1,10,2,5,1,1,50,1.2000000000000002,1.7999999999999998,7.0,3.0,90.0,10.0,8.0,2.0,1.0,0.5,5,42.5,7.5
226,1,3,1,3,0,4,2,2,4,4,5,0,0,0,1,3,3,46216.66667,54950.0,49766.66667,52550.0,50870.833335,9.953611111,50.0,5110.791728519642,50871.833335,4.706477389153408,-0.0506945303690447,,,0.53080424334602,0.4980266,0.53080424334602,100,100,3,10,100,2,50,10,50,10,1,10,2,5,1,1,50,1.2000000000000002,1.7999999999999998,7.0,3.0,90.0,10.0,8.0,2.0,1.0,0.5,5,42.5,7.5
227,1,3,2,3,5,4,0,3,5,1,5,0,1,5,3,0,3,39116.66667,53083.33333,53283.33333,49850.0,48833.3333325,9.953611111,50.0,4906.09214966546,48834.3333325,4.688725263274357,0.25913234469163093,,,0.5130695535338237,0.4980266,0.5130695535338237,100,100,3,10,100,2,50,10,50,10,1,10,2,5,1,1,50,1.2000000000000002,1.7999999999999998,7.0,3.0,90.0,10.0,8.0,2.0,1.0,0.5,5,42.5,7.5
228,1,3,2,3,0,4,5,5,0,5,0,2,5,5,0,3,0,566.6666667,750.0,500.0,666.6666667,620.83333335,9.953611111,50.0,62.37267323654031,621.83333335,2.7936739986688255,-0.10240065998334291,,,-1.3494766247246477,0.4980266,-1.3494766247246477,100,100,3,10,100,2,50,10,50,10,1,10,2,5,1,1,50,1.2000000000000002,1.7999999999999998,7.0,3.0,90.0,10.0,8.0,2.0,1.0,0.5,5,42.5,7.5
229,1,3,0,1,1,0,5,5,5,0,4,1,0,5,2,3,0,33.33333333,33.33333333,83.33333333,50.0,49.9999999975,9.953611111,50.0,5.02330254215414,50.9999999975,1.7075701760766473,0.017465260961467166,,,-2.1760912590665384,0.4980266,-2.1760912590665384,100,100,3,10,100,2,50,10,50,10,1,10,2,5,1,1,50,1.2000000000000002,1.7999999999999998,7.0,3.0,90.0,10.0,8.0,2.0,1.0,0.5,5,42.5,7.5
230,1,3,4,2,4,3,2,0,4,5,5,1,4,3,1,3,3,40283.33333,35266.66667,37566.66667,36916.66667,37508.333335,9.953611111,50.0,3768.314124061824,37509.333335,4.574139345368966,0.27726204614944194,,,0.3986150529869435,0.4980266,0.3986150529869435,100,100,3,10,100,2,50,10,50,10,1,10,2,5,1,1,50,1.2000000000000002,1.7999999999999998,7.0,3.0,90.0,10.0,8.0,2.0,1.0,0.5,5,42.5,7.5
231,1,3,4,0,4,4,5,0,4,5,4,4,2,5,1,2,1,79183.33333,66250.0,92116.66667,82783.33333,80083.3333325,9.953611111,50.0,8045.656238668776,80084.3333325,4.903547564614575,1.126947049954413,,,0.7277219495508419,0.4980266,0.7277219495508419,100,100,3,10,100,2,50,10,50,10,1,10,2,5,1,1,50,1.2000000000000002,1.7999999999999998,7.0,3.0,90.0,10.0,8.0,2.0,1.0,0.5,5,42.5,7.5
232,1,3,1,4,3,4,3,0,0,3,5,3,3,3,3,0,2,21416.66667,26500.0,42850.0,28650.0,29854.1666675,9.953611111,50.0,2999.33022644489,29855.1666675,4.475019499988525,0.3251358602599028,,,0.2996404454771312,0.4980266,0.2996404454771312,100,100,3,10,100,2,50,10,50,10,1,10,2,5,1,1,50,1.2000000000000002,1.7999999999999998,7.0,3.0,90.0,10.0,8.0,2.0,1.0,0.5,5,42.5,7.5
233,1,3,2,2,5,4,0,0,3,0,4,4,3,5,0,2,3,33800.0,26116.66667,33400.0,33350.0,31666.6666675,9.953611111,50.0,3181.424943607082,31667.6666675,4.500616064926659,0.053373835264679315,,,0.3251962788591064,0.4980266,0.3251962788591064,100,100,3,10,100,2,50,10,50,10,1,10,2,5,1,1,50,1.2000000000000002,1.7999999999999998,7.0,3.0,90.0,10.0,8.0,2.0,1.0,0.5,5,42.5,7.5
234,1,3,0,5,0,3,3,2,3,1,3,3,2,2,3,1,0,66.66666667,200.0,266.6666667,250.0,195.8333333425,9.953611111,50.0,19.67460162534172,196.8333333425,2.2940986472500966,1.0964090720299802,,,-1.785450489108949,0.4980266,-1.785450489108949,100,100,3,10,100,2,50,10,50,10,1,10,2,5,1,1,50,1.2000000000000002,1.7999999999999998,7.0,3.0,90.0,10.0,8.0,2.0,1.0,0.5,5,42.5,7.5
235,1,3,1,5,3,4,4,1,1,5,5,2,5,5,3,0,3,2400.0,1766.666667,3000.0,1933.333333,2275.0,9.953611111,50.0,228.5602656794414,2276.0,3.3571722577230334,0.09170528156844959,,,-0.8096683018297085,0.4980266,-0.8096683018297085,100,100,3,10,100,2,50,10,50,10,1,10,2,5,1,1,50,1.2000000000000002,1.7999999999999998,7.0,3.0,90.0,10.0,8.0,2.0,1.0,0.5,5,42.5,7.5
236,1,3,0,0,0,2,5,4,4,4,3,3,3,2,3,3,1,3550.0,3916.666667,3983.333333,3566.666667,3754.16666675,9.953611111,50.0,377.1662992339705,3755.16666675,3.5746292171973195,-0.1982053185756132,,,-0.5958317232234748,0.4980266,-0.5958317232234748,100,100,3,10,100,2,50,10,50,10,1,10,2,5,1,1,50,1.2000000000000002,1.7999999999999998,7.0,3.0,90.0,10.0,8.0,2.0,1.0,0.5,5,42.5,7.5
237,1,3,5,0,4,4,4,5,1,5,1,1,5,3,2,0,0,63950.0,52066.66667,70016.66667,67966.66667,63500.000002500004,9.953611111,50.0,6379.594229105904,63501.000002500004,4.802780564538401,1.126777723566983,,,0.6270242958514306,0.4980266,0.6270242958514306,100,100,3,10,100,2,50,10,50,10,1,10,2,5,1,1,50,1.2000000000000002,1.7999999999999998,7.0,3.0,90.0,10.0,8.0,2.0,1.0,0.5,5,42.5,7.5
238,1,3,3,1,2,2,3,3,4,3,5,3,5,4,0,3,3,566.6666667,716.6666667,883.3333333,583.3333333,687.5,9.953611111,50.0,69.07040995807294,688.5,2.8379039445929424,-0.6048754184338301,,,-1.3083292344054807,0.4980266,-1.3083292344054807,100,100,3,10,100,2,50,10,50,10,1,10,2,5,1,1,50,1.2000000000000002,1.7999999999999998,7.0,3.0,90.0,10.0,8.0,2.0,1.0,0.5,5,42.5,7.5
239,1,3,2,2,0,2,5,4,2,3,3,2,1,1,2,3,0,5016.666667,5600.0,5416.666667,4933.333333,5241.66666675,9.953611111,50.0,526.6095498705284,5242.66666675,3.719552245775301,-0.38925669412038966,,,-0.4524987798044911,0.4980266,-0.4524987798044911,100,100,3,10,100,2,50,10,50,10,1,10,2,5,1,1,50,1.2000000000000002,1.7999999999999998,7.0,3.0,90.0,10.0,8.0,2.0,1.0,0.5,5,42.5,7.5
240,1,3,2,0,1,4,2,5,5,2,3,5,3,0,3,1,1,2700.0,3400.0,5933.333333,5616.666667,4412.5,9.953611111,50.0,443.3064493672682,4413.5,3.6447831309233574,0.006452734956826411,,,-0.5265130299354317,0.4980266,-0.5265130299354317,100,100,3,10,100,2,50,10,50,10,1,10,2,5,1,1,50,1.2000000000000002,1.7999999999999998,7.0,3.0,90.0,10.0,8.0,2.0,1.0,0.5,5,42.5,7.5
241,1,3,0,3,0,3,1,3,4,0,2,2,0,0,3,3,1,5516.666667,5050.0,5466.666667,6000.0,5508.333333500001,9.953611111,50.0,553.4004967717289,5509.333333500001,3.741099049469021,0.5839750487457556,,,-0.43114667117373473,0.4980266,-0.43114667117373473,100,100,3,10,100,2,50,10,50,10,1,10,2,5,1,1,50,1.2000000000000002,1.7999999999999998,7.0,3.0,90.0,10.0,8.0,2.0,1.0,0.5,5,42.5,7.5
242,1,3,2,3,3,0,5,1,4,5,0,5,2,4,3,2,1,16.66666667,66.66666667,50.0,50.0,45.833333335,9.953611111,50.0,4.604693997372307,46.833333335,1.6705550695368916,0.09123433416426874,,,-2.1945746647421416,0.4980266,-2.1945746647421416,100,100,3,10,100,2,50,10,50,10,1,10,2,5,1,1,50,1.2000000000000002,1.7999999999999998,7.0,3.0,90.0,10.0,8.0,2.0,1.0,0.5,5,42.5,7.5
243,1,3,3,2,3,4,1,2,4,5,5,0,3,1,2,3,2,58766.66667,51083.33333,58666.66667,66700.0,58804.1666675,9.953611111,50.0,5907.822398497561,58805.1666675,4.7694154852021375,0.03400480102838621,,,0.5936859557303382,0.4980266,0.5936859557303382,100,100,3,10,100,2,50,10,50,10,1,10,2,5,1,1,50,1.2000000000000002,1.7999999999999998,7.0,3.0,90.0,10.0,8.0,2.0,1.0,0.5,5,42.5,7.5
244,1,3,5,0,5,2,0,0,0,5,1,3,0,3,3,1,3,2033.333333,2566.666667,4433.333333,2650.0,2920.8333332499997,9.953611111,50.0,293.44459017713774,2921.8333332499997,3.465655439348375,0.9919118700372596,,,-0.7032129709276039,0.4980266,-0.7032129709276039,100,100,3,10,100,2,50,10,50,10,1,10,2,5,1,1,50,1.2000000000000002,1.7999999999999998,7.0,3.0,90.0,10.0,8.0,2.0,1.0,0.5,5,42.5,7.5
245,1,3,3,0,4,2,3,2,3,4,0,0,4,1,3,3,3,5350.0,5283.333333,4616.666667,4666.666667,4979.16666675,9.953611111,50.0,500.2372115229005,4980.16666675,3.6972438771449885,0.1330436667896011,,,-0.4745952306627418,0.4980266,-0.4745952306627418,100,100,3,10,100,2,50,10,50,10,1,10,2,5,1,1,50,1.2000000000000002,1.7999999999999998,7.0,3.0,90.0,10.0,8.0,2.0,1.0,0.5,5,42.5,7.5
246,1,3,5,2,2,5,0,5,2,5,0,3,2,4,1,0,0,26766.66667,23283.33333,33866.66667,38283.33333,30550.0,9.953611111,50.0,3069.2378534096415,30551.0,4.485025430204567,0.7197538079152261,,,0.3096301674258988,0.4980266,0.3096301674258988,100,100,3,10,100,2,50,10,50,10,1,10,2,5,1,1,50,1.2000000000000002,1.7999999999999998,7.0,3.0,90.0,10.0,8.0,2.0,1.0,0.5,5,42.5,7.5
247,1,3,1,2,0,3,0,0,5,1,3,5,3,1,1,1,2,18916.66667,16566.66667,19383.33333,16200.0,17766.6666675,9.953611111,50.0,1784.946836818407,17767.6666675,4.249630397981699,0.43968500369099495,,,0.07473519578976628,0.4980266,0.07473519578976628,100,100,3,10,100,2,50,10,50,10,1,10,2,5,1,1,50,1.2000000000000002,1.7999999999999998,7.0,3.0,90.0,10.0,8.0,2.0,1.0,0.5,5,42.5,7.5
248,1,3,1,3,5,1,0,2,5,3,1,0,1,5,0,0,1,133.3333333,33.33333333,83.33333333,50.0,74.99999999,9.953611111,50.0,7.534953812603298,75.99999999,1.8808135922236473,-0.5886631050781532,,,-2.0791812460823684,0.4980266,-2.0791812460823684,100,100,3,10,100,2,50,10,50,10,1,10,2,5,1,1,50,1.2000000000000002,1.7999999999999998,7.0,3.0,90.0,10.0,8.0,2.0,1.0,0.5,5,42.5,7.5
249,1,3,0,0,3,5,0,5,5,5,5,0,3,0,0,3,1,1550.0,1466.666667,1316.666667,1533.333333,1466.6666667499999,9.953611111,50.0,147.3502079189278,1467.6666667499999,3.1666274307645224,-0.6680601609134422,,,-0.995201117094369,0.4980266,-0.995201117094369,100,100,3,10,100,2,50,10,50,10,1,10,2,5,1,1,50,1.2000000000000002,1.7999999999999998,7.0,3.0,90.0,10.0,8.0,2.0,1.0,0.5,5,42.5,7.5
250,1,3,5,4,2,0,0,3,4,3,1,0,0,2,0,0,3,50.0,266.6666667,50.0,16.66666667,95.8333333425,9.953611111,50.0,9.627996540531107,96.8333333425,1.9860248820477993,0.8757682801848379,,,-2.012234456389713,0.4980266,-2.012234456389713,100,100,3,10,100,2,50,10,50,10,1,10,2,5,1,1,50,1.2000000000000002,1.7999999999999998,7.0,3.0,90.0,10.0,8.0,2.0,1.0,0.5,5,42.5,7.5
251,1,3,0,0,2,0,3,0,3,4,5,3,1,1,3,0,3,800.0,833.3333333,583.3333333,883.3333333,774.999999975,9.953611111,50.0,77.86118940477058,775.999999975,2.889861721244197,0.572305316447816,,,-1.2596373105189167,0.4980266,-1.2596373105189167,100,100,3,10,100,2,50,10,50,10,1,10,2,5,1,1,50,1.2000000000000002,1.7999999999999998,7.0,3.0,90.0,10.0,8.0,2.0,1.0,0.5,5,42.5,7.5
252,1,3,0,2,0,2,3,3,3,1,3,1,0,5,1,1,2,4100.0,4366.666667,4616.666667,5016.666667,4525.000000250001,9.953611111,50.0,454.6088801127967,4526.000000250001,3.6557145496426986,-0.5421145407302395,,,-0.5157001606294821,0.4980266,-0.5157001606294821,100,100,3,10,100,2,50,10,50,10,1,10,2,5,1,1,50,1.2000000000000002,1.7999999999999998,7.0,3.0,90.0,10.0,8.0,2.0,1.0,0.5,5,42.5,7.5
253,1,3,5,0,5,5,3,3,4,5,5,2,4,0,3,3,2,16083.33333,23300.0,28250.0,32583.33333,25054.166664999997,9.953611111,50.0,2517.0931821228146,25055.166664999997,4.398897295980873,1.0910663084808205,,,0.22365455045078586,0.4980266,0.22365455045078586,100,100,3,10,100,2,50,10,50,10,1,10,2,5,1,1,50,1.2000000000000002,1.7999999999999998,7.0,3.0,90.0,10.0,8.0,2.0,1.0,0.5,5,42.5,7.5
254,1,3,4,3,5,5,0,1,3,5,5,3,2,0,3,0,3,73466.66667,52766.66667,78550.0,95500.0,75070.833335,9.953611111,50.0,7542.070159043809,75071.833335,4.875477021934746,0.7550609053155819,,,0.6996691379710723,0.4980266,0.6996691379710723,100,100,3,10,100,2,50,10,50,10,1,10,2,5,1,1,50,1.2000000000000002,1.7999999999999998,7.0,3.0,90.0,10.0,8.0,2.0,1.0,0.5,5,42.5,7.5
255,1,3,0,2,0,3,3,1,3,1,3,3,3,1,1,1,2,45366.66667,27750.0,56833.33333,64166.66667,48529.1666675,9.953611111,50.0,4875.533726033271,48530.1666675,4.686011782818506,-0.11228973935934672,,,0.5103588015408397,0.4980266,0.5103588015408397,100,100,3,10,100,2,50,10,50,10,1,10,2,5,1,1,50,1.2000000000000002,1.7999999999999998,7.0,3.0,90.0,10.0,8.0,2.0,1.0,0.5,5,42.5,7.5
256,1,3,2,0,0,5,3,5,3,2,5,3,4,3,3,3,2,66116.66667,43933.33333,50433.33333,80483.33333,60241.666665,9.953611111,50.0,6052.2423463405485,60242.666665,4.779904187831787,0.32830094875958604,,,0.6041660303397448,0.4980266,0.6041660303397448,100,100,3,10,100,2,50,10,50,10,1,10,2,5,1,1,50,1.2000000000000002,1.7999999999999998,7.0,3.0,90.0,10.0,8.0,2.0,1.0,0.5,5,42.5,7.5
257,1,3,1,1,3,4,5,1,3,0,5,3,5,5,3,0,0,22600.0,16216.66667,24716.66667,29900.0,23358.333335,9.953611111,50.0,2346.719504561122,23359.333335,4.368460444045573,-0.03735632249471088,,,0.19327923412919365,0.4980266,0.19327923412919365,100,100,3,10,100,2,50,10,50,10,1,10,2,5,1,1,50,1.2000000000000002,1.7999999999999998,7.0,3.0,90.0,10.0,8.0,2.0,1.0,0.5,5,42.5,7.5
258,1,3,3,0,2,1,5,2,2,3,2,3,1,0,2,2,2,12983.33333,11766.66667,12366.66667,17050.0,13541.6666675,9.953611111,50.0,1360.4777719851586,13542.6666675,4.131704189087016,0.34199444423827474,,,-0.04281854403640278,0.4980266,-0.04281854403640278,100,100,3,10,100,2,50,10,50,10,1,10,2,5,1,1,50,1.2000000000000002,1.7999999999999998,7.0,3.0,90.0,10.0,8.0,2.0,1.0,0.5,5,42.5,7.5
259,1,3,0,2,0,3,3,3,3,1,3,5,1,0,2,1,3,58400.0,15516.66667,33516.66667,63733.33333,42791.6666675,9.953611111,50.0,4299.109759292262,42792.6666675,4.631369350818939,-0.3048917501866679,,,0.45577509877217554,0.4980266,0.45577509877217554,100,100,3,10,100,2,50,10,50,10,1,10,2,5,1,1,50,1.2000000000000002,1.7999999999999998,7.0,3.0,90.0,10.0,8.0,2.0,1.0,0.5,5,42.5,7.5
260,1,3,0,0,5,3,0,2,3,3,0,5,5,5,1,3,3,56966.66667,28850.0,43900.0,50950.0,45166.6666675,9.953611111,50.0,4537.716630056514,45167.6666675,4.654827655768316,0.45144259083661264,,,0.4792072843302752,0.4980266,0.4792072843302752,100,100,3,10,100,2,50,10,50,10,1,10,2,5,1,1,50,1.2000000000000002,1.7999999999999998,7.0,3.0,90.0,10.0,8.0,2.0,1.0,0.5,5,42.5,7.5
261,1,3,0,4,1,4,4,5,5,5,5,3,3,3,3,1,3,20000.0,17366.66667,19483.33333,18350.0,18800.0,9.953611111,50.0,1888.7617559443947,18801.0,4.274180949419634,0.7609285603908189,,,0.0992200954861304,0.4980266,0.0992200954861304,100,100,3,10,100,2,50,10,50,10,1,10,2,5,1,1,50,1.2000000000000002,1.7999999999999998,7.0,3.0,90.0,10.0,8.0,2.0,1.0,0.5,5,42.5,7.5
262,1,3,1,1,2,2,0,0,5,5,2,2,5,0,0,3,1,550.0,833.3333333,533.3333333,800.0,679.16666665,9.953611111,50.0,68.23319286599764,680.16666665,2.8326153443789854,-0.29427544906553305,,,-1.3132644520909196,0.4980266,-1.3132644520909196,100,100,3,10,100,2,50,10,50,10,1,10,2,5,1,1,50,1.2000000000000002,1.7999999999999998,7.0,3.0,90.0,10.0,8.0,2.0,1.0,0.5,5,42.5,7.5
263,1,3,2,3,0,0,5,0,5,1,3,3,2,1,2,1,2,950.0,1033.333333,916.6666667,1300.0,1049.9999999249999,9.953611111,50.0,105.48935338297645,1050.9999999249999,3.0216027159972505,-0.12675194888369434,,,-1.1346985739270672,0.4980266,-1.1346985739270672,100,100,3,10,100,2,50,10,50,10,1,10,2,5,1,1,50,1.2000000000000002,1.7999999999999998,7.0,3.0,90.0,10.0,8.0,2.0,1.0,0.5,5,42.5,7.5
264,1,3,3,1,4,4,3,3,3,3,4,3,3,1,1,1,1,78533.33333,66600.0,112516.6667,132266.6667,97479.1666825,9.953611111,50.0,9793.346916555056,97480.1666825,4.988916263118638,0.12706091899429506,,,0.8130432544378888,0.4980266,0.8130432544378888,100,100,3,10,100,2,50,10,50,10,1,10,2,5,1,1,50,1.2000000000000002,1.7999999999999998,7.0,3.0,90.0,10.0,8.0,2.0,1.0,0.5,5,42.5,7.5
265,1,3,1,1,4,3,4,5,5,0,5,2,0,5,3,0,3,4533.333333,4733.333333,5683.333333,5616.666667,5141.6666665,9.953611111,50.0,516.5629447606012,5142.6666665,3.711188375460267,-0.07314631081378975,,,-0.46078445845807847,0.4980266,-0.46078445845807847,100,100,3,10,100,2,50,10,50,10,1,10,2,5,1,1,50,1.2000000000000002,1.7999999999999998,7.0,3.0,90.0,10.0,8.0,2.0,1.0,0.5,5,42.5,7.5
266,1,3,1,3,5,3,1,1,5,5,2,0,0,4,2,2,3,12400.0,10883.33333,11616.66667,12133.33333,11758.3333325,9.953611111,50.0,1181.3133144719259,11759.3333325,4.070382701142886,0.19412064741282986,,,-0.10390265488649451,0.4980266,-0.10390265488649451,100,100,3,10,100,2,50,10,50,10,1,10,2,5,1,1,50,1.2000000000000002,1.7999999999999998,7.0,3.0,90.0,10.0,8.0,2.0,1.0,0.5,5,42.5,7.5
267,1,3,0,3,0,3,3,2,5,0,3,0,1,1,2,3,3,10550.0,10900.0,14500.0,16616.66667,13141.6666675,9.953611111,50.0,1320.2913516459162,13142.6666675,4.118683493190299,-0.41479461086378855,,,-0.05579159021351524,0.4980266,-0.05579159021351524,100,100,3,10,100,2,50,10,50,10,1,10,2,5,1,1,50,1.2000000000000002,1.7999999999999998,7.0,3.0,90.0,10.0,8.0,2.0,1.0,0.5,5,42.5,7.5
268,1,3,0,1,5,5,3,3,3,0,5,2,3,5,3,1,0,25216.66667,26683.33333,39200.0,59766.66667,37716.6666675,9.953611111,50.0,3789.2445512381237,37717.6666675,4.5765448180850905,-0.6578551411864977,,,0.4010173960976364,0.4980266,0.4010173960976364,100,100,3,10,100,2,50,10,50,10,1,10,2,5,1,1,50,1.2000000000000002,1.7999999999999998,7.0,3.0,90.0,10.0,8.0,2.0,1.0,0.5,5,42.5,7.5
269,1,3,1,0,0,0,3,2,4,0,5,3,1,0,0,2,2,333.3333333,500.0,433.3333333,566.6666667,458.333333325,9.953611111,50.0,46.046939971211415,459.333333325,2.6621279628440657,-0.6447512306509555,,,-1.4699426700996585,0.4980266,-1.4699426700996585,100,100,3,10,100,2,50,10,50,10,1,10,2,5,1,1,50,1.2000000000000002,1.7999999999999998,7.0,3.0,90.0,10.0,8.0,2.0,1.0,0.5,5,42.5,7.5
270,1,4,3,1,3,3,5,2,3,3,2,3,1,2,2,2,3,23733.33333,26266.66667,21833.33333,28350.0,25045.8333325,7.2125,50.0,3472.5592142114383,25046.8333325,4.398752825885701,0.11956205310801149,,,0.22351036238887198,0.4980266,0.22351036238887198,100,100,3,10,100,2,50,10,50,10,1,10,2,5,1,1,50,1.2000000000000002,1.7999999999999998,7.0,3.0,90.0,10.0,8.0,2.0,1.0,0.5,5,42.5,7.5
271,1,4,1,3,0,4,2,2,4,4,5,0,0,0,1,3,3,34433.33333,31650.0,27116.66667,27733.33333,30233.3333325,7.2125,50.0,4191.796649220104,30234.3333325,4.480500396847747,-0.27667152267470563,,,0.3051124178567585,0.4980266,0.3051124178567585,100,100,3,10,100,2,50,10,50,10,1,10,2,5,1,1,50,1.2000000000000002,1.7999999999999998,7.0,3.0,90.0,10.0,8.0,2.0,1.0,0.5,5,42.5,7.5
272,1,4,2,3,5,4,0,3,5,1,5,0,1,5,3,0,3,45600.0,44950.0,51800.0,46633.33333,47245.8333325,7.2125,50.0,6550.54881559792,47246.8333325,4.674372705706486,0.24477978712376025,,,0.49873162289967454,0.4980266,0.49873162289967454,100,100,3,10,100,2,50,10,50,10,1,10,2,5,1,1,50,1.2000000000000002,1.7999999999999998,7.0,3.0,90.0,10.0,8.0,2.0,1.0,0.5,5,42.5,7.5
273,1,4,0,2,0,3,3,3,3,1,3,3,3,0,1,1,2,68750.0,56766.66667,34933.33333,68550.0,57250.0,7.2125,50.0,7937.608318890814,57251.0,4.757783076875489,-0.17507164682404142,,,0.5820633629117087,0.4980266,0.5820633629117087,100,100,3,10,100,2,50,10,50,10,1,10,2,5,1,1,50,1.2000000000000002,1.7999999999999998,7.0,3.0,90.0,10.0,8.0,2.0,1.0,0.5,5,42.5,7.5
274,1,4,0,2,0,3,3,3,3,1,3,3,3,1,1,0,2,61050.0,48883.33333,25433.33333,56883.33333,48062.499997499996,7.2125,50.0,6663.77816256499,48063.499997499996,4.68181539306495,-0.013671311898010075,,,0.5061666650243994,0.4980266,0.5061666650243994,100,100,3,10,100,2,50,10,50,10,1,10,2,5,1,1,50,1.2000000000000002,1.7999999999999998,7.0,3.0,90.0,10.0,8.0,2.0,1.0,0.5,5,42.5,7.5
275,1,4,4,2,4,3,2,0,4,5,5,1,4,3,1,3,3,29916.66667,27233.33333,25466.66667,29183.33333,27950.0,7.2125,50.0,3875.216637781629,27951.0,4.446397350208595,0.14952005098907062,,,0.27106677228653797,0.4980266,0.27106677228653797,100,100,3,10,100,2,50,10,50,10,1,10,2,5,1,1,50,1.2000000000000002,1.7999999999999998,7.0,3.0,90.0,10.0,8.0,2.0,1.0,0.5,5,42.5,7.5
276,1,4,4,0,4,4,5,3,2,3,4,1,2,5,1,3,1,50583.33333,55233.33333,46500.0,49300.0,50404.166665,7.2125,50.0,6988.4459847487,50405.166665,4.70247505507836,0.8425665699508764,,,0.5268057784131014,0.4980266,0.5268057784131014,100,100,3,10,100,2,50,10,50,10,1,10,2,5,1,1,50,1.2000000000000002,1.7999999999999998,7.0,3.0,90.0,10.0,8.0,2.0,1.0,0.5,5,42.5,7.5
277,1,4,1,4,3,4,3,0,0,3,5,3,3,3,3,0,2,26416.66667,17416.66667,19483.33333,27066.66667,22595.833335,7.2125,50.0,3132.8711729636047,22596.833335,4.354047582444118,0.2041639427154962,,,0.17889704768698886,0.4980266,0.17889704768698886,100,100,3,10,100,2,50,10,50,10,1,10,2,5,1,1,50,1.2000000000000002,1.7999999999999998,7.0,3.0,90.0,10.0,8.0,2.0,1.0,0.5,5,42.5,7.5
278,1,4,2,3,1,4,0,1,0,0,4,4,1,5,0,1,1,16833.33333,17700.0,17950.0,18466.66667,17737.5,7.2125,50.0,2459.272097053726,17738.5,4.248916892312752,-0.0577100859609585,,,0.07402365403665949,0.4980266,0.07402365403665949,100,100,3,10,100,2,50,10,50,10,1,10,2,5,1,1,50,1.2000000000000002,1.7999999999999998,7.0,3.0,90.0,10.0,8.0,2.0,1.0,0.5,5,42.5,7.5
279,1,4,0,2,1,3,3,3,3,1,3,3,3,1,1,1,2,33516.66667,30016.66667,26583.33333,42600.0,33179.1666675,7.2125,50.0,4600.231080415944,33180.1666675,4.520878563201114,-0.24447391267996732,,,0.34542819097282285,0.4980266,0.34542819097282285,100,100,3,10,100,2,50,10,50,10,1,10,2,5,1,1,50,1.2000000000000002,1.7999999999999998,7.0,3.0,90.0,10.0,8.0,2.0,1.0,0.5,5,42.5,7.5
280,1,4,3,3,2,4,4,1,4,5,0,2,5,2,3,1,3,19450.0,18650.0,19566.66667,22050.0,19929.1666675,7.2125,50.0,2763.14269220104,19930.1666675,4.299510930535556,0.575579659749542,,,0.12448611075750966,0.4980266,0.12448611075750966,100,100,3,10,100,2,50,10,50,10,1,10,2,5,1,1,50,1.2000000000000002,1.7999999999999998,7.0,3.0,90.0,10.0,8.0,2.0,1.0,0.5,5,42.5,7.5
281,1,4,2,1,2,5,3,4,4,4,5,3,5,4,3,3,3,43250.0,40616.66667,38983.33333,48200.0,42762.5,7.2125,50.0,5928.94280762565,42763.5,4.631073243040041,-0.13902985857308536,,,0.4554793297808195,0.4980266,0.4554793297808195,100,100,3,10,100,2,50,10,50,10,1,10,2,5,1,1,50,1.2000000000000002,1.7999999999999998,7.0,3.0,90.0,10.0,8.0,2.0,1.0,0.5,5,42.5,7.5
282,1,4,5,0,4,4,4,5,1,5,1,1,5,3,2,0,0,17016.66667,20350.0,18233.33333,21066.66667,19166.6666675,7.2125,50.0,2657.423454766031,19167.6666675,4.2825692482403035,0.6065664072688852,,,0.10758679787420745,0.4980266,0.10758679787420745,100,100,3,10,100,2,50,10,50,10,1,10,2,5,1,1,50,1.2000000000000002,1.7999999999999998,7.0,3.0,90.0,10.0,8.0,2.0,1.0,0.5,5,42.5,7.5
283,1,4,3,1,3,3,3,1,2,3,3,2,3,2,3,2,1,35850.0,43150.0,36350.0,43533.33333,39720.8333325,7.2125,50.0,5507.221259272096,39721.8333325,4.599029284833762,0.40181345611437,,,0.42347343195329834,0.4980266,0.42347343195329834,100,100,3,10,100,2,50,10,50,10,1,10,2,5,1,1,50,1.2000000000000002,1.7999999999999998,7.0,3.0,90.0,10.0,8.0,2.0,1.0,0.5,5,42.5,7.5
284,1,4,2,3,5,2,4,4,2,3,1,2,5,1,2,3,3,7516.666667,9516.666667,7316.666667,8216.666667,8141.6666669999995,7.2125,50.0,1128.8272675216635,8142.6666669999995,3.910766656621944,0.17643220461006948,,,-0.26271898725349824,0.4980266,-0.26271898725349824,100,100,3,10,100,2,50,10,50,10,1,10,2,5,1,1,50,1.2000000000000002,1.7999999999999998,7.0,3.0,90.0,10.0,8.0,2.0,1.0,0.5,5,42.5,7.5
285,1,4,2,3,4,4,0,2,0,5,3,2,3,0,3,2,3,13616.66667,15616.66667,12500.0,14316.66667,14012.500002499999,7.2125,50.0,1942.8076259965335,14013.500002499999,4.146546617936419,-0.12292724738082939,,,-0.028028723523035676,0.4980266,-0.028028723523035676,100,100,3,10,100,2,50,10,50,10,1,10,2,5,1,1,50,1.2000000000000002,1.7999999999999998,7.0,3.0,90.0,10.0,8.0,2.0,1.0,0.5,5,42.5,7.5
286,1,4,2,3,0,4,1,3,4,0,5,3,0,0,1,0,3,86783.33333,104300.0,64700.0,95400.0,87795.8333325,7.2125,50.0,12172.73252443674,87796.8333325,4.943478851999239,-0.26762840137115695,,,0.7676299079865868,0.4980266,0.7676299079865868,100,100,3,10,100,2,50,10,50,10,1,10,2,5,1,1,50,1.2000000000000002,1.7999999999999998,7.0,3.0,90.0,10.0,8.0,2.0,1.0,0.5,5,42.5,7.5
287,1,4,0,2,0,3,3,3,3,1,3,3,3,1,1,2,2,43283.33333,60500.0,45283.33333,57900.0,51741.666665,7.2125,50.0,7173.887925823223,51742.666665,4.713848807218775,-0.0891615699444337,,,0.5381686278603818,0.4980266,0.5381686278603818,100,100,3,10,100,2,50,10,50,10,1,10,2,5,1,1,50,1.2000000000000002,1.7999999999999998,7.0,3.0,90.0,10.0,8.0,2.0,1.0,0.5,5,42.5,7.5
288,1,4,3,2,3,4,1,2,4,5,5,0,3,1,2,3,2,39150.0,47466.66667,47483.33333,42966.66667,44266.6666675,7.2125,50.0,6137.492778856153,44267.6666675,4.646086631079018,-0.08932405309473346,,,0.47047582790040865,0.4980266,0.47047582790040865,100,100,3,10,100,2,50,10,50,10,1,10,2,5,1,1,50,1.2000000000000002,1.7999999999999998,7.0,3.0,90.0,10.0,8.0,2.0,1.0,0.5,5,42.5,7.5
289,1,4,2,0,5,2,1,1,3,5,2,2,3,3,3,1,3,6500.0,8383.333333,6700.0,7683.333333,7316.6666665,7.2125,50.0,1014.4425187521664,7317.6666665,3.864372622669475,0.008550262531126673,,,-0.30882024010005865,0.4980266,-0.30882024010005865,100,100,3,10,100,2,50,10,50,10,1,10,2,5,1,1,50,1.2000000000000002,1.7999999999999998,7.0,3.0,90.0,10.0,8.0,2.0,1.0,0.5,5,42.5,7.5
290,1,4,3,1,4,4,0,0,3,4,0,2,4,1,3,3,3,5083.333333,6316.666667,5250.0,5600.0,5562.5,7.2125,50.0,771.2305025996534,5563.5,3.7453480923842912,0.0016858599621496495,,,-0.42693490504430165,0.4980266,-0.42693490504430165,100,100,3,10,100,2,50,10,50,10,1,10,2,5,1,1,50,1.2000000000000002,1.7999999999999998,7.0,3.0,90.0,10.0,8.0,2.0,1.0,0.5,5,42.5,7.5
291,1,4,5,2,2,5,0,5,2,5,0,3,2,4,1,0,0,13750.0,13516.66667,12283.33333,14766.66667,13579.1666675,7.2125,50.0,1882.7267476603117,13580.1666675,4.132905100013068,0.3676334777237269,,,-0.04162195661575144,0.4980266,-0.04162195661575144,100,100,3,10,100,2,50,10,50,10,1,10,2,5,1,1,50,1.2000000000000002,1.7999999999999998,7.0,3.0,90.0,10.0,8.0,2.0,1.0,0.5,5,42.5,7.5
292,1,4,0,2,0,3,3,3,3,0,3,3,3,1,1,1,2,43416.66667,52850.0,40550.0,44116.66667,45233.333335,7.2125,50.0,6271.519353206239,45234.333335,4.655468194054412,-0.011879318227298263,,,0.4798471289945503,0.4980266,0.4798471289945503,100,100,3,10,100,2,50,10,50,10,1,10,2,5,1,1,50,1.2000000000000002,1.7999999999999998,7.0,3.0,90.0,10.0,8.0,2.0,1.0,0.5,5,42.5,7.5
293,1,4,1,3,3,3,1,3,4,4,2,0,1,5,0,0,3,8733.333333,6500.0,8466.666667,6183.333333,7470.83333325,7.2125,50.0,1035.8174465511265,7471.83333325,3.873427175955292,0.027119059842889204,,,-0.29982529453042267,0.4980266,-0.29982529453042267,100,100,3,10,100,2,50,10,50,10,1,10,2,5,1,1,50,1.2000000000000002,1.7999999999999998,7.0,3.0,90.0,10.0,8.0,2.0,1.0,0.5,5,42.5,7.5
294,1,4,3,0,5,5,0,5,2,5,5,0,3,1,3,3,3,30033.33333,28500.0,28700.0,31016.66667,29562.5,7.2125,50.0,4098.786828422877,29563.5,4.470755848555855,0.3939017469932935,,,0.29538381467514024,0.4980266,0.29538381467514024,100,100,3,10,100,2,50,10,50,10,1,10,2,5,1,1,50,1.2000000000000002,1.7999999999999998,7.0,3.0,90.0,10.0,8.0,2.0,1.0,0.5,5,42.5,7.5
295,1,4,4,4,2,5,0,2,4,1,1,0,3,5,3,2,3,8983.333333,9250.0,9616.666667,11583.33333,9858.3333325,7.2125,50.0,1366.8399767764297,9859.3333325,3.993847549849426,0.9766830138524023,,,-0.1800906505211405,0.4980266,-0.1800906505211405,100,100,3,10,100,2,50,10,50,10,1,10,2,5,1,1,50,1.2000000000000002,1.7999999999999998,7.0,3.0,90.0,10.0,8.0,2.0,1.0,0.5,5,42.5,7.5
296,1,4,5,0,2,0,5,0,4,4,5,0,2,1,3,1,3,5300.0,5650.0,4883.333333,5016.666667,5212.5,7.2125,50.0,722.7036395147313,5213.5,3.717129377876929,0.6924469604904346,,,-0.45489915021195654,0.4980266,-0.45489915021195654,100,100,3,10,100,2,50,10,50,10,1,10,2,5,1,1,50,1.2000000000000002,1.7999999999999998,7.0,3.0,90.0,10.0,8.0,2.0,1.0,0.5,5,42.5,7.5
297,1,4,1,2,0,3,3,3,3,1,3,3,3,1,1,1,2,44850.0,47250.0,43983.33333,63216.66667,49825.0,7.2125,50.0,6908.145580589255,49826.0,4.697456023682084,-0.21999013223914066,,,0.5217916496391234,0.4980266,0.5217916496391234,100,100,3,10,100,2,50,10,50,10,1,10,2,5,1,1,50,1.2000000000000002,1.7999999999999998,7.0,3.0,90.0,10.0,8.0,2.0,1.0,0.5,5,42.5,7.5
298,1,4,2,0,5,4,2,3,5,4,4,4,3,0,3,3,2,13900.0,13250.0,13516.66667,14866.66667,13883.333335,7.2125,50.0,1924.8989025996532,13884.333335,4.142525031664121,0.0276301168206734,,,-0.03203623194835938,0.4980266,-0.03203623194835938,100,100,3,10,100,2,50,10,50,10,1,10,2,5,1,1,50,1.2000000000000002,1.7999999999999998,7.0,3.0,90.0,10.0,8.0,2.0,1.0,0.5,5,42.5,7.5
299,1,4,4,3,5,5,0,1,3,5,5,3,2,0,3,0,3,23133.33333,20050.0,25383.33333,25566.66667,23533.3333325,7.2125,50.0,3262.8538415944536,23534.3333325,4.371701900364424,0.25128578374526,,,0.19651393040563805,0.4980266,0.19651393040563805,100,100,3,10,100,2,50,10,50,10,1,10,2,5,1,1,50,1.2000000000000002,1.7999999999999998,7.0,3.0,90.0,10.0,8.0,2.0,1.0,0.5,5,42.5,7.5
300,1,4,0,2,0,3,3,3,3,1,3,3,3,2,1,1,2,44733.33333,37883.33333,36583.33333,49933.33333,42283.33333,7.2125,50.0,5862.507220797227,42284.33333,4.6261794877383355,-0.10295991755967293,,,0.4505912071464168,0.4980266,0.4505912071464168,100,100,3,10,100,2,50,10,50,10,1,10,2,5,1,1,50,1.2000000000000002,1.7999999999999998,7.0,3.0,90.0,10.0,8.0,2.0,1.0,0.5,5,42.5,7.5
301,1,4,2,0,0,5,3,5,3,2,5,3,4,3,3,3,2,43783.33333,47500.0,37933.33333,52900.0,45529.166665,7.2125,50.0,6312.536106065857,45530.166665,4.6582992400634575,0.20669600099125685,,,0.48267512154952397,0.4980266,0.48267512154952397,100,100,3,10,100,2,50,10,50,10,1,10,2,5,1,1,50,1.2000000000000002,1.7999999999999998,7.0,3.0,90.0,10.0,8.0,2.0,1.0,0.5,5,42.5,7.5
302,1,4,1,1,3,4,5,1,3,0,5,3,5,5,3,0,0,30616.66667,30500.0,26233.33333,34300.0,30412.5,7.2125,50.0,4216.637781629116,30413.5,4.4830664018350355,0.07724963529475115,,,0.3076742831370995,0.4980266,0.3076742831370995,100,100,3,10,100,2,50,10,50,10,1,10,2,5,1,1,50,1.2000000000000002,1.7999999999999998,7.0,3.0,90.0,10.0,8.0,2.0,1.0,0.5,5,42.5,7.5
303,1,4,3,0,2,1,5,2,2,3,2,3,1,0,2,2,2,14416.66667,13350.0,14783.33333,17733.33333,15070.8333325,7.2125,50.0,2089.543616291161,15071.8333325,4.178166082955717,0.38845633810697544,,,0.0034844674093345365,0.4980266,0.0034844674093345365,100,100,3,10,100,2,50,10,50,10,1,10,2,5,1,1,50,1.2000000000000002,1.7999999999999998,7.0,3.0,90.0,10.0,8.0,2.0,1.0,0.5,5,42.5,7.5
304,1,4,0,2,0,3,3,3,3,1,3,5,1,0,2,1,3,18000.0,16433.33333,20666.66667,35366.66667,22616.6666675,7.2125,50.0,3135.7596766031197,22617.6666675,4.354447799276516,-0.581813301729091,,,0.1792963989468594,0.4980266,0.1792963989468594,100,100,3,10,100,2,50,10,50,10,1,10,2,5,1,1,50,1.2000000000000002,1.7999999999999998,7.0,3.0,90.0,10.0,8.0,2.0,1.0,0.5,5,42.5,7.5
305,1,4,0,0,5,3,0,2,3,3,0,5,5,5,1,3,3,10283.33333,10383.33333,12183.33333,28416.66667,15316.666664999999,7.2125,50.0,2123.6279604852684,15317.666664999999,4.185192614402787,-0.018192450528916382,,,0.010488411567200864,0.4980266,0.010488411567200864,100,100,3,10,100,2,50,10,50,10,1,10,2,5,1,1,50,1.2000000000000002,1.7999999999999998,7.0,3.0,90.0,10.0,8.0,2.0,1.0,0.5,5,42.5,7.5
306,1,4,2,4,1,4,4,0,2,4,5,3,3,1,0,1,3,21333.33333,21266.66667,23616.66667,25450.0,22916.6666675,7.2125,50.0,3177.35413067591,22917.6666675,4.360170398416902,0.18235663155341886,,,0.18500670814804035,0.4980266,0.18500670814804035,100,100,3,10,100,2,50,10,50,10,1,10,2,5,1,1,50,1.2000000000000002,1.7999999999999998,7.0,3.0,90.0,10.0,8.0,2.0,1.0,0.5,5,42.5,7.5
307,1,4,0,1,1,2,0,5,5,2,2,2,5,2,0,3,1,1050.0,1150.0,1550.0,1500.0,1312.5,7.2125,50.0,181.97573656845753,1313.5,3.118430077122089,0.14152451356075257,,,-1.041754748107001,0.4980266,-1.041754748107001,100,100,3,10,100,2,50,10,50,10,1,10,2,5,1,1,50,1.2000000000000002,1.7999999999999998,7.0,3.0,90.0,10.0,8.0,2.0,1.0,0.5,5,42.5,7.5
308,1,4,0,3,0,3,3,3,3,1,3,3,3,1,1,1,2,52166.66667,38700.0,43683.33333,59916.66667,48616.6666675,7.2125,50.0,6740.612362911612,48617.6666675,4.6867941116906575,0.28052232523419196,,,0.51114034201653,0.4980266,0.51114034201653,100,100,3,10,100,2,50,10,50,10,1,10,2,5,1,1,50,1.2000000000000002,1.7999999999999998,7.0,3.0,90.0,10.0,8.0,2.0,1.0,0.5,5,42.5,7.5
309,1,4,3,1,4,4,3,3,3,3,4,3,3,1,1,1,1,95966.66667,79633.33333,89216.66667,103833.3333,92162.4999925,7.2125,50.0,12778.162910571924,92163.4999925,4.964558959119142,0.10270361499479908,,,0.7886985373754319,0.4980266,0.7886985373754319,100,100,3,10,100,2,50,10,50,10,1,10,2,5,1,1,50,1.2000000000000002,1.7999999999999998,7.0,3.0,90.0,10.0,8.0,2.0,1.0,0.5,5,42.5,7.5
310,1,4,0,1,0,4,4,5,5,0,5,2,1,5,3,1,0,17883.33333,17300.0,15950.0,20116.66667,17812.5,7.2125,50.0,2469.670710571924,17813.5,4.250749258112818,0.2678266251639547,,,0.07585098274334542,0.4980266,0.07585098274334542,100,100,3,10,100,2,50,10,50,10,1,10,2,5,1,1,50,1.2000000000000002,1.7999999999999998,7.0,3.0,90.0,10.0,8.0,2.0,1.0,0.5,5,42.5,7.5
311,1,4,1,3,5,3,2,3,5,3,2,0,0,0,3,1,3,26016.66667,24016.66667,26266.66667,26183.33333,25620.833334999996,7.2125,50.0,3552.281918197573,25621.833334999996,4.408610201864075,0.17597643993807033,,,0.23334870805431865,0.4980266,0.23334870805431865,100,100,3,10,100,2,50,10,50,10,1,10,2,5,1,1,50,1.2000000000000002,1.7999999999999998,7.0,3.0,90.0,10.0,8.0,2.0,1.0,0.5,5,42.5,7.5
312,1,4,0,3,0,3,3,2,5,0,3,0,1,1,2,3,3,12066.66667,13100.0,11766.66667,13866.66667,12700.000002499999,7.2125,50.0,1760.831889428076,12701.000002499999,4.103837916111094,-0.42964018794299363,,,-0.07058107420055154,0.4980266,-0.07058107420055154,100,100,3,10,100,2,50,10,50,10,1,10,2,5,1,1,50,1.2000000000000002,1.7999999999999998,7.0,3.0,90.0,10.0,8.0,2.0,1.0,0.5,5,42.5,7.5
313,1,4,0,2,0,3,3,3,3,0,3,3,3,1,1,1,2,43583.33333,44450.0,52133.33333,46233.33333,46599.999997499996,7.2125,50.0,6461.005198960138,46600.999997499996,4.668395236190782,0.0010477239090720403,,,0.4927603890035634,0.4980266,0.4927603890035634,100,100,3,10,100,2,50,10,50,10,1,10,2,5,1,1,50,1.2000000000000002,1.7999999999999998,7.0,3.0,90.0,10.0,8.0,2.0,1.0,0.5,5,42.5,7.5
314,1,4,2,1,3,3,3,1,2,3,3,1,3,2,3,2,1,33483.33333,36300.0,36616.66667,39950.0,36587.5,7.2125,50.0,5072.7902946273825,36588.5,4.563344605303058,-0.034753229851457235,,,0.38783457239081065,0.4980266,0.38783457239081065,100,100,3,10,100,2,50,10,50,10,1,10,2,5,1,1,50,1.2000000000000002,1.7999999999999998,7.0,3.0,90.0,10.0,8.0,2.0,1.0,0.5,5,42.5,7.5
315,1,4,3,4,3,5,5,1,3,3,2,1,1,2,3,0,3,5900.0,5616.666667,5833.333333,6250.0,5900.0,7.2125,50.0,818.0242634315424,5901.0,3.7709256146389993,0.9427232258871601,,,-0.4015742933271317,0.4980266,-0.4015742933271317,100,100,3,10,100,2,50,10,50,10,1,10,2,5,1,1,50,1.2000000000000002,1.7999999999999998,7.0,3.0,90.0,10.0,8.0,2.0,1.0,0.5,5,42.5,7.5
316,1,4,4,3,0,4,2,2,0,4,5,5,0,0,1,3,3,16283.33333,17050.0,16983.33333,16833.33333,16787.499997500003,7.2125,50.0,2327.5563254766034,16788.499997500003,4.225011894952226,1.3664131533001176,,,0.050186349610877666,0.4980266,0.050186349610877666,100,100,3,10,100,2,50,10,50,10,1,10,2,5,1,1,50,1.2000000000000002,1.7999999999999998,7.0,3.0,90.0,10.0,8.0,2.0,1.0,0.5,5,42.5,7.5
317,1,4,3,1,5,3,0,0,4,5,4,0,0,5,3,2,3,11083.33333,10733.33333,11433.33333,10916.66667,11041.666664999999,7.2125,50.0,1530.9069899480066,11042.666664999999,4.043073962709111,0.07276184046907996,,,-0.1310944496938894,0.4980266,-0.1310944496938894,100,100,3,10,100,2,50,10,50,10,1,10,2,5,1,1,50,1.2000000000000002,1.7999999999999998,7.0,3.0,90.0,10.0,8.0,2.0,1.0,0.5,5,42.5,7.5
318,1,4,0,0,4,2,3,3,5,1,3,5,5,0,3,3,2,150.0,200.0,200.0,250.0,200.0,7.2125,50.0,27.72963604852686,201.0,2.303196057420489,-0.372516703172709,,,-1.7781512503836436,0.4980266,-1.7781512503836436,100,100,3,10,100,2,50,10,50,10,1,10,2,5,1,1,50,1.2000000000000002,1.7999999999999998,7.0,3.0,90.0,10.0,8.0,2.0,1.0,0.5,5,42.5,7.5
319,1,4,0,0,0,2,3,3,3,1,0,2,3,1,1,3,2,4100.0,3583.333333,3233.333333,3933.333333,3712.4999997500004,7.2125,50.0,514.7313691161179,3713.4999997500004,3.5697834282223786,-0.3657937100424049,,,-0.6006147504826382,0.4980266,-0.6006147504826382,100,100,3,10,100,2,50,10,50,10,1,10,2,5,1,1,50,1.2000000000000002,1.7999999999999998,7.0,3.0,90.0,10.0,8.0,2.0,1.0,0.5,5,42.5,7.5
320,1,4,4,2,0,2,2,2,4,5,5,5,0,0,1,3,3,1900.0,1433.333333,1866.666667,2550.0,1937.5,7.2125,50.0,268.630849220104,1938.5,3.2874658053432286,0.1719651666846187,,,-0.8777841217271733,0.4980266,-0.8777841217271733,100,100,3,10,100,2,50,10,50,10,1,10,2,5,1,1,50,1.2000000000000002,1.7999999999999998,7.0,3.0,90.0,10.0,8.0,2.0,1.0,0.5,5,42.5,7.5
321,1,4,3,0,2,4,5,3,2,3,4,3,2,5,1,1,1,145900.0,106300.0,106666.6667,116733.3333,118900.0,7.2125,50.0,16485.26863084922,118901.0,5.075185507206207,0.2036422011837855,,,0.8992731873176038,0.4980266,0.8992731873176038,100,100,3,10,100,2,50,10,50,10,1,10,2,5,1,1,50,1.2000000000000002,1.7999999999999998,7.0,3.0,90.0,10.0,8.0,2.0,1.0,0.5,5,42.5,7.5
322,1,4,1,4,3,4,3,0,4,3,5,1,4,3,3,0,3,15383.33333,14766.66667,15216.66667,16900.0,15566.6666675,7.2125,50.0,2158.2900058925475,15567.6666675,4.192223523976742,-0.03188931871091594,,,0.017497081471628116,0.4980266,0.017497081471628116,100,100,3,10,100,2,50,10,50,10,1,10,2,5,1,1,50,1.2000000000000002,1.7999999999999998,7.0,3.0,90.0,10.0,8.0,2.0,1.0,0.5,5,42.5,7.5
323,1,4,4,3,4,0,0,1,0,0,4,0,1,5,0,1,1,66.66666667,116.6666667,50.0,83.33333333,79.166666675,7.2125,50.0,10.976314270363952,80.166666675,1.903993826035333,0.34506134613568173,,,-2.0649408069049957,0.4980266,-2.0649408069049957,100,100,3,10,100,2,50,10,50,10,1,10,2,5,1,1,50,1.2000000000000002,1.7999999999999998,7.0,3.0,90.0,10.0,8.0,2.0,1.0,0.5,5,42.5,7.5
324,1,4,5,0,1,3,5,3,3,1,3,3,3,1,3,1,2,34133.33333,25750.0,25250.0,34183.33333,29829.166664999997,7.2125,50.0,4135.759676256498,29830.166664999997,4.474655679828292,1.4839284297918742,,,0.29927722171020554,0.4980266,0.29927722171020554,100,100,3,10,100,2,50,10,50,10,1,10,2,5,1,1,50,1.2000000000000002,1.7999999999999998,7.0,3.0,90.0,10.0,8.0,2.0,1.0,0.5,5,42.5,7.5
325,1,4,2,0,0,4,4,5,5,2,5,2,5,2,3,1,0,138566.6667,102733.3333,78483.33333,95050.0,103708.3333325,7.2125,50.0,14378.971692547659,103709.3333325,5.0158178425260065,0.3386413273294613,,,0.8399317280150246,0.4980266,0.8399317280150246,100,100,3,10,100,2,50,10,50,10,1,10,2,5,1,1,50,1.2000000000000002,1.7999999999999998,7.0,3.0,90.0,10.0,8.0,2.0,1.0,0.5,5,42.5,7.5
326,1,4,3,1,2,5,3,4,4,4,5,3,5,5,3,3,3,30366.66667,28033.33333,28033.33333,31916.66667,29587.5,7.2125,50.0,4102.253032928943,29588.5,4.471122948998581,0.156538026042794,,,0.29575030793056334,0.4980266,0.29575030793056334,100,100,3,10,100,2,50,10,50,10,1,10,2,5,1,1,50,1.2000000000000002,1.7999999999999998,7.0,3.0,90.0,10.0,8.0,2.0,1.0,0.5,5,42.5,7.5
327,1,4,1,0,4,4,0,0,0,5,5,1,5,0,1,1,3,97366.66667,94016.66667,87466.66667,93733.33333,93145.833335,7.2125,50.0,12914.500289081456,93146.833335,4.969168094997024,0.03995047060854784,,,0.7933052369885537,0.4980266,0.7933052369885537,100,100,3,10,100,2,50,10,50,10,1,10,2,5,1,1,50,1.2000000000000002,1.7999999999999998,7.0,3.0,90.0,10.0,8.0,2.0,1.0,0.5,5,42.5,7.5
328,1,4,4,1,0,5,3,0,1,3,3,2,3,2,0,2,3,9516.666667,9300.0,7350.0,8283.333333,8612.5,7.2125,50.0,1194.107452339688,8613.5,3.935179658053078,0.1578259881814703,,,-0.23844801143581806,0.4980266,-0.23844801143581806,100,100,3,10,100,2,50,10,50,10,1,10,2,5,1,1,50,1.2000000000000002,1.7999999999999998,7.0,3.0,90.0,10.0,8.0,2.0,1.0,0.5,5,42.5,7.5
329,1,4,2,3,5,3,4,0,0,1,2,3,0,1,2,0,3,16583.33333,12750.0,12716.66667,30700.0,18187.5,7.2125,50.0,2521.6637781629115,18188.5,4.259796884407947,-0.29314176791749436,,,0.08487404584582678,0.4980266,0.08487404584582678,100,100,3,10,100,2,50,10,50,10,1,10,2,5,1,1,50,1.2000000000000002,1.7999999999999998,7.0,3.0,90.0,10.0,8.0,2.0,1.0,0.5,5,42.5,7.5
330,1,4,2,3,2,4,1,2,0,2,3,2,3,0,1,0,3,69500.0,75333.33333,57866.66667,81733.33333,71108.3333325,7.2125,50.0,9859.04101663778,71109.3333325,4.8519266070417055,0.1313237671629226,,,0.6761345084481813,0.4980266,0.6761345084481813,100,100,3,10,100,2,50,10,50,10,1,10,2,5,1,1,50,1.2000000000000002,1.7999999999999998,7.0,3.0,90.0,10.0,8.0,2.0,1.0,0.5,5,42.5,7.5
331,1,4,2,1,0,0,5,0,5,0,2,3,0,0,1,0,1,6500.0,5916.666667,5566.666667,7316.666667,6325.000000250001,7.2125,50.0,876.9497400693242,6326.000000250001,3.8011291875968674,0.856681017594703,,,-0.37161106993265725,0.4980266,-0.37161106993265725,100,100,3,10,100,2,50,10,50,10,1,10,2,5,1,1,50,1.2000000000000002,1.7999999999999998,7.0,3.0,90.0,10.0,8.0,2.0,1.0,0.5,5,42.5,7.5
332,1,4,0,1,0,3,3,5,3,1,3,0,3,1,3,2,0,55250.0,54116.66667,30350.0,47833.33333,46887.5,7.2125,50.0,6500.866551126516,46888.5,4.67106633953896,0.4684758507561977,,,0.4954286952925624,0.4980266,0.4954286952925624,100,100,3,10,100,2,50,10,50,10,1,10,2,5,1,1,50,1.2000000000000002,1.7999999999999998,7.0,3.0,90.0,10.0,8.0,2.0,1.0,0.5,5,42.5,7.5
333,1,4,3,0,0,0,5,2,1,5,4,5,1,1,0,2,1,233.3333333,483.3333333,200.0,300.0,304.16666665,7.2125,50.0,42.172154821490466,305.16666665,2.484537093894334,-0.4845487513286004,,,-1.6268835750734318,0.4980266,-1.6268835750734318,100,100,3,10,100,2,50,10,50,10,1,10,2,5,1,1,50,1.2000000000000002,1.7999999999999998,7.0,3.0,90.0,10.0,8.0,2.0,1.0,0.5,5,42.5,7.5
334,1,4,2,2,5,4,1,3,3,0,5,3,3,3,3,1,3,39333.33333,42683.33333,31716.66667,40416.66667,38537.5,7.2125,50.0,5343.154246100519,38538.5,4.585894806987819,-0.4811731787945286,,,0.4103553834344705,0.4980266,0.4103553834344705,100,100,3,10,100,2,50,10,50,10,1,10,2,5,1,1,50,1.2000000000000002,1.7999999999999998,7.0,3.0,90.0,10.0,8.0,2.0,1.0,0.5,5,42.5,7.5
335,1,4,3,1,4,4,1,0,4,0,0,4,2,1,3,3,3,2833.333333,2950.0,3100.0,3633.333333,3129.1666665000002,7.2125,50.0,433.8532639861352,3130.1666665000002,3.495567462279428,0.8573143993707908,,,-0.6737779628351745,0.4980266,-0.6737779628351745,100,100,3,10,100,2,50,10,50,10,1,10,2,5,1,1,50,1.2000000000000002,1.7999999999999998,7.0,3.0,90.0,10.0,8.0,2.0,1.0,0.5,5,42.5,7.5
336,1,4,2,2,2,5,0,5,2,5,4,0,5,4,1,0,0,83850.0,92000.0,67433.33333,80250.0,80883.3333325,7.2125,50.0,11214.32697850953,80884.3333325,4.9078644102879405,-0.13768705854935082,,,0.7320361686234045,0.4980266,0.7320361686234045,100,100,3,10,100,2,50,10,50,10,1,10,2,5,1,1,50,1.2000000000000002,1.7999999999999998,7.0,3.0,90.0,10.0,8.0,2.0,1.0,0.5,5,42.5,7.5
337,1,4,0,2,0,3,3,3,0,5,5,0,1,0,3,1,2,12400.0,11983.33333,11266.66667,9733.333333,11345.83333325,7.2125,50.0,1573.0791449913345,11346.83333325,4.054874675821489,-0.0953389352331806,,,-0.11934517010101348,0.4980266,-0.11934517010101348,100,100,3,10,100,2,50,10,50,10,1,10,2,5,1,1,50,1.2000000000000002,1.7999999999999998,7.0,3.0,90.0,10.0,8.0,2.0,1.0,0.5,5,42.5,7.5
338,1,4,1,3,3,3,1,3,5,4,2,0,4,0,0,0,3,4666.666667,4616.666667,4400.0,3416.666667,4275.00000025,7.2125,50.0,592.7209705719238,4276.00000025,3.6310376965621316,-0.20075283604476635,,,-0.5401051472297445,0.4980266,-0.5401051472297445,100,100,3,10,100,2,50,10,50,10,1,10,2,5,1,1,50,1.2000000000000002,1.7999999999999998,7.0,3.0,90.0,10.0,8.0,2.0,1.0,0.5,5,42.5,7.5
339,1,4,0,0,5,3,5,5,4,0,5,3,3,5,3,3,2,9500.0,9283.333333,8600.0,8266.666667,8912.5,7.2125,50.0,1235.7019064124784,8913.5,3.9500482688200207,0.2454005434475377,,,-0.22366209037982468,0.4980266,-0.22366209037982468,100,100,3,10,100,2,50,10,50,10,1,10,2,5,1,1,50,1.2000000000000002,1.7999999999999998,7.0,3.0,90.0,10.0,8.0,2.0,1.0,0.5,5,42.5,7.5
340,1,4,2,0,0,2,5,2,2,1,5,0,1,5,3,2,1,2233.333333,3033.333333,2083.333333,2233.333333,2395.833333,7.2125,50.0,332.1779317850953,2396.833333,3.379637835838007,-0.7756230696415849,,,-0.7876643995788611,0.4980266,-0.7876643995788611,100,100,3,10,100,2,50,10,50,10,1,10,2,5,1,1,50,1.2000000000000002,1.7999999999999998,7.0,3.0,90.0,10.0,8.0,2.0,1.0,0.5,5,42.5,7.5
341,1,4,5,0,0,0,5,0,4,3,5,0,2,1,3,1,2,12283.33333,12400.0,9716.666667,9833.333333,11058.3333325,7.2125,50.0,1533.217793067591,11059.3333325,4.043728948058832,0.6935420914442041,,,-0.13044235572202706,0.4980266,-0.13044235572202706,100,100,3,10,100,2,50,10,50,10,1,10,2,5,1,1,50,1.2000000000000002,1.7999999999999998,7.0,3.0,90.0,10.0,8.0,2.0,1.0,0.5,5,42.5,7.5
342,1,4,1,2,0,3,5,3,5,0,1,3,4,5,0,3,0,183.3333333,100.0,66.66666667,0.0,87.4999999925,7.2125,50.0,12.13171577019064,88.4999999925,1.9469432706610208,-0.5352363799176167,,,-2.037788560913089,0.4980266,-2.037788560913089,100,100,3,10,100,2,50,10,50,10,1,10,2,5,1,1,50,1.2000000000000002,1.7999999999999998,7.0,3.0,90.0,10.0,8.0,2.0,1.0,0.5,5,42.5,7.5
343,1,4,2,0,5,4,2,3,5,4,4,4,3,0,3,2,2,19300.0,21750.0,20333.33333,20383.33333,20441.666665,7.2125,50.0,2834.1998842287694,20442.666665,4.3105375471552065,-0.08937107999191163,,,0.1354860236000882,0.4980266,0.1354860236000882,100,100,3,10,100,2,50,10,50,10,1,10,2,5,1,1,50,1.2000000000000002,1.7999999999999998,7.0,3.0,90.0,10.0,8.0,2.0,1.0,0.5,5,42.5,7.5
344,1,4,0,3,5,5,0,1,3,0,5,3,2,0,3,0,3,54733.33333,76566.66667,49383.33333,66700.0,61845.8333325,7.2125,50.0,8574.81224714038,61846.8333325,4.791317467887068,-0.6263851422643114,,,0.6155701553665485,0.4980266,0.6155701553665485,100,100,3,10,100,2,50,10,50,10,1,10,2,5,1,1,50,1.2000000000000002,1.7999999999999998,7.0,3.0,90.0,10.0,8.0,2.0,1.0,0.5,5,42.5,7.5
345,1,4,0,2,0,3,4,0,3,2,3,5,3,2,1,1,3,16533.33333,23666.66667,23166.66667,37216.66667,25145.833335,7.2125,50.0,3486.424032582322,25146.833335,4.40048330343873,-0.643868955254602,,,0.22523746786738236,0.4980266,0.22523746786738236,100,100,3,10,100,2,50,10,50,10,1,10,2,5,1,1,50,1.2000000000000002,1.7999999999999998,7.0,3.0,90.0,10.0,8.0,2.0,1.0,0.5,5,42.5,7.5
346,1,4,0,3,0,1,3,2,2,0,5,3,4,3,0,3,1,333.3333333,566.6666667,350.0,283.3333333,383.333333325,7.2125,50.0,53.148469091854416,384.333333325,2.58470805256562,-0.11117700657818252,,,-1.5392691614768588,0.4980266,-1.5392691614768588,100,100,3,10,100,2,50,10,50,10,1,10,2,5,1,1,50,1.2000000000000002,1.7999999999999998,7.0,3.0,90.0,10.0,8.0,2.0,1.0,0.5,5,42.5,7.5
347,1,4,4,3,3,4,1,0,3,0,2,3,5,0,0,1,3,2100.0,3050.0,1616.666667,1866.666667,2158.3333334999998,7.2125,50.0,299.2489890467937,2159.3333334999998,3.3343196889880162,0.6319800366767954,,,-0.8320266311337213,0.4980266,-0.8320266311337213,100,100,3,10,100,2,50,10,50,10,1,10,2,5,1,1,50,1.2000000000000002,1.7999999999999998,7.0,3.0,90.0,10.0,8.0,2.0,1.0,0.5,5,42.5,7.5
348,1,4,3,0,0,1,5,2,2,3,2,3,1,0,2,1,3,18183.33333,27083.33333,15600.0,27150.0,22004.166665,7.2125,50.0,3050.8376658578854,22005.166665,4.342524662215743,0.31262592936644573,,,0.16739939319116032,0.4980266,0.16739939319116032,100,100,3,10,100,2,50,10,50,10,1,10,2,5,1,1,50,1.2000000000000002,1.7999999999999998,7.0,3.0,90.0,10.0,8.0,2.0,1.0,0.5,5,42.5,7.5
349,1,4,2,1,0,5,3,5,1,1,3,5,1,0,0,3,0,1133.333333,1533.333333,1150.0,916.6666667,1183.333333175,7.2125,50.0,164.06701326516463,1184.333333175,3.0734739527116046,-0.40774816635138933,,,-1.0850107897641026,0.4980266,-1.0850107897641026,100,100,3,10,100,2,50,10,50,10,1,10,2,5,1,1,50,1.2000000000000002,1.7999999999999998,7.0,3.0,90.0,10.0,8.0,2.0,1.0,0.5,5,42.5,7.5
350,1,4,5,0,5,3,2,2,3,3,0,0,2,5,1,3,2,4100.0,5933.333333,4433.333333,4550.0,4754.166666499999,7.2125,50.0,659.1565568804158,4755.166666499999,3.677165743370755,0.7221400203292427,,,-0.4944731934876549,0.4980266,-0.4944731934876549,100,100,3,10,100,2,50,10,50,10,1,10,2,5,1,1,50,1.2000000000000002,1.7999999999999998,7.0,3.0,90.0,10.0,8.0,2.0,1.0,0.5,5,42.5,7.5
351,1,4,2,2,1,4,2,2,0,4,5,5,3,0,0,1,3,5750.0,7800.0,6050.0,7100.0,6675.0,7.2125,50.0,925.476603119584,6676.0,3.824516328007209,-0.7151923338014186,,,-0.3483989703812357,0.4980266,-0.3483989703812357,100,100,3,10,100,2,50,10,50,10,1,10,2,5,1,1,50,1.2000000000000002,1.7999999999999998,7.0,3.0,90.0,10.0,8.0,2.0,1.0,0.5,5,42.5,7.5
352,1,4,0,1,1,3,0,5,3,1,5,1,1,2,0,3,1,5966.666667,8116.666667,5283.333333,6333.333333,6425.0,7.2125,50.0,890.8145580589254,6426.0,3.807940721215499,-0.09447877244263525,,,-0.36485148630239184,0.4980266,-0.36485148630239184,100,100,3,10,100,2,50,10,50,10,1,10,2,5,1,1,50,1.2000000000000002,1.7999999999999998,7.0,3.0,90.0,10.0,8.0,2.0,1.0,0.5,5,42.5,7.5
353,1,4,3,2,0,3,0,0,0,0,3,3,3,5,0,1,2,6050.0,8233.333333,5500.0,6450.0,6558.333333250001,7.2125,50.0,909.3009820797228,6559.333333250001,3.8168597015092476,-0.18404519027935207,,,-0.3559993177911788,0.4980266,-0.3559993177911788,100,100,3,10,100,2,50,10,50,10,1,10,2,5,1,1,50,1.2000000000000002,1.7999999999999998,7.0,3.0,90.0,10.0,8.0,2.0,1.0,0.5,5,42.5,7.5
354,1,4,3,4,4,4,0,3,4,5,4,3,3,1,1,1,3,13500.0,14900.0,16000.0,20150.0,16137.5,7.2125,50.0,2237.4350086655113,16138.5,4.207863166569683,0.7394686522336054,,,0.03308852236964578,0.4980266,0.03308852236964578,100,100,3,10,100,2,50,10,50,10,1,10,2,5,1,1,50,1.2000000000000002,1.7999999999999998,7.0,3.0,90.0,10.0,8.0,2.0,1.0,0.5,5,42.5,7.5
355,1,4,0,1,4,5,4,2,5,0,5,4,1,4,3,1,0,30116.66667,27450.0,23733.33333,39116.66667,30104.1666675,7.2125,50.0,4173.887926169844,30105.1666675,4.478641035880493,-0.04755719933052305,,,0.30325607187076836,0.4980266,0.30325607187076836,100,100,3,10,100,2,50,10,50,10,1,10,2,5,1,1,50,1.2000000000000002,1.7999999999999998,7.0,3.0,90.0,10.0,8.0,2.0,1.0,0.5,5,42.5,7.5
356,1,4,0,1,4,3,2,3,1,3,3,1,0,5,3,1,3,7983.333333,7033.333333,7866.666667,8416.666667,7825.0,7.2125,50.0,1084.9220103986136,7826.0,3.8935398435646613,-1.0589108880415,,,-0.2798406965940431,0.4980266,-0.2798406965940431,100,100,3,10,100,2,50,10,50,10,1,10,2,5,1,1,50,1.2000000000000002,1.7999999999999998,7.0,3.0,90.0,10.0,8.0,2.0,1.0,0.5,5,42.5,7.5
357,1,4,0,0,0,3,3,0,4,5,3,0,1,5,1,3,3,23533.33333,19850.0,24416.66667,25733.33333,23383.3333325,7.2125,50.0,3242.0566145580588,23384.3333325,4.368924993053862,-0.24333714965382125,,,0.19374281122903594,0.4980266,0.19374281122903594,100,100,3,10,100,2,50,10,50,10,1,10,2,5,1,1,50,1.2000000000000002,1.7999999999999998,7.0,3.0,90.0,10.0,8.0,2.0,1.0,0.5,5,42.5,7.5
358,1,4,5,3,0,5,3,0,5,0,2,0,5,1,3,3,3,2150.0,2850.0,1983.333333,2266.666667,2312.5,7.2125,50.0,320.6239168110918,2313.5,3.364269503835916,0.9732073239759873,,,-0.8027194418743807,0.4980266,-0.8027194418743807,100,100,3,10,100,2,50,10,50,10,1,10,2,5,1,1,50,1.2000000000000002,1.7999999999999998,7.0,3.0,90.0,10.0,8.0,2.0,1.0,0.5,5,42.5,7.5
359,1,4,4,1,4,3,3,0,2,3,5,1,2,2,2,3,1,20433.33333,20883.33333,17216.66667,18383.33333,19229.166665,7.2125,50.0,2666.088965684575,19230.166665,4.2839830482206,0.07302832115110736,,,0.10899699869506542,0.4980266,0.10899699869506542,100,100,3,10,100,2,50,10,50,10,1,10,2,5,1,1,50,1.2000000000000002,1.7999999999999998,7.0,3.0,90.0,10.0,8.0,2.0,1.0,0.5,5,42.5,7.5
360,1,5,0,2,0,3,3,3,3,0,3,3,3,1,0,1,2,12683.33333,10500.0,14800.0,13350.0,12833.3333325,14.44361111,50.0,888.5127988259717,12834.3333325,4.108373314570683,-0.16817839317793304,,,-0.06606301554909144,0.4980266,-0.06606301554909144,100,100,3,10,100,2,50,10,50,10,1,10,2,5,1,1,50,1.2000000000000002,1.7999999999999998,7.0,3.0,90.0,10.0,8.0,2.0,1.0,0.5,5,42.5,7.5
361,1,5,0,2,0,3,3,3,3,1,3,3,3,1,0,1,1,19966.66667,12416.66667,19566.66667,20450.0,18100.000002499997,14.44361111,50.0,1253.1492204168044,18101.000002499997,4.257702568436639,0.14533229021009575,,,0.08278537037627016,0.4980266,0.08278537037627016,100,100,3,10,100,2,50,10,50,10,1,10,2,5,1,1,50,1.2000000000000002,1.7999999999999998,7.0,3.0,90.0,10.0,8.0,2.0,1.0,0.5,5,42.5,7.5
362,1,5,2,3,5,4,0,3,5,1,5,0,1,5,3,0,3,57433.33333,57850.0,62050.0,74350.0,62920.8333325,14.44361111,50.0,4356.309018105376,62921.8333325,4.798801368029265,0.3692084494465391,,,0.623048181575453,0.4980266,0.623048181575453,100,100,3,10,100,2,50,10,50,10,1,10,2,5,1,1,50,1.2000000000000002,1.7999999999999998,7.0,3.0,90.0,10.0,8.0,2.0,1.0,0.5,5,42.5,7.5
363,1,5,0,2,0,3,3,3,3,1,3,3,3,0,1,1,2,103466.6667,117466.6667,94050.0,190983.3333,126491.666675,14.44361111,50.0,8757.620633210194,126492.666675,5.102065348318962,0.16921062461943137,,,0.9261422911795782,0.4980266,0.9261422911795782,100,100,3,10,100,2,50,10,50,10,1,10,2,5,1,1,50,1.2000000000000002,1.7999999999999998,7.0,3.0,90.0,10.0,8.0,2.0,1.0,0.5,5,42.5,7.5
364,1,5,0,2,0,3,3,3,3,1,3,3,3,1,1,0,2,96433.33333,121900.0,150966.6667,199583.3333,142220.8333325,14.44361111,50.0,9846.625767570948,142221.8333325,5.152966272680401,0.45747956771744125,,,0.9770246162845928,0.4980266,0.9770246162845928,100,100,3,10,100,2,50,10,50,10,1,10,2,5,1,1,50,1.2000000000000002,1.7999999999999998,7.0,3.0,90.0,10.0,8.0,2.0,1.0,0.5,5,42.5,7.5
365,1,5,1,2,0,3,3,3,3,1,3,3,3,1,0,1,2,22883.33333,19766.66667,28050.0,30350.0,25262.5,14.44361111,50.0,1749.043214166128,25263.5,4.402493517454048,-0.14023379491859966,,,0.22724378150306254,0.4980266,0.22724378150306254,100,100,3,10,100,2,50,10,50,10,1,10,2,5,1,1,50,1.2000000000000002,1.7999999999999998,7.0,3.0,90.0,10.0,8.0,2.0,1.0,0.5,5,42.5,7.5
366,1,5,3,0,2,4,5,3,2,3,4,3,2,5,1,1,1,138683.3333,190000.0,151683.3333,215533.3333,173974.99997499998,14.44361111,50.0,12045.117986771937,173975.99997499998,5.2404893414014335,0.36894603537901194,,,1.0645203833147552,0.4980266,1.0645203833147552,100,100,3,10,100,2,50,10,50,10,1,10,2,5,1,1,50,1.2000000000000002,1.7999999999999998,7.0,3.0,90.0,10.0,8.0,2.0,1.0,0.5,5,42.5,7.5
367,1,5,0,2,0,3,3,2,3,1,3,3,3,1,0,1,2,13600.0,11116.66667,12850.0,13916.66667,12870.833335,14.44361111,50.0,891.1091026321601,12871.833335,4.10964040786549,-0.3284099709530617,,,-0.06480073447394095,0.4980266,-0.06480073447394095,100,100,3,10,100,2,50,10,50,10,1,10,2,5,1,1,50,1.2000000000000002,1.7999999999999998,7.0,3.0,90.0,10.0,8.0,2.0,1.0,0.5,5,42.5,7.5
368,1,5,0,2,0,3,3,3,3,1,3,3,3,1,0,0,2,53333.33333,44316.66667,41866.66667,49383.33333,47225.0,14.44361111,50.0,3269.6117086193135,47226.0,4.67418116277987,0.38743949979967507,,,0.4985402784613961,0.4980266,0.4985402784613961,100,100,3,10,100,2,50,10,50,10,1,10,2,5,1,1,50,1.2000000000000002,1.7999999999999998,7.0,3.0,90.0,10.0,8.0,2.0,1.0,0.5,5,42.5,7.5
369,1,5,0,2,0,3,3,3,3,1,3,3,3,2,0,1,2,42666.66667,50216.66667,48183.33333,72950.0,53504.1666675,14.44361111,50.0,3704.3483281308036,53505.1666675,4.728395721214572,0.3850256554658804,,,0.5527020067808551,0.4980266,0.5527020067808551,100,100,3,10,100,2,50,10,50,10,1,10,2,5,1,1,50,1.2000000000000002,1.7999999999999998,7.0,3.0,90.0,10.0,8.0,2.0,1.0,0.5,5,42.5,7.5
370,1,5,2,0,0,4,4,5,5,2,5,2,5,2,3,1,0,108866.6667,125866.6667,162900.0,168833.3333,141616.666675,14.44361111,50.0,9804.796431894516,141617.666675,5.151117434574619,0.4739409193780739,,,0.9751764163005145,0.4980266,0.9751764163005145,100,100,3,10,100,2,50,10,50,10,1,10,2,5,1,1,50,1.2000000000000002,1.7999999999999998,7.0,3.0,90.0,10.0,8.0,2.0,1.0,0.5,5,42.5,7.5
371,1,5,0,2,0,3,2,3,3,1,3,3,3,1,0,1,2,37066.66667,26233.33333,43866.66667,35183.33333,35587.5,14.44361111,50.0,2463.8921478134425,35588.5,4.551309683551716,0.21498231142313617,,,0.3758159712618352,0.4980266,0.3758159712618352,100,100,3,10,100,2,50,10,50,10,1,10,2,5,1,1,50,1.2000000000000002,1.7999999999999998,7.0,3.0,90.0,10.0,8.0,2.0,1.0,0.5,5,42.5,7.5
372,1,5,1,0,4,4,0,0,0,5,5,1,5,0,1,1,3,191500.0,207466.6667,190266.6667,214466.6667,200925.00002500002,14.44361111,50.0,13910.994867889378,200926.00002500002,5.303036138524152,0.37381851413567535,,,1.1270507783326984,0.4980266,1.1270507783326984,100,100,3,10,100,2,50,10,50,10,1,10,2,5,1,1,50,1.2000000000000002,1.7999999999999998,7.0,3.0,90.0,10.0,8.0,2.0,1.0,0.5,5,42.5,7.5
373,1,5,3,1,3,3,3,1,2,3,3,2,3,2,3,2,1,62950.0,90250.0,66533.33333,67016.66667,71687.5,14.44361111,50.0,4963.26711194594,71688.5,4.855449493364999,0.6582336646456071,,,0.6796549786993334,0.4980266,0.6796549786993334,100,100,3,10,100,2,50,10,50,10,1,10,2,5,1,1,50,1.2000000000000002,1.7999999999999998,7.0,3.0,90.0,10.0,8.0,2.0,1.0,0.5,5,42.5,7.5
374,1,5,2,3,5,3,4,0,0,1,2,3,0,1,2,0,3,47383.33333,64516.66667,49883.33333,59766.66667,55387.5,14.44361111,50.0,3834.7404660911006,55388.5,4.743419603988645,0.19048095166320422,,,0.5677123781201203,0.4980266,0.5677123781201203,100,100,3,10,100,2,50,10,50,10,1,10,2,5,1,1,50,1.2000000000000002,1.7999999999999998,7.0,3.0,90.0,10.0,8.0,2.0,1.0,0.5,5,42.5,7.5
375,1,5,2,3,2,4,1,2,0,2,3,2,3,0,1,0,3,74883.33333,89466.66667,70033.33333,67816.66667,75550.0,14.44361111,50.0,5230.6863861554075,75551.0,4.8782402170748815,0.1576373771960986,,,0.7024305364455253,0.4980266,0.7024305364455253,100,100,3,10,100,2,50,10,50,10,1,10,2,5,1,1,50,1.2000000000000002,1.7999999999999998,7.0,3.0,90.0,10.0,8.0,2.0,1.0,0.5,5,42.5,7.5
376,1,5,0,2,0,3,3,3,3,1,3,3,2,1,0,1,2,31383.33333,26433.33333,30200.0,26183.33333,28549.999997500003,14.44361111,50.0,1976.6524991616172,28550.999997500003,4.4556213239930935,-0.07069343032273245,,,0.280274774035399,0.4980266,0.280274774035399,100,100,3,10,100,2,50,10,50,10,1,10,2,5,1,1,50,1.2000000000000002,1.7999999999999998,7.0,3.0,90.0,10.0,8.0,2.0,1.0,0.5,5,42.5,7.5
377,1,5,0,1,0,3,3,5,3,1,3,0,3,1,3,2,0,90700.0,80716.66667,78116.66667,83900.0,83358.333335,14.44361111,50.0,5771.294498318849,83359.333335,4.920954232705827,0.7183637439230646,,,0.7451181841552822,0.4980266,0.7451181841552822,100,100,3,10,100,2,50,10,50,10,1,10,2,5,1,1,50,1.2000000000000002,1.7999999999999998,7.0,3.0,90.0,10.0,8.0,2.0,1.0,0.5,5,42.5,7.5
378,1,5,0,3,0,3,3,3,3,1,3,3,3,1,0,1,2,22716.66667,25133.33333,28866.66667,30033.33333,26687.5,14.44361111,50.0,1847.70275222399,26688.5,4.426324165393753,0.42335114725172573,,,0.25102953852390314,0.4980266,0.25102953852390314,100,100,3,10,100,2,50,10,50,10,1,10,2,5,1,1,50,1.2000000000000002,1.7999999999999998,7.0,3.0,90.0,10.0,8.0,2.0,1.0,0.5,5,42.5,7.5
379,1,5,2,2,5,4,1,3,3,0,5,3,3,3,3,1,3,88950.0,82033.33333,71333.33333,72116.66667,78608.3333325,14.44361111,50.0,5442.429371286222,78609.3333325,4.895474113140691,-0.17159387264165726,,,0.7196534809818553,0.4980266,0.7196534809818553,100,100,3,10,100,2,50,10,50,10,1,10,2,5,1,1,50,1.2000000000000002,1.7999999999999998,7.0,3.0,90.0,10.0,8.0,2.0,1.0,0.5,5,42.5,7.5
380,1,5,2,2,3,3,3,1,2,3,3,2,3,2,3,2,1,111616.6667,113866.6667,99183.33333,108033.3333,108175.0000075,14.44361111,50.0,7489.470547473082,108176.0000075,5.034130918622153,0.663248721759718,,,0.8582363354596096,0.4980266,0.8582363354596096,100,100,3,10,100,2,50,10,50,10,1,10,2,5,1,1,50,1.2000000000000002,1.7999999999999998,7.0,3.0,90.0,10.0,8.0,2.0,1.0,0.5,5,42.5,7.5
381,1,5,2,2,2,5,0,5,2,5,4,0,5,4,1,0,0,143016.6667,155666.6667,140666.6667,147850.0,146800.00002500002,14.44361111,50.0,10163.663290779366,146801.00002500002,5.166729014053212,0.12117754521592072,,,0.9907826918770729,0.4980266,0.9907826918770729,100,100,3,10,100,2,50,10,50,10,1,10,2,5,1,1,50,1.2000000000000002,1.7999999999999998,7.0,3.0,90.0,10.0,8.0,2.0,1.0,0.5,5,42.5,7.5
382,1,5,0,2,0,3,3,3,3,1,3,3,3,1,1,1,3,132866.6667,130066.6667,126350.0,117800.0,126770.83335,14.44361111,50.0,8776.948671944685,126771.83335,5.103022771057439,0.21516809250570912,,,0.9270993435889643,0.4980266,0.9270993435889643,100,100,3,10,100,2,50,10,50,10,1,10,2,5,1,1,50,1.2000000000000002,1.7999999999999998,7.0,3.0,90.0,10.0,8.0,2.0,1.0,0.5,5,42.5,7.5
383,1,5,0,1,0,3,3,3,3,1,3,3,3,1,0,1,2,23783.33333,17816.66667,16533.33333,12833.33333,17741.666665,14.44361111,50.0,1228.3400965231333,17742.666665,4.249018893447205,-0.24783879901910488,,,0.07412537421705327,0.4980266,0.07412537421705327,100,100,3,10,100,2,50,10,50,10,1,10,2,5,1,1,50,1.2000000000000002,1.7999999999999998,7.0,3.0,90.0,10.0,8.0,2.0,1.0,0.5,5,42.5,7.5
384,1,5,0,2,0,3,3,3,3,2,3,3,3,1,0,1,2,25450.0,27083.33333,28683.33333,27266.66667,27120.8333325,14.44361111,50.0,1877.7044830376908,27121.8333325,4.433319042837997,-0.0730576381836876,,,0.25801169942685237,0.4980266,0.25801169942685237,100,100,3,10,100,2,50,10,50,10,1,10,2,5,1,1,50,1.2000000000000002,1.7999999999999998,7.0,3.0,90.0,10.0,8.0,2.0,1.0,0.5,5,42.5,7.5
385,1,5,0,2,0,3,3,3,3,1,3,3,3,1,0,2,2,14816.66667,14550.0,17483.33333,15783.33333,15658.3333325,14.44361111,50.0,1084.1010058529607,15659.3333325,4.194773268821572,-0.21969239534029406,,,0.020038849415466117,0.4980266,0.020038849415466117,100,100,3,10,100,2,50,10,50,10,1,10,2,5,1,1,50,1.2000000000000002,1.7999999999999998,7.0,3.0,90.0,10.0,8.0,2.0,1.0,0.5,5,42.5,7.5
386,1,5,5,0,0,0,5,0,4,3,5,0,2,1,3,1,2,483.3333333,483.3333333,400.0,483.3333333,462.49999997500004,14.44361111,50.0,32.021078139855845,463.49999997500004,2.666049738457091,-0.6841371181575369,,,-1.4663973893490743,0.4980266,-1.4663973893490743,100,100,3,10,100,2,50,10,50,10,1,10,2,5,1,1,50,1.2000000000000002,1.7999999999999998,7.0,3.0,90.0,10.0,8.0,2.0,1.0,0.5,5,42.5,7.5
387,1,5,0,2,0,3,3,3,3,1,3,3,3,1,1,1,3,114466.6667,131166.6667,112466.6667,110350.0,117112.500025,14.44361111,50.0,8108.256247907245,117113.500025,5.068606960387718,0.18075228183598746,,,0.8926973710713102,0.4980266,0.8926973710713102,100,100,3,10,100,2,50,10,50,10,1,10,2,5,1,1,50,1.2000000000000002,1.7999999999999998,7.0,3.0,90.0,10.0,8.0,2.0,1.0,0.5,5,42.5,7.5
388,1,5,2,0,5,4,2,3,5,4,4,4,3,0,3,2,2,55400.0,54400.0,52316.66667,58133.33333,55062.5,14.44361111,50.0,3812.2391679375532,55063.5,4.740863812984968,0.3409551858378501,,,0.5651588527786978,0.4980266,0.5651588527786978,100,100,3,10,100,2,50,10,50,10,1,10,2,5,1,1,50,1.2000000000000002,1.7999999999999998,7.0,3.0,90.0,10.0,8.0,2.0,1.0,0.5,5,42.5,7.5
389,1,5,0,2,0,3,3,3,3,1,3,3,3,1,0,1,3,42983.33333,31350.0,31850.0,26766.66667,33237.5,14.44361111,50.0,2301.190453472407,33238.5,4.521641416543424,0.012164492816634898,,,0.3461899203913164,0.4980266,0.3461899203913164,100,100,3,10,100,2,50,10,50,10,1,10,2,5,1,1,50,1.2000000000000002,1.7999999999999998,7.0,3.0,90.0,10.0,8.0,2.0,1.0,0.5,5,42.5,7.5
390,1,5,0,2,0,3,3,3,3,1,2,3,3,1,0,1,2,13583.33333,10583.33333,12800.0,11683.33333,12162.499997500001,14.44361111,50.0,842.0678114962069,12163.499997500001,4.085058559384807,-0.22355023103100802,,,-0.08928668241775542,0.4980266,-0.08928668241775542,100,100,3,10,100,2,50,10,50,10,1,10,2,5,1,1,50,1.2000000000000002,1.7999999999999998,7.0,3.0,90.0,10.0,8.0,2.0,1.0,0.5,5,42.5,7.5
391,1,5,0,2,0,3,3,3,3,1,3,3,3,0,0,1,2,9833.333333,9166.666667,11400.0,11116.66667,10379.1666675,14.44361111,50.0,718.5991500639343,10380.1666675,4.016204326748899,-0.5051299815158394,,,-0.1578416511243621,0.4980266,-0.1578416511243621,100,100,3,10,100,2,50,10,50,10,1,10,2,5,1,1,50,1.2000000000000002,1.7999999999999998,7.0,3.0,90.0,10.0,8.0,2.0,1.0,0.5,5,42.5,7.5
392,1,5,1,1,3,4,5,1,3,0,5,3,5,5,3,0,0,54533.33333,58750.0,57800.0,59783.33333,57716.666665,14.44361111,50.0,3995.9997694094654,57717.666665,4.7613087656820605,0.3554919991417762,,,0.5855860489260432,0.4980266,0.5855860489260432,100,100,3,10,100,2,50,10,50,10,1,10,2,5,1,1,50,1.2000000000000002,1.7999999999999998,7.0,3.0,90.0,10.0,8.0,2.0,1.0,0.5,5,42.5,7.5
393,1,5,3,0,0,1,5,2,2,3,2,3,1,0,2,1,3,21966.66667,27400.0,27783.33333,24366.66667,25379.1666675,14.44361111,50.0,1757.1206033045846,25380.1666675,4.404494469710534,0.37459573686123715,,,0.229240869203538,0.4980266,0.229240869203538,100,100,3,10,100,2,50,10,50,10,1,10,2,5,1,1,50,1.2000000000000002,1.7999999999999998,7.0,3.0,90.0,10.0,8.0,2.0,1.0,0.5,5,42.5,7.5
394,1,5,0,2,0,3,3,3,3,1,3,2,3,1,0,1,2,36666.66667,28533.33333,33566.66667,30733.33333,32375.0,14.44361111,50.0,2241.47546991107,32376.0,4.510223191383511,0.055147876701324705,,,0.33478872570043644,0.4980266,0.33478872570043644,100,100,3,10,100,2,50,10,50,10,1,10,2,5,1,1,50,1.2000000000000002,1.7999999999999998,7.0,3.0,90.0,10.0,8.0,2.0,1.0,0.5,5,42.5,7.5
395,1,5,0,2,0,3,3,3,3,1,3,3,3,1,0,1,2,38166.66667,27516.66667,28750.0,27633.33333,30516.6666675,14.44361111,50.0,2112.814201039507,30517.6666675,4.48455132508337,0.06700830921585332,,,0.30915682190651755,0.4980266,0.30915682190651755,100,100,3,10,100,2,50,10,50,10,1,10,2,5,1,1,50,1.2000000000000002,1.7999999999999998,7.0,3.0,90.0,10.0,8.0,2.0,1.0,0.5,5,42.5,7.5
396,1,5,0,2,0,3,3,3,2,1,3,3,3,1,0,1,2,30616.66667,28866.66667,39316.66667,26983.33333,31445.833334999996,14.44361111,50.0,2177.1448355618318,31446.833334999996,4.497576918958486,0.06377685497943553,,,0.3221618445971631,0.4980266,0.3221618445971631,100,100,3,10,100,2,50,10,50,10,1,10,2,5,1,1,50,1.2000000000000002,1.7999999999999998,7.0,3.0,90.0,10.0,8.0,2.0,1.0,0.5,5,42.5,7.5
397,1,5,2,1,3,3,3,1,2,3,3,2,3,3,3,2,1,18466.66667,22550.0,21783.33333,24300.0,21775.0,14.44361111,50.0,1507.586976287677,21776.0,4.33797810785926,-0.19290227244418556,,,0.1628629933219261,0.4980266,0.1628629933219261,100,100,3,10,100,2,50,10,50,10,1,10,2,5,1,1,50,1.2000000000000002,1.7999999999999998,7.0,3.0,90.0,10.0,8.0,2.0,1.0,0.5,5,42.5,7.5
398,1,5,0,3,0,3,3,3,3,1,3,3,3,1,1,1,2,41816.66667,52716.66667,48316.66667,54483.33333,49333.333334999996,14.44361111,50.0,3415.581668551307,49334.333334999996,4.69314926386727,0.2868774774108047,,,0.5174891420553834,0.4980266,0.5174891420553834,100,100,3,10,100,2,50,10,50,10,1,10,2,5,1,1,50,1.2000000000000002,1.7999999999999998,7.0,3.0,90.0,10.0,8.0,2.0,1.0,0.5,5,42.5,7.5
399,1,5,3,1,4,4,3,3,3,3,4,3,3,1,1,1,1,137016.6667,156800.0,157700.0,119566.6667,142770.83335,14.44361111,50.0,9884.704888734712,142771.83335,5.15464253638104,0.29278719225669736,,,0.9787003037696855,0.4980266,0.9787003037696855,100,100,3,10,100,2,50,10,50,10,1,10,2,5,1,1,50,1.2000000000000002,1.7999999999999998,7.0,3.0,90.0,10.0,8.0,2.0,1.0,0.5,5,42.5,7.5
400,1,5,0,1,4,5,4,2,5,0,5,4,1,4,3,1,0,27550.0,35783.33333,29350.0,32600.0,31320.8333325,14.44361111,50.0,2168.4904899450726,31321.8333325,4.49584717429542,-0.030351060915595696,,,0.3204347963618407,0.4980266,0.3204347963618407,100,100,3,10,100,2,50,10,50,10,1,10,2,5,1,1,50,1.2000000000000002,1.7999999999999998,7.0,3.0,90.0,10.0,8.0,2.0,1.0,0.5,5,42.5,7.5
401,1,5,0,2,1,3,3,3,3,1,3,3,3,1,0,1,2,31200.0,26300.0,30416.66667,23150.0,27766.6666675,14.44361111,50.0,1922.4186012787213,27767.6666675,4.443539387276209,0.11018749092520519,,,0.26821382725293247,0.4980266,0.26821382725293247,100,100,3,10,100,2,50,10,50,10,1,10,2,5,1,1,50,1.2000000000000002,1.7999999999999998,7.0,3.0,90.0,10.0,8.0,2.0,1.0,0.5,5,42.5,7.5
402,1,5,0,0,0,3,3,0,4,5,3,0,1,5,1,3,3,97100.0,99866.66667,104316.6667,105883.3333,101791.6666675,14.44361111,50.0,7047.521973021329,101792.6666675,5.007716491747731,0.3954543490400475,,,0.8318342389993403,0.4980266,0.8318342389993403,100,100,3,10,100,2,50,10,50,10,1,10,2,5,1,1,50,1.2000000000000002,1.7999999999999998,7.0,3.0,90.0,10.0,8.0,2.0,1.0,0.5,5,42.5,7.5
403,1,5,0,2,0,2,3,3,3,1,3,3,3,1,0,1,2,6866.666667,6650.0,8166.666667,7000.0,7170.833333500001,14.44361111,50.0,496.4709502968611,7171.833333500001,3.8556301884218924,-0.17602877252563465,,,-0.31750393804334615,0.4980266,-0.31750393804334615,100,100,3,10,100,2,50,10,50,10,1,10,2,5,1,1,50,1.2000000000000002,1.7999999999999998,7.0,3.0,90.0,10.0,8.0,2.0,1.0,0.5,5,42.5,7.5
404,1,5,2,1,3,3,3,1,2,3,3,1,3,2,3,2,1,91350.0,105116.6667,105200.0,94416.66667,99020.8333425,14.44361111,50.0,6855.683982930222,99021.8333425,4.995730962827221,0.3976331276727052,,,0.8198545570561501,0.4980266,0.8198545570561501,100,100,3,10,100,2,50,10,50,10,1,10,2,5,1,1,50,1.2000000000000002,1.7999999999999998,7.0,3.0,90.0,10.0,8.0,2.0,1.0,0.5,5,42.5,7.5
405,1,5,2,2,5,4,3,3,3,0,5,3,1,5,0,1,2,45083.33333,47050.0,57033.33333,53083.33333,50562.499997499996,14.44361111,50.0,3500.6827317922707,50563.499997499996,4.703837128110397,-0.09562796137226215,,,0.5281665306993366,0.4980266,0.5281665306993366,100,100,3,10,100,2,50,10,50,10,1,10,2,5,1,1,50,1.2000000000000002,1.7999999999999998,7.0,3.0,90.0,10.0,8.0,2.0,1.0,0.5,5,42.5,7.5
406,1,5,1,0,0,3,3,0,3,5,3,3,3,5,1,2,1,131150.0,143100.0,138950.0,138316.6667,137879.166675,14.44361111,50.0,9546.03150312872,137880.166675,5.139501799728578,0.279560048380568,,,0.9635648532886348,0.4980266,0.9635648532886348,100,100,3,10,100,2,50,10,50,10,1,10,2,5,1,1,50,1.2000000000000002,1.7999999999999998,7.0,3.0,90.0,10.0,8.0,2.0,1.0,0.5,5,42.5,7.5
407,1,5,0,3,0,4,2,3,5,1,5,1,1,5,0,0,3,33866.66667,36566.66667,39300.0,39333.33333,37266.6666675,14.44361111,50.0,2580.1488549978,37267.6666675,4.571332202382184,0.42808513311132046,,,0.3958115841494039,0.4980266,0.3958115841494039,100,100,3,10,100,2,50,10,50,10,1,10,2,5,1,1,50,1.2000000000000002,1.7999999999999998,7.0,3.0,90.0,10.0,8.0,2.0,1.0,0.5,5,42.5,7.5
408,1,5,0,2,0,3,3,3,3,1,4,3,5,1,0,1,2,52850.0,59416.66667,68583.33333,61400.0,60562.5,14.44361111,50.0,4193.030367459125,60563.5,4.782210965348755,0.42922442781635173,,,0.6064709380678995,0.4980266,0.6064709380678995,100,100,3,10,100,2,50,10,50,10,1,10,2,5,1,1,50,1.2000000000000002,1.7999999999999998,7.0,3.0,90.0,10.0,8.0,2.0,1.0,0.5,5,42.5,7.5
409,1,5,0,1,0,3,3,2,3,1,3,3,3,1,1,0,2,90466.66667,95533.33333,106066.6667,93300.0,96341.666675,14.44361111,50.0,6670.192512196487,96342.666675,4.983818663010276,0.16557853942127387,,,0.8079482305162344,0.4980266,0.8079482305162344,100,100,3,10,100,2,50,10,50,10,1,10,2,5,1,1,50,1.2000000000000002,1.7999999999999998,7.0,3.0,90.0,10.0,8.0,2.0,1.0,0.5,5,42.5,7.5
410,1,5,1,2,0,3,3,3,3,1,3,3,3,2,0,1,3,46766.66667,46366.66667,62933.33333,55966.66667,53008.333335,14.44361111,50.0,3670.0194245952666,53009.333335,4.724352342412592,0.20033638557270805,,,0.5486623447741777,0.4980266,0.5486623447741777,100,100,3,10,100,2,50,10,50,10,1,10,2,5,1,1,50,1.2000000000000002,1.7999999999999998,7.0,3.0,90.0,10.0,8.0,2.0,1.0,0.5,5,42.5,7.5
411,1,5,3,0,3,1,5,3,1,5,2,2,1,2,1,1,2,4083.333333,3666.666667,4716.666667,4250.0,4179.16666675,14.44361111,50.0,289.34361600587295,4180.16666675,3.6211935978053815,0.01728215572127878,,,-0.549836458509498,0.4980266,-0.549836458509498,100,100,3,10,100,2,50,10,50,10,1,10,2,5,1,1,50,1.2000000000000002,1.7999999999999998,7.0,3.0,90.0,10.0,8.0,2.0,1.0,0.5,5,42.5,7.5
412,1,5,0,2,0,3,3,5,3,0,3,3,3,1,0,1,1,21166.66667,23833.33333,28750.0,16516.66667,22566.6666675,14.44361111,50.0,1562.3978308219625,22567.6666675,4.353486658510014,0.3742516902831281,,,0.17833733823641423,0.4980266,0.17833733823641423,100,100,3,10,100,2,50,10,50,10,1,10,2,5,1,1,50,1.2000000000000002,1.7999999999999998,7.0,3.0,90.0,10.0,8.0,2.0,1.0,0.5,5,42.5,7.5
413,1,5,0,2,0,3,3,3,3,2,3,3,3,1,0,1,2,35950.0,39616.66667,46733.33333,30533.33333,38208.3333325,14.44361111,50.0,2645.3449238914045,38209.3333325,4.582169460286098,0.07579277926441286,,,0.406634787653255,0.4980266,0.406634787653255,100,100,3,10,100,2,50,10,50,10,1,10,2,5,1,1,50,1.2000000000000002,1.7999999999999998,7.0,3.0,90.0,10.0,8.0,2.0,1.0,0.5,5,42.5,7.5
414,1,5,2,2,5,3,1,3,3,0,5,3,3,2,0,1,3,97166.66667,87566.66667,96233.33333,86516.66667,91870.833335,14.44361111,50.0,6360.6554230329175,91871.833335,4.963182382962055,0.6931828150813848,,,0.7873226938650998,0.4980266,0.7873226938650998,100,100,3,10,100,2,50,10,50,10,1,10,2,5,1,1,50,1.2000000000000002,1.7999999999999998,7.0,3.0,90.0,10.0,8.0,2.0,1.0,0.5,5,42.5,7.5
415,1,5,2,2,0,4,4,3,5,0,3,4,3,1,0,1,0,1950.0,2133.333333,2783.333333,2000.0,2216.6666665000002,14.44361111,50.0,153.4703925229125,2217.6666665000002,3.345896268693748,0.051457086183948064,,,-0.8207036011010407,0.4980266,-0.8207036011010407,100,100,3,10,100,2,50,10,50,10,1,10,2,5,1,1,50,1.2000000000000002,1.7999999999999998,7.0,3.0,90.0,10.0,8.0,2.0,1.0,0.5,5,42.5,7.5
416,1,5,3,2,0,3,3,3,2,1,3,3,3,1,0,1,1,26850.0,28100.0,33533.33333,19116.66667,26900.0,14.44361111,50.0,1862.4151394782325,26901.0,4.429768424478605,0.4146974857725185,,,0.2544675104670763,0.4980266,0.2544675104670763,100,100,3,10,100,2,50,10,50,10,1,10,2,5,1,1,50,1.2000000000000002,1.7999999999999998,7.0,3.0,90.0,10.0,8.0,2.0,1.0,0.5,5,42.5,7.5
417,1,5,0,0,4,3,2,5,4,1,3,1,3,0,1,1,3,79066.66667,102750.0,110833.3333,98633.33333,97820.833325,14.44361111,50.0,6772.602265459361,97821.833325,4.9904357978787415,0.2257271834544481,,,0.8145620270960984,0.4980266,0.8145620270960984,100,100,3,10,100,2,50,10,50,10,1,10,2,5,1,1,50,1.2000000000000002,1.7999999999999998,7.0,3.0,90.0,10.0,8.0,2.0,1.0,0.5,5,42.5,7.5
418,1,5,3,1,3,5,3,1,5,0,5,2,3,5,3,2,1,55683.33333,62033.33333,65466.66667,60750.0,60983.3333325,14.44361111,50.0,4222.166663728458,60984.3333325,4.785218280566084,0.10056815580030065,,,0.6094758305204231,0.4980266,0.6094758305204231,100,100,3,10,100,2,50,10,50,10,1,10,2,5,1,1,50,1.2000000000000002,1.7999999999999998,7.0,3.0,90.0,10.0,8.0,2.0,1.0,0.5,5,42.5,7.5
419,1,5,2,2,5,4,2,3,3,1,5,3,3,3,3,0,3,46783.33333,52433.33333,76450.0,57066.66667,58183.3333325,14.44361111,50.0,4028.3093257902037,58184.3333325,4.764806062602198,-0.3284662530155513,,,0.5890803912013723,0.4980266,0.5890803912013723,100,100,3,10,100,2,50,10,50,10,1,10,2,5,1,1,50,1.2000000000000002,1.7999999999999998,7.0,3.0,90.0,10.0,8.0,2.0,1.0,0.5,5,42.5,7.5
420,1,5,5,0,2,1,1,0,0,4,3,0,2,1,1,0,3,166.6666667,116.6666667,66.66666667,66.66666667,104.166666685,14.44361111,50.0,7.211954537662707,105.166666685,2.0218781089361997,-0.7605402439310076,,,-1.9881007766486465,0.4980266,-1.9881007766486465,100,100,3,10,100,2,50,10,50,10,1,10,2,5,1,1,50,1.2000000000000002,1.7999999999999998,7.0,3.0,90.0,10.0,8.0,2.0,1.0,0.5,5,42.5,7.5
421,1,5,3,2,0,3,3,3,2,1,4,3,2,5,1,1,2,58800.0,60616.66667,57266.66667,57516.66667,58550.000002500004,14.44361111,50.0,4053.6954059890913,58551.000002500004,4.767534316861139,0.10888999284004885,,,0.5918063569809373,0.4980266,0.5918063569809373,100,100,3,10,100,2,50,10,50,10,1,10,2,5,1,1,50,1.2000000000000002,1.7999999999999998,7.0,3.0,90.0,10.0,8.0,2.0,1.0,0.5,5,42.5,7.5
422,1,5,2,1,2,3,3,2,3,1,3,0,3,0,1,2,0,60000.0,69166.66667,81983.33333,75683.33333,71708.3333325,14.44361111,50.0,4964.709502795523,71709.3333325,4.855575684970518,0.4598043391841822,,,0.6797810841227155,0.4980266,0.6797810841227155,100,100,3,10,100,2,50,10,50,10,1,10,2,5,1,1,50,1.2000000000000002,1.7999999999999998,7.0,3.0,90.0,10.0,8.0,2.0,1.0,0.5,5,42.5,7.5
423,1,5,1,3,0,3,3,3,3,1,5,2,5,1,3,1,0,55266.66667,61783.33333,76150.0,64816.66667,64504.1666675,14.44361111,50.0,4465.930727173947,64505.1666675,4.809594501694487,0.6446235439924788,,,0.6338330201153498,0.4980266,0.6338330201153498,100,100,3,10,100,2,50,10,50,10,1,10,2,5,1,1,50,1.2000000000000002,1.7999999999999998,7.0,3.0,90.0,10.0,8.0,2.0,1.0,0.5,5,42.5,7.5
424,1,5,2,2,5,4,1,5,5,0,5,3,3,3,3,0,3,54300.0,52366.66667,61416.66667,48116.66667,54050.000002500004,14.44361111,50.0,3742.1389700168966,54051.000002500004,4.732803733285632,0.33139326359534493,,,0.5571060060709573,0.4980266,0.5571060060709573,100,100,3,10,100,2,50,10,50,10,1,10,2,5,1,1,50,1.2000000000000002,1.7999999999999998,7.0,3.0,90.0,10.0,8.0,2.0,1.0,0.5,5,42.5,7.5
425,1,5,2,2,5,5,3,5,5,3,5,4,3,4,3,0,1,84816.66667,93200.0,95083.33333,64483.33333,84395.8333325,14.44361111,50.0,5843.12556532824,84396.8333325,4.926326151696488,0.003514659666583597,,,0.7504869667241054,0.4980266,0.7504869667241054,100,100,3,10,100,2,50,10,50,10,1,10,2,5,1,1,50,1.2000000000000002,1.7999999999999998,7.0,3.0,90.0,10.0,8.0,2.0,1.0,0.5,5,42.5,7.5
426,1,5,2,1,0,0,5,0,4,5,5,0,2,4,3,0,0,483.3333333,666.6666667,500.0,416.6666667,516.666666675,14.44361111,50.0,35.771294501088235,517.666666675,2.7140502010158873,-0.19384741862571708,,,-1.422763592390683,0.4980266,-1.422763592390683,100,100,3,10,100,2,50,10,50,10,1,10,2,5,1,1,50,1.2000000000000002,1.7999999999999998,7.0,3.0,90.0,10.0,8.0,2.0,1.0,0.5,5,42.5,7.5
427,1,5,0,1,0,3,4,3,5,1,3,4,3,1,1,1,3,76750.0,87966.66667,108466.6667,72016.66667,86300.00001,14.44361111,50.0,5974.960095003555,86301.00001,4.936015828117395,0.2008846812227576,,,0.760171082898091,0.4980266,0.760171082898091,100,100,3,10,100,2,50,10,50,10,1,10,2,5,1,1,50,1.2000000000000002,1.7999999999999998,7.0,3.0,90.0,10.0,8.0,2.0,1.0,0.5,5,42.5,7.5
428,1,5,0,3,0,3,3,3,1,1,1,1,1,1,0,2,2,10766.66667,11766.66667,11833.33333,8766.666667,10783.33333425,14.44361111,50.0,746.5815336709103,10784.33333425,4.032793303058836,0.15393666341699497,,,-0.1413291527597213,0.4980266,-0.1413291527597213,100,100,3,10,100,2,50,10,50,10,1,10,2,5,1,1,50,1.2000000000000002,1.7999999999999998,7.0,3.0,90.0,10.0,8.0,2.0,1.0,0.5,5,42.5,7.5
429,1,5,0,3,0,3,3,3,3,2,3,3,3,1,0,1,2,26216.66667,25416.66667,28050.0,25150.0,26208.333335,14.44361111,50.0,1814.5277614719714,26209.333335,4.418455974299786,0.31220310908245796,,,0.24317589809825904,0.4980266,0.24317589809825904,100,100,3,10,100,2,50,10,50,10,1,10,2,5,1,1,50,1.2000000000000002,1.7999999999999998,7.0,3.0,90.0,10.0,8.0,2.0,1.0,0.5,5,42.5,7.5
430,1,5,0,2,0,2,3,3,3,1,3,0,3,5,0,2,2,2566.666667,2000.0,3116.666667,2933.333333,2654.16666675,14.44361111,50.0,183.76060159307346,2655.16666675,3.4240917872547927,-0.20483160878026618,,,-0.7440578039535346,0.4980266,-0.7440578039535346,100,100,3,10,100,2,50,10,50,10,1,10,2,5,1,1,50,1.2000000000000002,1.7999999999999998,7.0,3.0,90.0,10.0,8.0,2.0,1.0,0.5,5,42.5,7.5
431,1,5,5,0,0,0,5,0,5,1,5,0,2,5,3,1,0,183.3333333,366.6666667,333.3333333,216.6666667,275.0,14.44361111,50.0,19.039559976078586,276.0,2.4409090820652177,1.0587662388506078,,,-1.664207898076807,0.4980266,-1.664207898076807,100,100,3,10,100,2,50,10,50,10,1,10,2,5,1,1,50,1.2000000000000002,1.7999999999999998,7.0,3.0,90.0,10.0,8.0,2.0,1.0,0.5,5,42.5,7.5
432,1,5,0,2,0,3,3,3,2,0,3,3,3,1,1,1,3,98700.0,99966.66667,142300.0,102550.0,110879.1666675,14.44361111,50.0,7676.69288677629,110880.1666675,5.0448538700700505,0.25653200137904886,,,0.8689544913977554,0.4980266,0.8689544913977554,100,100,3,10,100,2,50,10,50,10,1,10,2,5,1,1,50,1.2000000000000002,1.7999999999999998,7.0,3.0,90.0,10.0,8.0,2.0,1.0,0.5,5,42.5,7.5
433,1,5,2,3,0,2,2,3,3,2,4,4,1,0,3,2,3,2800.0,2900.0,3150.0,2733.333333,2895.83333325,14.44361111,50.0,200.49233610596707,2896.83333325,3.461923509172684,-0.15203468466564685,,,-0.7068830869826734,0.4980266,-0.7068830869826734,100,100,3,10,100,2,50,10,50,10,1,10,2,5,1,1,50,1.2000000000000002,1.7999999999999998,7.0,3.0,90.0,10.0,8.0,2.0,1.0,0.5,5,42.5,7.5
434,1,5,3,1,0,3,5,3,3,1,5,3,3,1,0,1,3,88066.66667,81216.66667,100716.6667,89800.0,89950.00001,14.44361111,50.0,6227.66698195878,89951.00001,4.9540059958795775,-0.182104466933243,,,0.7781512504318986,0.4980266,0.7781512504318986,100,100,3,10,100,2,50,10,50,10,1,10,2,5,1,1,50,1.2000000000000002,1.7999999999999998,7.0,3.0,90.0,10.0,8.0,2.0,1.0,0.5,5,42.5,7.5
435,1,5,5,0,3,1,3,0,1,5,2,3,1,1,0,1,2,133.3333333,283.3333333,166.6666667,133.3333333,179.16666665000002,14.44361111,50.0,12.404561801442743,180.16666665000002,2.2556744435294913,0.3523278249671369,,,-1.8159398113046283,0.4980266,-1.8159398113046283,100,100,3,10,100,2,50,10,50,10,1,10,2,5,1,1,50,1.2000000000000002,1.7999999999999998,7.0,3.0,90.0,10.0,8.0,2.0,1.0,0.5,5,42.5,7.5
436,1,5,0,2,0,3,3,3,3,1,3,3,3,1,0,0,2,35600.0,26900.0,34766.66667,22100.0,29841.6666675,14.44361111,50.0,2066.080735643678,29842.6666675,4.474837628024339,0.18809596504414383,,,0.299458871584768,0.4980266,0.299458871584768,100,100,3,10,100,2,50,10,50,10,1,10,2,5,1,1,50,1.2000000000000002,1.7999999999999998,7.0,3.0,90.0,10.0,8.0,2.0,1.0,0.5,5,42.5,7.5
437,1,5,1,0,5,4,2,1,5,4,4,3,5,1,3,2,0,28300.0,26716.66667,28133.33333,29550.0,28175.0,14.44361111,50.0,1950.6894630036877,28176.0,4.449879338623202,0.11821726372718722,,,0.2745426915413242,0.4980266,0.2745426915413242,100,100,3,10,100,2,50,10,50,10,1,10,2,5,1,1,50,1.2000000000000002,1.7999999999999998,7.0,3.0,90.0,10.0,8.0,2.0,1.0,0.5,5,42.5,7.5
438,1,5,3,0,0,1,5,1,4,3,2,5,1,0,0,1,3,1750.0,1466.666667,1750.0,1650.0,1654.1666667499999,14.44361111,50.0,114.5258380436968,1655.1666667499999,3.2188417315289275,-0.06437077767411914,,,-0.9445791927387086,0.4980266,-0.9445791927387086,100,100,3,10,100,2,50,10,50,10,1,10,2,5,1,1,50,1.2000000000000002,1.7999999999999998,7.0,3.0,90.0,10.0,8.0,2.0,1.0,0.5,5,42.5,7.5
439,1,5,1,3,5,4,3,3,3,0,5,3,3,1,0,1,3,96283.33333,85100.0,127600.0,102783.3333,102941.6666575,14.44361111,50.0,7127.141950410765,102942.6666575,5.012595414153486,0.7137346564983904,,,0.8367108270953517,0.4980266,0.8367108270953517,100,100,3,10,100,2,50,10,50,10,1,10,2,5,1,1,50,1.2000000000000002,1.7999999999999998,7.0,3.0,90.0,10.0,8.0,2.0,1.0,0.5,5,42.5,7.5
440,1,5,0,2,0,3,3,5,4,1,3,4,3,1,0,1,2,36750.0,23933.33333,30116.66667,19250.0,27512.5,14.44361111,50.0,1904.8214321522257,27513.5,4.43954584062599,0.3549284681349558,,,0.26422734775623247,0.4980266,0.26422734775623247,100,100,3,10,100,2,50,10,50,10,1,10,2,5,1,1,50,1.2000000000000002,1.7999999999999998,7.0,3.0,90.0,10.0,8.0,2.0,1.0,0.5,5,42.5,7.5
441,1,5,0,1,0,3,2,1,2,4,3,3,3,0,0,1,2,8316.666667,5766.666667,5716.666667,7733.333333,6883.3333335,14.44361111,50.0,476.5659557764152,6884.3333335,3.8378618903299753,-0.7465844099145347,,,-0.3351491788021424,0.4980266,-0.3351491788021424,100,100,3,10,100,2,50,10,50,10,1,10,2,5,1,1,50,1.2000000000000002,1.7999999999999998,7.0,3.0,90.0,10.0,8.0,2.0,1.0,0.5,5,42.5,7.5
442,1,5,2,1,0,2,5,1,2,3,3,2,3,2,3,2,1,12216.66667,12083.33333,12866.66667,11200.0,12091.6666675,14.44361111,50.0,837.1636826422418,12092.6666675,4.0825220817769905,-0.36655777716399385,,,-0.0918129533035085,0.4980266,-0.0918129533035085,100,100,3,10,100,2,50,10,50,10,1,10,2,5,1,1,50,1.2000000000000002,1.7999999999999998,7.0,3.0,90.0,10.0,8.0,2.0,1.0,0.5,5,42.5,7.5
443,1,5,0,3,0,4,3,3,3,5,4,0,3,1,1,3,2,35500.0,33600.0,41116.66667,36566.66667,36695.833335,14.44361111,50.0,2540.6273441960598,36696.833335,4.564628589470852,0.34521262188182344,,,0.38911684185547407,0.4980266,0.38911684185547407,100,100,3,10,100,2,50,10,50,10,1,10,2,5,1,1,50,1.2000000000000002,1.7999999999999998,7.0,3.0,90.0,10.0,8.0,2.0,1.0,0.5,5,42.5,7.5
444,1,5,5,1,5,1,3,0,3,5,5,3,2,0,3,1,2,416.6666667,233.3333333,266.6666667,216.6666667,283.33333335,14.44361111,50.0,19.616516340143967,284.33333335,2.4538277764733176,-0.13973765984315456,,,-1.653212513753629,0.4980266,-1.653212513753629,100,100,3,10,100,2,50,10,50,10,1,10,2,5,1,1,50,1.2000000000000002,1.7999999999999998,7.0,3.0,90.0,10.0,8.0,2.0,1.0,0.5,5,42.5,7.5
445,1,5,3,3,5,5,0,2,5,5,5,4,3,4,1,1,1,49033.33333,48850.0,51983.33333,49000.0,49716.666665,14.44361111,50.0,3442.121661014452,49717.666665,4.696510738266192,-0.0346794042650691,,,0.5208472939351374,0.4980266,0.5208472939351374,100,100,3,10,100,2,50,10,50,10,1,10,2,5,1,1,50,1.2000000000000002,1.7999999999999998,7.0,3.0,90.0,10.0,8.0,2.0,1.0,0.5,5,42.5,7.5
446,1,5,0,2,3,3,2,0,0,1,1,3,3,2,0,1,2,27366.66667,22916.66667,29150.0,21250.0,25170.833335,14.44361111,50.0,1742.6966942894933,25171.833335,4.400914847581667,0.3150349265875878,,,0.2256681731739642,0.4980266,0.2256681731739642,100,100,3,10,100,2,50,10,50,10,1,10,2,5,1,1,50,1.2000000000000002,1.7999999999999998,7.0,3.0,90.0,10.0,8.0,2.0,1.0,0.5,5,42.5,7.5
447,1,5,0,0,0,3,5,0,4,5,3,0,5,0,0,1,0,4500.0,4300.0,4950.0,3783.333333,4383.33333325,14.44361111,50.0,303.47904688566484,4384.33333325,3.6419035653868654,-0.1744224946711066,,,-0.5293608728164214,0.4980266,-0.5293608728164214,100,100,3,10,100,2,50,10,50,10,1,10,2,5,1,1,50,1.2000000000000002,1.7999999999999998,7.0,3.0,90.0,10.0,8.0,2.0,1.0,0.5,5,42.5,7.5
448,1,5,1,1,0,2,5,3,3,1,1,2,3,1,0,1,0,4850.0,3983.333333,4250.0,4000.0,4270.833333250001,14.44361111,50.0,295.69013598636,4271.833333250001,3.6306143002326174,0.10925173189134973,,,-0.5405237443866222,0.4980266,-0.5405237443866222,100,100,3,10,100,2,50,10,50,10,1,10,2,5,1,1,50,1.2000000000000002,1.7999999999999998,7.0,3.0,90.0,10.0,8.0,2.0,1.0,0.5,5,42.5,7.5
449,1,5,0,1,3,5,3,5,5,3,5,1,4,2,1,1,0,62916.66667,63533.33333,67616.66667,55750.0,62454.1666675,14.44361111,50.0,4323.999461897724,62455.1666675,4.795568371651226,0.008458982662241432,,,0.6198177102945884,0.4980266,0.6198177102945884,100,100,3,10,100,2,50,10,50,10,1,10,2,5,1,1,50,1.2000000000000002,1.7999999999999998,7.0,3.0,90.0,10.0,8.0,2.0,1.0,0.5,5,42.5,7.5
450,1,6,2,2,5,4,3,3,3,0,5,3,1,5,0,1,2,9200.0,9683.333333,13633.33333,17950.0,12616.66666575,15.85833333,50.0,795.5859170826245,12617.66666575,4.100979050004693,-0.6984860394779657,,,-0.07342891718996268,0.4980266,-0.07342891718996268,100,100,3,10,100,2,50,10,50,10,1,10,2,5,1,1,50,1.2000000000000002,1.7999999999999998,7.0,3.0,90.0,10.0,8.0,2.0,1.0,0.5,5,42.5,7.5
451,1,6,1,0,0,3,3,0,3,5,3,3,3,5,1,2,1,143816.6667,117350.0,138483.3333,131200.0,132712.5,15.85833333,50.0,8368.628483104283,132713.5,5.122915102798846,0.2629733514508361,,,0.9469841627916274,0.4980266,0.9469841627916274,100,100,3,10,100,2,50,10,50,10,1,10,2,5,1,1,50,1.2000000000000002,1.7999999999999998,7.0,3.0,90.0,10.0,8.0,2.0,1.0,0.5,5,42.5,7.5
452,1,6,2,3,5,4,0,3,5,1,5,0,1,5,3,0,3,63533.33333,66033.33333,64600.0,71200.0,66341.666665,15.85833333,50.0,4183.394640816267,66342.666665,4.821792924141842,0.3922000055591157,,,0.6460223120513588,0.4980266,0.6460223120513588,100,100,3,10,100,2,50,10,50,10,1,10,2,5,1,1,50,1.2000000000000002,1.7999999999999998,7.0,3.0,90.0,10.0,8.0,2.0,1.0,0.5,5,42.5,7.5
453,1,6,0,2,0,3,3,3,3,1,3,3,3,0,1,1,2,131066.6667,101283.3333,143350.0,136250.0,127987.5,15.85833333,50.0,8070.677878732669,127988.5,5.107170949250114,0.17431622555058368,,,0.9312459266694244,0.4980266,0.9312459266694244,100,100,3,10,100,2,50,10,50,10,1,10,2,5,1,1,50,1.2000000000000002,1.7999999999999998,7.0,3.0,90.0,10.0,8.0,2.0,1.0,0.5,5,42.5,7.5
454,1,6,0,2,0,3,3,3,3,1,3,3,3,1,1,0,2,144450.0,105316.6667,179566.6667,127033.3333,139091.666675,15.85833333,50.0,8770.888073835184,139092.666675,5.1433042334677035,0.44781752850474366,,,0.9673659420891386,0.4980266,0.9673659420891386,100,100,3,10,100,2,50,10,50,10,1,10,2,5,1,1,50,1.2000000000000002,1.7999999999999998,7.0,3.0,90.0,10.0,8.0,2.0,1.0,0.5,5,42.5,7.5
455,1,6,1,2,0,3,3,3,3,1,3,3,3,2,0,1,3,36433.33333,32900.0,27700.0,31100.0,32033.3333325,15.85833333,50.0,2019.9684712075602,32034.3333325,4.505615690306053,-0.0184002665338312,,,0.3301882243939142,0.4980266,0.3301882243939142,100,100,3,10,100,2,50,10,50,10,1,10,2,5,1,1,50,1.2000000000000002,1.7999999999999998,7.0,3.0,90.0,10.0,8.0,2.0,1.0,0.5,5,42.5,7.5
456,1,6,3,0,2,4,5,3,2,3,4,3,2,5,1,1,1,222316.6667,119800.0,198216.6667,186833.3333,181791.666675,15.85833333,50.0,11463.478720749023,181792.666675,5.2595763602565935,0.3880330542341719,,,1.083602144217978,0.4980266,1.083602144217978,100,100,3,10,100,2,50,10,50,10,1,10,2,5,1,1,50,1.2000000000000002,1.7999999999999998,7.0,3.0,90.0,10.0,8.0,2.0,1.0,0.5,5,42.5,7.5
457,1,6,1,0,3,3,0,0,0,3,3,1,3,0,2,1,3,132416.6667,131200.0,90050.0,118666.6667,118083.33335,15.85833333,50.0,7446.137679967659,118084.33335,5.072192282109909,0.08725643738222821,,,0.8962811995009413,0.4980266,0.8962811995009413,100,100,3,10,100,2,50,10,50,10,1,10,2,5,1,1,50,1.2000000000000002,1.7999999999999998,7.0,3.0,90.0,10.0,8.0,2.0,1.0,0.5,5,42.5,7.5
458,1,6,0,2,0,3,3,3,3,2,3,3,3,1,0,1,2,30800.0,22016.66667,26033.33333,13766.66667,23154.1666675,15.85833333,50.0,1460.0630586884001,23155.1666675,4.364647911329267,-0.14172876969241788,,,0.18947471713806865,0.4980266,0.18947471713806865,100,100,3,10,100,2,50,10,50,10,1,10,2,5,1,1,50,1.2000000000000002,1.7999999999999998,7.0,3.0,90.0,10.0,8.0,2.0,1.0,0.5,5,42.5,7.5
459,1,6,1,0,3,3,1,0,0,3,3,1,3,0,1,1,3,164366.6667,124583.3333,150850.0,163316.6667,150779.166675,15.85833333,50.0,9507.882293643273,150780.166675,5.178344219053105,0.28609312193185055,,,1.0023940725390292,0.4980266,1.0023940725390292,100,100,3,10,100,2,50,10,50,10,1,10,2,5,1,1,50,1.2000000000000002,1.7999999999999998,7.0,3.0,90.0,10.0,8.0,2.0,1.0,0.5,5,42.5,7.5
460,1,6,2,0,0,4,4,5,5,2,5,2,5,2,3,1,0,3583.333333,3450.0,3500.0,3616.666667,3537.5,15.85833333,50.0,223.06883872266292,3538.5,3.548819199941277,-1.1283573152552684,,,-0.6212993493136325,0.4980266,-0.6212993493136325,100,100,3,10,100,2,50,10,50,10,1,10,2,5,1,1,50,1.2000000000000002,1.7999999999999998,7.0,3.0,90.0,10.0,8.0,2.0,1.0,0.5,5,42.5,7.5
461,1,6,1,0,3,3,0,0,0,3,3,1,3,0,0,1,3,13600.0,10283.33333,11366.66667,11216.66667,11616.6666675,15.85833333,50.0,732.5275882254392,11617.6666675,4.065118911601206,-0.26086783987194906,,,-0.109144469394047,0.4980266,-0.109144469394047,100,100,3,10,100,2,50,10,50,10,1,10,2,5,1,1,50,1.2000000000000002,1.7999999999999998,7.0,3.0,90.0,10.0,8.0,2.0,1.0,0.5,5,42.5,7.5
462,1,6,1,0,4,4,0,0,0,5,5,1,5,0,1,1,3,204183.3333,178066.6667,170583.3333,195916.6667,187187.5,15.85833333,50.0,11803.730953610873,187188.5,5.272279164167285,0.3430615397788088,,,1.0963015747271474,0.4980266,1.0963015747271474,100,100,3,10,100,2,50,10,50,10,1,10,2,5,1,1,50,1.2000000000000002,1.7999999999999998,7.0,3.0,90.0,10.0,8.0,2.0,1.0,0.5,5,42.5,7.5
463,1,6,3,1,3,5,3,1,5,0,5,2,3,5,3,2,1,51783.33333,39566.66667,42816.66667,43283.33333,44362.5,15.85833333,50.0,2797.4251188223698,44363.5,4.64702580192087,-0.03762432284491268,,,0.4714139614417031,0.4980266,0.4714139614417031,100,100,3,10,100,2,50,10,50,10,1,10,2,5,1,1,50,1.2000000000000002,1.7999999999999998,7.0,3.0,90.0,10.0,8.0,2.0,1.0,0.5,5,42.5,7.5
464,1,6,2,3,5,3,4,0,0,1,2,3,0,1,2,0,3,33083.33333,37633.33333,39400.0,65050.0,43791.666665,15.85833333,50.0,2761.4293225983033,43792.666665,4.641401391472858,0.08846273914741687,,,0.46579579667734305,0.4980266,0.46579579667734305,100,100,3,10,100,2,50,10,50,10,1,10,2,5,1,1,50,1.2000000000000002,1.7999999999999998,7.0,3.0,90.0,10.0,8.0,2.0,1.0,0.5,5,42.5,7.5
465,1,6,2,3,2,4,1,2,0,2,3,2,3,0,1,0,3,54483.33333,48983.33333,66483.33333,63333.33333,58320.833329999994,15.85833333,50.0,3677.6142937840486,58321.833329999994,4.765831167446203,0.045228327567420124,,,0.590104634494965,0.4980266,0.590104634494965,100,100,3,10,100,2,50,10,50,10,1,10,2,5,1,1,50,1.2000000000000002,1.7999999999999998,7.0,3.0,90.0,10.0,8.0,2.0,1.0,0.5,5,42.5,7.5
466,1,6,1,0,3,3,0,0,0,3,3,1,3,0,1,2,3,150750.0,120883.3333,116883.3333,140866.6667,132345.833325,15.85833333,50.0,8345.5070952907,132346.833325,5.12171355435719,0.49281885379745916,,,0.945783058431423,0.4980266,0.945783058431423,100,100,3,10,100,2,50,10,50,10,1,10,2,5,1,1,50,1.2000000000000002,1.7999999999999998,7.0,3.0,90.0,10.0,8.0,2.0,1.0,0.5,5,42.5,7.5
467,1,6,0,1,0,3,3,5,3,1,3,0,3,1,3,2,0,5466.666667,3900.0,4800.0,4916.666667,4770.833333500001,15.85833333,50.0,300.84077779313526,4771.833333500001,3.678685266598198,-0.5239052221845646,,,-0.49296914180052315,0.4980266,-0.49296914180052315,100,100,3,10,100,2,50,10,50,10,1,10,2,5,1,1,50,1.2000000000000002,1.7999999999999998,7.0,3.0,90.0,10.0,8.0,2.0,1.0,0.5,5,42.5,7.5
468,1,6,1,3,0,3,3,3,3,1,5,2,5,1,3,1,0,11966.66667,10683.33333,10283.33333,10200.0,10783.3333325,15.85833333,50.0,679.9789806473945,10784.3333325,4.032793302988361,-0.13217765471364729,,,-0.14132915282987657,0.4980266,-0.14132915282987657,100,100,3,10,100,2,50,10,50,10,1,10,2,5,1,1,50,1.2000000000000002,1.7999999999999998,7.0,3.0,90.0,10.0,8.0,2.0,1.0,0.5,5,42.5,7.5
469,1,6,2,2,5,4,1,3,3,0,5,3,3,3,3,1,3,131383.3333,92716.66667,105366.6667,124466.6667,113483.3333425,15.85833333,50.0,7156.06936624405,113484.3333425,5.054935910757979,-0.012132075024369193,,,0.8790321298863034,0.4980266,0.8790321298863034,100,100,3,10,100,2,50,10,50,10,1,10,2,5,1,1,50,1.2000000000000002,1.7999999999999998,7.0,3.0,90.0,10.0,8.0,2.0,1.0,0.5,5,42.5,7.5
470,1,6,2,2,3,3,3,1,2,3,3,2,3,2,3,2,1,111450.0,95650.0,86000.0,105450.0,99637.5,15.85833333,50.0,6282.97425250299,99638.5,4.998427180861394,0.6275449839989591,,,0.8225494456815939,0.4980266,0.8225494456815939,100,100,3,10,100,2,50,10,50,10,1,10,2,5,1,1,50,1.2000000000000002,1.7999999999999998,7.0,3.0,90.0,10.0,8.0,2.0,1.0,0.5,5,42.5,7.5
471,1,6,2,2,2,5,0,5,2,5,4,0,5,4,1,0,0,64400.0,59666.66667,60950.0,63083.33333,62025.0,15.85833333,50.0,3911.192854211496,62026.0,4.792573774814153,-0.2529776940231381,,,0.6168254691709207,0.4980266,0.6168254691709207,100,100,3,10,100,2,50,10,50,10,1,10,2,5,1,1,50,1.2000000000000002,1.7999999999999998,7.0,3.0,90.0,10.0,8.0,2.0,1.0,0.5,5,42.5,7.5
472,1,6,0,2,2,3,3,3,3,1,3,3,3,1,1,1,2,111000.0,84516.66667,126550.0,116966.6667,109758.3333425,15.85833333,50.0,6921.177090839974,109759.3333425,5.040441460547873,0.31598817864236306,,,0.8645440408701641,0.4980266,0.8645440408701641,100,100,3,10,100,2,50,10,50,10,1,10,2,5,1,1,50,1.2000000000000002,1.7999999999999998,7.0,3.0,90.0,10.0,8.0,2.0,1.0,0.5,5,42.5,7.5
473,1,6,1,0,3,3,0,1,0,3,3,1,3,0,1,1,3,128866.6667,135183.3333,134216.6667,168833.3333,141775.0,15.85833333,50.0,8940.09458937259,141776.0,5.1516027192128435,0.27594097641698756,,,0.9756615331810585,0.4980266,0.9756615331810585,100,100,3,10,100,2,50,10,50,10,1,10,2,5,1,1,50,1.2000000000000002,1.7999999999999998,7.0,3.0,90.0,10.0,8.0,2.0,1.0,0.5,5,42.5,7.5
474,1,6,2,0,3,3,0,0,0,3,3,1,3,0,1,1,3,149983.3333,142733.3333,114533.3333,141883.3333,137283.3333,15.85833333,50.0,8656.857592991457,137284.3333,5.1376209789732865,0.36069835926953875,,,0.9616847021523796,0.4980266,0.9616847021523796,100,100,3,10,100,2,50,10,50,10,1,10,2,5,1,1,50,1.2000000000000002,1.7999999999999998,7.0,3.0,90.0,10.0,8.0,2.0,1.0,0.5,5,42.5,7.5
475,1,6,1,0,3,3,0,0,0,3,3,2,3,0,1,1,3,187033.3333,130666.6667,161100.0,169050.0,161962.5,15.85833333,50.0,10213.084605404747,161963.5,5.209417153217781,0.421027340006221,,,1.0334572645708677,0.4980266,1.0334572645708677,100,100,3,10,100,2,50,10,50,10,1,10,2,5,1,1,50,1.2000000000000002,1.7999999999999998,7.0,3.0,90.0,10.0,8.0,2.0,1.0,0.5,5,42.5,7.5
476,1,6,1,0,3,3,0,0,1,3,3,1,3,0,1,1,3,175400.0,151116.6667,156866.6667,186550.0,167483.33335,15.85833333,50.0,10561.219130963997,167484.33335,5.223974188937888,0.3336159008529638,,,1.0480099705244184,0.4980266,1.0480099705244184,100,100,3,10,100,2,50,10,50,10,1,10,2,5,1,1,50,1.2000000000000002,1.7999999999999998,7.0,3.0,90.0,10.0,8.0,2.0,1.0,0.5,5,42.5,7.5
477,1,6,0,2,0,3,3,3,2,0,3,3,3,1,1,1,3,176616.6667,86850.0,127833.3333,137450.0,132187.5,15.85833333,50.0,8335.522860396326,132188.5,5.121193674485598,0.3328718057945963,,,0.9452633710837245,0.4980266,0.9452633710837245,100,100,3,10,100,2,50,10,50,10,1,10,2,5,1,1,50,1.2000000000000002,1.7999999999999998,7.0,3.0,90.0,10.0,8.0,2.0,1.0,0.5,5,42.5,7.5
478,1,6,2,0,5,4,2,3,5,4,4,4,3,0,3,2,2,73700.0,68650.0,62766.66667,67966.66667,68270.833335,15.85833333,50.0,4305.044667326336,68271.833335,4.834241565318111,0.43433293817099283,,,0.6584618959113459,0.4980266,0.6584618959113459,100,100,3,10,100,2,50,10,50,10,1,10,2,5,1,1,50,1.2000000000000002,1.7999999999999998,7.0,3.0,90.0,10.0,8.0,2.0,1.0,0.5,5,42.5,7.5
479,1,6,3,1,0,3,5,3,3,1,5,3,3,1,0,1,3,139750.0,132733.3333,149516.6667,164450.0,146612.5,15.85833333,50.0,9245.13925575305,146613.5,5.166173961475432,0.03006349866261182,,,0.9902278246241683,0.4980266,0.9902278246241683,100,100,3,10,100,2,50,10,50,10,1,10,2,5,1,1,50,1.2000000000000002,1.7999999999999998,7.0,3.0,90.0,10.0,8.0,2.0,1.0,0.5,5,42.5,7.5
480,1,6,1,0,3,3,0,0,1,3,3,1,3,0,1,1,3,183750.0,150583.3333,119316.6667,137450.0,147775.0,15.85833333,50.0,9318.444563177813,147776.0,5.169603906901063,0.2792456188161392,,,0.993656628615462,0.4980266,0.993656628615462,100,100,3,10,100,2,50,10,50,10,1,10,2,5,1,1,50,1.2000000000000002,1.7999999999999998,7.0,3.0,90.0,10.0,8.0,2.0,1.0,0.5,5,42.5,7.5
481,1,6,1,0,3,3,0,0,0,3,3,1,3,0,1,1,3,185450.0,148016.6667,154283.3333,160083.3333,161958.333325,15.85833333,50.0,10212.821861841896,161959.333325,5.209405980408863,0.37898868718614587,,,1.0334460951411621,0.4980266,1.0334460951411621,100,100,3,10,100,2,50,10,50,10,1,10,2,5,1,1,50,1.2000000000000002,1.7999999999999998,7.0,3.0,90.0,10.0,8.0,2.0,1.0,0.5,5,42.5,7.5
482,1,6,1,1,3,4,5,1,3,0,5,3,5,5,3,0,0,9516.666667,9316.666667,10400.0,10750.0,9995.833333499999,15.85833333,50.0,630.320546648517,9996.833333499999,3.9998624516416634,-0.4059543148986209,,,-0.17410529038262845,0.4980266,-0.17410529038262845,100,100,3,10,100,2,50,10,50,10,1,10,2,5,1,1,50,1.2000000000000002,1.7999999999999998,7.0,3.0,90.0,10.0,8.0,2.0,1.0,0.5,5,42.5,7.5
483,1,6,3,0,0,1,5,2,2,3,2,3,1,0,2,1,3,35966.66667,28600.0,28216.66667,38316.66667,32775.0000025,15.85833333,50.0,2066.736732068678,32776.0000025,4.515555950978212,0.4856572181289147,,,0.34011347573891215,0.4980266,0.34011347573891215,100,100,3,10,100,2,50,10,50,10,1,10,2,5,1,1,50,1.2000000000000002,1.7999999999999998,7.0,3.0,90.0,10.0,8.0,2.0,1.0,0.5,5,42.5,7.5
484,1,6,1,3,5,4,3,3,3,0,5,3,3,1,0,1,3,65150.0,66766.66667,59150.0,62333.33333,63350.0,15.85833333,50.0,3994.745140093483,63351.0,4.801753474642573,0.5028927169874775,,,0.6259979988260514,0.4980266,0.6259979988260514,100,100,3,10,100,2,50,10,50,10,1,10,2,5,1,1,50,1.2000000000000002,1.7999999999999998,7.0,3.0,90.0,10.0,8.0,2.0,1.0,0.5,5,42.5,7.5
485,1,6,0,0,3,3,0,0,0,3,3,1,3,0,1,1,3,157116.6667,174483.3333,147266.6667,160966.6667,159958.33335,15.85833333,50.0,10086.70520548328,159959.33335,5.204009585490118,0.5101500467147808,,,1.0280513425607167,0.4980266,1.0280513425607167,100,100,3,10,100,2,50,10,50,10,1,10,2,5,1,1,50,1.2000000000000002,1.7999999999999998,7.0,3.0,90.0,10.0,8.0,2.0,1.0,0.5,5,42.5,7.5
486,1,6,1,0,3,3,0,0,0,3,3,1,3,0,1,1,2,154150.0,133416.6667,136966.6667,153233.3333,144441.666675,15.85833333,50.0,9108.250133811507,144442.666675,5.15969549769682,0.3958032435139893,,,0.983751541521835,0.4980266,0.983751541521835,100,100,3,10,100,2,50,10,50,10,1,10,2,5,1,1,50,1.2000000000000002,1.7999999999999998,7.0,3.0,90.0,10.0,8.0,2.0,1.0,0.5,5,42.5,7.5
487,1,6,2,1,3,3,3,1,2,3,3,2,3,3,3,2,1,20666.66667,17533.33333,19566.66667,23816.66667,20395.833335,15.85833333,50.0,1286.1271680054917,20396.833335,4.309562747235366,-0.22131763306807972,,,0.13451355724903025,0.4980266,0.13451355724903025,100,100,3,10,100,2,50,10,50,10,1,10,2,5,1,1,50,1.2000000000000002,1.7999999999999998,7.0,3.0,90.0,10.0,8.0,2.0,1.0,0.5,5,42.5,7.5
488,1,6,0,3,0,3,3,3,3,1,3,3,3,1,1,1,2,38283.33333,35166.66667,42816.66667,41000.0,39316.6666675,15.85833333,50.0,2479.2433006262204,39317.6666675,4.5945877364363525,0.188315949979887,,,0.41903738384736444,0.4980266,0.41903738384736444,100,100,3,10,100,2,50,10,50,10,1,10,2,5,1,1,50,1.2000000000000002,1.7999999999999998,7.0,3.0,90.0,10.0,8.0,2.0,1.0,0.5,5,42.5,7.5
489,1,6,3,1,4,4,3,3,3,3,4,3,3,1,1,1,1,160383.3333,120133.3333,119683.3333,138633.3333,134708.3333,15.85833333,50.0,8494.482395900048,134709.3333,5.12939768674203,0.2675423426176877,,,0.9534643719036743,0.4980266,0.9534643719036743,100,100,3,10,100,2,50,10,50,10,1,10,2,5,1,1,50,1.2000000000000002,1.7999999999999998,7.0,3.0,90.0,10.0,8.0,2.0,1.0,0.5,5,42.5,7.5
490,1,6,3,3,5,5,0,2,5,5,5,4,3,4,1,1,1,38250.0,37966.66667,37600.0,39016.66667,38208.333335,15.85833333,50.0,2409.3536527397487,38209.333335,4.582169460314513,-0.14902068221674813,,,0.4066347876816342,0.4980266,0.4066347876816342,100,100,3,10,100,2,50,10,50,10,1,10,2,5,1,1,50,1.2000000000000002,1.7999999999999998,7.0,3.0,90.0,10.0,8.0,2.0,1.0,0.5,5,42.5,7.5
491,1,6,1,0,3,3,0,0,0,3,3,0,3,0,1,1,3,118766.6667,154966.6667,104366.6667,129933.3333,127008.33335,15.85833333,50.0,8008.933266002929,127009.33335,5.1038356364950515,0.2817797164384048,,,0.927911895251877,0.4980266,0.927911895251877,100,100,3,10,100,2,50,10,50,10,1,10,2,5,1,1,50,1.2000000000000002,1.7999999999999998,7.0,3.0,90.0,10.0,8.0,2.0,1.0,0.5,5,42.5,7.5
492,1,6,0,0,0,3,3,0,4,5,3,0,1,5,1,3,3,116050.0,111983.3333,114016.6667,112183.3333,113558.333325,15.85833333,50.0,7160.7987398130945,113559.333325,5.055222834240191,0.44296069153250794,,,0.8793189295757149,0.4980266,0.8793189295757149,100,100,3,10,100,2,50,10,50,10,1,10,2,5,1,1,50,1.2000000000000002,1.7999999999999998,7.0,3.0,90.0,10.0,8.0,2.0,1.0,0.5,5,42.5,7.5
493,1,6,1,0,3,3,0,0,0,3,3,1,3,1,1,1,3,176233.3333,97900.0,146766.6667,135750.0,139162.5,15.85833333,50.0,8775.354704944899,139163.5,5.143525342837638,0.32951819891137824,,,0.9675869736132136,0.4980266,0.9675869736132136,100,100,3,10,100,2,50,10,50,10,1,10,2,5,1,1,50,1.2000000000000002,1.7999999999999998,7.0,3.0,90.0,10.0,8.0,2.0,1.0,0.5,5,42.5,7.5
494,1,6,2,1,3,3,3,1,2,3,3,1,3,2,3,2,1,91316.66667,93000.0,84166.66667,97750.0,91558.333335,15.85833333,50.0,5773.515503157859,91559.333335,4.961702621813942,0.36360478665942697,,,0.7858437228740802,0.4980266,0.7858437228740802,100,100,3,10,100,2,50,10,50,10,1,10,2,5,1,1,50,1.2000000000000002,1.7999999999999998,7.0,3.0,90.0,10.0,8.0,2.0,1.0,0.5,5,42.5,7.5
495,1,6,2,2,5,4,5,5,5,2,5,4,3,2,3,1,0,4366.666667,3883.333333,3900.0,4483.333333,4158.33333325,15.85833333,50.0,262.21755128475405,4159.33333325,3.6190237265659806,-0.7812783040006654,,,-0.5519811269932445,0.4980266,-0.5519811269932445,100,100,3,10,100,2,50,10,50,10,1,10,2,5,1,1,50,1.2000000000000002,1.7999999999999998,7.0,3.0,90.0,10.0,8.0,2.0,1.0,0.5,5,42.5,7.5
496,1,6,1,0,0,3,3,1,0,0,1,3,3,5,1,1,3,214150.0,141083.3333,128383.3333,180516.6667,166033.333325,15.85833333,50.0,10469.784552384612,166034.333325,5.220197902689623,0.4320873147184665,,,1.0442347935753906,0.4980266,1.0442347935753906,100,100,3,10,100,2,50,10,50,10,1,10,2,5,1,1,50,1.2000000000000002,1.7999999999999998,7.0,3.0,90.0,10.0,8.0,2.0,1.0,0.5,5,42.5,7.5
497,1,6,0,0,4,4,0,0,5,3,5,0,4,5,1,1,3,254216.6667,191966.6667,215816.6667,229666.6667,222916.6667,15.85833333,50.0,14056.752501115448,222917.6667,5.348144488607121,0.25360994568311845,,,1.1721486822422162,0.4980266,1.1721486822422162,100,100,3,10,100,2,50,10,50,10,1,10,2,5,1,1,50,1.2000000000000002,1.7999999999999998,7.0,3.0,90.0,10.0,8.0,2.0,1.0,0.5,5,42.5,7.5
498,1,6,0,2,2,4,3,3,0,3,3,2,3,0,1,0,3,189816.6667,250433.3333,214266.6667,214883.3333,217350.0,15.85833333,50.0,13705.727801094214,217351.0,5.337161642656522,0.3802965335585027,,,1.1611682806945944,0.4980266,1.1611682806945944,100,100,3,10,100,2,50,10,50,10,1,10,2,5,1,1,50,1.2000000000000002,1.7999999999999998,7.0,3.0,90.0,10.0,8.0,2.0,1.0,0.5,5,42.5,7.5
499,1,6,0,2,5,3,0,3,0,1,3,3,3,0,1,1,3,139716.6667,140833.3333,102533.3333,92650.0,118933.333325,15.85833333,50.0,7499.737258013607,118934.333325,5.075307242517806,-0.1693118981084467,,,0.8993948724888523,0.4980266,0.8993948724888523,100,100,3,10,100,2,50,10,50,10,1,10,2,5,1,1,50,1.2000000000000002,1.7999999999999998,7.0,3.0,90.0,10.0,8.0,2.0,1.0,0.5,5,42.5,7.5
500,1,6,1,2,5,3,3,3,3,1,3,0,3,2,2,0,3,130300.0,132466.6667,141233.3333,153166.6667,139291.666675,15.85833333,50.0,8783.49973962869,139292.666675,5.143928252774175,0.17120331450064796,,,0.9679897417992976,0.4980266,0.9679897417992976,100,100,3,10,100,2,50,10,50,10,1,10,2,5,1,1,50,1.2000000000000002,1.7999999999999998,7.0,3.0,90.0,10.0,8.0,2.0,1.0,0.5,5,42.5,7.5
501,1,6,3,0,2,1,3,3,0,0,4,4,2,5,1,2,1,766.6666667,666.6666667,1033.333333,1200.0,916.6666666,15.85833333,50.0,57.80346821603856,917.6666666,2.9626849566421174,0.18270750175725814,,,-1.190814515906339,0.4980266,-1.190814515906339,100,100,3,10,100,2,50,10,50,10,1,10,2,5,1,1,50,1.2000000000000002,1.7999999999999998,7.0,3.0,90.0,10.0,8.0,2.0,1.0,0.5,5,42.5,7.5
502,1,6,1,0,3,3,4,3,0,2,3,3,3,0,2,1,1,121650.0,117816.6667,98916.66667,94666.66667,108262.50001,15.85833333,50.0,6826.852340478582,108263.50001,5.034482063125068,-0.19201393176039616,,,0.8585873210424074,0.4980266,0.8585873210424074,100,100,3,10,100,2,50,10,50,10,1,10,2,5,1,1,50,1.2000000000000002,1.7999999999999998,7.0,3.0,90.0,10.0,8.0,2.0,1.0,0.5,5,42.5,7.5
503,1,6,0,0,0,3,0,0,0,2,1,0,1,0,1,1,2,130350.0,129283.3333,156766.6667,136150.0,138137.5,15.85833333,50.0,8710.719917753173,138138.5,5.140314735836483,0.5422548906035445,,,0.9643775008671079,0.4980266,0.9643775008671079,100,100,3,10,100,2,50,10,50,10,1,10,2,5,1,1,50,1.2000000000000002,1.7999999999999998,7.0,3.0,90.0,10.0,8.0,2.0,1.0,0.5,5,42.5,7.5
504,1,6,1,2,3,2,5,0,0,2,3,5,3,0,1,1,3,14800.0,16150.0,6350.0,13100.0,12600.0,15.85833333,50.0,794.5349449909689,12601.0,4.100405011565889,-0.3571106857048507,,,-0.0740007335438445,0.4980266,-0.0740007335438445,100,100,3,10,100,2,50,10,50,10,1,10,2,5,1,1,50,1.2000000000000002,1.7999999999999998,7.0,3.0,90.0,10.0,8.0,2.0,1.0,0.5,5,42.5,7.5
505,1,6,0,0,0,2,3,5,5,2,1,5,5,2,0,1,0,16.66666667,33.33333333,33.33333333,16.66666667,25.0,15.85833333,50.0,1.5764582241884304,26.0,1.414973347970818,-0.6301450384360774,,,-2.3010299956639813,0.4980266,-2.3010299956639813,100,100,3,10,100,2,50,10,50,10,1,10,2,5,1,1,50,1.2000000000000002,1.7999999999999998,7.0,3.0,90.0,10.0,8.0,2.0,1.0,0.5,5,42.5,7.5
506,1,6,1,0,5,3,0,0,0,1,3,2,5,0,1,1,3,196150.0,145383.3333,179516.6667,167300.0,172087.5,15.85833333,50.0,10851.55018620106,172088.5,5.235751849099112,0.5092728961821775,,,1.0597842322422022,0.4980266,1.0597842322422022,100,100,3,10,100,2,50,10,50,10,1,10,2,5,1,1,50,1.2000000000000002,1.7999999999999998,7.0,3.0,90.0,10.0,8.0,2.0,1.0,0.5,5,42.5,7.5
507,1,6,1,0,4,1,0,0,0,0,5,5,1,0,0,2,3,1083.333333,933.3333333,566.6666667,816.6666667,849.999999925,15.85833333,50.0,53.59957961767726,850.999999925,2.929929560046313,0.13339272905069066,,,-1.2218487496525476,0.4980266,-1.2218487496525476,100,100,3,10,100,2,50,10,50,10,1,10,2,5,1,1,50,1.2000000000000002,1.7999999999999998,7.0,3.0,90.0,10.0,8.0,2.0,1.0,0.5,5,42.5,7.5
508,1,6,3,1,4,5,3,1,3,0,5,2,3,5,3,2,1,154666.6667,132466.6667,127633.3333,135966.6667,137683.33335,15.85833333,50.0,8682.080927731387,137684.33335,5.1388845261194565,0.10576029727354896,,,0.9629477991247919,0.4980266,0.9629477991247919,100,100,3,10,100,2,50,10,50,10,1,10,2,5,1,1,50,1.2000000000000002,1.7999999999999998,7.0,3.0,90.0,10.0,8.0,2.0,1.0,0.5,5,42.5,7.5
509,1,6,2,2,3,3,4,0,2,3,3,2,3,1,3,0,3,159700.0,143300.0,127016.6667,138700.0,142179.166675,15.85833333,50.0,8965.580664522455,142180.166675,5.152839019007357,0.26880348081227723,,,0.9768974064458547,0.4980266,0.9768974064458547,100,100,3,10,100,2,50,10,50,10,1,10,2,5,1,1,50,1.2000000000000002,1.7999999999999998,7.0,3.0,90.0,10.0,8.0,2.0,1.0,0.5,5,42.5,7.5
510,1,6,2,3,2,3,1,3,0,2,3,3,3,0,1,1,3,35083.33333,35683.33333,47450.0,50550.0,42191.666665,15.85833333,50.0,2660.535996250244,42192.666665,4.62523697457117,0.21241045973721295,,,0.44964978610296036,0.4980266,0.44964978610296036,100,100,3,10,100,2,50,10,50,10,1,10,2,5,1,1,50,1.2000000000000002,1.7999999999999998,7.0,3.0,90.0,10.0,8.0,2.0,1.0,0.5,5,42.5,7.5
511,1,6,1,1,3,5,0,1,1,1,5,1,5,0,0,1,3,114766.6667,94933.33333,93633.33333,115000.0,104583.33334,15.85833333,50.0,6594.850238275323,104584.33334,5.019466632393823,-0.18785024735409284,,,0.8435788019523696,0.4980266,0.8435788019523696,100,100,3,10,100,2,50,10,50,10,1,10,2,5,1,1,50,1.2000000000000002,1.7999999999999998,7.0,3.0,90.0,10.0,8.0,2.0,1.0,0.5,5,42.5,7.5
512,1,6,0,4,3,2,3,0,3,2,3,3,3,0,1,2,0,133.3333333,100.0,150.0,116.6666667,125.0,15.85833333,50.0,7.882291120942153,126.0,2.100370545117563,0.2505608756981623,,,-1.9330532103693867,0.4980266,-1.9330532103693867,100,100,3,10,100,2,50,10,50,10,1,10,2,5,1,1,50,1.2000000000000002,1.7999999999999998,7.0,3.0,90.0,10.0,8.0,2.0,1.0,0.5,5,42.5,7.5
513,1,6,1,3,2,3,3,3,3,1,4,2,2,2,3,0,3,65916.66667,57016.66667,55900.0,64866.66667,60925.000002500004,15.85833333,50.0,3841.828692504851,60926.000002500004,4.784802666162113,0.5577336456226059,,,0.6090605499478933,0.4980266,0.6090605499478933,100,100,3,10,100,2,50,10,50,10,1,10,2,5,1,1,50,1.2000000000000002,1.7999999999999998,7.0,3.0,90.0,10.0,8.0,2.0,1.0,0.5,5,42.5,7.5
514,1,6,2,2,5,4,0,3,3,5,5,3,3,3,3,2,2,55633.33333,56066.66667,51833.33333,59833.33333,55841.666665,15.85833333,50.0,3521.2821866571267,55842.666665,4.74696614905354,-0.34638467244184845,,,0.5712558012243949,0.4980266,0.5712558012243949,100,100,3,10,100,2,50,10,50,10,1,10,2,5,1,1,50,1.2000000000000002,1.7999999999999998,7.0,3.0,90.0,10.0,8.0,2.0,1.0,0.5,5,42.5,7.5
515,1,6,2,2,2,3,3,1,2,3,3,2,3,3,3,0,2,16600.0,12283.33333,16166.66667,16850.0,15475.0,15.85833333,50.0,975.8276407726385,15476.0,4.189658721049208,-0.6049164090850851,,,0.014940349792936524,0.4980266,0.014940349792936524,100,100,3,10,100,2,50,10,50,10,1,10,2,5,1,1,50,1.2000000000000002,1.7999999999999998,7.0,3.0,90.0,10.0,8.0,2.0,1.0,0.5,5,42.5,7.5
516,1,6,2,5,2,5,0,5,2,0,5,0,1,4,1,0,3,733.3333333,650.0,550.0,650.0,645.833333325,15.85833333,50.0,40.72517079100897,646.833333325,2.810792392350776,0.07584546300436568,,,-1.3335860296249051,0.4980266,-1.3335860296249051,100,100,3,10,100,2,50,10,50,10,1,10,2,5,1,1,50,1.2000000000000002,1.7999999999999998,7.0,3.0,90.0,10.0,8.0,2.0,1.0,0.5,5,42.5,7.5
517,1,6,3,2,2,3,3,1,3,3,4,3,3,0,1,0,2,92916.66667,109300.0,105150.0,102766.6667,102533.3333425,15.85833333,50.0,6465.5806640495175,102534.3333425,5.010869312069794,0.15717644753461535,,,0.834985547866818,0.4980266,0.834985547866818,100,100,3,10,100,2,50,10,50,10,1,10,2,5,1,1,50,1.2000000000000002,1.7999999999999998,7.0,3.0,90.0,10.0,8.0,2.0,1.0,0.5,5,42.5,7.5
518,1,6,0,0,3,2,0,0,0,5,1,1,3,0,0,1,2,3566.666667,2800.0,2733.333333,3266.666667,3091.66666675,15.85833333,50.0,194.95533372989075,3092.66666675,3.490333113474781,-0.14238666075155582,,,-0.6789311548859935,0.4980266,-0.6789311548859935,100,100,3,10,100,2,50,10,50,10,1,10,2,5,1,1,50,1.2000000000000002,1.7999999999999998,7.0,3.0,90.0,10.0,8.0,2.0,1.0,0.5,5,42.5,7.5
519,1,6,2,0,2,5,0,0,5,3,5,1,3,5,1,1,3,139866.6667,157650.0,154783.3333,178966.6667,157816.666675,15.85833333,50.0,9951.655283752318,157817.666675,5.198155618074949,-0.7062289197962048,,,1.0221991799624448,0.4980266,1.0221991799624448,100,100,3,10,100,2,50,10,50,10,1,10,2,5,1,1,50,1.2000000000000002,1.7999999999999998,7.0,3.0,90.0,10.0,8.0,2.0,1.0,0.5,5,42.5,7.5
520,1,6,1,0,1,2,0,0,0,3,2,2,3,0,0,1,3,6883.333333,6116.666667,5966.666667,6483.333333,6362.5,15.85833333,50.0,401.2086180559555,6363.5,3.8036960484459934,0.03079895852354486,,,-0.36906388093580855,0.4980266,-0.36906388093580855,100,100,3,10,100,2,50,10,50,10,1,10,2,5,1,1,50,1.2000000000000002,1.7999999999999998,7.0,3.0,90.0,10.0,8.0,2.0,1.0,0.5,5,42.5,7.5
521,1,6,0,1,1,2,0,0,1,3,3,1,3,0,3,1,3,1583.333333,1766.666667,1783.333333,1750.0,1720.8333332500001,15.85833333,50.0,108.51287442638211,1721.8333332500001,3.2359911111403434,-0.8273983348239948,,,-0.9279135707374131,0.4980266,-0.9279135707374131,100,100,3,10,100,2,50,10,50,10,1,10,2,5,1,1,50,1.2000000000000002,1.7999999999999998,7.0,3.0,90.0,10.0,8.0,2.0,1.0,0.5,5,42.5,7.5
522,1,6,0,2,1,3,2,1,2,0,3,3,3,1,1,2,3,77566.66667,118966.6667,97750.0,117316.6667,102900.0000175,15.85833333,50.0,6488.702051863101,102901.0000175,5.012419595364685,0.3802230074246822,,,0.8365350919721927,0.4980266,0.8365350919721927,100,100,3,10,100,2,50,10,50,10,1,10,2,5,1,1,50,1.2000000000000002,1.7999999999999998,7.0,3.0,90.0,10.0,8.0,2.0,1.0,0.5,5,42.5,7.5
523,1,6,2,0,5,4,2,3,5,4,5,0,3,1,3,1,2,215550.0,205066.6667,179800.0,212783.3333,203300.0,15.85833333,50.0,12819.758279100317,203301.0,5.308139514857487,0.029823675199875055,,,1.1321529176849252,0.4980266,1.1321529176849252,100,100,3,10,100,2,50,10,50,10,1,10,2,5,1,1,50,1.2000000000000002,1.7999999999999998,7.0,3.0,90.0,10.0,8.0,2.0,1.0,0.5,5,42.5,7.5
524,1,6,3,0,0,4,4,5,5,1,5,2,5,3,0,1,3,30916.66667,36033.33333,39000.0,38150.0,36025.0,15.85833333,50.0,2271.6763010555283,36026.0,4.556616044682539,0.5142698217068293,,,0.38111508070985056,0.4980266,0.38111508070985056,100,100,3,10,100,2,50,10,50,10,1,10,2,5,1,1,50,1.2000000000000002,1.7999999999999998,7.0,3.0,90.0,10.0,8.0,2.0,1.0,0.5,5,42.5,7.5
525,1,6,1,0,3,3,5,5,1,3,5,4,3,0,3,2,3,39600.0,34700.0,39166.66667,44283.33333,39437.5,15.85833333,50.0,2486.862848657249,39438.5,4.595920388670007,-0.10909899614145324,,,0.4203683798575241,0.4980266,0.4203683798575241,100,100,3,10,100,2,50,10,50,10,1,10,2,5,1,1,50,1.2000000000000002,1.7999999999999998,7.0,3.0,90.0,10.0,8.0,2.0,1.0,0.5,5,42.5,7.5
526,1,6,3,1,3,5,0,0,5,3,3,1,1,0,1,1,3,141350.0,175083.3333,138866.6667,147183.3333,150620.833325,15.85833333,50.0,9497.898057172444,150621.833325,5.177887929403191,-0.016014066426829565,,,1.0019379312021963,0.4980266,1.0019379312021963,100,100,3,10,100,2,50,10,50,10,1,10,2,5,1,1,50,1.2000000000000002,1.7999999999999998,7.0,3.0,90.0,10.0,8.0,2.0,1.0,0.5,5,42.5,7.5
527,1,6,1,1,0,2,4,3,3,0,1,1,3,5,1,0,0,50.0,33.33333333,83.33333333,66.66666667,58.333333332500004,15.85833333,50.0,3.6784025230537893,59.333333332500004,1.7732987475831319,-1.7669765644243878,,,-2.14132915279981,0.4980266,-2.14132915279981,100,100,3,10,100,2,50,10,50,10,1,10,2,5,1,1,50,1.2000000000000002,1.7999999999999998,7.0,3.0,90.0,10.0,8.0,2.0,1.0,0.5,5,42.5,7.5
528,1,6,3,2,0,3,3,2,3,3,3,3,1,0,2,2,3,93666.66667,131650.0,104200.0,120950.0,112616.6666675,15.85833333,50.0,7101.418813946699,112617.6666675,5.051606524923592,0.5398136948412535,,,0.8757041865055233,0.4980266,0.8757041865055233,100,100,3,10,100,2,50,10,50,10,1,10,2,5,1,1,50,1.2000000000000002,1.7999999999999998,7.0,3.0,90.0,10.0,8.0,2.0,1.0,0.5,5,42.5,7.5
529,1,6,1,3,5,4,4,5,5,0,3,0,3,1,0,2,3,19833.33333,18116.66667,18566.66667,18766.66667,18820.833335,15.85833333,50.0,1186.8102998816205,18821.833335,4.274661923474636,0.489749299701435,,,0.0996998199540267,0.4980266,0.0996998199540267,100,100,3,10,100,2,50,10,50,10,1,10,2,5,1,1,50,1.2000000000000002,1.7999999999999998,7.0,3.0,90.0,10.0,8.0,2.0,1.0,0.5,5,42.5,7.5
530,1,6,1,0,3,3,3,0,2,0,3,1,5,0,0,0,2,10700.0,12166.66667,9650.0,9766.666667,10570.83333425,15.85833333,50.0,666.5790858521448,10571.83333425,4.024150307828373,-0.005843732182698069,,,-0.14993266526053659,0.4980266,-0.14993266526053659,100,100,3,10,100,2,50,10,50,10,1,10,2,5,1,1,50,1.2000000000000002,1.7999999999999998,7.0,3.0,90.0,10.0,8.0,2.0,1.0,0.5,5,42.5,7.5
531,1,6,1,0,1,2,0,0,0,5,1,3,5,0,1,1,2,6166.666667,8316.666667,7050.0,6850.0,7095.8333335,15.85833333,50.0,447.45139264265924,7096.8333335,3.8510646061037357,-0.05991207964531586,,,-0.3220383763783687,0.4980266,-0.3220383763783687,100,100,3,10,100,2,50,10,50,10,1,10,2,5,1,1,50,1.2000000000000002,1.7999999999999998,7.0,3.0,90.0,10.0,8.0,2.0,1.0,0.5,5,42.5,7.5
532,1,6,3,3,3,3,3,5,2,1,5,2,5,2,3,2,1,36366.66667,38366.66667,36883.33333,39383.33333,37750.0,15.85833333,50.0,2380.45191852453,37751.0,4.576928460302419,0.3553731800814335,,,0.4014005407815441,0.4980266,0.4014005407815441,100,100,3,10,100,2,50,10,50,10,1,10,2,5,1,1,50,1.2000000000000002,1.7999999999999998,7.0,3.0,90.0,10.0,8.0,2.0,1.0,0.5,5,42.5,7.5
533,1,6,0,3,0,4,3,3,5,2,3,5,3,1,0,2,2,7383.333333,9683.333333,8083.333333,7800.0,8237.49999975,15.85833333,50.0,519.4429848543233,8238.49999975,3.915848146025697,-0.08156810076910448,,,-0.2576677176559526,0.4980266,-0.2576677176559526,100,100,3,10,100,2,50,10,50,10,1,10,2,5,1,1,50,1.2000000000000002,1.7999999999999998,7.0,3.0,90.0,10.0,8.0,2.0,1.0,0.5,5,42.5,7.5
534,1,6,3,1,4,4,0,3,0,3,4,3,5,1,1,0,1,123450.0,148350.0,152383.3333,151250.0,143858.333325,15.85833333,50.0,9071.466107529473,143859.333325,5.157938043355671,-0.1389452686320336,,,0.981994684375538,0.4980266,0.981994684375538,100,100,3,10,100,2,50,10,50,10,1,10,2,5,1,1,50,1.2000000000000002,1.7999999999999998,7.0,3.0,90.0,10.0,8.0,2.0,1.0,0.5,5,42.5,7.5
535,1,6,1,3,5,5,0,0,5,5,5,1,3,0,1,1,1,41833.33333,40133.33333,39316.66667,41150.0,40608.3333325,15.85833333,50.0,2560.693642104192,40609.3333325,4.608625859906362,0.1623248930824186,,,0.43305831300005887,0.4980266,0.43305831300005887,100,100,3,10,100,2,50,10,50,10,1,10,2,5,1,1,50,1.2000000000000002,1.7999999999999998,7.0,3.0,90.0,10.0,8.0,2.0,1.0,0.5,5,42.5,7.5
536,1,6,2,2,0,3,5,5,0,2,3,5,1,0,1,1,2,121900.0,127733.3333,151300.0,138750.0,134920.833325,15.85833333,50.0,8507.88229238211,134921.833325,5.130082233773624,0.2770958735997615,,,0.9541486702204638,0.4980266,0.9541486702204638,100,100,3,10,100,2,50,10,50,10,1,10,2,5,1,1,50,1.2000000000000002,1.7999999999999998,7.0,3.0,90.0,10.0,8.0,2.0,1.0,0.5,5,42.5,7.5
537,1,6,0,2,0,2,1,0,0,5,3,0,1,5,0,3,3,616.6666667,650.0,783.3333333,550.0,650.0,15.85833333,50.0,40.987913828899195,651.0,2.813580988568192,-0.587164931529244,,,-1.3309932190414244,0.4980266,-1.3309932190414244,100,100,3,10,100,2,50,10,50,10,1,10,2,5,1,1,50,1.2000000000000002,1.7999999999999998,7.0,3.0,90.0,10.0,8.0,2.0,1.0,0.5,5,42.5,7.5
538,1,6,1,2,0,3,3,0,3,1,3,1,3,0,1,1,2,103616.6667,136116.6667,141433.3333,124900.0,126516.666675,15.85833333,50.0,7977.929587068403,126517.666675,5.1021511737628416,0.01379992726250645,,,0.9262280833930481,0.4980266,0.9262280833930481,100,100,3,10,100,2,50,10,50,10,1,10,2,5,1,1,50,1.2000000000000002,1.7999999999999998,7.0,3.0,90.0,10.0,8.0,2.0,1.0,0.5,5,42.5,7.5
539,1,6,2,1,2,5,2,5,2,3,3,1,5,2,0,0,0,6216.666667,7466.666667,5866.666667,6150.0,6425.00000025,15.85833333,50.0,405.1497636321912,6426.00000025,3.8079407212323955,-0.5584328547667678,,,-0.36485148628562364,0.4980266,-0.36485148628562364,100,100,3,10,100,2,50,10,50,10,1,10,2,5,1,1,50,1.2000000000000002,1.7999999999999998,7.0,3.0,90.0,10.0,8.0,2.0,1.0,0.5,5,42.5,7.5
540,1,7,3,0,3,3,2,3,3,3,3,0,3,1,3,1,2,40950.0,41866.66667,34500.0,47450.0,41191.6666675,19.49638889,50.0,2112.7844186893426,41192.6666675,4.6148199075547,-0.0047552760721121246,,,0.43924494871662556,0.4980266,0.43924494871662556,100,100,3,10,100,2,50,10,50,10,1,10,2,5,1,1,50,1.2000000000000002,1.7999999999999998,7.0,3.0,90.0,10.0,8.0,2.0,1.0,0.5,5,42.5,7.5
541,1,7,1,0,0,3,3,0,3,5,3,3,3,5,1,2,1,108066.6667,106350.0,100233.3333,94500.0,102287.5,19.49638889,50.0,5246.484391397468,102288.5,5.009826809985048,0.1498850586370386,,,0.8339435443419341,0.4980266,0.8339435443419341,100,100,3,10,100,2,50,10,50,10,1,10,2,5,1,1,50,1.2000000000000002,1.7999999999999998,7.0,3.0,90.0,10.0,8.0,2.0,1.0,0.5,5,42.5,7.5
542,1,7,0,0,4,4,0,0,5,3,5,0,4,5,1,1,3,178916.6667,157983.3333,158816.6667,177833.3333,168387.5,19.49638889,50.0,8636.855827510117,168388.5,5.226312428273593,0.13177788534958967,,,1.0503475278111514,0.4980266,1.0503475278111514,100,100,3,10,100,2,50,10,50,10,1,10,2,5,1,1,50,1.2000000000000002,1.7999999999999998,7.0,3.0,90.0,10.0,8.0,2.0,1.0,0.5,5,42.5,7.5
543,1,7,0,2,2,4,3,3,0,3,3,2,3,0,1,0,3,162366.6667,152450.0,216550.0,262350.0,198429.166675,19.49638889,50.0,10177.739467270136,198430.166675,5.297607697175882,0.3407425880778625,,,1.1216236688045573,0.4980266,1.1216236688045573,100,100,3,10,100,2,50,10,50,10,1,10,2,5,1,1,50,1.2000000000000002,1.7999999999999998,7.0,3.0,90.0,10.0,8.0,2.0,1.0,0.5,5,42.5,7.5
544,1,7,0,2,2,3,3,3,1,3,3,2,3,0,1,0,3,64250.0,70016.66667,92900.0,102000.0,82291.6666675,19.49638889,50.0,4220.8671119454675,82292.6666675,4.91536113572577,0.10418729637240354,,,0.739528394195693,0.4980266,0.739528394195693,100,100,3,10,100,2,50,10,50,10,1,10,2,5,1,1,50,1.2000000000000002,1.7999999999999998,7.0,3.0,90.0,10.0,8.0,2.0,1.0,0.5,5,42.5,7.5
545,1,7,1,2,5,3,3,3,3,1,3,0,3,2,2,0,3,76816.66667,67100.0,88650.0,68300.0,75216.6666675,19.49638889,50.0,3857.9793977170716,75217.6666675,4.876319857015831,-0.09640508125769554,,,0.7005114238184138,0.4980266,0.7005114238184138,100,100,3,10,100,2,50,10,50,10,1,10,2,5,1,1,50,1.2000000000000002,1.7999999999999998,7.0,3.0,90.0,10.0,8.0,2.0,1.0,0.5,5,42.5,7.5
546,1,7,3,0,2,4,5,3,2,3,4,3,2,5,1,1,1,109100.0,132183.3333,86250.0,166083.3333,123404.16665,19.49638889,50.0,6329.59094867542,123405.16665,5.091333342846431,0.21979003682400933,,,0.9154144931512406,0.4980266,0.9154144931512406,100,100,3,10,100,2,50,10,50,10,1,10,2,5,1,1,50,1.2000000000000002,1.7999999999999998,7.0,3.0,90.0,10.0,8.0,2.0,1.0,0.5,5,42.5,7.5
547,1,7,1,0,3,3,4,3,0,2,3,3,3,0,2,1,1,44216.66667,37800.0,56966.66667,38800.0,44445.833335,19.49638889,50.0,2279.6956700939095,44446.833335,4.6478408246059955,-0.5786551702794691,,,0.47222808576030867,0.4980266,0.47222808576030867,100,100,3,10,100,2,50,10,50,10,1,10,2,5,1,1,50,1.2000000000000002,1.7999999999999998,7.0,3.0,90.0,10.0,8.0,2.0,1.0,0.5,5,42.5,7.5
548,1,7,0,0,0,3,0,0,0,2,1,0,1,0,1,1,2,95533.33333,73016.66667,101666.6667,89766.66667,89995.8333425,19.49638889,50.0,4616.025759963183,89996.8333425,4.954227228482956,0.35616738325001673,,,0.7783723626170719,0.4980266,0.7783723626170719,100,100,3,10,100,2,50,10,50,10,1,10,2,5,1,1,50,1.2000000000000002,1.7999999999999998,7.0,3.0,90.0,10.0,8.0,2.0,1.0,0.5,5,42.5,7.5
549,1,7,1,0,3,3,1,0,0,3,3,1,3,0,1,1,3,92650.0,76166.66667,103700.0,85583.33333,89525.0,19.49638889,50.0,4591.875988169212,89526.0,4.951949180754104,0.05969808363285001,,,0.776095557782467,0.4980266,0.776095557782467,100,100,3,10,100,2,50,10,50,10,1,10,2,5,1,1,50,1.2000000000000002,1.7999999999999998,7.0,3.0,90.0,10.0,8.0,2.0,1.0,0.5,5,42.5,7.5
550,1,7,0,2,2,3,2,3,0,3,3,2,3,0,1,0,3,45683.33333,64466.66667,76633.33333,72850.0,64908.3333325,19.49638889,50.0,3329.2490059937454,64909.3333325,4.812307148624217,0.060694863602803295,,,0.636543614415983,0.4980266,0.636543614415983,100,100,3,10,100,2,50,10,50,10,1,10,2,5,1,1,50,1.2000000000000002,1.7999999999999998,7.0,3.0,90.0,10.0,8.0,2.0,1.0,0.5,5,42.5,7.5
551,1,7,1,0,5,3,0,0,0,1,3,2,5,0,1,1,3,87483.33333,82300.0,104916.6667,112433.3333,96783.3333325,19.49638889,50.0,4964.167153135813,96784.3333325,4.985805062908606,0.2593261099916715,,,0.8099336229472685,0.4980266,0.8099336229472685,100,100,3,10,100,2,50,10,50,10,1,10,2,5,1,1,50,1.2000000000000002,1.7999999999999998,7.0,3.0,90.0,10.0,8.0,2.0,1.0,0.5,5,42.5,7.5
552,1,7,1,0,4,4,0,0,0,5,5,1,5,0,1,1,3,204250.0,253450.0,233733.3333,231233.3333,230666.66665000003,19.49638889,50.0,11831.250799901338,230667.66665000003,5.362986722481181,0.4337690980927045,,,1.186987709425883,0.4980266,1.186987709425883,100,100,3,10,100,2,50,10,50,10,1,10,2,5,1,1,50,1.2000000000000002,1.7999999999999998,7.0,3.0,90.0,10.0,8.0,2.0,1.0,0.5,5,42.5,7.5
553,1,7,3,1,4,5,3,1,3,0,5,2,3,5,3,2,1,94716.66667,127650.0,96316.66667,138333.3333,114254.16666,19.49638889,50.0,5860.273269302847,114255.16666,5.05787584813964,0.02475161929373293,,,0.8819708026997424,0.4980266,0.8819708026997424,100,100,3,10,100,2,50,10,50,10,1,10,2,5,1,1,50,1.2000000000000002,1.7999999999999998,7.0,3.0,90.0,10.0,8.0,2.0,1.0,0.5,5,42.5,7.5
554,1,7,2,2,3,3,4,0,2,3,3,2,3,1,3,0,3,69850.0,93600.0,78766.66667,72883.33333,78775.0,19.49638889,50.0,4040.4918287409073,78776.0,4.896393924911418,0.01235838671633882,,,0.720572720364261,0.4980266,0.720572720364261,100,100,3,10,100,2,50,10,50,10,1,10,2,5,1,1,50,1.2000000000000002,1.7999999999999998,7.0,3.0,90.0,10.0,8.0,2.0,1.0,0.5,5,42.5,7.5
555,1,7,0,2,2,3,3,3,0,3,3,2,3,0,0,0,3,7950.0,7750.0,9783.333333,8433.333333,8479.166666500001,19.49638889,50.0,434.9095986102892,8480.166666500001,3.928404387826286,-0.25391984920017574,,,-0.245184658113268,0.4980266,-0.245184658113268,100,100,3,10,100,2,50,10,50,10,1,10,2,5,1,1,50,1.2000000000000002,1.7999999999999998,7.0,3.0,90.0,10.0,8.0,2.0,1.0,0.5,5,42.5,7.5
556,1,7,1,0,3,3,0,0,0,3,3,1,3,0,1,2,3,100600.0,73933.33333,60400.0,70016.66667,76237.5,19.49638889,50.0,3910.33952134097,76238.5,4.882174342927602,0.2532796423678709,,,0.7063621239089682,0.4980266,0.7063621239089682,100,100,3,10,100,2,50,10,50,10,1,10,2,5,1,1,50,1.2000000000000002,1.7999999999999998,7.0,3.0,90.0,10.0,8.0,2.0,1.0,0.5,5,42.5,7.5
557,1,7,0,3,2,3,3,3,0,3,3,2,3,0,1,0,3,41050.0,46833.33333,56950.0,47716.66667,48137.5,19.49638889,50.0,2469.046974370237,48138.5,4.682492553494636,0.423369371869617,,,0.506843136339351,0.4980266,0.506843136339351,100,100,3,10,100,2,50,10,50,10,1,10,2,5,1,1,50,1.2000000000000002,1.7999999999999998,7.0,3.0,90.0,10.0,8.0,2.0,1.0,0.5,5,42.5,7.5
558,1,7,1,3,2,3,3,3,3,1,4,2,2,2,3,0,3,46233.33333,45350.0,48500.0,53566.66667,48412.5,19.49638889,50.0,2483.1521505416586,48413.5,4.684966480611162,0.45789746007165455,,,0.5093145549595852,0.4980266,0.5093145549595852,100,100,3,10,100,2,50,10,50,10,1,10,2,5,1,1,50,1.2000000000000002,1.7999999999999998,7.0,3.0,90.0,10.0,8.0,2.0,1.0,0.5,5,42.5,7.5
559,1,7,2,2,5,4,1,3,3,0,5,3,3,3,3,1,3,53500.0,64983.33333,69633.33333,59333.33333,61862.499997499996,19.49638889,50.0,3173.0234940702394,61863.499997499996,4.791434487063885,-0.275633498718463,,,0.6156870819172946,0.4980266,0.6156870819172946,100,100,3,10,100,2,50,10,50,10,1,10,2,5,1,1,50,1.2000000000000002,1.7999999999999998,7.0,3.0,90.0,10.0,8.0,2.0,1.0,0.5,5,42.5,7.5
560,1,7,2,2,3,3,3,1,2,3,3,2,3,2,3,2,1,73366.66667,67316.66667,61416.66667,70166.66667,68066.66667,19.49638889,50.0,3491.244817388335,68067.66667,4.832940863433864,0.462058666571429,,,0.657162128293521,0.4980266,0.657162128293521,100,100,3,10,100,2,50,10,50,10,1,10,2,5,1,1,50,1.2000000000000002,1.7999999999999998,7.0,3.0,90.0,10.0,8.0,2.0,1.0,0.5,5,42.5,7.5
561,1,7,1,2,2,3,3,3,0,3,3,2,3,0,1,0,3,79716.66667,80966.66667,67283.33333,63616.66667,72895.833335,19.49638889,50.0,3738.940259464634,72896.833335,4.862708662817205,-0.024369835408280416,,,0.6869092309873949,0.4980266,0.6869092309873949,100,100,3,10,100,2,50,10,50,10,1,10,2,5,1,1,50,1.2000000000000002,1.7999999999999998,7.0,3.0,90.0,10.0,8.0,2.0,1.0,0.5,5,42.5,7.5
562,1,7,0,2,0,3,3,3,3,1,3,3,3,1,1,3,2,57166.66667,49766.66667,53866.66667,45333.33333,51533.333334999996,19.49638889,50.0,2643.224528693734,51534.333334999996,4.712096662242826,0.056142505868959525,,,0.536418143930844,0.4980266,0.536418143930844,100,100,3,10,100,2,50,10,50,10,1,10,2,5,1,1,50,1.2000000000000002,1.7999999999999998,7.0,3.0,90.0,10.0,8.0,2.0,1.0,0.5,5,42.5,7.5
563,1,7,1,0,3,3,0,1,0,3,3,1,3,0,1,1,3,97016.66667,91700.0,61883.33333,71150.0,80437.5,19.49638889,50.0,4125.764030140866,80438.5,4.905463963369299,0.029802220573443172,,,0.7296371790444994,0.4980266,0.7296371790444994,100,100,3,10,100,2,50,10,50,10,1,10,2,5,1,1,50,1.2000000000000002,1.7999999999999998,7.0,3.0,90.0,10.0,8.0,2.0,1.0,0.5,5,42.5,7.5
564,1,7,2,0,3,3,0,0,0,3,3,1,3,0,1,1,3,88183.33333,83366.66667,82116.66667,66416.66667,80020.833335,19.49638889,50.0,4104.392551178744,80021.833335,4.903208497032396,0.12628587732864816,,,0.7273830893829085,0.4980266,0.7273830893829085,100,100,3,10,100,2,50,10,50,10,1,10,2,5,1,1,50,1.2000000000000002,1.7999999999999998,7.0,3.0,90.0,10.0,8.0,2.0,1.0,0.5,5,42.5,7.5
565,1,7,1,0,3,3,0,0,0,3,3,2,3,0,1,1,3,70233.33333,82833.33333,79216.66667,73366.66667,76412.5,19.49638889,50.0,3919.3155425409655,76413.5,4.8831700923134935,0.09478027910193365,,,0.7073572344501776,0.4980266,0.7073572344501776,100,100,3,10,100,2,50,10,50,10,1,10,2,5,1,1,50,1.2000000000000002,1.7999999999999998,7.0,3.0,90.0,10.0,8.0,2.0,1.0,0.5,5,42.5,7.5
566,1,7,1,0,3,3,0,0,1,3,3,1,3,0,1,1,3,52116.66667,61250.0,79200.0,60383.33333,63237.5,19.49638889,50.0,3243.5493750555775,63238.5,4.800981560035491,-0.08937672804943286,,,0.6252266813392161,0.4980266,0.6252266813392161,100,100,3,10,100,2,50,10,50,10,1,10,2,5,1,1,50,1.2000000000000002,1.7999999999999998,7.0,3.0,90.0,10.0,8.0,2.0,1.0,0.5,5,42.5,7.5
567,1,7,0,2,0,3,3,3,2,0,3,3,3,1,1,1,3,76533.33333,65733.33333,54000.0,52700.0,62241.666665,19.49638889,50.0,3192.4715400463065,62242.666665,4.794088190875681,0.005766322184679318,,,0.6183386918815412,0.4980266,0.6183386918815412,100,100,3,10,100,2,50,10,50,10,1,10,2,5,1,1,50,1.2000000000000002,1.7999999999999998,7.0,3.0,90.0,10.0,8.0,2.0,1.0,0.5,5,42.5,7.5
568,1,7,2,0,5,4,2,3,5,4,5,0,3,1,3,1,2,179600.0,190483.3333,151083.3333,168466.6667,172408.333325,19.49638889,50.0,8843.090599892113,172409.333325,5.23656077252018,-0.04175506713743182,,,1.0605929256124873,0.4980266,1.0605929256124873,100,100,3,10,100,2,50,10,50,10,1,10,2,5,1,1,50,1.2000000000000002,1.7999999999999998,7.0,3.0,90.0,10.0,8.0,2.0,1.0,0.5,5,42.5,7.5
569,1,7,3,1,0,3,5,3,3,1,5,3,3,1,0,1,3,60233.33333,51433.33333,59616.66667,54016.66667,56325.0,19.49638889,50.0,2888.9965376557484,56326.0,4.750708910837532,-0.38540155197528847,,,0.5749952958303357,0.4980266,0.5749952958303357,100,100,3,10,100,2,50,10,50,10,1,10,2,5,1,1,50,1.2000000000000002,1.7999999999999998,7.0,3.0,90.0,10.0,8.0,2.0,1.0,0.5,5,42.5,7.5
570,1,7,1,0,3,3,0,0,1,3,3,1,3,0,1,1,3,62016.66667,77216.66667,70133.33333,77916.66667,71820.833335,19.49638889,50.0,3683.8018435218037,71821.833335,4.856256486798295,-0.03410180128662876,,,0.6804614214305907,0.4980266,0.6804614214305907,100,100,3,10,100,2,50,10,50,10,1,10,2,5,1,1,50,1.2000000000000002,1.7999999999999998,7.0,3.0,90.0,10.0,8.0,2.0,1.0,0.5,5,42.5,7.5
571,1,7,3,1,3,5,0,0,5,3,3,1,1,0,1,1,3,89650.0,89000.0,105466.6667,80016.66667,91033.3333425,19.49638889,50.0,4669.240742791729,91034.3333425,4.959205216156917,-0.23469677967310343,,,0.7833476568901043,0.4980266,0.7833476568901043,100,100,3,10,100,2,50,10,50,10,1,10,2,5,1,1,50,1.2000000000000002,1.7999999999999998,7.0,3.0,90.0,10.0,8.0,2.0,1.0,0.5,5,42.5,7.5
572,1,7,0,1,2,3,3,3,0,3,3,2,3,0,1,0,3,54550.0,55533.33333,54116.66667,51700.0,53975.0,19.49638889,50.0,2768.4613958272353,53976.0,4.732200697147238,-0.17271261293022722,,,0.5565035164995977,0.4980266,0.5565035164995977,100,100,3,10,100,2,50,10,50,10,1,10,2,5,1,1,50,1.2000000000000002,1.7999999999999998,7.0,3.0,90.0,10.0,8.0,2.0,1.0,0.5,5,42.5,7.5
573,1,7,3,2,0,3,3,2,3,3,3,3,1,0,2,2,3,61316.66667,65566.66667,59500.0,56483.33333,60716.6666675,19.49638889,50.0,3114.2519268602878,60717.6666675,4.783315073610413,0.2715222435280742,,,0.6075741548855884,0.4980266,0.6075741548855884,100,100,3,10,100,2,50,10,50,10,1,10,2,5,1,1,50,1.2000000000000002,1.7999999999999998,7.0,3.0,90.0,10.0,8.0,2.0,1.0,0.5,5,42.5,7.5
574,1,7,0,2,3,3,3,3,0,3,3,2,3,0,1,0,3,62066.66667,53866.66667,56916.66667,52166.66667,56254.16667,19.49638889,50.0,2885.363386388627,56255.16667,4.750162415729638,-0.006236445280206837,,,0.5744492760235669,0.4980266,0.5744492760235669,100,100,3,10,100,2,50,10,50,10,1,10,2,5,1,1,50,1.2000000000000002,1.7999999999999998,7.0,3.0,90.0,10.0,8.0,2.0,1.0,0.5,5,42.5,7.5
575,1,7,0,0,3,3,0,0,0,3,3,1,3,0,1,1,3,43416.66667,60583.33333,53466.66667,56833.33333,53575.0,19.49638889,50.0,2747.944775941531,53576.0,4.728970285928123,0.03511074715278628,,,0.5532760461370995,0.4980266,0.5532760461370995,100,100,3,10,100,2,50,10,50,10,1,10,2,5,1,1,50,1.2000000000000002,1.7999999999999998,7.0,3.0,90.0,10.0,8.0,2.0,1.0,0.5,5,42.5,7.5
576,1,7,1,0,3,3,0,0,0,3,3,1,3,0,1,1,2,65833.33333,64000.0,69233.33333,65700.0,66191.666665,19.49638889,50.0,3395.0731614176375,66192.666665,4.820809877606803,0.05691762342397233,,,0.6450399918694936,0.4980266,0.6450399918694936,100,100,3,10,100,2,50,10,50,10,1,10,2,5,1,1,50,1.2000000000000002,1.7999999999999998,7.0,3.0,90.0,10.0,8.0,2.0,1.0,0.5,5,42.5,7.5
577,1,7,2,1,3,3,2,3,3,3,3,0,3,1,3,1,2,40766.66667,43216.66667,39016.66667,52050.0,43762.5000025,19.49638889,50.0,2244.646444498574,43763.5000025,4.641112047580132,-0.384185435063765,,,0.465506776279834,0.4980266,0.465506776279834,100,100,3,10,100,2,50,10,50,10,1,10,2,5,1,1,50,1.2000000000000002,1.7999999999999998,7.0,3.0,90.0,10.0,8.0,2.0,1.0,0.5,5,42.5,7.5
578,1,7,2,0,3,3,2,3,3,3,3,0,3,1,3,1,3,54066.66667,53283.33333,58166.66667,69433.33333,58737.5,19.49638889,50.0,3012.7374013414033,58738.5,4.768922851787723,0.024293433234760187,,,0.5931937326984547,0.4980266,0.5931937326984547,100,100,3,10,100,2,50,10,50,10,1,10,2,5,1,1,50,1.2000000000000002,1.7999999999999998,7.0,3.0,90.0,10.0,8.0,2.0,1.0,0.5,5,42.5,7.5
579,1,7,3,1,4,4,0,3,0,3,4,3,5,1,1,0,1,114633.3333,108066.6667,122616.6667,119366.6667,116170.83335,19.49638889,50.0,5958.58207411865,116171.83335,5.065100843170578,-0.23178246881712639,,,0.8891927261239011,0.4980266,0.8891927261239011,100,100,3,10,100,2,50,10,50,10,1,10,2,5,1,1,50,1.2000000000000002,1.7999999999999998,7.0,3.0,90.0,10.0,8.0,2.0,1.0,0.5,5,42.5,7.5
580,1,7,2,0,3,3,2,3,3,3,3,0,3,1,3,2,2,55600.0,49750.0,36833.33333,45033.33333,46804.166665,19.49638889,50.0,2400.658241332403,46805.166665,4.670293796028163,-0.029123051611499307,,,0.49465695898891526,0.4980266,0.49465695898891526,100,100,3,10,100,2,50,10,50,10,1,10,2,5,1,1,50,1.2000000000000002,1.7999999999999998,7.0,3.0,90.0,10.0,8.0,2.0,1.0,0.5,5,42.5,7.5
581,1,7,2,2,0,3,5,5,0,2,3,5,1,0,1,1,2,58866.66667,80633.33333,97200.0,96183.33333,83220.8333325,19.49638889,50.0,4268.525510136149,83221.8333325,4.920237278837584,0.06725091866372157,,,0.7444016518244903,0.4980266,0.7444016518244903,100,100,3,10,100,2,50,10,50,10,1,10,2,5,1,1,50,1.2000000000000002,1.7999999999999998,7.0,3.0,90.0,10.0,8.0,2.0,1.0,0.5,5,42.5,7.5
582,1,7,0,0,0,3,3,0,4,5,3,0,1,5,1,3,3,56216.66667,58416.66667,54033.33333,53483.33333,55537.5,19.49638889,50.0,2848.604442255768,55538.5,4.74459414602065,0.13233200331296668,,,0.5688858834013099,0.4980266,0.5688858834013099,100,100,3,10,100,2,50,10,50,10,1,10,2,5,1,1,50,1.2000000000000002,1.7999999999999998,7.0,3.0,90.0,10.0,8.0,2.0,1.0,0.5,5,42.5,7.5
583,1,7,1,2,0,3,3,0,3,1,3,1,3,0,1,1,2,95350.0,84966.66667,97166.66667,94300.0,92945.833335,19.49638889,50.0,4767.335831235567,92946.833335,4.968234598104016,-0.12011664839631919,,,0.7923722314320671,0.4980266,0.7923722314320671,100,100,3,10,100,2,50,10,50,10,1,10,2,5,1,1,50,1.2000000000000002,1.7999999999999998,7.0,3.0,90.0,10.0,8.0,2.0,1.0,0.5,5,42.5,7.5
584,1,7,2,1,3,3,3,1,2,3,3,1,3,2,3,2,1,65766.66667,59633.33333,64233.33333,63516.66667,63287.5,19.49638889,50.0,3246.1139525412905,63288.5,4.801324802588076,0.20322696743356072,,,0.6255696582430463,0.4980266,0.6255696582430463,100,100,3,10,100,2,50,10,50,10,1,10,2,5,1,1,50,1.2000000000000002,1.7999999999999998,7.0,3.0,90.0,10.0,8.0,2.0,1.0,0.5,5,42.5,7.5
585,1,7,0,4,2,3,1,2,0,3,3,0,1,1,3,1,3,10916.66667,11666.66667,11200.0,11450.0,11308.333335,19.49638889,50.0,580.0219414375869,11309.333335,4.053437004795993,0.8743190592818744,,,-0.1207766492049063,0.4980266,-0.1207766492049063,100,100,3,10,100,2,50,10,50,10,1,10,2,5,1,1,50,1.2000000000000002,1.7999999999999998,7.0,3.0,90.0,10.0,8.0,2.0,1.0,0.5,5,42.5,7.5
586,1,7,1,0,4,3,3,0,3,5,3,2,1,0,1,2,1,54283.33333,60700.0,62200.0,59966.66667,59287.5,19.49638889,50.0,3040.947753684247,59288.5,4.7729704628266045,0.5801520512662393,,,0.5972379856707353,0.4980266,0.5972379856707353,100,100,3,10,100,2,50,10,50,10,1,10,2,5,1,1,50,1.2000000000000002,1.7999999999999998,7.0,3.0,90.0,10.0,8.0,2.0,1.0,0.5,5,42.5,7.5
587,1,7,0,0,4,4,0,0,5,3,5,0,4,0,1,1,3,154066.6667,152300.0,157550.0,150583.3333,153625.0,19.49638889,50.0,7879.66432485334,153626.0,5.186464722863223,-0.19271183690813753,,,1.0105119627372137,0.4980266,1.0105119627372137,100,100,3,10,100,2,50,10,50,10,1,10,2,5,1,1,50,1.2000000000000002,1.7999999999999998,7.0,3.0,90.0,10.0,8.0,2.0,1.0,0.5,5,42.5,7.5
588,1,7,0,0,3,5,0,3,5,3,3,0,3,0,1,2,2,106533.3333,87816.66667,138533.3333,128283.3333,115291.6666425,19.49638889,50.0,5913.488251233791,115292.6666425,5.061801684241949,-0.09669682306083072,,,0.885894963451932,0.4980266,0.885894963451932,100,100,3,10,100,2,50,10,50,10,1,10,2,5,1,1,50,1.2000000000000002,1.7999999999999998,7.0,3.0,90.0,10.0,8.0,2.0,1.0,0.5,5,42.5,7.5
589,1,7,0,2,0,3,3,0,4,5,1,0,3,5,0,0,1,12533.33333,11700.0,12700.0,10316.66667,11812.5,19.49638889,50.0,605.8814309997076,11813.5,4.072378585631614,-0.044465438033640226,,,-0.10191503362033212,0.4980266,-0.10191503362033212,100,100,3,10,100,2,50,10,50,10,1,10,2,5,1,1,50,1.2000000000000002,1.7999999999999998,7.0,3.0,90.0,10.0,8.0,2.0,1.0,0.5,5,42.5,7.5
590,1,7,1,2,2,3,5,5,3,1,3,3,3,2,2,0,3,64866.66667,66216.66667,76433.33333,73933.33333,70362.5,19.49638889,50.0,3609.001666769687,70363.5,4.8473474338678795,0.34958502959560356,,,0.671558505187726,0.4980266,0.671558505187726,100,100,3,10,100,2,50,10,50,10,1,10,2,5,1,1,50,1.2000000000000002,1.7999999999999998,7.0,3.0,90.0,10.0,8.0,2.0,1.0,0.5,5,42.5,7.5
591,1,7,3,0,2,4,5,2,1,0,4,1,2,0,1,2,1,74366.66667,55433.33333,66050.0,53233.33333,62270.8333325,19.49638889,50.0,3193.967543622382,62271.8333325,4.794291651885968,-0.40360068355832457,,,0.618541992882361,0.4980266,0.618541992882361,100,100,3,10,100,2,50,10,50,10,1,10,2,5,1,1,50,1.2000000000000002,1.7999999999999998,7.0,3.0,90.0,10.0,8.0,2.0,1.0,0.5,5,42.5,7.5
592,1,7,1,0,3,5,4,1,5,2,3,1,3,0,2,1,1,56200.0,55616.66667,63150.0,62450.0,59354.1666675,19.49638889,50.0,3044.367190374607,59355.1666675,4.773458528809098,-0.347757897334394,,,0.5977256488420021,0.4980266,0.5977256488420021,100,100,3,10,100,2,50,10,50,10,1,10,2,5,1,1,50,1.2000000000000002,1.7999999999999998,7.0,3.0,90.0,10.0,8.0,2.0,1.0,0.5,5,42.5,7.5
593,1,7,0,0,5,3,0,0,0,2,1,0,5,0,1,1,3,68266.66667,64783.33333,71400.0,76933.33333,70345.8333325,19.49638889,50.0,3608.1468075650396,70346.8333325,4.847244552415048,-0.1788602825009793,,,0.6714556953384867,0.4980266,0.6714556953384867,100,100,3,10,100,2,50,10,50,10,1,10,2,5,1,1,50,1.2000000000000002,1.7999999999999998,7.0,3.0,90.0,10.0,8.0,2.0,1.0,0.5,5,42.5,7.5
594,1,7,1,0,3,3,1,3,0,3,3,1,3,1,3,1,2,40450.0,48116.66667,43916.66667,48916.66667,45350.000002500004,19.49638889,50.0,2326.0717796699637,45351.000002500004,4.656586867819034,-0.34865210184108086,,,0.48096459382533757,0.4980266,0.48096459382533757,100,100,3,10,100,2,50,10,50,10,1,10,2,5,1,1,50,1.2000000000000002,1.7999999999999998,7.0,3.0,90.0,10.0,8.0,2.0,1.0,0.5,5,42.5,7.5
595,1,7,0,4,0,3,2,3,2,3,3,2,3,0,0,0,3,1650.0,1966.666667,1733.333333,2316.666667,1916.6666667499999,19.49638889,50.0,98.30880362327447,1917.6666667499999,3.2827731193247094,0.014395168837076255,,,-0.8823605021147972,0.4980266,-0.8823605021147972,100,100,3,10,100,2,50,10,50,10,1,10,2,5,1,1,50,1.2000000000000002,1.7999999999999998,7.0,3.0,90.0,10.0,8.0,2.0,1.0,0.5,5,42.5,7.5
596,1,7,2,1,0,3,2,2,0,1,2,2,2,0,1,1,3,111266.6667,99016.66667,95516.66667,102933.3333,102183.333335,19.49638889,50.0,5241.1415217210515,102184.333335,5.009384315879758,-0.09670591884699498,,,0.8335012622142219,0.4980266,0.8335012622142219,100,100,3,10,100,2,50,10,50,10,1,10,2,5,1,1,50,1.2000000000000002,1.7999999999999998,7.0,3.0,90.0,10.0,8.0,2.0,1.0,0.5,5,42.5,7.5
597,1,7,1,3,4,4,0,0,0,1,3,1,1,0,1,1,3,63383.33333,65350.0,62416.66667,76716.66667,66966.6666675,19.49638889,50.0,3434.824112574419,66967.6666675,4.825865167219247,-0.07998431479488399,,,0.6500915636689866,0.4980266,0.6500915636689866,100,100,3,10,100,2,50,10,50,10,1,10,2,5,1,1,50,1.2000000000000002,1.7999999999999998,7.0,3.0,90.0,10.0,8.0,2.0,1.0,0.5,5,42.5,7.5
598,1,7,0,2,1,5,0,1,3,1,2,0,4,0,3,1,3,258733.3333,184883.3333,225083.3333,213066.6667,220441.66664999997,19.49638889,50.0,11306.794704073016,220442.66664999997,5.343295655957023,0.013343947872010098,,,1.1673009211594627,0.4980266,1.1673009211594627,100,100,3,10,100,2,50,10,50,10,1,10,2,5,1,1,50,1.2000000000000002,1.7999999999999998,7.0,3.0,90.0,10.0,8.0,2.0,1.0,0.5,5,42.5,7.5
599,1,7,2,0,4,3,3,0,2,3,4,2,4,1,3,0,2,38983.33333,41133.33333,44383.33333,56216.66667,45179.166665000004,19.49638889,50.0,2317.309473046729,45180.166665000004,4.65494782865509,-0.2718960330321032,,,0.47932732700714814,0.4980266,0.47932732700714814,100,100,3,10,100,2,50,10,50,10,1,10,2,5,1,1,50,1.2000000000000002,1.7999999999999998,7.0,3.0,90.0,10.0,8.0,2.0,1.0,0.5,5,42.5,7.5
600,1,7,0,0,5,3,0,0,0,1,3,1,3,0,0,2,2,8883.333333,9750.0,9266.666667,10100.0,9500.0,19.49638889,50.0,487.26972228547913,9501.0,3.9777693180915743,-0.20944845242411825,,,-0.19608788747193487,0.4980266,-0.19608788747193487,100,100,3,10,100,2,50,10,50,10,1,10,2,5,1,1,50,1.2000000000000002,1.7999999999999998,7.0,3.0,90.0,10.0,8.0,2.0,1.0,0.5,5,42.5,7.5
601,1,7,2,0,3,3,0,0,0,3,5,5,3,0,0,0,3,6200.0,6100.0,6000.0,6183.333333,6120.83333325,19.49638889,50.0,313.947027205098,6121.83333325,3.7868815017665205,-0.18998076993791324,,,-0.3857474422519437,0.4980266,-0.3857474422519437,100,100,3,10,100,2,50,10,50,10,1,10,2,5,1,1,50,1.2000000000000002,1.7999999999999998,7.0,3.0,90.0,10.0,8.0,2.0,1.0,0.5,5,42.5,7.5
602,1,7,0,0,3,3,0,3,0,3,3,2,5,0,1,0,3,37033.33333,39366.66667,34383.33333,37133.33333,36979.166665,19.49638889,50.0,1896.718765389789,36980.166665,4.567968864138641,0.11072317544042143,,,0.39245267938143513,0.4980266,0.39245267938143513,100,100,3,10,100,2,50,10,50,10,1,10,2,5,1,1,50,1.2000000000000002,1.7999999999999998,7.0,3.0,90.0,10.0,8.0,2.0,1.0,0.5,5,42.5,7.5
603,1,7,1,3,2,3,3,5,3,1,3,2,3,2,2,0,2,27250.0,27233.33333,26400.0,26650.0,26883.3333325,19.49638889,50.0,1378.8878281089724,26884.3333325,4.429499271476842,0.13953669984088002,,,0.25419884698580514,0.4980266,0.25419884698580514,100,100,3,10,100,2,50,10,50,10,1,10,2,5,1,1,50,1.2000000000000002,1.7999999999999998,7.0,3.0,90.0,10.0,8.0,2.0,1.0,0.5,5,42.5,7.5
604,1,7,3,2,0,4,5,5,0,0,1,5,0,3,1,1,2,26133.33333,59433.33333,25316.66667,26400.0,34320.8333325,19.49638889,50.0,1760.3687291087883,34321.8333325,4.535570478038055,0.2362377509724265,,,0.3600988028260587,0.4980266,0.3600988028260587,100,100,3,10,100,2,50,10,50,10,1,10,2,5,1,1,50,1.2000000000000002,1.7999999999999998,7.0,3.0,90.0,10.0,8.0,2.0,1.0,0.5,5,42.5,7.5
605,1,7,2,1,3,3,3,2,2,3,3,3,3,2,3,2,1,41616.66667,42650.0,42383.33333,45533.33333,43045.8333325,19.49638889,50.0,2207.8875003657154,43046.8333325,4.633941208825571,0.12960104303133324,,,0.4583440239083466,0.4980266,0.4583440239083466,100,100,3,10,100,2,50,10,50,10,1,10,2,5,1,1,50,1.2000000000000002,1.7999999999999998,7.0,3.0,90.0,10.0,8.0,2.0,1.0,0.5,5,42.5,7.5
606,1,7,1,2,1,3,3,3,0,3,3,4,3,0,1,0,3,34000.0,39100.0,28050.0,34416.66667,33891.6666675,19.49638889,50.0,1738.3561057752374,33892.6666675,4.530105740375261,-0.3092596216582635,,,0.35464190499335446,0.4980266,0.35464190499335446,100,100,3,10,100,2,50,10,50,10,1,10,2,5,1,1,50,1.2000000000000002,1.7999999999999998,7.0,3.0,90.0,10.0,8.0,2.0,1.0,0.5,5,42.5,7.5
607,1,7,0,2,0,3,0,1,0,1,3,2,3,1,1,3,2,47633.33333,47966.66667,48266.66667,47783.33333,47912.5,19.49638889,50.0,2457.5063756845284,47913.5,4.680457896493033,0.6002710554527786,,,0.5048105531506915,0.4980266,0.5048105531506915,100,100,3,10,100,2,50,10,50,10,1,10,2,5,1,1,50,1.2000000000000002,1.7999999999999998,7.0,3.0,90.0,10.0,8.0,2.0,1.0,0.5,5,42.5,7.5
608,1,7,1,0,5,3,0,0,3,1,3,1,3,0,1,1,3,56433.33333,61333.33333,58366.66667,64516.66667,60162.5,19.49638889,50.0,3085.827859684225,60163.5,4.779333093316167,-0.3079005448516545,,,0.6035954002668092,0.4980266,0.6035954002668092,100,100,3,10,100,2,50,10,50,10,1,10,2,5,1,1,50,1.2000000000000002,1.7999999999999998,7.0,3.0,90.0,10.0,8.0,2.0,1.0,0.5,5,42.5,7.5
609,1,7,2,0,2,3,0,0,3,4,3,1,3,1,1,1,3,46750.0,45016.66667,37616.66667,44933.33333,43579.1666675,19.49638889,50.0,2235.2429936321405,43580.1666675,4.639288886824352,-0.05148607849059683,,,0.4636856588322931,0.4980266,0.4636856588322931,100,100,3,10,100,2,50,10,50,10,1,10,2,5,1,1,50,1.2000000000000002,1.7999999999999998,7.0,3.0,90.0,10.0,8.0,2.0,1.0,0.5,5,42.5,7.5
610,1,7,1,0,3,3,0,0,0,3,3,2,3,1,3,0,3,36300.0,38583.33333,36366.66667,40033.33333,37820.8333325,19.49638889,50.0,1939.8891531087017,37821.8333325,4.577742576515651,-0.22124546945739798,,,0.4022136026461973,0.4980266,0.4022136026461973,100,100,3,10,100,2,50,10,50,10,1,10,2,5,1,1,50,1.2000000000000002,1.7999999999999998,7.0,3.0,90.0,10.0,8.0,2.0,1.0,0.5,5,42.5,7.5
611,1,7,0,0,0,3,5,0,2,3,3,4,1,0,1,1,3,80733.33333,87566.66667,117116.6667,79233.33333,91162.5000075,19.49638889,50.0,4675.865901211001,91163.5000075,4.959820990540418,-0.5686508630838016,,,0.7839631002407528,0.4980266,0.7839631002407528,100,100,3,10,100,2,50,10,50,10,1,10,2,5,1,1,50,1.2000000000000002,1.7999999999999998,7.0,3.0,90.0,10.0,8.0,2.0,1.0,0.5,5,42.5,7.5
612,1,7,3,2,0,5,3,3,2,0,3,1,3,1,1,1,3,185133.3333,196100.0,150816.6667,205000.0,184262.5,19.49638889,50.0,9451.10917922401,184263.5,5.265439316127974,0.2472455803540985,,,1.089463530840192,0.4980266,1.089463530840192,100,100,3,10,100,2,50,10,50,10,1,10,2,5,1,1,50,1.2000000000000002,1.7999999999999998,7.0,3.0,90.0,10.0,8.0,2.0,1.0,0.5,5,42.5,7.5
613,1,7,2,0,3,4,4,3,2,3,3,2,3,1,3,1,2,70933.33333,77416.66667,56983.33333,71783.33333,69279.166665,19.49638889,50.0,3553.435821160418,69280.166665,4.840608923778383,-0.3025824531663064,,,0.6648247209647093,0.4980266,0.6648247209647093,100,100,3,10,100,2,50,10,50,10,1,10,2,5,1,1,50,1.2000000000000002,1.7999999999999998,7.0,3.0,90.0,10.0,8.0,2.0,1.0,0.5,5,42.5,7.5
614,1,7,3,1,0,3,5,3,3,1,5,5,3,4,0,1,3,10550.0,9166.666667,9300.0,9466.666667,9620.833333499999,19.49638889,50.0,493.4674512178342,9621.833333499999,3.9832578299134425,-0.2956766057730822,,,-0.19062736030388497,0.4980266,-0.19062736030388497,100,100,3,10,100,2,50,10,50,10,1,10,2,5,1,1,50,1.2000000000000002,1.7999999999999998,7.0,3.0,90.0,10.0,8.0,2.0,1.0,0.5,5,42.5,7.5
615,1,7,1,0,3,2,0,0,1,3,3,1,3,0,1,1,3,9383.333333,10216.66667,9800.0,10233.33333,9908.33333325,19.49638889,50.0,508.2137717478614,9909.33333325,3.9960444375902333,-0.34600863927328307,,,-0.17790459982278378,0.4980266,-0.17790459982278378,100,100,3,10,100,2,50,10,50,10,1,10,2,5,1,1,50,1.2000000000000002,1.7999999999999998,7.0,3.0,90.0,10.0,8.0,2.0,1.0,0.5,5,42.5,7.5
616,1,7,1,2,3,4,0,5,5,3,5,1,3,3,3,0,3,8583.333333,19816.66667,20916.66667,20333.33333,17412.50000075,19.49638889,50.0,893.1141094380375,17413.50000075,4.240886070269769,-0.20350455640797005,,,0.06601516008520963,0.4980266,0.06601516008520963,100,100,3,10,100,2,50,10,50,10,1,10,2,5,1,1,50,1.2000000000000002,1.7999999999999998,7.0,3.0,90.0,10.0,8.0,2.0,1.0,0.5,5,42.5,7.5
617,1,7,2,2,3,3,3,5,0,3,3,2,3,1,3,0,3,47200.0,46500.0,43950.0,43833.33333,45370.8333325,19.49638889,50.0,2327.140353451372,45371.8333325,4.65678632808907,0.0539802511557097,,,0.4811638388682451,0.4980266,0.4811638388682451,100,100,3,10,100,2,50,10,50,10,1,10,2,5,1,1,50,1.2000000000000002,1.7999999999999998,7.0,3.0,90.0,10.0,8.0,2.0,1.0,0.5,5,42.5,7.5
618,1,7,3,0,0,3,0,3,3,3,4,3,5,0,2,0,3,49683.33333,56216.66667,51750.0,53633.33333,52820.8333325,19.49638889,50.0,2709.262398822616,52821.8333325,4.722813470562135,0.829372621865045,,,0.5471248966086351,0.4980266,0.5471248966086351,100,100,3,10,100,2,50,10,50,10,1,10,2,5,1,1,50,1.2000000000000002,1.7999999999999998,7.0,3.0,90.0,10.0,8.0,2.0,1.0,0.5,5,42.5,7.5
619,1,7,0,2,3,3,3,3,0,3,3,0,5,0,0,0,2,6083.333333,7333.333333,6383.333333,6583.333333,6595.833333,19.49638889,50.0,338.31051330654907,6596.833333,3.8193355119002543,0.05636891498181562,,,-0.35354181339587015,0.4980266,-0.35354181339587015,100,100,3,10,100,2,50,10,50,10,1,10,2,5,1,1,50,1.2000000000000002,1.7999999999999998,7.0,3.0,90.0,10.0,8.0,2.0,1.0,0.5,5,42.5,7.5
620,1,7,1,0,0,3,2,0,0,3,1,0,0,1,1,2,3,43733.33333,39950.0,42550.0,36850.0,40770.8333325,19.49638889,50.0,2091.1992247657718,40771.8333325,4.610360240230352,-0.13320042230380036,,,0.4347906072727343,0.4980266,0.4347906072727343,100,100,3,10,100,2,50,10,50,10,1,10,2,5,1,1,50,1.2000000000000002,1.7999999999999998,7.0,3.0,90.0,10.0,8.0,2.0,1.0,0.5,5,42.5,7.5
621,1,7,1,0,3,3,0,5,0,0,3,1,5,0,2,0,2,37550.0,32183.33333,33166.66667,31216.66667,33529.1666675,19.49638889,50.0,1719.7629190038178,33530.1666675,4.5254357121701165,-0.6800746134453179,,,0.3499786550156437,0.4980266,0.3499786550156437,100,100,3,10,100,2,50,10,50,10,1,10,2,5,1,1,50,1.2000000000000002,1.7999999999999998,7.0,3.0,90.0,10.0,8.0,2.0,1.0,0.5,5,42.5,7.5
622,1,7,0,0,4,3,2,0,3,3,3,0,3,0,3,1,3,14950.0,17183.33333,12850.0,16150.0,15283.3333325,19.49638889,50.0,783.9058514235454,15284.3333325,4.18424650054783,-0.7905866590318569,,,0.009545317882627398,0.4980266,0.009545317882627398,100,100,3,10,100,2,50,10,50,10,1,10,2,5,1,1,50,1.2000000000000002,1.7999999999999998,7.0,3.0,90.0,10.0,8.0,2.0,1.0,0.5,5,42.5,7.5
623,1,7,1,0,0,3,3,0,5,3,3,2,3,1,2,1,2,121033.3333,103933.3333,111233.3333,98633.33333,108708.3333075,19.49638889,50.0,5575.818882196087,108709.3333075,5.03626683231018,0.09586373515224267,,,0.8603712844634771,0.4980266,0.8603712844634771,100,100,3,10,100,2,50,10,50,10,1,10,2,5,1,1,50,1.2000000000000002,1.7999999999999998,7.0,3.0,90.0,10.0,8.0,2.0,1.0,0.5,5,42.5,7.5
624,1,7,2,1,3,2,0,3,0,1,4,3,5,1,3,0,3,9916.666667,14600.0,12133.33333,14783.33333,12858.33333175,19.49638889,50.0,659.5238433279939,12859.33333175,4.1092184539811125,0.3657166116227044,,,-0.06522108739737055,0.4980266,-0.06522108739737055,100,100,3,10,100,2,50,10,50,10,1,10,2,5,1,1,50,1.2000000000000002,1.7999999999999998,7.0,3.0,90.0,10.0,8.0,2.0,1.0,0.5,5,42.5,7.5
625,1,7,1,0,5,3,2,3,3,3,3,0,5,1,3,0,3,44916.66667,53600.0,42350.0,51950.0,48204.1666675,19.49638889,50.0,2472.4664110605972,48205.1666675,4.683093588756105,-0.19820828585682193,,,0.5074435608536564,0.4980266,0.5074435608536564,100,100,3,10,100,2,50,10,50,10,1,10,2,5,1,1,50,1.2000000000000002,1.7999999999999998,7.0,3.0,90.0,10.0,8.0,2.0,1.0,0.5,5,42.5,7.5
626,1,7,2,5,0,3,5,5,0,1,3,5,1,0,3,0,2,50.0,100.0,16.66666667,50.0,54.1666666675,19.49638889,50.0,2.7782922762318787,55.1666666675,1.7416767433986355,-0.5677890165006625,,,-2.158362492091775,0.4980266,-2.158362492091775,100,100,3,10,100,2,50,10,50,10,1,10,2,5,1,1,50,1.2000000000000002,1.7999999999999998,7.0,3.0,90.0,10.0,8.0,2.0,1.0,0.5,5,42.5,7.5
627,1,7,0,0,5,3,0,0,4,5,3,0,1,5,3,3,3,2883.333333,2733.333333,2700.0,2466.666667,2695.83333325,19.49638889,50.0,138.27346943375423,2696.83333325,3.430854107488692,-0.5180859376194746,,,-0.7374170861864578,0.4980266,-0.7374170861864578,100,100,3,10,100,2,50,10,50,10,1,10,2,5,1,1,50,1.2000000000000002,1.7999999999999998,7.0,3.0,90.0,10.0,8.0,2.0,1.0,0.5,5,42.5,7.5
628,1,7,1,4,0,3,3,0,3,1,3,5,3,0,0,1,3,900.0,1100.0,1133.333333,1116.666667,1062.5,19.49638889,50.0,54.49727157140227,1063.5,3.026737494238748,-0.33156766451311315,,,-1.129791239402712,0.4980266,-1.129791239402712,100,100,3,10,100,2,50,10,50,10,1,10,2,5,1,1,50,1.2000000000000002,1.7999999999999998,7.0,3.0,90.0,10.0,8.0,2.0,1.0,0.5,5,42.5,7.5
629,1,7,2,2,5,3,3,3,3,3,3,0,3,2,3,1,1,54883.33333,54516.66667,49616.66667,51716.66667,52683.333335,19.49638889,50.0,2702.2098108651344,52684.333335,4.721681488880498,-0.0018933997373800082,,,0.5459939654000402,0.4980266,0.5459939654000402,100,100,3,10,100,2,50,10,50,10,1,10,2,5,1,1,50,1.2000000000000002,1.7999999999999998,7.0,3.0,90.0,10.0,8.0,2.0,1.0,0.5,5,42.5,7.5
630,1,8,1,1,3,3,0,0,0,3,3,1,3,0,1,1,2,60500.0,78966.66667,64000.0,67883.33333,67837.5,11.22444444,50.0,6043.728966954555,67838.5,4.831476236522759,-0.08610991194693707,,,0.6556985567450027,0.4980266,0.6556985567450027,100,100,3,10,100,2,50,10,50,10,1,10,2,5,1,1,50,1.2000000000000002,1.7999999999999998,7.0,3.0,90.0,10.0,8.0,2.0,1.0,0.5,5,42.5,7.5
631,1,8,1,1,3,3,0,0,0,3,3,1,3,0,0,1,3,6833.333333,7383.333333,9533.333333,7900.0,7912.49999975,11.22444444,50.0,704.9346666595466,7913.49999975,3.8983686066819154,-0.6044483526693356,,,-0.27504181372590997,0.4980266,-0.27504181372590997,100,100,3,10,100,2,50,10,50,10,1,10,2,5,1,1,50,1.2000000000000002,1.7999999999999998,7.0,3.0,90.0,10.0,8.0,2.0,1.0,0.5,5,42.5,7.5
632,1,8,0,0,3,3,0,0,3,2,3,0,3,3,1,1,3,88650.0,101216.6667,116633.3333,118150.0,106162.5,11.22444444,50.0,9458.151854863652,106163.5,5.0259752279199645,0.38275000915329205,,,0.8500843722054408,0.4980266,0.8500843722054408,100,100,3,10,100,2,50,10,50,10,1,10,2,5,1,1,50,1.2000000000000002,1.7999999999999998,7.0,3.0,90.0,10.0,8.0,2.0,1.0,0.5,5,42.5,7.5
633,1,8,0,2,2,4,3,3,0,3,3,2,3,0,1,0,3,108800.0,129450.0,154566.6667,100783.3333,123400.0,11.22444444,50.0,10993.8626058182,123401.0,5.091318679087192,0.1344535699891729,,,0.9153998352122699,0.4980266,0.9153998352122699,100,100,3,10,100,2,50,10,50,10,1,10,2,5,1,1,50,1.2000000000000002,1.7999999999999998,7.0,3.0,90.0,10.0,8.0,2.0,1.0,0.5,5,42.5,7.5
634,1,8,1,1,3,3,0,0,1,3,3,1,3,0,1,1,3,79766.66667,78983.33333,112816.6667,90150.0,90429.166675,11.22444444,50.0,8056.449221909107,90430.166675,4.9563133313052665,-0.1287269105796014,,,0.7804573329709601,0.4980266,0.7804573329709601,100,100,3,10,100,2,50,10,50,10,1,10,2,5,1,1,50,1.2000000000000002,1.7999999999999998,7.0,3.0,90.0,10.0,8.0,2.0,1.0,0.5,5,42.5,7.5
635,1,8,1,2,3,3,0,0,0,3,3,1,3,0,1,1,3,57916.66667,64216.66667,95333.33333,68416.66667,71470.833335,11.22444444,50.0,6367.427244800011,71471.833335,4.854134922398663,-0.003995247098321109,,,0.6783413070046022,0.4980266,0.6783413070046022,100,100,3,10,100,2,50,10,50,10,1,10,2,5,1,1,50,1.2000000000000002,1.7999999999999998,7.0,3.0,90.0,10.0,8.0,2.0,1.0,0.5,5,42.5,7.5
636,1,8,1,1,3,3,0,0,0,3,3,1,3,0,1,0,3,62016.66667,98633.33333,74050.0,61483.33333,74045.8333325,11.22444444,50.0,6596.837262486374,74046.8333325,4.869506490330178,-0.1944046530172825,,,0.6937025277147242,0.4980266,0.6937025277147242,100,100,3,10,100,2,50,10,50,10,1,10,2,5,1,1,50,1.2000000000000002,1.7999999999999998,7.0,3.0,90.0,10.0,8.0,2.0,1.0,0.5,5,42.5,7.5
637,1,8,1,1,3,3,0,0,0,3,3,1,3,0,2,1,3,44550.0,56683.33333,71783.33333,50716.66667,55933.3333325,11.22444444,50.0,4983.17165107728,55934.3333325,4.7476784661992015,-0.4233953680513469,,,0.5719674943958748,0.4980266,0.5719674943958748,100,100,3,10,100,2,50,10,50,10,1,10,2,5,1,1,50,1.2000000000000002,1.7999999999999998,7.0,3.0,90.0,10.0,8.0,2.0,1.0,0.5,5,42.5,7.5
638,1,8,1,1,3,3,0,0,0,3,3,1,3,0,1,2,3,75716.66667,86916.66667,96233.33333,86683.33333,86387.5,11.22444444,50.0,7696.372008590922,86388.5,4.936455933231759,0.11044299732579788,,,0.7606109383977046,0.4980266,0.7606109383977046,100,100,3,10,100,2,50,10,50,10,1,10,2,5,1,1,50,1.2000000000000002,1.7999999999999998,7.0,3.0,90.0,10.0,8.0,2.0,1.0,0.5,5,42.5,7.5
639,1,8,1,0,3,3,0,0,1,3,3,1,3,0,1,0,3,87150.0,99416.66667,104083.3333,113966.6667,101154.1666675,11.22444444,50.0,9011.953082240925,101155.1666675,5.00498806998255,0.06639509669745092,,,0.8291071341146212,0.4980266,0.8291071341146212,100,100,3,10,100,2,50,10,50,10,1,10,2,5,1,1,50,1.2000000000000002,1.7999999999999998,7.0,3.0,90.0,10.0,8.0,2.0,1.0,0.5,5,42.5,7.5
640,1,8,1,0,3,3,0,0,0,3,3,0,3,0,1,0,3,101800.0,109900.0,91666.66667,100833.3333,101049.9999925,11.22444444,50.0,9002.672740968193,101050.9999925,5.004540615615556,0.12714646969365173,,,0.8286598965031021,0.4980266,0.8286598965031021,100,100,3,10,100,2,50,10,50,10,1,10,2,5,1,1,50,1.2000000000000002,1.7999999999999998,7.0,3.0,90.0,10.0,8.0,2.0,1.0,0.5,5,42.5,7.5
641,1,8,1,1,3,3,0,0,0,3,3,1,3,0,1,1,3,88800.0,97600.0,88516.66667,106050.0,95241.6666675,11.22444444,50.0,8485.200953740923,95242.6666675,4.978831546568702,-0.03306984535449686,,,0.8029636638432591,0.4980266,0.8029636638432591,100,100,3,10,100,2,50,10,50,10,1,10,2,5,1,1,50,1.2000000000000002,1.7999999999999998,7.0,3.0,90.0,10.0,8.0,2.0,1.0,0.5,5,42.5,7.5
642,1,8,1,0,4,4,0,0,0,5,5,1,5,0,1,1,3,123350.0,124650.0,125216.6667,118683.3333,122975.0,11.22444444,50.0,10955.998816454563,122976.0,5.089820362784255,0.1606027383957782,,,0.9139021146504371,0.4980266,0.9139021146504371,100,100,3,10,100,2,50,10,50,10,1,10,2,5,1,1,50,1.2000000000000002,1.7999999999999998,7.0,3.0,90.0,10.0,8.0,2.0,1.0,0.5,5,42.5,7.5
643,1,8,0,2,1,5,0,1,3,1,2,0,4,0,3,1,3,90083.33333,85116.66667,135050.0,116483.3333,106683.333325,11.22444444,50.0,9504.55355677274,106684.333325,5.0281006476338375,-0.3018510604511757,,,0.8522088137740292,0.4980266,0.8522088137740292,100,100,3,10,100,2,50,10,50,10,1,10,2,5,1,1,50,1.2000000000000002,1.7999999999999998,7.0,3.0,90.0,10.0,8.0,2.0,1.0,0.5,5,42.5,7.5
644,1,8,0,1,3,3,0,0,0,3,3,1,3,0,1,1,3,89516.66667,111533.3333,97933.33333,121550.0,105133.333325,11.22444444,50.0,9366.46208968183,105134.333325,5.021744565111497,0.15234440335330213,,,0.8458556707010431,0.4980266,0.8458556707010431,100,100,3,10,100,2,50,10,50,10,1,10,2,5,1,1,50,1.2000000000000002,1.7999999999999998,7.0,3.0,90.0,10.0,8.0,2.0,1.0,0.5,5,42.5,7.5
645,1,8,1,0,3,3,0,0,0,3,3,1,3,0,1,0,2,113266.6667,96233.33333,85233.33333,95066.66667,97450.0000075,11.22444444,50.0,8681.94417357729,97451.0000075,4.9887863000520065,0.15211164440903158,,,0.8129133566762629,0.4980266,0.8129133566762629,100,100,3,10,100,2,50,10,50,10,1,10,2,5,1,1,50,1.2000000000000002,1.7999999999999998,7.0,3.0,90.0,10.0,8.0,2.0,1.0,0.5,5,42.5,7.5
646,1,8,1,0,3,2,0,0,0,3,3,1,3,0,1,0,3,12566.66667,12433.33333,13583.33333,16166.66667,13687.5,11.22444444,50.0,1219.4367456818202,13688.5,4.136355860302406,-0.1825877643977547,,,-0.03818355362413423,0.4980266,-0.03818355362413423,100,100,3,10,100,2,50,10,50,10,1,10,2,5,1,1,50,1.2000000000000002,1.7999999999999998,7.0,3.0,90.0,10.0,8.0,2.0,1.0,0.5,5,42.5,7.5
647,1,8,1,1,3,3,0,0,0,3,3,2,3,0,1,1,3,117750.0,115733.3333,142483.3333,145016.6667,130245.833325,11.22444444,50.0,11603.76658472729,130246.833325,5.114767173152393,0.11476269078609924,,,0.9388392687605588,0.4980266,0.9388392687605588,100,100,3,10,100,2,50,10,50,10,1,10,2,5,1,1,50,1.2000000000000002,1.7999999999999998,7.0,3.0,90.0,10.0,8.0,2.0,1.0,0.5,5,42.5,7.5
648,1,8,1,1,3,3,0,0,0,3,3,1,3,1,1,1,3,90316.66667,90516.66667,98316.66667,105233.3333,96095.8333275,11.22444444,50.0,8561.299745495468,96096.8333275,4.982709076627421,-0.023950020984604414,,,0.806839208904313,0.4980266,0.806839208904313,100,100,3,10,100,2,50,10,50,10,1,10,2,5,1,1,50,1.2000000000000002,1.7999999999999998,7.0,3.0,90.0,10.0,8.0,2.0,1.0,0.5,5,42.5,7.5
649,1,8,1,0,3,3,0,0,0,3,3,1,3,0,2,0,3,106466.6667,128383.3333,98816.66667,97883.33333,107887.5,11.22444444,50.0,9611.834294045471,107888.5,5.032975155037757,-0.029704742250642013,,,0.8570810958558528,0.4980266,0.8570810958558528,100,100,3,10,100,2,50,10,50,10,1,10,2,5,1,1,50,1.2000000000000002,1.7999999999999998,7.0,3.0,90.0,10.0,8.0,2.0,1.0,0.5,5,42.5,7.5
650,1,8,2,0,3,3,0,0,0,3,3,1,3,0,1,0,3,96700.0,120800.0,108583.3333,111783.3333,109466.66665,11.22444444,50.0,9752.52425500001,109467.66665,5.039285861010872,0.14832219679119518,,,0.8633889576850978,0.4980266,0.8633889576850978,100,100,3,10,100,2,50,10,50,10,1,10,2,5,1,1,50,1.2000000000000002,1.7999999999999998,7.0,3.0,90.0,10.0,8.0,2.0,1.0,0.5,5,42.5,7.5
651,1,8,1,0,3,3,0,1,0,3,3,1,3,0,1,0,3,99966.66667,107433.3333,113316.6667,130883.3333,112899.9999925,11.22444444,50.0,10058.404279695469,112900.9999925,5.052697788597256,0.11836864533030855,,,0.876794976171863,0.4980266,0.876794976171863,100,100,3,10,100,2,50,10,50,10,1,10,2,5,1,1,50,1.2000000000000002,1.7999999999999998,7.0,3.0,90.0,10.0,8.0,2.0,1.0,0.5,5,42.5,7.5
652,1,8,0,2,0,3,3,3,3,1,3,2,3,1,1,1,2,97650.0,94700.0,77233.33333,100050.0,92408.3333325,11.22444444,50.0,8232.775691168195,92409.3333325,4.965715837130262,0.09664975336690418,,,0.7898548014608068,0.4980266,0.7898548014608068,100,100,3,10,100,2,50,10,50,10,1,10,2,5,1,1,50,1.2000000000000002,1.7999999999999998,7.0,3.0,90.0,10.0,8.0,2.0,1.0,0.5,5,42.5,7.5
653,1,8,1,1,3,3,0,0,0,3,3,1,3,1,1,1,3,82466.66667,97700.0,93350.0,85283.33333,89700.0,11.22444444,50.0,7991.486837454559,89701.0,4.952797284650124,-0.053861812961900846,,,0.7769431981946755,0.4980266,0.7769431981946755,100,100,3,10,100,2,50,10,50,10,1,10,2,5,1,1,50,1.2000000000000002,1.7999999999999998,7.0,3.0,90.0,10.0,8.0,2.0,1.0,0.5,5,42.5,7.5
654,1,8,1,1,2,3,0,0,0,3,3,1,3,0,1,1,3,88133.33333,110266.6667,111733.3333,130150.0,110070.8333325,11.22444444,50.0,9806.35023148638,110071.8333325,5.0416762000502215,0.11056625892249983,,,0.8657782301743017,0.4980266,0.8657782301743017,100,100,3,10,100,2,50,10,50,10,1,10,2,5,1,1,50,1.2000000000000002,1.7999999999999998,7.0,3.0,90.0,10.0,8.0,2.0,1.0,0.5,5,42.5,7.5
655,1,8,1,0,3,3,1,0,0,3,3,1,3,0,1,0,3,83883.33333,112233.3333,101383.3333,114200.0,102924.9999825,11.22444444,50.0,9169.718869622737,102925.9999825,5.012525095098934,0.07267258821581812,,,0.8366405414989682,0.4980266,0.8366405414989682,100,100,3,10,100,2,50,10,50,10,1,10,2,5,1,1,50,1.2000000000000002,1.7999999999999998,7.0,3.0,90.0,10.0,8.0,2.0,1.0,0.5,5,42.5,7.5
656,1,8,1,0,3,3,0,0,0,3,2,1,3,0,1,0,3,86666.66667,94683.33333,96966.66667,104283.3333,95649.9999925,11.22444444,50.0,8521.579887877284,95650.9999925,4.980689514760121,-0.0334026444849318,,,0.8048206786871267,0.4980266,0.8048206786871267,100,100,3,10,100,2,50,10,50,10,1,10,2,5,1,1,50,1.2000000000000002,1.7999999999999998,7.0,3.0,90.0,10.0,8.0,2.0,1.0,0.5,5,42.5,7.5
657,1,8,3,2,0,5,3,3,2,0,3,1,3,1,1,1,3,117100.0,130900.0,106733.3333,147883.3333,125654.16665,11.22444444,50.0,11194.689173409104,125655.16665,5.09918035048095,0.08098661470707391,,,0.9232584141999864,0.4980266,0.9232584141999864,100,100,3,10,100,2,50,10,50,10,1,10,2,5,1,1,50,1.2000000000000002,1.7999999999999998,7.0,3.0,90.0,10.0,8.0,2.0,1.0,0.5,5,42.5,7.5
658,1,8,1,0,3,3,0,0,0,2,3,1,3,0,1,0,3,78283.33333,92433.33333,92833.33333,92616.66667,89041.666665,11.22444444,50.0,7932.835085154557,89042.666665,4.949598157846785,-0.027732260119358365,,,0.773745824435051,0.4980266,0.773745824435051,100,100,3,10,100,2,50,10,50,10,1,10,2,5,1,1,50,1.2000000000000002,1.7999999999999998,7.0,3.0,90.0,10.0,8.0,2.0,1.0,0.5,5,42.5,7.5
659,1,8,1,0,3,3,0,0,0,3,3,1,3,1,1,0,3,79133.33333,84716.66667,86500.0,95500.0,86462.5,11.22444444,50.0,7703.05385377274,86463.5,4.9368328115807145,0.047829845017189676,,,0.7609876031931311,0.4980266,0.7609876031931311,100,100,3,10,100,2,50,10,50,10,1,10,2,5,1,1,50,1.2000000000000002,1.7999999999999998,7.0,3.0,90.0,10.0,8.0,2.0,1.0,0.5,5,42.5,7.5
660,1,8,1,1,3,3,0,0,0,3,3,0,3,0,1,1,3,89400.0,105250.0,105000.0,112983.3333,103158.333325,11.22444444,50.0,9190.506833227286,103159.333325,5.0135085268140065,0.04009907851113148,,,0.8376235057834835,0.4980266,0.8376235057834835,100,100,3,10,100,2,50,10,50,10,1,10,2,5,1,1,50,1.2000000000000002,1.7999999999999998,7.0,3.0,90.0,10.0,8.0,2.0,1.0,0.5,5,42.5,7.5
661,1,8,1,0,3,3,0,0,0,3,3,1,3,0,0,0,3,6816.666667,7550.0,9583.333333,8100.0,8012.5,11.22444444,50.0,713.8437935909103,8013.5,3.903822241264234,-0.47970823378821814,,,-0.26962153141235706,0.4980266,-0.26962153141235706,100,100,3,10,100,2,50,10,50,10,1,10,2,5,1,1,50,1.2000000000000002,1.7999999999999998,7.0,3.0,90.0,10.0,8.0,2.0,1.0,0.5,5,42.5,7.5
662,1,8,1,1,3,3,0,0,1,3,3,1,3,0,1,1,3,101650.0,111000.0,97683.33333,96016.66667,101587.5,11.22444444,50.0,9050.559298772743,101588.5,5.006844547817803,-0.07819569406706517,,,0.830962715016888,0.4980266,0.830962715016888,100,100,3,10,100,2,50,10,50,10,1,10,2,5,1,1,50,1.2000000000000002,1.7999999999999998,7.0,3.0,90.0,10.0,8.0,2.0,1.0,0.5,5,42.5,7.5
663,1,8,1,1,3,2,0,0,0,3,3,1,3,0,1,1,3,10216.66667,14616.66667,14266.66667,11816.66667,12729.16667,11.22444444,50.0,1134.0576131000032,12730.16667,4.104834089701374,-0.4267107193301909,,,-0.06958872467151983,0.4980266,-0.06958872467151983,100,100,3,10,100,2,50,10,50,10,1,10,2,5,1,1,50,1.2000000000000002,1.7999999999999998,7.0,3.0,90.0,10.0,8.0,2.0,1.0,0.5,5,42.5,7.5
664,1,8,1,1,3,3,1,0,0,3,3,1,3,0,1,1,3,97866.66667,99316.66667,95916.66667,104700.0,99450.0000025,11.22444444,50.0,8860.126711313653,99451.0000025,4.997609154412532,-0.05245357499719816,,,0.8217318217009562,0.4980266,0.8217318217009562,100,100,3,10,100,2,50,10,50,10,1,10,2,5,1,1,50,1.2000000000000002,1.7999999999999998,7.0,3.0,90.0,10.0,8.0,2.0,1.0,0.5,5,42.5,7.5
665,1,8,1,1,3,3,0,0,0,2,3,1,3,0,1,1,3,91733.33333,105050.0,93233.33333,91233.33333,95312.4999975,11.22444444,50.0,8491.511585004559,95313.4999975,4.979154417523855,-0.10165653586688439,,,0.8032863688363612,0.4980266,0.8032863688363612,100,100,3,10,100,2,50,10,50,10,1,10,2,5,1,1,50,1.2000000000000002,1.7999999999999998,7.0,3.0,90.0,10.0,8.0,2.0,1.0,0.5,5,42.5,7.5
666,1,8,1,0,3,3,0,0,0,3,3,1,2,0,1,0,3,86650.0,93150.0,95950.0,123866.6667,99904.166675,11.22444444,50.0,8900.588996545472,99905.166675,4.999587948690645,-0.002054270629492372,,,0.8237096437130442,0.4980266,0.8237096437130442,100,100,3,10,100,2,50,10,50,10,1,10,2,5,1,1,50,1.2000000000000002,1.7999999999999998,7.0,3.0,90.0,10.0,8.0,2.0,1.0,0.5,5,42.5,7.5
667,1,8,1,1,3,3,0,0,0,2,3,1,3,0,1,1,3,91850.0,103350.0,88433.33333,115166.6667,99700.0000075,11.22444444,50.0,8882.399529031836,99701.0000075,4.998699514335337,-0.08211143905540208,,,0.8228216453357583,0.4980266,0.8228216453357583,100,100,3,10,100,2,50,10,50,10,1,10,2,5,1,1,50,1.2000000000000002,1.7999999999999998,7.0,3.0,90.0,10.0,8.0,2.0,1.0,0.5,5,42.5,7.5
668,1,8,1,0,0,3,3,0,5,3,3,2,3,1,2,1,2,73700.0,76583.33333,82283.33333,88316.66667,80220.8333325,11.22444444,50.0,7146.9758491227385,80221.8333325,4.90429258281504,-0.036110514342897915,,,0.7284665125772238,0.4980266,0.7284665125772238,100,100,3,10,100,2,50,10,50,10,1,10,2,5,1,1,50,1.2000000000000002,1.7999999999999998,7.0,3.0,90.0,10.0,8.0,2.0,1.0,0.5,5,42.5,7.5
669,1,8,1,1,3,3,0,0,0,3,3,1,2,0,1,1,3,74366.66667,95000.0,92966.66667,83700.0,86508.333335,11.22444444,50.0,7707.137203754559,86509.333335,4.937062965236173,-0.1389189190729594,,,0.7612176265258844,0.4980266,0.7612176265258844,100,100,3,10,100,2,50,10,50,10,1,10,2,5,1,1,50,1.2000000000000002,1.7999999999999998,7.0,3.0,90.0,10.0,8.0,2.0,1.0,0.5,5,42.5,7.5
670,1,8,1,1,3,3,0,0,0,3,3,1,3,0,1,0,3,95083.33333,100466.6667,100250.0,123900.0,104925.0000075,11.22444444,50.0,9347.901410031836,104926.0000075,5.020883116989266,-0.04302802635819436,,,0.8449946242853245,0.4980266,0.8449946242853245,100,100,3,10,100,2,50,10,50,10,1,10,2,5,1,1,50,1.2000000000000002,1.7999999999999998,7.0,3.0,90.0,10.0,8.0,2.0,1.0,0.5,5,42.5,7.5
671,1,8,1,0,3,3,0,0,0,3,3,1,3,0,1,0,3,102233.3333,127683.3333,113983.3333,121383.3333,116320.8333,11.22444444,50.0,10363.170660409096,116321.8333,5.065661238303472,0.16760005701074654,,,0.8897528851402604,0.4980266,0.8897528851402604,100,100,3,10,100,2,50,10,50,10,1,10,2,5,1,1,50,1.2000000000000002,1.7999999999999998,7.0,3.0,90.0,10.0,8.0,2.0,1.0,0.5,5,42.5,7.5
672,1,8,1,0,3,3,0,0,0,3,3,2,3,0,1,0,3,95700.0,110566.6667,92483.33333,118633.3333,104345.8333325,11.22444444,50.0,9296.302715940925,104346.8333325,5.018479273841444,0.15013991035512486,,,0.8425919063077415,0.4980266,0.8425919063077415,100,100,3,10,100,2,50,10,50,10,1,10,2,5,1,1,50,1.2000000000000002,1.7999999999999998,7.0,3.0,90.0,10.0,8.0,2.0,1.0,0.5,5,42.5,7.5
673,1,8,1,1,3,3,0,0,0,3,2,1,3,0,1,1,3,70800.0,85116.66667,71066.66667,93650.0,80158.333335,11.22444444,50.0,7141.407645027286,80159.333335,4.903954096620292,-0.16915420293957695,,,0.7281282330862565,0.4980266,0.7281282330862565,100,100,3,10,100,2,50,10,50,10,1,10,2,5,1,1,50,1.2000000000000002,1.7999999999999998,7.0,3.0,90.0,10.0,8.0,2.0,1.0,0.5,5,42.5,7.5
674,1,8,1,0,2,3,0,0,0,3,3,1,3,0,1,0,3,101433.3333,133316.6667,119966.6667,123833.3333,119637.5,11.22444444,50.0,10658.656705863654,119638.5,5.077870959309075,0.2790907246361245,,,0.9019575365930356,0.4980266,0.9019575365930356,100,100,3,10,100,2,50,10,50,10,1,10,2,5,1,1,50,1.2000000000000002,1.7999999999999998,7.0,3.0,90.0,10.0,8.0,2.0,1.0,0.5,5,42.5,7.5
675,1,8,1,1,3,3,0,0,0,3,3,1,3,0,1,1,2,79983.33333,101316.6667,91833.33333,102616.6667,93937.500015,11.22444444,50.0,8369.011091563656,93938.500015,4.972843621203741,0.05525747273404491,,,0.7969788388473148,0.4980266,0.7969788388473148,100,100,3,10,100,2,50,10,50,10,1,10,2,5,1,1,50,1.2000000000000002,1.7999999999999998,7.0,3.0,90.0,10.0,8.0,2.0,1.0,0.5,5,42.5,7.5
676,1,8,1,1,3,3,0,0,0,3,3,1,3,0,0,1,3,6850.0,8900.0,9650.0,9066.666667,8616.66666675,11.22444444,50.0,767.6697686740922,8617.66666675,3.9353896914707476,-0.5674272678805035,,,-0.23823916580034984,0.4980266,-0.23823916580034984,100,100,3,10,100,2,50,10,50,10,1,10,2,5,1,1,50,1.2000000000000002,1.7999999999999998,7.0,3.0,90.0,10.0,8.0,2.0,1.0,0.5,5,42.5,7.5
677,1,8,1,0,3,3,0,0,3,2,3,0,3,0,1,1,3,87533.33333,127933.3333,109866.6667,117283.3333,110654.1666575,11.22444444,50.0,9858.32013771365,110655.1666575,5.043971696604505,0.0010262159808869242,,,0.8680727080046673,0.4980266,0.8680727080046673,100,100,3,10,100,2,50,10,50,10,1,10,2,5,1,1,50,1.2000000000000002,1.7999999999999998,7.0,3.0,90.0,10.0,8.0,2.0,1.0,0.5,5,42.5,7.5
678,1,8,0,2,2,4,3,3,0,3,3,2,3,0,2,0,3,103650.0,112150.0,116200.0,128383.3333,115095.833325,11.22444444,50.0,10254.033858000013,115096.833325,5.061063374990371,-0.1638506208173105,,,0.885156968119076,0.4980266,0.885156968119076,100,100,3,10,100,2,50,10,50,10,1,10,2,5,1,1,50,1.2000000000000002,1.7999999999999998,7.0,3.0,90.0,10.0,8.0,2.0,1.0,0.5,5,42.5,7.5
679,1,8,1,1,5,3,0,0,1,5,3,1,3,1,1,1,3,73266.66667,83266.66667,78783.33333,80383.33333,78925.0,11.22444444,50.0,7031.528413000012,78926.0,4.897220093151909,-0.061481913142904965,,,0.7213983755215053,0.4980266,0.7213983755215053,100,100,3,10,100,2,50,10,50,10,1,10,2,5,1,1,50,1.2000000000000002,1.7999999999999998,7.0,3.0,90.0,10.0,8.0,2.0,1.0,0.5,5,42.5,7.5
680,1,8,1,2,3,3,0,0,0,3,3,1,3,1,1,1,3,76816.66667,102166.6667,88216.66667,96983.33333,91045.8333425,11.22444444,50.0,8111.388837922745,91046.8333425,4.959264845399536,0.09520911522844067,,,0.7834072540562468,0.4980266,0.7834072540562468,100,100,3,10,100,2,50,10,50,10,1,10,2,5,1,1,50,1.2000000000000002,1.7999999999999998,7.0,3.0,90.0,10.0,8.0,2.0,1.0,0.5,5,42.5,7.5
681,1,8,1,1,3,3,0,0,0,3,3,1,3,0,1,0,3,77550.0,98933.33333,91733.33333,103383.3333,92899.99999,11.22444444,50.0,8276.578897654555,92900.99999,4.968020388781603,-0.0958907545658576,,,0.7921581350055127,0.4980266,0.7921581350055127,100,100,3,10,100,2,50,10,50,10,1,10,2,5,1,1,50,1.2000000000000002,1.7999999999999998,7.0,3.0,90.0,10.0,8.0,2.0,1.0,0.5,5,42.5,7.5
682,1,8,1,1,3,3,0,0,0,3,3,1,3,0,2,0,3,72000.0,78966.66667,71383.33333,67150.0,72375.0,11.22444444,50.0,6447.980600454556,72376.0,4.859594577308641,-0.373589172856879,,,0.6837972448201182,0.4980266,0.6837972448201182,100,100,3,10,100,2,50,10,50,10,1,10,2,5,1,1,50,1.2000000000000002,1.7999999999999998,7.0,3.0,90.0,10.0,8.0,2.0,1.0,0.5,5,42.5,7.5
683,1,8,1,2,3,3,0,0,0,3,3,1,3,0,1,2,3,67933.33333,90816.66667,87500.0,84366.66667,82654.1666675,11.22444444,50.0,7363.7646040591035,82655.1666675,4.91727000594199,0.22939415581649403,,,0.7414361309698912,0.4980266,0.7414361309698912,100,100,3,10,100,2,50,10,50,10,1,10,2,5,1,1,50,1.2000000000000002,1.7999999999999998,7.0,3.0,90.0,10.0,8.0,2.0,1.0,0.5,5,42.5,7.5
684,1,8,1,0,2,3,3,0,1,3,3,1,3,0,1,0,3,99716.66667,98516.66667,102016.6667,106250.0,101625.00001,11.22444444,50.0,9053.900222254564,101626.00001,5.00700483212427,-0.11201091633738613,,,0.8311229220636579,0.4980266,0.8311229220636579,100,100,3,10,100,2,50,10,50,10,1,10,2,5,1,1,50,1.2000000000000002,1.7999999999999998,7.0,3.0,90.0,10.0,8.0,2.0,1.0,0.5,5,42.5,7.5
685,1,8,1,1,3,3,0,0,0,3,3,0,3,0,1,1,3,105683.3333,107200.0,104766.6667,111233.3333,107220.833325,11.22444444,50.0,9552.440113909104,107221.833325,5.030283228706525,0.056873780403649654,,,0.854390395362228,0.4980266,0.854390395362228,100,100,3,10,100,2,50,10,50,10,1,10,2,5,1,1,50,1.2000000000000002,1.7999999999999998,7.0,3.0,90.0,10.0,8.0,2.0,1.0,0.5,5,42.5,7.5
686,1,8,1,1,3,3,0,0,0,3,3,1,3,0,1,1,3,95166.66667,104400.0,101950.0,111333.3333,103212.4999925,11.22444444,50.0,9195.332610377285,103213.4999925,5.013736505322228,0.001835113399029531,,,0.8378513760832257,0.4980266,0.8378513760832257,100,100,3,10,100,2,50,10,50,10,1,10,2,5,1,1,50,1.2000000000000002,1.7999999999999998,7.0,3.0,90.0,10.0,8.0,2.0,1.0,0.5,5,42.5,7.5
687,1,8,1,0,4,4,0,0,0,5,5,1,5,0,1,1,3,106583.3333,108700.0,108433.3333,111650.0,108841.66665,11.22444444,50.0,9696.842211818192,108842.66665,5.036799173471494,0.10758154908301787,,,0.860903385930571,0.4980266,0.860903385930571,100,100,3,10,100,2,50,10,50,10,1,10,2,5,1,1,50,1.2000000000000002,1.7999999999999998,7.0,3.0,90.0,10.0,8.0,2.0,1.0,0.5,5,42.5,7.5
688,1,8,0,0,1,5,0,1,0,1,3,0,4,0,3,1,3,118200.0,122733.3333,110116.6667,114200.0,116312.5,11.22444444,50.0,10362.42823613638,116313.5,5.065630124317852,-0.2232100329276543,,,0.8897217842562034,0.4980266,0.8897217842562034,100,100,3,10,100,2,50,10,50,10,1,10,2,5,1,1,50,1.2000000000000002,1.7999999999999998,7.0,3.0,90.0,10.0,8.0,2.0,1.0,0.5,5,42.5,7.5
689,1,8,0,1,3,3,0,0,0,3,3,1,3,0,2,1,3,113066.6667,106216.6667,88583.33333,102550.0,102604.1666825,11.22444444,50.0,9141.135423759111,102605.1666825,5.011169230222228,-0.04132940780679384,,,0.8352853228096471,0.4980266,0.8352853228096471,100,100,3,10,100,2,50,10,50,10,1,10,2,5,1,1,50,1.2000000000000002,1.7999999999999998,7.0,3.0,90.0,10.0,8.0,2.0,1.0,0.5,5,42.5,7.5
690,1,8,1,0,3,3,0,0,0,3,3,1,3,0,1,0,2,72400.0,104300.0,91566.66667,109416.6667,94420.8333425,11.22444444,50.0,8412.071871104563,94421.8333425,4.9750724286603845,0.13839777301740952,,,0.7992064872992869,0.4980266,0.7992064872992869,100,100,3,10,100,2,50,10,50,10,1,10,2,5,1,1,50,1.2000000000000002,1.7999999999999998,7.0,3.0,90.0,10.0,8.0,2.0,1.0,0.5,5,42.5,7.5
691,1,8,1,0,3,2,0,0,2,3,3,2,3,0,1,0,3,10866.66667,12216.66667,10733.33333,12583.33333,11600.0,11.22444444,50.0,1033.4587214545472,11601.0,4.064495426792728,-0.1697944352361107,,,-0.1097653336936435,0.4980266,-0.1097653336936435,100,100,3,10,100,2,50,10,50,10,1,10,2,5,1,1,50,1.2000000000000002,1.7999999999999998,7.0,3.0,90.0,10.0,8.0,2.0,1.0,0.5,5,42.5,7.5
692,1,8,1,1,3,3,0,0,0,3,3,2,3,0,1,1,3,103583.3333,102966.6667,106200.0,106516.6667,104816.666675,11.22444444,50.0,9338.249855954564,104817.666675,5.02043448773205,0.02043000536575601,,,0.844546204546436,0.4980266,0.844546204546436,100,100,3,10,100,2,50,10,50,10,1,10,2,5,1,1,50,1.2000000000000002,1.7999999999999998,7.0,3.0,90.0,10.0,8.0,2.0,1.0,0.5,5,42.5,7.5
693,1,8,1,1,3,3,0,0,0,3,3,2,3,0,1,1,3,98550.0,99283.33333,94766.66667,107933.3333,100133.333325,11.22444444,50.0,8921.005744227285,100134.333325,5.000583010716605,0.000578528350311025,,,0.8247042184931669,0.4980266,0.8247042184931669,100,100,3,10,100,2,50,10,50,10,1,10,2,5,1,1,50,1.2000000000000002,1.7999999999999998,7.0,3.0,90.0,10.0,8.0,2.0,1.0,0.5,5,42.5,7.5
694,1,8,1,0,3,3,0,0,0,3,3,1,3,0,2,0,3,83550.0,116900.0,99966.66667,106300.0,101679.1666675,11.22444444,50.0,9058.725998513652,101680.1666675,5.007236249413736,-0.055443647874663604,,,0.8313542278564127,0.4980266,0.8313542278564127,100,100,3,10,100,2,50,10,50,10,1,10,2,5,1,1,50,1.2000000000000002,1.7999999999999998,7.0,3.0,90.0,10.0,8.0,2.0,1.0,0.5,5,42.5,7.5
695,1,8,2,0,3,3,0,0,3,3,3,1,3,0,1,0,3,95683.33333,94500.0,89033.33333,95416.66667,93658.3333325,11.22444444,50.0,8344.139777531831,93659.3333325,4.971551062147247,0.05493596310258475,,,0.7956869546644828,0.4980266,0.7956869546644828,100,100,3,10,100,2,50,10,50,10,1,10,2,5,1,1,50,1.2000000000000002,1.7999999999999998,7.0,3.0,90.0,10.0,8.0,2.0,1.0,0.5,5,42.5,7.5
696,1,8,1,0,3,3,0,1,0,3,3,1,3,0,1,0,3,108100.0,98083.33333,109383.3333,112866.6667,107108.3333325,11.22444444,50.0,9542.417346804561,107109.3333325,5.029827316193138,0.09549817292619078,,,0.8539346912133817,0.4980266,0.8539346912133817,100,100,3,10,100,2,50,10,50,10,1,10,2,5,1,1,50,1.2000000000000002,1.7999999999999998,7.0,3.0,90.0,10.0,8.0,2.0,1.0,0.5,5,42.5,7.5
697,1,8,0,0,0,3,3,3,3,1,3,1,3,1,1,1,2,88000.0,122850.0,97900.0,102316.6667,102766.666675,11.22444444,50.0,9155.612754318201,102767.666675,5.011856496046301,0.20571254281325402,,,0.8359722608398542,0.4980266,0.8359722608398542,100,100,3,10,100,2,50,10,50,10,1,10,2,5,1,1,50,1.2000000000000002,1.7999999999999998,7.0,3.0,90.0,10.0,8.0,2.0,1.0,0.5,5,42.5,7.5
698,1,8,1,2,3,3,0,0,0,3,3,2,3,1,1,2,3,78583.33333,87433.33333,77100.0,82216.66667,81333.3333325,11.22444444,50.0,7246.0898859863755,81334.3333325,4.910273911268044,0.2010721218101974,,,0.7344442148403516,0.4980266,0.7344442148403516,100,100,3,10,100,2,50,10,50,10,1,10,2,5,1,1,50,1.2000000000000002,1.7999999999999998,7.0,3.0,90.0,10.0,8.0,2.0,1.0,0.5,5,42.5,7.5
699,1,8,1,1,2,3,0,0,0,3,3,1,3,0,1,1,3,86150.0,111133.3333,103916.6667,103300.0,101125.0,11.22444444,50.0,9009.354586818197,101126.0,5.004862829229324,0.07375288810160185,,,0.8289819540079231,0.4980266,0.8289819540079231,100,100,3,10,100,2,50,10,50,10,1,10,2,5,1,1,50,1.2000000000000002,1.7999999999999998,7.0,3.0,90.0,10.0,8.0,2.0,1.0,0.5,5,42.5,7.5
700,1,8,1,0,5,3,1,0,0,3,3,2,3,0,1,0,3,114850.0,128250.0,106500.0,119900.0,117375.0,11.22444444,50.0,10457.087709545473,117376.0,5.069579305317889,-0.001044641923425793,,,0.8936693097996052,0.4980266,0.8936693097996052,100,100,3,10,100,2,50,10,50,10,1,10,2,5,1,1,50,1.2000000000000002,1.7999999999999998,7.0,3.0,90.0,10.0,8.0,2.0,1.0,0.5,5,42.5,7.5
701,1,8,1,0,3,3,0,0,3,2,2,1,3,3,1,0,3,61716.66667,84500.0,63350.0,71133.33333,70175.0,11.22444444,50.0,6251.9798084545555,70176.0,4.846188609997429,-0.11232257609131402,,,0.6704004888179345,0.4980266,0.6704004888179345,100,100,3,10,100,2,50,10,50,10,1,10,2,5,1,1,50,1.2000000000000002,1.7999999999999998,7.0,3.0,90.0,10.0,8.0,2.0,1.0,0.5,5,42.5,7.5
702,1,8,3,2,3,5,0,0,0,3,3,1,3,1,1,1,3,85400.0,75033.33333,75233.33333,94400.0,82516.666665,11.22444444,50.0,7351.514554336375,82517.666665,4.916546939019461,0.022301366404503753,,,0.7407134928017267,0.4980266,0.7407134928017267,100,100,3,10,100,2,50,10,50,10,1,10,2,5,1,1,50,1.2000000000000002,1.7999999999999998,7.0,3.0,90.0,10.0,8.0,2.0,1.0,0.5,5,42.5,7.5
703,1,8,1,0,3,3,0,0,0,3,3,1,3,1,1,1,3,67816.66667,80650.0,82366.66667,96366.66667,81800.0000025,11.22444444,50.0,7287.665811859104,81801.0000025,4.912758612875639,0.0987514689493798,,,0.736927424705544,0.4980266,0.736927424705544,100,100,3,10,100,2,50,10,50,10,1,10,2,5,1,1,50,1.2000000000000002,1.7999999999999998,7.0,3.0,90.0,10.0,8.0,2.0,1.0,0.5,5,42.5,7.5
704,1,8,2,1,3,3,0,0,0,3,3,1,3,1,1,0,3,89650.0,84950.0,82666.66667,75650.0,83229.1666675,11.22444444,50.0,7414.9920837863765,83230.1666675,4.920280764303778,-0.1483625623718341,,,0.7444451117033178,0.4980266,0.7444451117033178,100,100,3,10,100,2,50,10,50,10,1,10,2,5,1,1,50,1.2000000000000002,1.7999999999999998,7.0,3.0,90.0,10.0,8.0,2.0,1.0,0.5,5,42.5,7.5
705,1,8,0,1,1,5,0,0,0,3,3,0,4,0,1,1,3,138016.6667,141900.0,157250.0,124500.0,140416.666675,11.22444444,50.0,12509.899035590932,140417.666675,5.147421752072881,0.11355717292080847,,,0.9714820175225026,0.4980266,0.9714820175225026,100,100,3,10,100,2,50,10,50,10,1,10,2,5,1,1,50,1.2000000000000002,1.7999999999999998,7.0,3.0,90.0,10.0,8.0,2.0,1.0,0.5,5,42.5,7.5
706,1,8,1,2,3,3,0,0,0,3,3,1,3,0,0,0,3,7116.666667,8116.666667,8283.333333,7783.333333,7825.0,11.22444444,50.0,697.1391806363648,7826.0,3.8935398435646613,-0.4771274528257905,,,-0.2798406965940431,0.4980266,-0.2798406965940431,100,100,3,10,100,2,50,10,50,10,1,10,2,5,1,1,50,1.2000000000000002,1.7999999999999998,7.0,3.0,90.0,10.0,8.0,2.0,1.0,0.5,5,42.5,7.5
707,1,8,1,0,4,3,0,0,1,2,3,1,3,0,1,1,3,106383.3333,116566.6667,106466.6667,97400.0,106704.166675,11.22444444,50.0,9506.409626363655,106705.166675,5.02818544851648,-0.031821015317387236,,,0.8522935757293969,0.4980266,0.8522935757293969,100,100,3,10,100,2,50,10,50,10,1,10,2,5,1,1,50,1.2000000000000002,1.7999999999999998,7.0,3.0,90.0,10.0,8.0,2.0,1.0,0.5,5,42.5,7.5
708,1,8,1,1,3,2,0,0,0,3,3,1,3,0,1,1,3,12633.33333,13683.33333,11233.33333,12483.33333,12508.33333,11.22444444,50.0,1114.3832905818188,12509.33333,4.097234165103714,-0.43431064392785057,,,-0.07715925290394819,0.4980266,-0.07715925290394819,100,100,3,10,100,2,50,10,50,10,1,10,2,5,1,1,50,1.2000000000000002,1.7999999999999998,7.0,3.0,90.0,10.0,8.0,2.0,1.0,0.5,5,42.5,7.5
709,1,8,2,1,3,2,1,0,0,4,3,2,3,0,1,0,3,10350.0,11633.33333,9800.0,10183.33333,10491.666665,11.22444444,50.0,934.7158980636374,10492.666665,4.020885876250453,-0.47892152574767444,,,-0.15318197966013247,0.4980266,-0.15318197966013247,100,100,3,10,100,2,50,10,50,10,1,10,2,5,1,1,50,1.2000000000000002,1.7999999999999998,7.0,3.0,90.0,10.0,8.0,2.0,1.0,0.5,5,42.5,7.5
710,1,8,1,1,3,2,0,0,0,2,4,2,3,0,1,1,3,12050.0,14100.0,11316.66667,11800.0,12316.6666675,11.22444444,50.0,1097.3074643772748,12317.6666675,4.090528447324934,-0.3874915284445679,,,-0.08383860413103268,0.4980266,-0.08383860413103268,100,100,3,10,100,2,50,10,50,10,1,10,2,5,1,1,50,1.2000000000000002,1.7999999999999998,7.0,3.0,90.0,10.0,8.0,2.0,1.0,0.5,5,42.5,7.5
711,1,8,1,0,3,3,0,0,0,3,3,1,3,0,1,0,3,109783.3333,106016.6667,83983.33333,98966.66667,99687.5,11.22444444,50.0,8881.285887500015,99688.5,4.99864506127449,0.1005838799817651,,,0.8227672190254592,0.4980266,0.8227672190254592,100,100,3,10,100,2,50,10,50,10,1,10,2,5,1,1,50,1.2000000000000002,1.7999999999999998,7.0,3.0,90.0,10.0,8.0,2.0,1.0,0.5,5,42.5,7.5
712,1,8,1,1,3,3,0,0,0,2,3,1,2,1,1,1,3,92933.33333,85666.66667,94116.66667,87016.66667,89933.333335,11.22444444,50.0,8012.274800390924,89934.333335,4.953925519668757,-0.1980563053890716,,,0.7780708180399616,0.4980266,0.7780708180399616,100,100,3,10,100,2,50,10,50,10,1,10,2,5,1,1,50,1.2000000000000002,1.7999999999999998,7.0,3.0,90.0,10.0,8.0,2.0,1.0,0.5,5,42.5,7.5
713,1,8,1,0,0,3,3,0,5,3,3,2,3,1,2,1,3,83683.33333,105850.0,102650.0,90066.66667,95562.5,11.22444444,50.0,8513.784402500014,95563.5,4.980292047344593,-0.16926894421762118,,,0.8044234148746676,0.4980266,0.8044234148746676,100,100,3,10,100,2,50,10,50,10,1,10,2,5,1,1,50,1.2000000000000002,1.7999999999999998,7.0,3.0,90.0,10.0,8.0,2.0,1.0,0.5,5,42.5,7.5
714,1,8,1,1,3,3,0,0,0,3,3,1,3,0,1,1,3,71600.0,90766.66667,57800.0,100800.0,80241.6666675,11.22444444,50.0,7148.831917377285,80242.6666675,4.904405352960224,-0.10749603896297444,,,0.7285792138926732,0.4980266,0.7285792138926732,100,100,3,10,100,2,50,10,50,10,1,10,2,5,1,1,50,1.2000000000000002,1.7999999999999998,7.0,3.0,90.0,10.0,8.0,2.0,1.0,0.5,5,42.5,7.5
715,1,8,1,2,1,3,0,0,0,3,3,1,3,0,3,0,3,20450.0,22133.33333,22800.0,24366.66667,22437.5,11.22444444,50.0,1998.985350227276,22438.5,4.350993821234008,-0.3009306077063849,,,0.17584991729792657,0.4980266,0.17584991729792657,100,100,3,10,100,2,50,10,50,10,1,10,2,5,1,1,50,1.2000000000000002,1.7999999999999998,7.0,3.0,90.0,10.0,8.0,2.0,1.0,0.5,5,42.5,7.5
716,1,8,1,0,3,3,0,0,0,3,3,1,3,0,1,0,3,104266.6667,101583.3333,72066.66667,111483.3333,97349.9999925,11.22444444,50.0,8673.03504533183,97350.9999925,4.988340416965389,0.09027923567266427,,,0.8124676977894927,0.4980266,0.8124676977894927,100,100,3,10,100,2,50,10,50,10,1,10,2,5,1,1,50,1.2000000000000002,1.7999999999999998,7.0,3.0,90.0,10.0,8.0,2.0,1.0,0.5,5,42.5,7.5
717,1,8,1,1,3,3,0,0,0,3,3,2,3,0,2,1,3,102850.0,95716.66667,66033.33333,93616.66667,89554.1666675,11.22444444,50.0,7978.494360786377,89555.1666675,4.95209064647156,-0.191740386632965,,,0.7762369461268624,0.4980266,0.7762369461268624,100,100,3,10,100,2,50,10,50,10,1,10,2,5,1,1,50,1.2000000000000002,1.7999999999999998,7.0,3.0,90.0,10.0,8.0,2.0,1.0,0.5,5,42.5,7.5
718,1,8,0,1,3,5,0,0,0,3,2,0,4,0,1,1,3,76333.33333,115100.0,68216.66667,74466.66667,83529.1666675,11.22444444,50.0,7441.71946451365,83530.1666675,4.921843347953247,-0.34207496390855496,,,0.7460067776070279,0.4980266,0.7460067776070279,100,100,3,10,100,2,50,10,50,10,1,10,2,5,1,1,50,1.2000000000000002,1.7999999999999998,7.0,3.0,90.0,10.0,8.0,2.0,1.0,0.5,5,42.5,7.5
719,1,8,2,0,2,3,0,0,0,3,3,1,3,0,1,0,3,88350.0,88116.66667,65900.0,93266.66667,83908.333335,11.22444444,50.0,7475.499904118195,83909.333335,4.923810270607565,0.1328372607309074,,,0.7479725497184623,0.4980266,0.7479725497184623,100,100,3,10,100,2,50,10,50,10,1,10,2,5,1,1,50,1.2000000000000002,1.7999999999999998,7.0,3.0,90.0,10.0,8.0,2.0,1.0,0.5,5,42.5,7.5
720,2,1,4,4,2,5,5,5,5,5,3,3,2,3,1,2,0,16.66666667,16.66666667,0.0,83.33333333,29.166666667500003,6.177222222,16.667,4.721647630487333,30.166666667500003,1.479527324497538,,0.09452095135295235,,-2.5149066571073284,0.4689555,-2.5149066571073284,100,100,3,10,100,2,50,10,50,10,1,10,2,5,1,1,50,1.2000000000000002,1.7999999999999998,7.0,3.0,90.0,10.0,8.0,2.0,1.0,0.5,5,42.5,7.5
721,2,1,3,4,3,3,3,3,3,4,2,0,1,4,2,1,1,50.0,0.0,0.0,0.0,12.5,6.177222222,16.667,2.023563270151041,13.5,1.130333768495006,,-1.031790358070113,,-2.7111994974158846,0.4689555,-2.7111994974158846,100,100,3,10,100,2,50,10,50,10,1,10,2,5,1,1,50,1.2000000000000002,1.7999999999999998,7.0,3.0,90.0,10.0,8.0,2.0,1.0,0.5,5,42.5,7.5
722,2,1,3,5,4,5,5,5,0,1,5,2,5,4,0,0,2,16.66666667,0.0,0.0,0.0,4.1666666675,6.177222222,16.667,0.6745210901852513,5.1666666675,0.7132104435206765,,-0.6858207578251296,,-2.8573255477577755,0.4689555,-2.8573255477577755,100,100,3,10,100,2,50,10,50,10,1,10,2,5,1,1,50,1.2000000000000002,1.7999999999999998,7.0,3.0,90.0,10.0,8.0,2.0,1.0,0.5,5,42.5,7.5
723,2,1,5,5,2,3,3,3,4,5,3,1,0,5,1,3,0,0.0,0.0,0.0,0.0,0.0,6.177222222,16.667,0.0,1.0,0.0,,0.09144956290603495,,-2.9542338236365446,0.4689555,-1.5781969554006117,100,100,3,10,100,2,50,10,50,10,1,10,2,5,1,1,50,1.2000000000000002,1.7999999999999998,7.0,3.0,90.0,10.0,8.0,2.0,1.0,0.5,5,42.5,7.5
724,2,1,2,4,3,0,4,2,4,1,3,2,2,1,1,2,2,0.0,16.66666667,16.66666667,0.0,8.333333335,6.177222222,16.667,1.3490421803705026,9.333333335,0.9700367767001093,,-0.7343101985796855,,-2.7781454598002027,0.4689555,-2.7781454598002027,100,100,3,10,100,2,50,10,50,10,1,10,2,5,1,1,50,1.2000000000000002,1.7999999999999998,7.0,3.0,90.0,10.0,8.0,2.0,1.0,0.5,5,42.5,7.5
725,2,1,2,4,5,1,2,5,2,5,1,5,1,5,3,2,2,66.66666667,66.66666667,83.33333333,300.0,129.1666666675,6.177222222,16.667,20.910153791695663,130.1666666675,2.114499783496437,,0.13723118619982433,,-2.0122334637425627,0.4689555,-2.0122334637425627,100,100,3,10,100,2,50,10,50,10,1,10,2,5,1,1,50,1.2000000000000002,1.7999999999999998,7.0,3.0,90.0,10.0,8.0,2.0,1.0,0.5,5,42.5,7.5
726,2,1,0,0,2,3,0,2,5,5,4,4,4,0,3,2,1,9083.333333,8050.0,13116.66667,12083.33333,10583.33333325,6.177222222,16.667,1713.283568714391,10584.33333325,4.024663508665418,,0.017292197821022093,,-0.15078538013726633,0.4689555,-0.15078538013726633,100,100,3,10,100,2,50,10,50,10,1,10,2,5,1,1,50,1.2000000000000002,1.7999999999999998,7.0,3.0,90.0,10.0,8.0,2.0,1.0,0.5,5,42.5,7.5
727,2,1,2,1,5,1,5,1,2,4,1,4,3,3,2,3,1,133.3333333,183.3333333,166.6666667,233.3333333,179.16666665,6.177222222,16.667,29.004406869466838,180.16666665,2.2556744435294913,,-0.6778299644709525,,-1.88420390364451,0.4689555,-1.88420390364451,100,100,3,10,100,2,50,10,50,10,1,10,2,5,1,1,50,1.2000000000000002,1.7999999999999998,7.0,3.0,90.0,10.0,8.0,2.0,1.0,0.5,5,42.5,7.5
728,2,1,3,2,4,0,5,4,2,3,3,4,4,5,2,1,2,33.33333333,100.0,50.0,66.66666667,62.5,6.177222222,16.667,10.117816350755206,63.5,1.8027737252919758,,0.23501231549089496,,-2.277547071209963,0.4689555,-2.277547071209963,100,100,3,10,100,2,50,10,50,10,1,10,2,5,1,1,50,1.2000000000000002,1.7999999999999998,7.0,3.0,90.0,10.0,8.0,2.0,1.0,0.5,5,42.5,7.5
729,2,1,3,5,4,2,3,2,4,0,5,5,0,5,1,3,1,0.0,0.0,0.0,0.0,0.0,6.177222222,16.667,0.0,1.0,0.0,,-0.7076322917026294,,-2.9542338236365446,0.4689555,-1.0309871135489437,100,100,3,10,100,2,50,10,50,10,1,10,2,5,1,1,50,1.2000000000000002,1.7999999999999998,7.0,3.0,90.0,10.0,8.0,2.0,1.0,0.5,5,42.5,7.5
730,2,1,1,2,0,1,3,3,5,1,0,1,2,2,1,0,2,483.3333333,600.0,600.0,550.0,558.333333325,6.177222222,16.667,90.38582606539745,559.333333325,2.7476707017665487,,-0.2227066788180343,,-1.4164231626075008,0.4689555,-1.4164231626075008,100,100,3,10,100,2,50,10,50,10,1,10,2,5,1,1,50,1.2000000000000002,1.7999999999999998,7.0,3.0,90.0,10.0,8.0,2.0,1.0,0.5,5,42.5,7.5
731,2,1,2,1,0,5,4,5,3,0,3,2,1,2,3,2,3,109216.6667,97866.66667,127300.0,139666.6667,118512.5000175,6.177222222,16.667,19185.403367135008,118513.5000175,5.073767824178725,,0.19086153745044232,,0.8977339732828742,0.4689555,0.8977339732828742,100,100,3,10,100,2,50,10,50,10,1,10,2,5,1,1,50,1.2000000000000002,1.7999999999999998,7.0,3.0,90.0,10.0,8.0,2.0,1.0,0.5,5,42.5,7.5
732,2,1,1,3,3,3,2,3,0,4,4,5,1,2,1,2,3,10383.33333,11083.33333,20116.66667,10116.66667,12924.999999999998,6.177222222,16.667,2092.3644213361763,12925.999999999998,4.111464151586654,,0.5896153879242787,,-0.06410103818879848,0.4689555,-0.06410103818879848,100,100,3,10,100,2,50,10,50,10,1,10,2,5,1,1,50,1.2000000000000002,1.7999999999999998,7.0,3.0,90.0,10.0,8.0,2.0,1.0,0.5,5,42.5,7.5
733,2,1,4,5,4,0,1,3,2,0,4,2,4,1,1,3,3,16.66666667,0.0,16.66666667,0.0,8.333333335,6.177222222,16.667,1.3490421803705026,9.333333335,0.9700367767001093,,0.738204899237343,,-2.7781454598002027,0.4689555,-2.7781454598002027,100,100,3,10,100,2,50,10,50,10,1,10,2,5,1,1,50,1.2000000000000002,1.7999999999999998,7.0,3.0,90.0,10.0,8.0,2.0,1.0,0.5,5,42.5,7.5
734,2,1,5,1,4,2,5,3,2,1,3,4,2,4,2,0,3,0.0,0.0,16.66666667,0.0,4.1666666675,6.177222222,16.667,0.6745210901852513,5.1666666675,0.7132104435206765,,-0.40250731786526606,,-2.8573255477577755,0.4689555,-2.8573255477577755,100,100,3,10,100,2,50,10,50,10,1,10,2,5,1,1,50,1.2000000000000002,1.7999999999999998,7.0,3.0,90.0,10.0,8.0,2.0,1.0,0.5,5,42.5,7.5
735,2,1,2,5,4,1,5,1,1,3,1,1,4,4,3,2,2,0.0,0.0,0.0,0.0,0.0,6.177222222,16.667,0.0,1.0,0.0,,-0.3801618229650638,,-2.9542338236365446,0.4689555,-2.2831378924257737,100,100,3,10,100,2,50,10,50,10,1,10,2,5,1,1,50,1.2000000000000002,1.7999999999999998,7.0,3.0,90.0,10.0,8.0,2.0,1.0,0.5,5,42.5,7.5
736,2,1,2,0,3,5,0,1,4,0,2,2,1,4,0,2,3,15233.33333,15866.66667,23800.0,22533.33333,19358.3333325,6.177222222,16.667,3133.824984239008,19359.3333325,4.286890397652042,,-0.3279250684351869,,0.11115045957572026,0.4689555,0.11115045957572026,100,100,3,10,100,2,50,10,50,10,1,10,2,5,1,1,50,1.2000000000000002,1.7999999999999998,7.0,3.0,90.0,10.0,8.0,2.0,1.0,0.5,5,42.5,7.5
737,2,1,0,4,1,2,4,1,5,4,5,2,5,1,1,1,3,500.0,600.0,716.6666667,650.0,616.666666675,6.177222222,16.667,99.8291213288004,617.666666675,2.7907541646050946,,-0.17395779319153615,,-1.3744586842408173,0.4689555,-1.3744586842408173,100,100,3,10,100,2,50,10,50,10,1,10,2,5,1,1,50,1.2000000000000002,1.7999999999999998,7.0,3.0,90.0,10.0,8.0,2.0,1.0,0.5,5,42.5,7.5
738,2,1,4,2,0,4,4,2,4,4,4,2,1,3,0,1,1,2633.333333,4500.0,5383.333333,3800.0,4079.1666665000002,6.177222222,16.667,660.3561471323089,4080.1666665000002,3.6106779034974563,,0.032567077662641886,,-0.5637489476084117,0.4689555,-0.5637489476084117,100,100,3,10,100,2,50,10,50,10,1,10,2,5,1,1,50,1.2000000000000002,1.7999999999999998,7.0,3.0,90.0,10.0,8.0,2.0,1.0,0.5,5,42.5,7.5
739,2,1,5,3,3,1,4,4,1,4,2,5,2,1,0,2,0,0.0,0.0,0.0,16.66666667,4.1666666675,6.177222222,16.667,0.6745210901852513,5.1666666675,0.7132104435206765,,0.33978313606219257,,-2.8573255477577755,0.4689555,-2.8573255477577755,100,100,3,10,100,2,50,10,50,10,1,10,2,5,1,1,50,1.2000000000000002,1.7999999999999998,7.0,3.0,90.0,10.0,8.0,2.0,1.0,0.5,5,42.5,7.5
740,2,1,5,5,0,5,4,3,0,0,0,4,1,1,0,2,1,0.0,0.0,0.0,16.66666667,4.1666666675,6.177222222,16.667,0.6745210901852513,5.1666666675,0.7132104435206765,,0.01354436314855556,,-2.8573255477577755,0.4689555,-2.8573255477577755,100,100,3,10,100,2,50,10,50,10,1,10,2,5,1,1,50,1.2000000000000002,1.7999999999999998,7.0,3.0,90.0,10.0,8.0,2.0,1.0,0.5,5,42.5,7.5
741,2,1,2,4,0,3,0,2,5,1,2,4,1,3,1,3,3,166.6666667,150.0,366.6666667,183.3333333,216.666666675,6.177222222,16.667,35.07509668396708,217.666666675,2.3377919265720384,,-0.6986393348531528,,-1.8081138533253311,0.4689555,-1.8081138533253311,100,100,3,10,100,2,50,10,50,10,1,10,2,5,1,1,50,1.2000000000000002,1.7999999999999998,7.0,3.0,90.0,10.0,8.0,2.0,1.0,0.5,5,42.5,7.5
742,2,1,2,5,1,4,3,0,5,2,0,1,5,3,0,0,3,0.0,0.0,0.0,0.0,0.0,6.177222222,16.667,0.0,1.0,0.0,,-0.9334848827845432,,-2.9542338236365446,0.4689555,-1.9542973168383782,100,100,3,10,100,2,50,10,50,10,1,10,2,5,1,1,50,1.2000000000000002,1.7999999999999998,7.0,3.0,90.0,10.0,8.0,2.0,1.0,0.5,5,42.5,7.5
743,2,1,0,3,5,5,4,2,4,4,2,1,4,0,1,0,0,150.0,216.6666667,283.3333333,216.6666667,216.666666675,6.177222222,16.667,35.07509668396708,217.666666675,2.3377919265720384,,-1.4991122857504293,,-1.8081138533253311,0.4689555,-1.8081138533253311,100,100,3,10,100,2,50,10,50,10,1,10,2,5,1,1,50,1.2000000000000002,1.7999999999999998,7.0,3.0,90.0,10.0,8.0,2.0,1.0,0.5,5,42.5,7.5
744,2,1,1,3,3,4,0,0,4,3,0,4,4,3,2,3,2,3416.666667,3466.666667,9200.0,6233.333333,5579.166666749999,6.177222222,16.667,903.1837395909049,5580.166666749999,3.746647170509063,,-0.255060304139092,,-0.42822646222199456,0.4689555,-0.42822646222199456,100,100,3,10,100,2,50,10,50,10,1,10,2,5,1,1,50,1.2000000000000002,1.7999999999999998,7.0,3.0,90.0,10.0,8.0,2.0,1.0,0.5,5,42.5,7.5
745,2,1,2,1,1,5,5,4,5,4,1,3,1,2,2,1,2,15916.66667,13850.0,30000.0,17550.0,19329.1666675,6.177222222,16.667,3129.1033368784642,19330.1666675,4.286235598594694,,-0.35200448224640546,,0.11049619040059207,0.4689555,0.11049619040059207,100,100,3,10,100,2,50,10,50,10,1,10,2,5,1,1,50,1.2000000000000002,1.7999999999999998,7.0,3.0,90.0,10.0,8.0,2.0,1.0,0.5,5,42.5,7.5
746,2,1,5,2,5,3,1,3,2,1,1,0,2,4,1,3,2,33.33333333,0.0,0.0,0.0,8.3333333325,6.177222222,16.667,1.34904217996579,9.3333333325,0.9700367765837805,,-0.547589745601933,,-2.7781454598436315,0.4689555,-2.7781454598436315,100,100,3,10,100,2,50,10,50,10,1,10,2,5,1,1,50,1.2000000000000002,1.7999999999999998,7.0,3.0,90.0,10.0,8.0,2.0,1.0,0.5,5,42.5,7.5
747,2,1,0,3,5,4,2,4,1,4,5,3,2,1,1,1,0,24450.0,24283.33333,37000.0,25616.66667,27837.5,6.177222222,16.667,4506.475402626368,27838.5,4.444645830820956,,-0.4656414513593372,,0.2687989160279573,0.4689555,0.2687989160279573,100,100,3,10,100,2,50,10,50,10,1,10,2,5,1,1,50,1.2000000000000002,1.7999999999999998,7.0,3.0,90.0,10.0,8.0,2.0,1.0,0.5,5,42.5,7.5
748,2,1,5,2,5,5,1,0,3,2,3,1,3,0,2,2,3,0.0,33.33333333,16.66666667,0.0,12.5,6.177222222,16.667,2.023563270151041,13.5,1.130333768495006,,-1.1323135694830682,,-2.7111994974158846,0.4689555,-2.7111994974158846,100,100,3,10,100,2,50,10,50,10,1,10,2,5,1,1,50,1.2000000000000002,1.7999999999999998,7.0,3.0,90.0,10.0,8.0,2.0,1.0,0.5,5,42.5,7.5
749,2,1,0,1,1,3,1,2,1,4,1,3,2,1,2,1,3,28566.66667,36316.66667,52900.0,26416.66667,36050.0000025,6.177222222,16.667,5835.956471520314,36051.0000025,4.5569173159221394,,-0.10300498129472846,,0.3810147510391227,0.4689555,0.3810147510391227,100,100,3,10,100,2,50,10,50,10,1,10,2,5,1,1,50,1.2000000000000002,1.7999999999999998,7.0,3.0,90.0,10.0,8.0,2.0,1.0,0.5,5,42.5,7.5
750,2,1,2,1,1,2,2,0,5,2,4,1,2,5,2,1,1,866.6666667,983.3333333,1266.666667,800.0,979.16666675,6.177222222,16.667,158.51245617532197,980.16666675,2.9912999290553177,,-0.3813029000218471,,-1.1779044544122934,0.4689555,-1.1779044544122934,100,100,3,10,100,2,50,10,50,10,1,10,2,5,1,1,50,1.2000000000000002,1.7999999999999998,7.0,3.0,90.0,10.0,8.0,2.0,1.0,0.5,5,42.5,7.5
751,2,1,3,1,5,1,4,4,1,3,3,3,3,2,2,2,2,1316.666667,1400.0,1450.0,1683.333333,1462.5,6.177222222,16.667,236.7569026076718,1463.5,3.1653927267698108,,0.012707858665611305,,-1.0060740498430252,0.4689555,-1.0060740498430252,100,100,3,10,100,2,50,10,50,10,1,10,2,5,1,1,50,1.2000000000000002,1.7999999999999998,7.0,3.0,90.0,10.0,8.0,2.0,1.0,0.5,5,42.5,7.5
752,2,1,1,0,0,2,1,1,2,5,3,4,2,1,3,2,2,2000.0,2333.333333,2633.333333,1983.333333,2237.4999997500004,6.177222222,16.667,362.21782531656515,2238.4999997500004,3.349957098670961,,-0.37563836166567954,,-0.8231051714878928,0.4689555,-0.8231051714878928,100,100,3,10,100,2,50,10,50,10,1,10,2,5,1,1,50,1.2000000000000002,1.7999999999999998,7.0,3.0,90.0,10.0,8.0,2.0,1.0,0.5,5,42.5,7.5
753,2,1,4,1,0,2,0,0,3,2,1,4,4,0,2,3,1,116.6666667,266.6666667,250.0,133.3333333,191.666666675,6.177222222,16.667,31.027970143665,192.666666675,2.284806583719651,,-0.052240108625517756,,-1.8573318015432816,0.4689555,-1.8573318015432816,100,100,3,10,100,2,50,10,50,10,1,10,2,5,1,1,50,1.2000000000000002,1.7999999999999998,7.0,3.0,90.0,10.0,8.0,2.0,1.0,0.5,5,42.5,7.5
754,2,1,3,3,1,0,4,3,2,5,4,3,3,1,2,1,2,33.33333333,16.66666667,50.0,0.0,25.0,6.177222222,16.667,4.047126540302082,26.0,1.414973347970818,,-0.6812307173958649,,-2.5562990264253296,0.4689555,-2.5562990264253296,100,100,3,10,100,2,50,10,50,10,1,10,2,5,1,1,50,1.2000000000000002,1.7999999999999998,7.0,3.0,90.0,10.0,8.0,2.0,1.0,0.5,5,42.5,7.5
755,2,1,5,2,5,3,1,3,3,0,2,1,4,0,1,2,3,0.0,0.0,0.0,0.0,0.0,6.177222222,16.667,0.0,1.0,0.0,,-1.4790737572737223,,-2.9542338236365446,0.4689555,-2.4517776951989734,100,100,3,10,100,2,50,10,50,10,1,10,2,5,1,1,50,1.2000000000000002,1.7999999999999998,7.0,3.0,90.0,10.0,8.0,2.0,1.0,0.5,5,42.5,7.5
756,2,1,1,2,4,4,0,1,3,4,0,1,5,4,3,1,0,1750.0,2316.666667,2900.0,3300.0,2566.66666675,6.177222222,16.667,415.50499148450416,2567.66666675,3.4095386431556354,,-0.07260017909816652,,-0.7639107552170299,0.4689555,-0.7639107552170299,100,100,3,10,100,2,50,10,50,10,1,10,2,5,1,1,50,1.2000000000000002,1.7999999999999998,7.0,3.0,90.0,10.0,8.0,2.0,1.0,0.5,5,42.5,7.5
757,2,1,1,3,1,5,1,1,4,0,4,2,5,1,3,0,3,27750.0,29216.66667,38216.66667,41866.66667,34262.5000025,6.177222222,16.667,5546.586923888715,34263.5000025,4.534831723899032,,-0.6784031669002744,,0.3589390007936944,0.4689555,0.3589390007936944,100,100,3,10,100,2,50,10,50,10,1,10,2,5,1,1,50,1.2000000000000002,1.7999999999999998,7.0,3.0,90.0,10.0,8.0,2.0,1.0,0.5,5,42.5,7.5
758,2,1,4,4,4,5,2,1,0,0,4,5,1,3,3,2,1,583.3333333,350.0,950.0,216.6666667,525.0,6.177222222,16.667,84.98965734634372,526.0,2.7209857441537393,,0.4555665983039807,,-1.44235888120239,0.4689555,-1.44235888120239,100,100,3,10,100,2,50,10,50,10,1,10,2,5,1,1,50,1.2000000000000002,1.7999999999999998,7.0,3.0,90.0,10.0,8.0,2.0,1.0,0.5,5,42.5,7.5
759,2,1,1,2,3,2,2,1,4,4,5,1,4,4,1,1,2,1900.0,1900.0,1916.666667,2216.666667,1983.3333334999998,6.177222222,16.667,321.072038890946,1984.3333334999998,3.2976146278685676,,-0.8831808967226675,,-0.8750611909731013,0.4689555,-0.8750611909731013,100,100,3,10,100,2,50,10,50,10,1,10,2,5,1,1,50,1.2000000000000002,1.7999999999999998,7.0,3.0,90.0,10.0,8.0,2.0,1.0,0.5,5,42.5,7.5
760,2,1,2,1,5,1,4,4,1,5,2,1,5,5,1,2,0,50.0,16.66666667,66.66666667,50.0,45.833333335,6.177222222,16.667,7.4197319908236254,46.833333335,1.6705550695368916,,-0.166471258492362,,-2.3802089254689647,0.4689555,-2.3802089254689647,100,100,3,10,100,2,50,10,50,10,1,10,2,5,1,1,50,1.2000000000000002,1.7999999999999998,7.0,3.0,90.0,10.0,8.0,2.0,1.0,0.5,5,42.5,7.5
761,2,1,5,4,2,2,0,1,5,1,1,2,3,2,3,2,2,0.0,33.33333333,0.0,16.66666667,12.5,6.177222222,16.667,2.023563270151041,13.5,1.130333768495006,,0.138902137265545,,-2.7111994974158846,0.4689555,-2.7111994974158846,100,100,3,10,100,2,50,10,50,10,1,10,2,5,1,1,50,1.2000000000000002,1.7999999999999998,7.0,3.0,90.0,10.0,8.0,2.0,1.0,0.5,5,42.5,7.5
762,2,1,2,3,1,3,3,2,1,0,1,4,5,4,1,2,0,483.3333333,416.6666667,716.6666667,416.6666667,508.33333335,6.177222222,16.667,82.29157298884041,509.33333335,2.7070020995342197,,-0.41861257207904456,,-1.4559316798934965,0.4689555,-1.4559316798934965,100,100,3,10,100,2,50,10,50,10,1,10,2,5,1,1,50,1.2000000000000002,1.7999999999999998,7.0,3.0,90.0,10.0,8.0,2.0,1.0,0.5,5,42.5,7.5
763,2,1,1,4,2,1,1,0,1,4,3,2,1,2,2,3,0,66.66666667,0.0,16.66666667,16.66666667,25.0000000025,6.177222222,16.667,4.0471265407067945,26.0000000025,1.414973348012577,,0.09851401380515101,,-2.5562990263992718,0.4689555,-2.5562990263992718,100,100,3,10,100,2,50,10,50,10,1,10,2,5,1,1,50,1.2000000000000002,1.7999999999999998,7.0,3.0,90.0,10.0,8.0,2.0,1.0,0.5,5,42.5,7.5
764,2,1,4,2,3,4,0,4,2,3,4,5,2,5,3,2,3,8450.0,7316.666667,14250.0,7166.666667,9295.8333335,6.177222222,16.667,1504.8565519293052,9296.8333335,3.96833504533024,,-0.17255037654002026,,-0.20702495774634333,0.4689555,-0.20702495774634333,100,100,3,10,100,2,50,10,50,10,1,10,2,5,1,1,50,1.2000000000000002,1.7999999999999998,7.0,3.0,90.0,10.0,8.0,2.0,1.0,0.5,5,42.5,7.5
765,2,1,2,5,3,5,5,5,5,5,3,0,5,5,0,0,2,0.0,16.66666667,16.66666667,0.0,8.333333335,6.177222222,16.667,1.3490421803705026,9.333333335,0.9700367767001093,,0.30190152634673384,,-2.7781454598002027,0.4689555,-2.7781454598002027,100,100,3,10,100,2,50,10,50,10,1,10,2,5,1,1,50,1.2000000000000002,1.7999999999999998,7.0,3.0,90.0,10.0,8.0,2.0,1.0,0.5,5,42.5,7.5
766,2,1,2,4,5,3,0,3,3,5,2,5,5,4,2,1,1,316.6666667,250.0,366.6666667,183.3333333,279.166666675,6.177222222,16.667,45.19291303472229,280.166666675,2.447416463068745,,-0.07945539895981968,,-1.705043662690359,0.4689555,-1.705043662690359,100,100,3,10,100,2,50,10,50,10,1,10,2,5,1,1,50,1.2000000000000002,1.7999999999999998,7.0,3.0,90.0,10.0,8.0,2.0,1.0,0.5,5,42.5,7.5
767,2,1,0,4,4,5,5,5,4,5,5,0,5,2,0,3,0,133.3333333,200.0,116.6666667,166.6666667,154.166666675,6.177222222,16.667,24.95728033321188,155.166666675,2.190798430621023,,-1.030509936745124,,-1.9435177966233264,0.4689555,-1.9435177966233264,100,100,3,10,100,2,50,10,50,10,1,10,2,5,1,1,50,1.2000000000000002,1.7999999999999998,7.0,3.0,90.0,10.0,8.0,2.0,1.0,0.5,5,42.5,7.5
768,2,1,0,4,2,5,3,3,4,5,4,2,5,5,1,3,0,0.0,33.33333333,50.0,50.0,33.333333332500004,6.177222222,16.667,5.396168720267872,34.333333332500004,1.5357159699749687,,-0.7325196280238255,,-2.4771183594400057,0.4689555,-2.4771183594400057,100,100,3,10,100,2,50,10,50,10,1,10,2,5,1,1,50,1.2000000000000002,1.7999999999999998,7.0,3.0,90.0,10.0,8.0,2.0,1.0,0.5,5,42.5,7.5
769,2,1,0,4,5,5,5,4,1,4,3,2,3,1,1,2,1,1500.0,1683.333333,2083.333333,1466.666667,1683.3333332500001,6.177222222,16.667,272.50652036684977,1684.3333332500001,3.226428043497081,,-0.5369126693618766,,-0.9456422525429239,0.4689555,-0.9456422525429239,100,100,3,10,100,2,50,10,50,10,1,10,2,5,1,1,50,1.2000000000000002,1.7999999999999998,7.0,3.0,90.0,10.0,8.0,2.0,1.0,0.5,5,42.5,7.5
770,2,1,2,4,5,3,2,3,2,2,1,2,0,5,3,1,3,450.0,700.0,733.3333333,550.0,608.333333325,6.177222222,16.667,98.48007914600161,609.333333325,2.7848549366722106,,-0.6111305760347636,,-1.3802110100937346,0.4689555,-1.3802110100937346,100,100,3,10,100,2,50,10,50,10,1,10,2,5,1,1,50,1.2000000000000002,1.7999999999999998,7.0,3.0,90.0,10.0,8.0,2.0,1.0,0.5,5,42.5,7.5
771,2,1,5,5,1,3,0,2,5,5,4,4,0,2,3,3,1,0.0,0.0,16.66666667,16.66666667,8.333333335,6.177222222,16.667,1.3490421803705026,9.333333335,0.9700367767001093,,0.21583257653260446,,-2.7781454598002027,0.4689555,-2.7781454598002027,100,100,3,10,100,2,50,10,50,10,1,10,2,5,1,1,50,1.2000000000000002,1.7999999999999998,7.0,3.0,90.0,10.0,8.0,2.0,1.0,0.5,5,42.5,7.5
772,2,1,5,1,5,1,5,1,2,3,4,4,3,1,2,3,3,16.66666667,0.0,0.0,0.0,4.1666666675,6.177222222,16.667,0.6745210901852513,5.1666666675,0.7132104435206765,,-0.3640441073017382,,-2.8573255477577755,0.4689555,-2.8573255477577755,100,100,3,10,100,2,50,10,50,10,1,10,2,5,1,1,50,1.2000000000000002,1.7999999999999998,7.0,3.0,90.0,10.0,8.0,2.0,1.0,0.5,5,42.5,7.5
773,2,1,1,2,4,3,5,4,2,1,3,4,0,0,3,1,2,12616.66667,10950.0,23200.0,14233.33333,15250.0,6.177222222,16.667,2468.74718958427,15251.0,4.183298321075812,,-0.6435707175840335,,0.0076529737109376555,0.4689555,0.0076529737109376555,100,100,3,10,100,2,50,10,50,10,1,10,2,5,1,1,50,1.2000000000000002,1.7999999999999998,7.0,3.0,90.0,10.0,8.0,2.0,1.0,0.5,5,42.5,7.5
774,2,1,3,5,4,0,3,2,0,5,5,5,0,5,3,3,0,16.66666667,0.0,16.66666667,0.0,8.333333335,6.177222222,16.667,1.3490421803705026,9.333333335,0.9700367767001093,,0.6098129040420549,,-2.7781454598002027,0.4689555,-2.7781454598002027,100,100,3,10,100,2,50,10,50,10,1,10,2,5,1,1,50,1.2000000000000002,1.7999999999999998,7.0,3.0,90.0,10.0,8.0,2.0,1.0,0.5,5,42.5,7.5
775,2,1,1,2,3,3,3,5,5,5,0,0,5,2,2,0,0,0.0,0.0,0.0,0.0,0.0,6.177222222,16.667,0.0,1.0,0.0,,-1.616152543484051,,-2.9542338236365446,0.4689555,-2.210543499975353,100,100,3,10,100,2,50,10,50,10,1,10,2,5,1,1,50,1.2000000000000002,1.7999999999999998,7.0,3.0,90.0,10.0,8.0,2.0,1.0,0.5,5,42.5,7.5
776,2,1,3,4,0,5,4,1,1,0,2,0,1,2,3,2,3,500.0,466.6666667,533.3333333,266.6666667,441.666666675,6.177222222,16.667,71.49923554668582,442.666666675,2.646076820320512,,-0.18102642084862985,,-1.5149094997507484,0.4689555,-1.5149094997507484,100,100,3,10,100,2,50,10,50,10,1,10,2,5,1,1,50,1.2000000000000002,1.7999999999999998,7.0,3.0,90.0,10.0,8.0,2.0,1.0,0.5,5,42.5,7.5
777,2,1,1,3,3,5,5,3,0,5,4,2,1,2,1,2,0,19666.66667,20500.0,19500.0,16750.0,19104.1666675,6.177222222,16.667,3092.6791980157454,19105.1666675,4.281150830690214,,-0.28718270928806255,,0.10541556451735189,0.4689555,0.10541556451735189,100,100,3,10,100,2,50,10,50,10,1,10,2,5,1,1,50,1.2000000000000002,1.7999999999999998,7.0,3.0,90.0,10.0,8.0,2.0,1.0,0.5,5,42.5,7.5
778,2,1,4,1,2,4,1,2,1,5,4,2,5,4,1,0,3,10650.0,11400.0,11016.66667,8533.333333,10400.00000075,6.177222222,16.667,1683.60464088708,10401.00000075,4.017075096407376,,-0.35655897920569224,,-0.1583624781665573,0.4689555,-0.1583624781665573,100,100,3,10,100,2,50,10,50,10,1,10,2,5,1,1,50,1.2000000000000002,1.7999999999999998,7.0,3.0,90.0,10.0,8.0,2.0,1.0,0.5,5,42.5,7.5
779,2,1,5,4,0,2,2,3,5,1,0,4,2,4,2,0,3,0.0,0.0,16.66666667,0.0,4.1666666675,6.177222222,16.667,0.6745210901852513,5.1666666675,0.7132104435206765,,-0.18206335411745367,,-2.8573255477577755,0.4689555,-2.8573255477577755,100,100,3,10,100,2,50,10,50,10,1,10,2,5,1,1,50,1.2000000000000002,1.7999999999999998,7.0,3.0,90.0,10.0,8.0,2.0,1.0,0.5,5,42.5,7.5
780,2,1,5,3,4,1,5,5,2,3,2,3,0,5,3,3,0,0.0,0.0,0.0,16.66666667,4.1666666675,6.177222222,16.667,0.6745210901852513,5.1666666675,0.7132104435206765,,0.4928753230275732,,-2.8573255477577755,0.4689555,-2.8573255477577755,100,100,3,10,100,2,50,10,50,10,1,10,2,5,1,1,50,1.2000000000000002,1.7999999999999998,7.0,3.0,90.0,10.0,8.0,2.0,1.0,0.5,5,42.5,7.5
781,2,1,2,4,3,5,0,1,4,0,2,2,1,4,0,2,3,166.6666667,433.3333333,250.0,200.0,262.5,6.177222222,16.667,42.49482867317186,263.5,2.4207806195485655,,0.19818765975389097,,-1.730227179506195,0.4689555,-1.730227179506195,100,100,3,10,100,2,50,10,50,10,1,10,2,5,1,1,50,1.2000000000000002,1.7999999999999998,7.0,3.0,90.0,10.0,8.0,2.0,1.0,0.5,5,42.5,7.5
782,2,1,0,4,3,0,4,1,5,3,5,2,3,5,3,1,0,0.0,16.66666667,0.0,0.0,4.1666666675,6.177222222,16.667,0.6745210901852513,5.1666666675,0.7132104435206765,,0.20894730304837628,,-2.8573255477577755,0.4689555,-2.8573255477577755,100,100,3,10,100,2,50,10,50,10,1,10,2,5,1,1,50,1.2000000000000002,1.7999999999999998,7.0,3.0,90.0,10.0,8.0,2.0,1.0,0.5,5,42.5,7.5
783,2,1,2,2,0,0,5,3,2,4,4,2,5,3,3,0,1,83.33333333,83.33333333,116.6666667,50.0,83.33333334,6.177222222,16.667,13.490421802086173,84.33333334,1.925999266490487,,0.1248436662557122,,-2.176089811380868,0.4689555,-2.176089811380868,100,100,3,10,100,2,50,10,50,10,1,10,2,5,1,1,50,1.2000000000000002,1.7999999999999998,7.0,3.0,90.0,10.0,8.0,2.0,1.0,0.5,5,42.5,7.5
784,2,1,3,4,3,1,4,4,1,0,1,0,2,1,0,2,0,0.0,50.0,0.0,0.0,12.5,6.177222222,16.667,2.023563270151041,13.5,1.130333768495006,,-0.2566131026989311,,-2.7111994974158846,0.4689555,-2.7111994974158846,100,100,3,10,100,2,50,10,50,10,1,10,2,5,1,1,50,1.2000000000000002,1.7999999999999998,7.0,3.0,90.0,10.0,8.0,2.0,1.0,0.5,5,42.5,7.5
785,2,1,5,4,5,5,4,5,0,3,0,4,1,0,0,3,1,0.0,0.0,16.66666667,0.0,4.1666666675,6.177222222,16.667,0.6745210901852513,5.1666666675,0.7132104435206765,,0.5397916309153865,,-2.8573255477577755,0.4689555,-2.8573255477577755,100,100,3,10,100,2,50,10,50,10,1,10,2,5,1,1,50,1.2000000000000002,1.7999999999999998,7.0,3.0,90.0,10.0,8.0,2.0,1.0,0.5,5,42.5,7.5
786,2,1,2,2,0,4,0,2,4,1,2,2,3,0,0,3,3,533.3333333,966.6666667,916.6666667,666.6666667,770.83333335,6.177222222,16.667,124.78640166201228,771.83333335,2.8875235306196276,,-0.6738817904191898,,-1.2798405127565384,0.4689555,-1.2798405127565384,100,100,3,10,100,2,50,10,50,10,1,10,2,5,1,1,50,1.2000000000000002,1.7999999999999998,7.0,3.0,90.0,10.0,8.0,2.0,1.0,0.5,5,42.5,7.5
787,2,1,2,4,5,4,3,0,5,2,0,0,5,3,1,2,3,516.6666667,783.3333333,600.0,716.6666667,654.166666675,6.177222222,16.667,105.89981113925352,655.166666675,2.8163517934419695,,-0.4621872444952717,,-1.3494764089315958,0.4689555,-1.3494764089315958,100,100,3,10,100,2,50,10,50,10,1,10,2,5,1,1,50,1.2000000000000002,1.7999999999999998,7.0,3.0,90.0,10.0,8.0,2.0,1.0,0.5,5,42.5,7.5
788,2,1,5,3,5,0,1,2,0,4,0,1,5,0,1,3,2,0.0,0.0,0.0,0.0,0.0,6.177222222,16.667,0.0,1.0,0.0,,0.12864154561436772,,-2.9542338236365446,0.4689555,-1.0754163282762148,100,100,3,10,100,2,50,10,50,10,1,10,2,5,1,1,50,1.2000000000000002,1.7999999999999998,7.0,3.0,90.0,10.0,8.0,2.0,1.0,0.5,5,42.5,7.5
789,2,1,1,2,4,0,0,3,0,5,0,4,4,3,3,3,2,0.0,0.0,0.0,0.0,0.0,6.177222222,16.667,0.0,1.0,0.0,,-1.1314027875962038,,-2.9542338236365446,0.4689555,-1.0204942349399966,100,100,3,10,100,2,50,10,50,10,1,10,2,5,1,1,50,1.2000000000000002,1.7999999999999998,7.0,3.0,90.0,10.0,8.0,2.0,1.0,0.5,5,42.5,7.5
790,2,1,5,3,5,5,1,4,5,5,1,3,1,2,2,1,2,0.0,0.0,0.0,0.0,0.0,6.177222222,16.667,0.0,1.0,0.0,,-0.6881193291492816,,-2.9542338236365446,0.4689555,-2.5854179037557556,100,100,3,10,100,2,50,10,50,10,1,10,2,5,1,1,50,1.2000000000000002,1.7999999999999998,7.0,3.0,90.0,10.0,8.0,2.0,1.0,0.5,5,42.5,7.5
791,2,1,5,2,5,3,3,3,3,0,1,5,2,4,1,2,3,0.0,0.0,0.0,0.0,0.0,6.177222222,16.667,0.0,1.0,0.0,,-0.8581558090752484,,-2.9542338236365446,0.4689555,-1.3280643179209712,100,100,3,10,100,2,50,10,50,10,1,10,2,5,1,1,50,1.2000000000000002,1.7999999999999998,7.0,3.0,90.0,10.0,8.0,2.0,1.0,0.5,5,42.5,7.5
792,2,1,0,3,5,0,2,1,4,5,3,3,5,1,1,3,0,0.0,0.0,0.0,33.33333333,8.3333333325,6.177222222,16.667,1.34904217996579,9.3333333325,0.9700367765837805,,-0.3363470940436366,,-2.7781454598436315,0.4689555,-2.7781454598436315,100,100,3,10,100,2,50,10,50,10,1,10,2,5,1,1,50,1.2000000000000002,1.7999999999999998,7.0,3.0,90.0,10.0,8.0,2.0,1.0,0.5,5,42.5,7.5
793,2,1,3,0,5,5,1,5,3,2,3,1,0,5,3,2,3,31700.0,37750.0,37433.33333,55050.0,40483.3333325,6.177222222,16.667,6553.646910794267,40484.3333325,4.6072869920153,,-0.12174392057104289,,0.43136376772449136,0.4689555,0.43136376772449136,100,100,3,10,100,2,50,10,50,10,1,10,2,5,1,1,50,1.2000000000000002,1.7999999999999998,7.0,3.0,90.0,10.0,8.0,2.0,1.0,0.5,5,42.5,7.5
794,2,1,2,0,1,3,1,2,5,0,1,3,0,3,0,3,3,2766.666667,3000.0,2433.333333,3233.333333,2858.33333325,6.177222222,16.667,462.7214677610476,2859.33333325,3.456264787170735,,-0.15448938113956068,,-0.7174533596896397,0.4689555,-0.7174533596896397,100,100,3,10,100,2,50,10,50,10,1,10,2,5,1,1,50,1.2000000000000002,1.7999999999999998,7.0,3.0,90.0,10.0,8.0,2.0,1.0,0.5,5,42.5,7.5
795,2,1,2,1,1,2,5,0,1,2,0,1,1,3,2,1,0,716.6666667,783.3333333,666.6666667,666.6666667,708.33333335,6.177222222,16.667,114.66858531125708,709.33333335,2.8508503689135525,,-0.9038228483479278,,-1.315753052799126,0.4689555,-1.315753052799126,100,100,3,10,100,2,50,10,50,10,1,10,2,5,1,1,50,1.2000000000000002,1.7999999999999998,7.0,3.0,90.0,10.0,8.0,2.0,1.0,0.5,5,42.5,7.5
796,2,1,5,1,5,5,4,5,1,5,2,3,3,4,2,2,0,0.0,0.0,0.0,0.0,0.0,6.177222222,16.667,0.0,1.0,0.0,,-1.315413739818999,,-2.9542338236365446,0.4689555,-1.2844863656961225,100,100,3,10,100,2,50,10,50,10,1,10,2,5,1,1,50,1.2000000000000002,1.7999999999999998,7.0,3.0,90.0,10.0,8.0,2.0,1.0,0.5,5,42.5,7.5
797,2,1,1,5,0,2,4,5,2,5,2,5,2,2,3,2,2,0.0,0.0,0.0,0.0,0.0,6.177222222,16.667,0.0,1.0,0.0,,-1.6686257015437782,,-2.9542338236365446,0.4689555,-1.3606240288087719,100,100,3,10,100,2,50,10,50,10,1,10,2,5,1,1,50,1.2000000000000002,1.7999999999999998,7.0,3.0,90.0,10.0,8.0,2.0,1.0,0.5,5,42.5,7.5
798,2,1,4,1,0,3,0,0,5,0,1,4,0,0,2,3,1,0.0,0.0,0.0,0.0,0.0,6.177222222,16.667,0.0,1.0,0.0,,-1.5210579967707312,,-2.9542338236365446,0.4689555,-1.7891532793488407,100,100,3,10,100,2,50,10,50,10,1,10,2,5,1,1,50,1.2000000000000002,1.7999999999999998,7.0,3.0,90.0,10.0,8.0,2.0,1.0,0.5,5,42.5,7.5
799,2,1,3,3,1,1,4,3,0,5,4,5,2,1,0,1,2,0.0,16.66666667,16.66666667,0.0,8.333333335,6.177222222,16.667,1.3490421803705026,9.333333335,0.9700367767001093,,-1.2166669855265684,,-2.7781454598002027,0.4689555,-2.7781454598002027,100,100,3,10,100,2,50,10,50,10,1,10,2,5,1,1,50,1.2000000000000002,1.7999999999999998,7.0,3.0,90.0,10.0,8.0,2.0,1.0,0.5,5,42.5,7.5
800,2,1,5,2,5,4,1,2,3,0,0,3,4,0,1,2,1,0.0,16.66666667,0.0,16.66666667,8.333333335,6.177222222,16.667,1.3490421803705026,9.333333335,0.9700367767001093,,-0.11632263688730704,,-2.7781454598002027,0.4689555,-2.7781454598002027,100,100,3,10,100,2,50,10,50,10,1,10,2,5,1,1,50,1.2000000000000002,1.7999999999999998,7.0,3.0,90.0,10.0,8.0,2.0,1.0,0.5,5,42.5,7.5
801,2,1,1,2,4,5,0,3,3,4,0,1,5,4,3,1,0,1083.333333,1200.0,1350.0,1333.333333,1241.6666665,6.177222222,16.667,201.00728480802258,1242.6666665,3.0943546489040337,,-0.35255347717685837,,-1.0762954428227784,0.4689555,-1.0762954428227784,100,100,3,10,100,2,50,10,50,10,1,10,2,5,1,1,50,1.2000000000000002,1.7999999999999998,7.0,3.0,90.0,10.0,8.0,2.0,1.0,0.5,5,42.5,7.5
802,2,1,5,3,1,5,1,1,3,0,3,2,5,1,1,3,3,0.0,0.0,0.0,0.0,0.0,6.177222222,16.667,0.0,1.0,0.0,,-1.8513526198154413,,-2.9542338236365446,0.4689555,-2.182976243459256,100,100,3,10,100,2,50,10,50,10,1,10,2,5,1,1,50,1.2000000000000002,1.7999999999999998,7.0,3.0,90.0,10.0,8.0,2.0,1.0,0.5,5,42.5,7.5
803,2,1,4,4,4,5,2,1,0,3,4,3,1,0,3,2,1,150.0,250.0,250.0,216.6666667,216.666666675,6.177222222,16.667,35.07509668396708,217.666666675,2.3377919265720384,,-0.7863826580583,,-1.8081138533253311,0.4689555,-1.8081138533253311,100,100,3,10,100,2,50,10,50,10,1,10,2,5,1,1,50,1.2000000000000002,1.7999999999999998,7.0,3.0,90.0,10.0,8.0,2.0,1.0,0.5,5,42.5,7.5
804,2,1,5,4,3,2,2,1,2,4,1,1,4,4,0,2,2,0.0,0.0,0.0,66.66666667,16.6666666675,6.177222222,16.667,2.698084360336292,17.6666666675,1.2471546149016122,,1.1907846485454243,,-2.653208170841382,0.4689555,-2.653208170841382,100,100,3,10,100,2,50,10,50,10,1,10,2,5,1,1,50,1.2000000000000002,1.7999999999999998,7.0,3.0,90.0,10.0,8.0,2.0,1.0,0.5,5,42.5,7.5
805,2,1,2,0,0,1,4,4,0,5,5,5,2,0,2,2,0,233.3333333,266.6666667,200.0,383.3333333,270.833333325,6.177222222,16.667,43.84387085192351,271.833333325,2.4343027106433186,,-0.7410642730248944,,-1.717452906513078,0.4689555,-1.717452906513078,100,100,3,10,100,2,50,10,50,10,1,10,2,5,1,1,50,1.2000000000000002,1.7999999999999998,7.0,3.0,90.0,10.0,8.0,2.0,1.0,0.5,5,42.5,7.5
806,2,1,5,4,2,2,0,1,2,1,3,0,3,2,3,2,2,0.0,0.0,0.0,0.0,0.0,6.177222222,16.667,0.0,1.0,0.0,,-1.3088074862875332,,-2.9542338236365446,0.4689555,-2.3254344503361732,100,100,3,10,100,2,50,10,50,10,1,10,2,5,1,1,50,1.2000000000000002,1.7999999999999998,7.0,3.0,90.0,10.0,8.0,2.0,1.0,0.5,5,42.5,7.5
807,2,1,2,3,1,3,2,3,1,0,5,4,3,0,1,2,0,2933.333333,3983.333333,5750.0,3916.666667,4145.833333250001,6.177222222,16.667,671.1484845866049,4146.833333250001,3.617716580841617,,-0.6338088562442294,,-0.5567369777716639,0.4689555,-0.5567369777716639,100,100,3,10,100,2,50,10,50,10,1,10,2,5,1,1,50,1.2000000000000002,1.7999999999999998,7.0,3.0,90.0,10.0,8.0,2.0,1.0,0.5,5,42.5,7.5
808,2,1,0,4,2,1,1,0,1,1,0,1,1,2,1,2,0,0.0,0.0,0.0,0.0,0.0,6.177222222,16.667,0.0,1.0,0.0,,-0.5239918521423907,,-2.9542338236365446,0.4689555,-1.941057059842505,100,100,3,10,100,2,50,10,50,10,1,10,2,5,1,1,50,1.2000000000000002,1.7999999999999998,7.0,3.0,90.0,10.0,8.0,2.0,1.0,0.5,5,42.5,7.5
809,2,1,0,2,3,4,5,4,2,5,0,5,2,1,1,0,3,1666.666667,1916.666667,2100.0,2000.0,1920.8333335,6.177222222,16.667,310.9542225401908,1921.8333335,3.2837157217925825,,-0.33605955908617213,,-0.888849473122651,0.4689555,-0.888849473122651,100,100,3,10,100,2,50,10,50,10,1,10,2,5,1,1,50,1.2000000000000002,1.7999999999999998,7.0,3.0,90.0,10.0,8.0,2.0,1.0,0.5,5,42.5,7.5
810,2,2,2,2,0,3,3,3,3,0,3,2,1,2,3,2,3,84866.66667,65850.0,76050.0,60566.66667,71833.333335,7.192222222,16.667,9987.640970724167,71834.333335,4.85633206560794,,0.22710670507837527,,0.6803355154394575,0.4689555,0.6803355154394575,100,100,3,10,100,2,50,10,50,10,1,10,2,5,1,1,50,1.2000000000000002,1.7999999999999998,7.0,3.0,90.0,10.0,8.0,2.0,1.0,0.5,5,42.5,7.5
811,2,2,2,4,5,3,0,3,3,5,2,5,5,4,2,1,1,533.3333333,283.3333333,383.3333333,266.6666667,366.66666665,7.192222222,16.667,50.98099799091553,367.66666665,2.565454257700841,,0.03858239567227617,,-1.5925142957934029,0.4689555,-1.5925142957934029,100,100,3,10,100,2,50,10,50,10,1,10,2,5,1,1,50,1.2000000000000002,1.7999999999999998,7.0,3.0,90.0,10.0,8.0,2.0,1.0,0.5,5,42.5,7.5
812,2,2,0,4,4,5,5,5,4,5,5,0,5,2,0,3,0,7866.666667,8016.666667,9766.666667,10833.33333,9120.83333275,7.192222222,16.667,1268.152325000561,9121.83333275,3.960082132876609,,0.7387737655104623,,-0.21526385327455383,0.4689555,-0.21526385327455383,100,100,3,10,100,2,50,10,50,10,1,10,2,5,1,1,50,1.2000000000000002,1.7999999999999998,7.0,3.0,90.0,10.0,8.0,2.0,1.0,0.5,5,42.5,7.5
813,2,2,2,1,0,3,3,3,3,0,3,2,1,3,3,2,3,41716.66667,37150.0,39083.33333,29083.33333,36758.3333325,7.192222222,16.667,5110.845048705726,36759.3333325,4.5653676264180465,,-0.0630126838137306,,0.3894614262705463,0.4689555,0.3894614262705463,100,100,3,10,100,2,50,10,50,10,1,10,2,5,1,1,50,1.2000000000000002,1.7999999999999998,7.0,3.0,90.0,10.0,8.0,2.0,1.0,0.5,5,42.5,7.5
814,2,2,0,4,5,5,5,4,1,4,3,2,3,1,1,2,1,6633.333333,5050.0,5383.333333,5650.0,5679.166666499999,7.192222222,16.667,789.6261393492855,5680.166666499999,3.754361078894002,,-0.008979633964955713,,-0.4205339607962567,0.4689555,-0.4205339607962567,100,100,3,10,100,2,50,10,50,10,1,10,2,5,1,1,50,1.2000000000000002,1.7999999999999998,7.0,3.0,90.0,10.0,8.0,2.0,1.0,0.5,5,42.5,7.5
815,2,2,2,4,5,3,2,3,2,2,1,2,0,5,3,1,3,5683.333333,5550.0,5033.333333,5466.666667,5433.33333325,7.192222222,16.667,755.4456975245,5434.33333325,3.7351462738226155,,0.3391607611156413,,-0.43969473022332656,0.4689555,-0.43969473022332656,100,100,3,10,100,2,50,10,50,10,1,10,2,5,1,1,50,1.2000000000000002,1.7999999999999998,7.0,3.0,90.0,10.0,8.0,2.0,1.0,0.5,5,42.5,7.5
816,2,2,0,0,2,3,0,2,5,5,4,4,4,0,3,2,1,7383.333333,9933.333333,7466.666667,10033.33333,8704.16666575,7.192222222,16.667,1210.2193726891774,8705.16666575,3.939777090366922,,-0.06759422047747377,,-0.23553325587436613,0.4689555,-0.23553325587436613,100,100,3,10,100,2,50,10,50,10,1,10,2,5,1,1,50,1.2000000000000002,1.7999999999999998,7.0,3.0,90.0,10.0,8.0,2.0,1.0,0.5,5,42.5,7.5
817,2,2,2,1,5,1,5,1,2,4,1,4,3,3,2,3,1,2750.0,2483.333333,1933.333333,1983.333333,2287.4999997500004,7.192222222,16.667,318.0519079002952,2288.4999997500004,3.3595509167158752,,0.4260465087154315,,-0.8135773066823025,0.4689555,-0.8135773066823025,100,100,3,10,100,2,50,10,50,10,1,10,2,5,1,1,50,1.2000000000000002,1.7999999999999998,7.0,3.0,90.0,10.0,8.0,2.0,1.0,0.5,5,42.5,7.5
818,2,2,1,2,4,3,5,4,2,1,3,4,0,0,3,1,2,30016.66667,34000.0,26650.0,22150.0,28204.1666675,7.192222222,16.667,3921.4815389362425,28205.1666675,4.450328670363901,,-0.3765403682959443,,0.2744785799816131,0.4689555,0.2744785799816131,100,100,3,10,100,2,50,10,50,10,1,10,2,5,1,1,50,1.2000000000000002,1.7999999999999998,7.0,3.0,90.0,10.0,8.0,2.0,1.0,0.5,5,42.5,7.5
819,2,2,2,0,0,3,3,3,3,0,3,2,1,2,3,2,3,71300.0,94800.0,74150.0,65016.66667,76316.6666675,7.192222222,16.667,10610.999536980102,76317.6666675,4.882625083801383,,0.390000801112385,,0.7066229704657679,0.4689555,0.7066229704657679,100,100,3,10,100,2,50,10,50,10,1,10,2,5,1,1,50,1.2000000000000002,1.7999999999999998,7.0,3.0,90.0,10.0,8.0,2.0,1.0,0.5,5,42.5,7.5
820,2,2,1,2,0,1,3,3,5,1,0,1,2,2,1,0,2,1550.0,1550.0,1883.333333,1966.666667,1737.5,7.192222222,16.667,241.58041094520564,1738.5,3.2401746950192774,,0.26979731443469435,,-0.9320203224053595,0.4689555,-0.9320203224053595,100,100,3,10,100,2,50,10,50,10,1,10,2,5,1,1,50,1.2000000000000002,1.7999999999999998,7.0,3.0,90.0,10.0,8.0,2.0,1.0,0.5,5,42.5,7.5
821,2,2,2,1,0,5,4,5,3,0,3,2,1,2,3,2,3,123783.3333,127666.6667,105450.0,109433.3333,116583.333325,7.192222222,16.667,16209.640042598785,116584.333325,5.066640193582161,,0.18373390685387747,,0.8906072925778261,0.4689555,0.8906072925778261,100,100,3,10,100,2,50,10,50,10,1,10,2,5,1,1,50,1.2000000000000002,1.7999999999999998,7.0,3.0,90.0,10.0,8.0,2.0,1.0,0.5,5,42.5,7.5
822,2,2,1,3,3,3,2,3,0,4,4,5,1,2,1,2,3,48366.66667,61500.0,41500.0,27500.0,44716.6666675,7.192222222,16.667,6217.364437199672,44717.6666675,4.650479134326785,,1.1286303706644096,,0.47454000530189355,0.4689555,0.47454000530189355,100,100,3,10,100,2,50,10,50,10,1,10,2,5,1,1,50,1.2000000000000002,1.7999999999999998,7.0,3.0,90.0,10.0,8.0,2.0,1.0,0.5,5,42.5,7.5
823,2,2,4,1,2,4,1,2,1,5,4,2,5,4,1,0,3,102066.6667,96750.0,102966.6667,87900.0,97420.83335,7.192222222,16.667,13545.303571405695,97421.83335,4.988656298160166,,0.6150222225470978,,0.8126348750372415,0.4689555,0.8126348750372415,100,100,3,10,100,2,50,10,50,10,1,10,2,5,1,1,50,1.2000000000000002,1.7999999999999998,7.0,3.0,90.0,10.0,8.0,2.0,1.0,0.5,5,42.5,7.5
824,2,2,2,1,0,3,3,3,3,0,3,2,0,2,3,2,3,73783.33333,84683.33333,73783.33333,59083.33333,72833.33333,7.192222222,16.667,10126.68005546506,72834.33333,4.862336149379266,,0.14877657644469888,,0.6863382990176191,0.4689555,0.6863382990176191,100,100,3,10,100,2,50,10,50,10,1,10,2,5,1,1,50,1.2000000000000002,1.7999999999999998,7.0,3.0,90.0,10.0,8.0,2.0,1.0,0.5,5,42.5,7.5
825,2,2,2,1,0,3,3,3,3,0,3,2,1,2,3,2,3,67916.66667,80416.66667,71216.66667,56633.33333,69045.833335,7.192222222,16.667,9600.069520071067,69046.833335,4.8391437655117295,,0.16912162352974391,,0.6631510384161465,0.4689555,0.6631510384161465,100,100,3,10,100,2,50,10,50,10,1,10,2,5,1,1,50,1.2000000000000002,1.7999999999999998,7.0,3.0,90.0,10.0,8.0,2.0,1.0,0.5,5,42.5,7.5
826,2,2,2,0,3,5,0,1,4,0,2,2,1,4,0,2,3,104383.3333,108083.3333,97450.0,93100.0,100754.16665,7.192222222,16.667,14008.767184891358,100755.16665,5.003267325682155,,0.3884518595949267,,0.8272435923219328,0.4689555,0.8272435923219328,100,100,3,10,100,2,50,10,50,10,1,10,2,5,1,1,50,1.2000000000000002,1.7999999999999998,7.0,3.0,90.0,10.0,8.0,2.0,1.0,0.5,5,42.5,7.5
827,2,2,0,4,1,2,4,1,5,4,5,2,5,1,1,1,3,1883.333333,2133.333333,1866.666667,1866.666667,1937.5,7.192222222,16.667,269.38822803242357,1938.5,3.2874658053432286,,0.32275384754659786,,-0.8851295839721282,0.4689555,-0.8851295839721282,100,100,3,10,100,2,50,10,50,10,1,10,2,5,1,1,50,1.2000000000000002,1.7999999999999998,7.0,3.0,90.0,10.0,8.0,2.0,1.0,0.5,5,42.5,7.5
828,2,2,4,2,0,4,4,2,4,4,4,2,1,3,0,1,1,31983.33333,29433.33333,31016.66667,25700.0,29533.3333325,7.192222222,16.667,4106.2876564299795,29534.3333325,4.470327172136944,,0.8922163463021295,,0.29446623104832437,0.4689555,0.29446623104832437,100,100,3,10,100,2,50,10,50,10,1,10,2,5,1,1,50,1.2000000000000002,1.7999999999999998,7.0,3.0,90.0,10.0,8.0,2.0,1.0,0.5,5,42.5,7.5
829,2,2,3,1,0,3,3,3,3,0,3,2,1,2,3,2,3,73500.0,81766.66667,67766.66667,56583.33333,69904.1666675,7.192222222,16.667,9719.411401621179,69905.1666675,4.844509275491915,,0.5371158218761716,,0.6685153387033396,0.4689555,0.6685153387033396,100,100,3,10,100,2,50,10,50,10,1,10,2,5,1,1,50,1.2000000000000002,1.7999999999999998,7.0,3.0,90.0,10.0,8.0,2.0,1.0,0.5,5,42.5,7.5
830,2,2,2,1,0,3,3,3,2,0,3,2,1,2,3,2,3,107783.3333,129683.3333,106883.3333,81583.33333,106483.3333075,7.192222222,16.667,14805.345277261094,106484.3333075,5.02728571614471,,0.33657754608299406,,0.8512583499730241,0.4689555,0.8512583499730241,100,100,3,10,100,2,50,10,50,10,1,10,2,5,1,1,50,1.2000000000000002,1.7999999999999998,7.0,3.0,90.0,10.0,8.0,2.0,1.0,0.5,5,42.5,7.5
831,2,2,2,2,0,4,0,2,4,1,2,2,3,0,0,3,3,1300.0,1633.333333,1316.666667,1266.666667,1379.1666667499999,7.192222222,16.667,191.75807200886013,1380.1666667499999,3.139931534284766,,-0.42147378675405145,,-1.0312575899924115,0.4689555,-1.0312575899924115,100,100,3,10,100,2,50,10,50,10,1,10,2,5,1,1,50,1.2000000000000002,1.7999999999999998,7.0,3.0,90.0,10.0,8.0,2.0,1.0,0.5,5,42.5,7.5
832,2,2,2,4,5,4,3,0,5,2,0,0,5,3,1,2,3,4533.333333,4966.666667,4350.0,4616.666667,4616.66666675,7.192222222,16.667,641.8971111082002,4617.66666675,3.664422579508828,,0.3858835415715869,,-0.5101976822692312,0.4689555,-0.5101976822692312,100,100,3,10,100,2,50,10,50,10,1,10,2,5,1,1,50,1.2000000000000002,1.7999999999999998,7.0,3.0,90.0,10.0,8.0,2.0,1.0,0.5,5,42.5,7.5
833,2,2,0,3,5,5,4,2,4,4,2,1,4,0,1,0,0,24550.0,28433.33333,30183.33333,25916.66667,27270.8333325,7.192222222,16.667,3791.7117256308265,27271.8333325,4.435714334106844,,0.5988101217843766,,0.2598724949534214,0.4689555,0.2598724949534214,100,100,3,10,100,2,50,10,50,10,1,10,2,5,1,1,50,1.2000000000000002,1.7999999999999998,7.0,3.0,90.0,10.0,8.0,2.0,1.0,0.5,5,42.5,7.5
834,2,2,1,3,3,4,0,0,4,3,0,4,4,3,2,3,2,14983.33333,12216.66667,12150.0,12616.66667,12991.6666675,7.192222222,16.667,1806.3494517397296,12992.6666675,4.113698296579084,,0.11199082193092913,,-0.06186959088444496,0.4689555,-0.06186959088444496,100,100,3,10,100,2,50,10,50,10,1,10,2,5,1,1,50,1.2000000000000002,1.7999999999999998,7.0,3.0,90.0,10.0,8.0,2.0,1.0,0.5,5,42.5,7.5
835,2,2,2,1,1,5,5,4,5,4,1,3,1,2,2,1,2,84950.0,77533.33333,65350.0,69183.33333,74254.166665,7.192222222,16.667,10324.23142292057,74255.166665,4.870726677195095,,0.23248659635399527,,0.6947270396960179,0.4689555,0.6947270396960179,100,100,3,10,100,2,50,10,50,10,1,10,2,5,1,1,50,1.2000000000000002,1.7999999999999998,7.0,3.0,90.0,10.0,8.0,2.0,1.0,0.5,5,42.5,7.5
836,2,2,2,1,0,3,3,3,3,0,3,2,1,2,3,2,2,88983.33333,78133.33333,71600.0,78183.33333,79224.9999975,7.192222222,16.667,11015.371543326599,79225.9999975,4.8988677295998615,,0.40311721309255955,,0.7228623441081595,0.4689555,0.7228623441081595,100,100,3,10,100,2,50,10,50,10,1,10,2,5,1,1,50,1.2000000000000002,1.7999999999999998,7.0,3.0,90.0,10.0,8.0,2.0,1.0,0.5,5,42.5,7.5
837,2,2,0,3,5,4,2,4,1,4,5,3,2,1,1,1,0,56433.33333,47900.0,46000.0,52716.66667,50762.5,7.192222222,16.667,7057.971574449497,50763.5,4.705551557833316,,-0.2047357243469774,,0.5295943132151713,0.4689555,0.5295943132151713,100,100,3,10,100,2,50,10,50,10,1,10,2,5,1,1,50,1.2000000000000002,1.7999999999999998,7.0,3.0,90.0,10.0,8.0,2.0,1.0,0.5,5,42.5,7.5
838,2,2,3,0,5,5,1,5,3,2,3,1,0,5,3,2,3,114566.6667,81700.0,86050.0,103083.3333,96350.0,7.192222222,16.667,13396.41588176723,96351.0,4.983856226435459,,0.2548253138491159,,0.8078355793975435,0.4689555,0.8078355793975435,100,100,3,10,100,2,50,10,50,10,1,10,2,5,1,1,50,1.2000000000000002,1.7999999999999998,7.0,3.0,90.0,10.0,8.0,2.0,1.0,0.5,5,42.5,7.5
839,2,2,0,1,1,3,1,2,1,4,1,3,2,1,2,1,3,66466.66667,56500.0,45700.0,60083.33333,57187.5,7.192222222,16.667,7951.297698376373,57188.5,4.757308705564575,,0.09738640834770695,,0.5813364067861384,0.4689555,0.5813364067861384,100,100,3,10,100,2,50,10,50,10,1,10,2,5,1,1,50,1.2000000000000002,1.7999999999999998,7.0,3.0,90.0,10.0,8.0,2.0,1.0,0.5,5,42.5,7.5
840,2,2,2,1,1,2,2,0,5,2,4,1,2,5,2,1,1,3533.333333,2950.0,4283.333333,3416.666667,3545.83333325,7.192222222,16.667,493.00942376388105,3546.83333325,3.5498407813249306,,0.17723795224776584,,-0.6243363454135344,0.4689555,-0.6243363454135344,100,100,3,10,100,2,50,10,50,10,1,10,2,5,1,1,50,1.2000000000000002,1.7999999999999998,7.0,3.0,90.0,10.0,8.0,2.0,1.0,0.5,5,42.5,7.5
841,2,2,3,1,5,1,4,4,1,3,3,3,3,2,2,2,2,3583.333333,3233.333333,2583.333333,2516.666667,2979.1666665,7.192222222,16.667,414.22060867184365,2980.1666665,3.4742405527733125,,0.321555684669113,,-0.699573562086512,0.4689555,-0.699573562086512,100,100,3,10,100,2,50,10,50,10,1,10,2,5,1,1,50,1.2000000000000002,1.7999999999999998,7.0,3.0,90.0,10.0,8.0,2.0,1.0,0.5,5,42.5,7.5
842,2,2,1,0,0,2,1,1,2,5,3,4,2,1,3,2,2,3500.0,2883.333333,2866.666667,2800.0,3012.5,7.192222222,16.667,418.85524487621984,3013.5,3.47907119580393,,-0.24652426453271037,,-0.6947680421179377,0.4689555,-0.6947680421179377,100,100,3,10,100,2,50,10,50,10,1,10,2,5,1,1,50,1.2000000000000002,1.7999999999999998,7.0,3.0,90.0,10.0,8.0,2.0,1.0,0.5,5,42.5,7.5
843,2,2,4,1,0,2,0,0,3,2,1,4,4,0,2,3,1,2050.0,1866.666667,1783.333333,1816.666667,1879.1666667499999,7.192222222,16.667,261.2776147269049,1880.1666667499999,3.274196348860269,,0.9371496565151003,,-0.8982910277316225,0.4689555,-0.8982910277316225,100,100,3,10,100,2,50,10,50,10,1,10,2,5,1,1,50,1.2000000000000002,1.7999999999999998,7.0,3.0,90.0,10.0,8.0,2.0,1.0,0.5,5,42.5,7.5
844,2,2,2,1,0,3,3,3,3,1,3,2,1,2,3,2,3,83600.0,79416.66667,65500.0,81083.33333,77400.0,7.192222222,16.667,10761.625212753333,77401.0,4.888746571686464,,0.01470373244301637,,0.7127432107602797,0.4689555,0.7127432107602797,100,100,3,10,100,2,50,10,50,10,1,10,2,5,1,1,50,1.2000000000000002,1.7999999999999998,7.0,3.0,90.0,10.0,8.0,2.0,1.0,0.5,5,42.5,7.5
845,2,2,2,1,0,3,3,3,3,0,3,2,1,2,3,1,3,79266.66667,76033.33333,72200.0,73983.33333,75370.8333325,7.192222222,16.667,10479.491735106736,75371.8333325,4.8772090791102505,,-0.1006475078212965,,0.7012080843388036,0.4689555,0.7012080843388036,100,100,3,10,100,2,50,10,50,10,1,10,2,5,1,1,50,1.2000000000000002,1.7999999999999998,7.0,3.0,90.0,10.0,8.0,2.0,1.0,0.5,5,42.5,7.5
846,2,2,1,2,4,4,0,1,3,4,0,1,5,4,3,1,0,8950.0,6883.333333,8133.333333,7600.0,7891.666666499999,7.192222222,16.667,1097.2501158766336,7892.666666499999,3.8972237614957757,,0.41508493924197376,,-0.27800627437981423,0.4689555,-0.27800627437981423,100,100,3,10,100,2,50,10,50,10,1,10,2,5,1,1,50,1.2000000000000002,1.7999999999999998,7.0,3.0,90.0,10.0,8.0,2.0,1.0,0.5,5,42.5,7.5
847,2,2,1,3,1,5,1,1,4,0,4,2,5,1,3,0,3,45250.0,45100.0,45766.66667,45616.66667,45433.333335,7.192222222,16.667,6317.009115211402,45434.333335,4.657384159965186,,-0.5558507308341198,,0.4814426317033755,0.4689555,0.4814426317033755,100,100,3,10,100,2,50,10,50,10,1,10,2,5,1,1,50,1.2000000000000002,1.7999999999999998,7.0,3.0,90.0,10.0,8.0,2.0,1.0,0.5,5,42.5,7.5
848,2,2,4,4,4,5,2,1,0,3,4,3,1,0,3,2,1,1383.333333,866.6666667,1166.666667,1083.333333,1124.9999999249999,7.192222222,16.667,156.41897110517283,1125.9999999249999,3.0515383904864,,-0.0726361941439384,,-1.1185518111741397,0.4689555,-1.1185518111741397,100,100,3,10,100,2,50,10,50,10,1,10,2,5,1,1,50,1.2000000000000002,1.7999999999999998,7.0,3.0,90.0,10.0,8.0,2.0,1.0,0.5,5,42.5,7.5
849,2,2,1,2,3,2,2,1,4,4,5,1,4,4,1,1,2,3766.666667,2900.0,4083.333333,3466.666667,3554.16666675,7.192222222,16.667,494.16808283235497,3555.16666675,3.550859965333905,,-0.6299355592573304,,-0.6233216382930473,0.4689555,-0.6233216382930473,100,100,3,10,100,2,50,10,50,10,1,10,2,5,1,1,50,1.2000000000000002,1.7999999999999998,7.0,3.0,90.0,10.0,8.0,2.0,1.0,0.5,5,42.5,7.5
850,2,2,2,0,0,1,4,4,0,5,5,5,2,0,2,2,0,2716.666667,2416.666667,2733.333333,2550.0,2604.16666675,7.192222222,16.667,362.0809516680699,2605.16666675,3.4158355127159434,,0.24046852904773042,,-0.7576518000720307,0.4689555,-0.7576518000720307,100,100,3,10,100,2,50,10,50,10,1,10,2,5,1,1,50,1.2000000000000002,1.7999999999999998,7.0,3.0,90.0,10.0,8.0,2.0,1.0,0.5,5,42.5,7.5
851,2,2,1,1,0,3,3,3,3,0,3,2,1,2,3,2,3,95233.33333,101016.6667,78700.0,77550.0,88125.0000075,7.192222222,16.667,12252.819405098187,88126.0000075,4.945104058172789,,0.2014660511961548,,0.7690900009293412,0.4689555,0.7690900009293412,100,100,3,10,100,2,50,10,50,10,1,10,2,5,1,1,50,1.2000000000000002,1.7999999999999998,7.0,3.0,90.0,10.0,8.0,2.0,1.0,0.5,5,42.5,7.5
852,2,2,2,3,1,3,2,3,1,0,5,4,3,0,1,2,0,53866.66667,64566.66667,49383.33333,41066.66667,52220.833335,7.192222222,16.667,7260.73690760886,52221.833335,4.717852114390367,,0.4663266773045205,,0.5418911278811392,0.4689555,0.5418911278811392,100,100,3,10,100,2,50,10,50,10,1,10,2,5,1,1,50,1.2000000000000002,1.7999999999999998,7.0,3.0,90.0,10.0,8.0,2.0,1.0,0.5,5,42.5,7.5
853,2,2,2,1,1,3,3,3,3,0,3,2,1,2,3,2,3,69966.66667,77316.66667,73766.66667,59100.0,70037.5000025,7.192222222,16.667,9737.949946577723,70038.5000025,4.845336836331841,,0.34522283286254574,,0.6693427142901345,0.4689555,0.6693427142901345,100,100,3,10,100,2,50,10,50,10,1,10,2,5,1,1,50,1.2000000000000002,1.7999999999999998,7.0,3.0,90.0,10.0,8.0,2.0,1.0,0.5,5,42.5,7.5
854,2,2,4,2,3,4,0,4,2,3,4,5,2,5,3,2,3,16233.33333,15866.66667,11566.66667,8133.333333,12950.00000075,7.192222222,16.667,1800.5561565016394,12951.00000075,4.11230330340108,,-0.02858211846918035,,-0.06326290126013367,0.4689555,-0.06326290126013367,100,100,3,10,100,2,50,10,50,10,1,10,2,5,1,1,50,1.2000000000000002,1.7999999999999998,7.0,3.0,90.0,10.0,8.0,2.0,1.0,0.5,5,42.5,7.5
855,2,2,2,3,2,3,3,3,3,1,5,2,4,3,0,2,3,6033.333333,5133.333333,5450.0,5283.333333,5474.999999749999,7.192222222,16.667,761.2389927278306,5475.999999749999,3.7384634394421252,,0.317805755486678,,-0.43638706416824935,0.4689555,-0.43638706416824935,100,100,3,10,100,2,50,10,50,10,1,10,2,5,1,1,50,1.2000000000000002,1.7999999999999998,7.0,3.0,90.0,10.0,8.0,2.0,1.0,0.5,5,42.5,7.5
856,2,2,2,4,5,1,0,0,3,2,5,5,5,0,2,1,1,533.3333333,683.3333333,516.6666667,683.3333333,604.16666665,7.192222222,16.667,84.0027807819868,605.16666665,2.781874998517288,,-0.7172424469249763,,-1.3831159991884894,0.4689555,-1.3831159991884894,100,100,3,10,100,2,50,10,50,10,1,10,2,5,1,1,50,1.2000000000000002,1.7999999999999998,7.0,3.0,90.0,10.0,8.0,2.0,1.0,0.5,5,42.5,7.5
857,2,2,3,0,5,5,5,5,4,5,2,0,5,1,0,3,0,2200.0,2633.333333,2933.333333,3583.333333,2837.4999997500004,7.192222222,16.667,394.52340489014443,2838.4999997500004,3.4530888985231813,,0.27083032040854516,,-0.7206118785923815,0.4689555,-0.7206118785923815,100,100,3,10,100,2,50,10,50,10,1,10,2,5,1,1,50,1.2000000000000002,1.7999999999999998,7.0,3.0,90.0,10.0,8.0,2.0,1.0,0.5,5,42.5,7.5
858,2,2,2,1,2,3,2,4,3,5,5,3,3,3,0,2,2,9800.0,8116.666667,8866.666667,8716.666667,8875.00000025,7.192222222,16.667,1233.9718832800547,8876.00000025,3.948217293572203,,-0.10753163929681486,,-0.22710806938567046,0.4689555,-0.22710806938567046,100,100,3,10,100,2,50,10,50,10,1,10,2,5,1,1,50,1.2000000000000002,1.7999999999999998,7.0,3.0,90.0,10.0,8.0,2.0,1.0,0.5,5,42.5,7.5
859,2,2,2,4,5,3,2,2,2,4,4,2,3,1,2,0,2,22283.33333,17683.33333,17816.66667,17533.33333,18829.166665,7.192222222,16.667,2617.990112625305,18830.166665,4.274854163955566,,0.6438474766216147,,0.09912409462175335,0.4689555,0.09912409462175335,100,100,3,10,100,2,50,10,50,10,1,10,2,5,1,1,50,1.2000000000000002,1.7999999999999998,7.0,3.0,90.0,10.0,8.0,2.0,1.0,0.5,5,42.5,7.5
860,2,2,1,4,5,3,2,3,2,2,4,2,5,2,3,1,3,20783.33333,22283.33333,19883.33333,20500.0,20862.499997500003,7.192222222,16.667,2900.7029195628215,20863.499997500003,4.319387166127713,,0.09456694183341785,,0.14362190885664664,0.4689555,0.14362190885664664,100,100,3,10,100,2,50,10,50,10,1,10,2,5,1,1,50,1.2000000000000002,1.7999999999999998,7.0,3.0,90.0,10.0,8.0,2.0,1.0,0.5,5,42.5,7.5
861,2,2,0,4,2,3,4,1,5,5,4,4,4,1,1,2,1,5900.0,5383.333333,5400.0,4600.0,5320.83333325,7.192222222,16.667,739.80380041294,5321.83333325,3.7260612693917605,,0.6525055670723714,,-0.4487533439071665,0.4689555,-0.4487533439071665,100,100,3,10,100,2,50,10,50,10,1,10,2,5,1,1,50,1.2000000000000002,1.7999999999999998,7.0,3.0,90.0,10.0,8.0,2.0,1.0,0.5,5,42.5,7.5
862,2,2,1,1,5,1,5,1,2,4,1,2,3,1,1,3,1,3000.0,2783.333333,2650.0,3016.666667,2862.5,7.192222222,16.667,397.9993820608064,2863.5,3.456897187449348,,0.08861926326199177,,-0.7168244031129781,0.4689555,-0.7168244031129781,100,100,3,10,100,2,50,10,50,10,1,10,2,5,1,1,50,1.2000000000000002,1.7999999999999998,7.0,3.0,90.0,10.0,8.0,2.0,1.0,0.5,5,42.5,7.5
863,2,2,0,2,4,3,5,4,2,5,3,4,1,3,2,1,2,52400.0,56900.0,37350.0,70816.66667,54366.6666675,7.192222222,16.667,7559.0916116579365,54367.6666675,4.735340694503012,,0.17002379813099466,,0.5593745670171386,0.4689555,0.5593745670171386,100,100,3,10,100,2,50,10,50,10,1,10,2,5,1,1,50,1.2000000000000002,1.7999999999999998,7.0,3.0,90.0,10.0,8.0,2.0,1.0,0.5,5,42.5,7.5
864,2,2,2,3,3,3,3,1,3,2,3,2,1,5,3,2,3,9683.333333,8566.666667,7916.666667,8900.0,8766.66666675,7.192222222,16.667,1218.909315667972,8767.66666675,3.942884030243517,,-0.20681172768511535,,-0.2324318777408942,0.4689555,-0.2324318777408942,100,100,3,10,100,2,50,10,50,10,1,10,2,5,1,1,50,1.2000000000000002,1.7999999999999998,7.0,3.0,90.0,10.0,8.0,2.0,1.0,0.5,5,42.5,7.5
865,2,2,1,2,5,0,3,4,0,4,2,1,2,5,3,0,1,216.6666667,50.0,83.33333333,66.66666667,104.166666675,7.192222222,16.667,14.48323806741799,105.166666675,2.021878108894904,,1.1726672027506713,,-2.093903304786289,0.4689555,-2.093903304786289,100,100,3,10,100,2,50,10,50,10,1,10,2,5,1,1,50,1.2000000000000002,1.7999999999999998,7.0,3.0,90.0,10.0,8.0,2.0,1.0,0.5,5,42.5,7.5
866,2,2,2,1,1,3,3,5,3,0,3,2,1,2,3,2,3,67100.0,81783.33333,56216.66667,84716.66667,72454.1666675,7.192222222,16.667,10073.961069483206,72455.1666675,4.8600693597889775,,0.30219251492346455,,0.6840719981934998,0.4689555,0.6840719981934998,100,100,3,10,100,2,50,10,50,10,1,10,2,5,1,1,50,1.2000000000000002,1.7999999999999998,7.0,3.0,90.0,10.0,8.0,2.0,1.0,0.5,5,42.5,7.5
867,2,2,1,2,0,3,2,0,0,3,4,5,1,2,1,1,0,33433.33333,57616.66667,30350.0,57616.66667,44754.1666675,7.192222222,16.667,6222.578402903525,44755.1666675,4.650843178772858,,-0.37611462514394667,,0.4749039223017214,0.4689555,0.4749039223017214,100,100,3,10,100,2,50,10,50,10,1,10,2,5,1,1,50,1.2000000000000002,1.7999999999999998,7.0,3.0,90.0,10.0,8.0,2.0,1.0,0.5,5,42.5,7.5
868,2,2,4,5,5,4,1,2,5,0,0,2,5,4,1,2,3,0.0,0.0,0.0,100.0,25.0,7.192222222,16.667,3.4759771359022396,26.0,1.414973347970818,,0.7182774113897405,,-2.5562990264253296,0.4689555,-2.5562990264253296,100,100,3,10,100,2,50,10,50,10,1,10,2,5,1,1,50,1.2000000000000002,1.7999999999999998,7.0,3.0,90.0,10.0,8.0,2.0,1.0,0.5,5,42.5,7.5
869,2,2,3,4,2,3,3,1,3,0,0,2,1,2,3,2,3,400.0,316.6666667,400.0,383.3333333,375.0,7.192222222,16.667,52.13965703853359,376.0,2.575187844927661,,-0.12245041621696995,,-1.5831742775554207,0.4689555,-1.5831742775554207,100,100,3,10,100,2,50,10,50,10,1,10,2,5,1,1,50,1.2000000000000002,1.7999999999999998,7.0,3.0,90.0,10.0,8.0,2.0,1.0,0.5,5,42.5,7.5
870,2,2,2,0,0,3,3,5,3,5,3,4,0,1,3,3,3,19700.0,14166.66667,22833.33333,24183.33333,20220.8333325,7.192222222,16.667,2811.4861733063954,20221.8333325,4.305820526630586,,0.7365944447962924,,0.13006560984116158,0.4689555,0.13006560984116158,100,100,3,10,100,2,50,10,50,10,1,10,2,5,1,1,50,1.2000000000000002,1.7999999999999998,7.0,3.0,90.0,10.0,8.0,2.0,1.0,0.5,5,42.5,7.5
871,2,2,2,0,3,5,1,3,1,0,2,2,1,4,0,2,1,62666.66667,43116.66667,60916.66667,60916.66667,56904.16667,7.192222222,16.667,7911.903291299611,56905.16667,4.7551516996886205,,0.7483659755556955,,0.5791799931371231,0.4689555,0.5791799931371231,100,100,3,10,100,2,50,10,50,10,1,10,2,5,1,1,50,1.2000000000000002,1.7999999999999998,7.0,3.0,90.0,10.0,8.0,2.0,1.0,0.5,5,42.5,7.5
872,2,2,2,4,1,3,1,2,4,0,3,2,2,1,1,1,3,2933.333333,2266.666667,2250.0,2800.0,2562.5,7.192222222,16.667,356.28765642997956,2563.5,3.408833321776418,,0.4147648673493962,,-0.7646117956186453,0.4689555,-0.7646117956186453,100,100,3,10,100,2,50,10,50,10,1,10,2,5,1,1,50,1.2000000000000002,1.7999999999999998,7.0,3.0,90.0,10.0,8.0,2.0,1.0,0.5,5,42.5,7.5
873,2,2,4,2,0,5,4,2,0,3,5,2,1,3,0,1,0,93200.0,68183.33333,85316.66667,93816.66667,85129.1666675,7.192222222,16.667,11836.281477385643,85130.1666675,4.930083483653204,,0.26063783283748254,,0.7540721429847741,0.4689555,0.7540721429847741,100,100,3,10,100,2,50,10,50,10,1,10,2,5,1,1,50,1.2000000000000002,1.7999999999999998,7.0,3.0,90.0,10.0,8.0,2.0,1.0,0.5,5,42.5,7.5
874,2,2,3,3,0,5,1,1,4,0,4,2,5,1,3,2,3,68133.33333,54366.66667,66783.33333,80950.0,67558.3333325,7.192222222,16.667,9393.248880137286,67559.3333325,4.829685355353604,,0.1876833998872467,,0.6536947974520099,0.4689555,0.6536947974520099,100,100,3,10,100,2,50,10,50,10,1,10,2,5,1,1,50,1.2000000000000002,1.7999999999999998,7.0,3.0,90.0,10.0,8.0,2.0,1.0,0.5,5,42.5,7.5
875,2,2,1,1,0,4,3,0,2,0,3,1,4,3,3,2,3,52350.0,43233.33333,52900.0,64216.66667,53175.0,7.192222222,16.667,7393.403368064063,53176.0,4.725715665766084,,-0.19601538839700083,,0.5497523420480689,0.4689555,0.5497523420480689,100,100,3,10,100,2,50,10,50,10,1,10,2,5,1,1,50,1.2000000000000002,1.7999999999999998,7.0,3.0,90.0,10.0,8.0,2.0,1.0,0.5,5,42.5,7.5
876,2,2,5,2,0,4,0,2,1,1,0,4,3,1,3,3,3,1100.0,883.3333333,666.6666667,1200.0,962.5,7.192222222,16.667,133.82511973223623,963.5,2.9838517189914717,,0.3205008958357367,,-1.1852344906506462,0.4689555,-1.1852344906506462,100,100,3,10,100,2,50,10,50,10,1,10,2,5,1,1,50,1.2000000000000002,1.7999999999999998,7.0,3.0,90.0,10.0,8.0,2.0,1.0,0.5,5,42.5,7.5
877,2,2,4,4,0,4,3,2,5,2,0,0,0,3,3,2,3,166.6666667,216.6666667,366.6666667,433.3333333,295.83333335000003,7.192222222,16.667,41.13239611049382,296.83333335000003,2.4725126691039847,,-0.5433858332145203,,-1.6812407741052247,0.4689555,-1.6812407741052247,100,100,3,10,100,2,50,10,50,10,1,10,2,5,1,1,50,1.2000000000000002,1.7999999999999998,7.0,3.0,90.0,10.0,8.0,2.0,1.0,0.5,5,42.5,7.5
878,2,2,2,3,5,5,4,2,4,4,0,0,0,5,2,1,3,52000.0,41083.33333,45566.66667,50133.33333,47195.8333325,7.192222222,16.667,6562.065502944912,47196.8333325,4.673912860660424,,-0.13842697078328037,,0.497965741838474,0.4689555,0.497965741838474,100,100,3,10,100,2,50,10,50,10,1,10,2,5,1,1,50,1.2000000000000002,1.7999999999999998,7.0,3.0,90.0,10.0,8.0,2.0,1.0,0.5,5,42.5,7.5
879,2,2,1,3,3,4,0,5,3,3,0,4,4,3,3,0,2,14916.66667,11016.66667,17883.33333,21450.0,16316.666667500001,7.192222222,16.667,2268.6544108147277,16317.666667500001,4.21265805724397,,0.5020699828735729,,0.036983575138480454,0.4689555,0.036983575138480454,100,100,3,10,100,2,50,10,50,10,1,10,2,5,1,1,50,1.2000000000000002,1.7999999999999998,7.0,3.0,90.0,10.0,8.0,2.0,1.0,0.5,5,42.5,7.5
880,2,2,2,1,0,5,5,5,4,4,5,0,1,1,2,1,2,224566.6667,178533.3333,234233.3333,239750.0,219270.833325,7.192222222,16.667,30487.216128317235,219271.833325,5.340982847741514,,-0.12709479053874428,,1.164922617972539,0.4689555,1.164922617972539,100,100,3,10,100,2,50,10,50,10,1,10,2,5,1,1,50,1.2000000000000002,1.7999999999999998,7.0,3.0,90.0,10.0,8.0,2.0,1.0,0.5,5,42.5,7.5
881,2,2,2,0,0,1,2,4,2,0,4,2,0,2,3,2,2,4083.333333,4266.666667,4250.0,5100.0,4425.0,7.192222222,16.667,615.2479530546964,4426.0,3.6460114095912393,,0.19872967803867025,,-0.5285452634842785,0.4689555,-0.5285452634842785,100,100,3,10,100,2,50,10,50,10,1,10,2,5,1,1,50,1.2000000000000002,1.7999999999999998,7.0,3.0,90.0,10.0,8.0,2.0,1.0,0.5,5,42.5,7.5
882,2,2,2,4,5,4,3,4,1,4,5,4,2,1,1,1,0,35633.33333,26666.66667,28016.66667,28983.33333,29825.0,7.192222222,16.667,4146.840723131371,29826.0,4.474595013522642,,0.17664028586439073,,0.2987318207596941,0.4689555,0.2987318207596941,100,100,3,10,100,2,50,10,50,10,1,10,2,5,1,1,50,1.2000000000000002,1.7999999999999998,7.0,3.0,90.0,10.0,8.0,2.0,1.0,0.5,5,42.5,7.5
883,2,2,0,1,5,5,1,5,0,2,3,2,1,5,2,0,3,141666.6667,108983.3333,109866.6667,106000.0,116629.166675,7.192222222,16.667,16216.012669665257,116630.166675,5.06681089627216,,-0.9436138260075388,,0.8907779723358049,0.4689555,0.8907779723358049,100,100,3,10,100,2,50,10,50,10,1,10,2,5,1,1,50,1.2000000000000002,1.7999999999999998,7.0,3.0,90.0,10.0,8.0,2.0,1.0,0.5,5,42.5,7.5
884,2,2,3,0,1,3,1,2,1,4,1,3,0,1,2,1,3,44633.33333,42583.33333,35350.0,45716.66667,42070.8333325,7.192222222,16.667,5849.490190084953,42071.8333325,4.623991437351918,,-0.24224199749655462,,0.44806187377148043,0.4689555,0.44806187377148043,100,100,3,10,100,2,50,10,50,10,1,10,2,5,1,1,50,1.2000000000000002,1.7999999999999998,7.0,3.0,90.0,10.0,8.0,2.0,1.0,0.5,5,42.5,7.5
885,2,2,0,1,1,1,2,0,5,2,4,4,2,1,2,1,1,1450.0,1250.0,1150.0,1600.0,1362.5,7.192222222,16.667,189.44075390667206,1363.5,3.1346551422776487,,0.45025399524751997,,-1.0364744020261476,0.4689555,-1.0364744020261476,100,100,3,10,100,2,50,10,50,10,1,10,2,5,1,1,50,1.2000000000000002,1.7999999999999998,7.0,3.0,90.0,10.0,8.0,2.0,1.0,0.5,5,42.5,7.5
886,2,2,3,1,5,1,4,4,3,5,3,5,3,5,2,2,2,616.6666667,500.0,500.0,866.6666667,620.83333335,7.192222222,16.667,86.32009887722293,621.83333335,2.7936739986688255,,0.3338607045339259,,-1.3716108428563116,0.4689555,-1.3716108428563116,100,100,3,10,100,2,50,10,50,10,1,10,2,5,1,1,50,1.2000000000000002,1.7999999999999998,7.0,3.0,90.0,10.0,8.0,2.0,1.0,0.5,5,42.5,7.5
887,2,2,1,4,4,5,5,4,1,4,3,2,2,1,3,2,1,4766.666667,3466.666667,3300.0,4183.333333,3929.1666667500003,7.192222222,16.667,546.3077398708886,3930.1666667500003,3.5944109679110645,,-0.28123147960867323,,-0.5799524850668196,0.4689555,-0.5799524850668196,100,100,3,10,100,2,50,10,50,10,1,10,2,5,1,1,50,1.2000000000000002,1.7999999999999998,7.0,3.0,90.0,10.0,8.0,2.0,1.0,0.5,5,42.5,7.5
888,2,2,4,1,0,2,0,0,3,0,1,4,0,0,2,3,3,2183.333333,2400.0,2083.333333,2550.0,2304.1666665000002,7.192222222,16.667,320.36922600248323,2305.1666665000002,3.3627023309076787,,1.1470424530309815,,-0.8104472432485237,0.4689555,-0.8104472432485237,100,100,3,10,100,2,50,10,50,10,1,10,2,5,1,1,50,1.2000000000000002,1.7999999999999998,7.0,3.0,90.0,10.0,8.0,2.0,1.0,0.5,5,42.5,7.5
889,2,2,3,0,0,3,1,3,3,1,3,2,1,2,3,2,3,64350.0,63000.0,57766.66667,69116.66667,63558.333335,7.192222222,16.667,8837.092538740526,63559.333335,4.803179333304864,,0.13040367268530773,,0.6271951120805223,0.4689555,0.6271951120805223,100,100,3,10,100,2,50,10,50,10,1,10,2,5,1,1,50,1.2000000000000002,1.7999999999999998,7.0,3.0,90.0,10.0,8.0,2.0,1.0,0.5,5,42.5,7.5
890,2,2,0,2,4,5,3,3,3,4,0,2,5,2,3,1,0,54583.33333,51950.0,53400.0,72483.33333,58104.166665,7.192222222,16.667,8078.750193127723,58105.166665,4.76421475122571,,0.9520002930901352,,0.588240575983803,0.4689555,0.588240575983803,100,100,3,10,100,2,50,10,50,10,1,10,2,5,1,1,50,1.2000000000000002,1.7999999999999998,7.0,3.0,90.0,10.0,8.0,2.0,1.0,0.5,5,42.5,7.5
891,2,2,1,1,4,4,5,1,0,4,0,1,5,0,2,1,0,72866.66667,71500.0,58883.33333,58783.33333,65508.3333325,7.192222222,16.667,9108.218754993302,65509.3333325,4.8163031797786084,,-0.0867015761203076,,0.6403157727667403,0.4689555,0.6403157727667403,100,100,3,10,100,2,50,10,50,10,1,10,2,5,1,1,50,1.2000000000000002,1.7999999999999998,7.0,3.0,90.0,10.0,8.0,2.0,1.0,0.5,5,42.5,7.5
892,2,2,1,3,1,4,4,1,3,3,5,2,5,1,3,2,3,89883.33333,82216.66667,74216.66667,78466.66667,81195.833335,7.192222222,16.667,11289.394408119555,81196.833335,4.909539092148161,,-0.310669423077524,,0.7335316225092002,0.4689555,0.7335316225092002,100,100,3,10,100,2,50,10,50,10,1,10,2,5,1,1,50,1.2000000000000002,1.7999999999999998,7.0,3.0,90.0,10.0,8.0,2.0,1.0,0.5,5,42.5,7.5
893,2,2,4,4,1,5,3,1,2,3,0,2,1,5,2,2,3,866.6666667,650.0,633.3333333,683.3333333,708.333333325,7.192222222,16.667,98.4860188494048,709.333333325,2.850850368898246,,-0.11549251643671221,,-1.3157530528141015,0.4689555,-1.3157530528141015,100,100,3,10,100,2,50,10,50,10,1,10,2,5,1,1,50,1.2000000000000002,1.7999999999999998,7.0,3.0,90.0,10.0,8.0,2.0,1.0,0.5,5,42.5,7.5
894,2,2,2,5,5,5,2,2,0,5,5,4,4,4,1,1,0,316.6666667,283.3333333,133.3333333,216.6666667,237.5,7.192222222,16.667,33.021782791071274,238.5,2.3774883833761327,,-0.4317665769976533,,-1.7709720961903601,0.4689555,-1.7709720961903601,100,100,3,10,100,2,50,10,50,10,1,10,2,5,1,1,50,1.2000000000000002,1.7999999999999998,7.0,3.0,90.0,10.0,8.0,2.0,1.0,0.5,5,42.5,7.5
895,2,2,2,0,0,5,4,1,5,5,3,1,2,0,2,2,0,37000.0,29633.33333,37916.66667,43033.33333,36895.8333325,7.192222222,16.667,5129.962922953189,36896.8333325,4.566989094472458,,0.8707873569748488,,0.3910822048294865,0.4689555,0.3910822048294865,100,100,3,10,100,2,50,10,50,10,1,10,2,5,1,1,50,1.2000000000000002,1.7999999999999998,7.0,3.0,90.0,10.0,8.0,2.0,1.0,0.5,5,42.5,7.5
896,2,2,1,4,0,3,0,2,3,2,3,2,2,5,3,0,3,3183.333333,2750.0,2500.0,2666.666667,2775.0,7.192222222,16.667,385.8334620851486,2776.0,3.4434194617828173,,-0.2903826559016687,,-0.7302276462104065,0.4689555,-0.7302276462104065,100,100,3,10,100,2,50,10,50,10,1,10,2,5,1,1,50,1.2000000000000002,1.7999999999999998,7.0,3.0,90.0,10.0,8.0,2.0,1.0,0.5,5,42.5,7.5
897,2,2,2,3,0,0,2,3,1,0,0,4,0,3,1,0,0,50.0,100.0,16.66666667,133.3333333,74.9999999925,7.192222222,16.667,10.427931406663925,75.9999999925,1.8808135922379332,,-0.20086039467753292,,-2.213878240730824,0.4689555,-2.213878240730824,100,100,3,10,100,2,50,10,50,10,1,10,2,5,1,1,50,1.2000000000000002,1.7999999999999998,7.0,3.0,90.0,10.0,8.0,2.0,1.0,0.5,5,42.5,7.5
898,2,2,2,1,1,0,3,3,3,3,5,5,1,2,3,2,0,266.6666667,233.3333333,166.6666667,316.6666667,245.83333334999998,7.192222222,16.667,34.18044183868933,246.83333334999998,2.3924038081668892,,0.36715346184153885,,-1.756961399801425,0.4689555,-1.756961399801425,100,100,3,10,100,2,50,10,50,10,1,10,2,5,1,1,50,1.2000000000000002,1.7999999999999998,7.0,3.0,90.0,10.0,8.0,2.0,1.0,0.5,5,42.5,7.5
899,2,2,2,2,5,5,0,0,2,0,0,5,4,5,2,2,3,39516.66667,29800.0,24050.0,44483.33333,34462.5,7.192222222,16.667,4791.634481841237,34463.5,4.537359380874615,,-0.1942708365878829,,0.36146550587908644,0.4689555,0.36146550587908644,100,100,3,10,100,2,50,10,50,10,1,10,2,5,1,1,50,1.2000000000000002,1.7999999999999998,7.0,3.0,90.0,10.0,8.0,2.0,1.0,0.5,5,42.5,7.5
900,2,3,2,2,0,3,3,3,3,0,3,2,1,2,3,2,3,79116.66667,47133.33333,84400.0,72216.66667,70716.6666675,11.23833333,16.667,6292.451433054264,70717.6666675,4.8495279226760175,,0.22030256214645316,,0.6735328678417228,0.4689555,0.6735328678417228,100,100,3,10,100,2,50,10,50,10,1,10,2,5,1,1,50,1.2000000000000002,1.7999999999999998,7.0,3.0,90.0,10.0,8.0,2.0,1.0,0.5,5,42.5,7.5
901,2,3,2,4,5,3,0,3,3,5,2,5,5,4,2,1,1,166.6666667,466.6666667,850.0,716.6666667,550.000000025,11.23833333,16.667,48.939641126038744,551.000000025,2.74115159887149,,0.21427973684292523,,-1.4227633369106425,0.4689555,-1.4227633369106425,100,100,3,10,100,2,50,10,50,10,1,10,2,5,1,1,50,1.2000000000000002,1.7999999999999998,7.0,3.0,90.0,10.0,8.0,2.0,1.0,0.5,5,42.5,7.5
902,2,3,0,4,4,5,5,5,4,5,5,0,5,2,0,3,0,4333.333333,4466.666667,4850.0,4950.0,4650.0,11.23833333,16.667,413.76242041042934,4651.0,3.6675463395115164,,0.44623797214536953,,-0.5070844470760724,0.4689555,-0.5070844470760724,100,100,3,10,100,2,50,10,50,10,1,10,2,5,1,1,50,1.2000000000000002,1.7999999999999998,7.0,3.0,90.0,10.0,8.0,2.0,1.0,0.5,5,42.5,7.5
903,2,3,2,1,0,3,3,3,3,0,3,2,1,3,3,2,3,42966.66667,21000.0,40016.66667,28833.33333,33204.1666675,11.23833333,16.667,2954.5454554959356,33205.1666675,4.521205664445181,,-0.1071746457865963,,0.345319267694616,0.4689555,0.345319267694616,100,100,3,10,100,2,50,10,50,10,1,10,2,5,1,1,50,1.2000000000000002,1.7999999999999998,7.0,3.0,90.0,10.0,8.0,2.0,1.0,0.5,5,42.5,7.5
904,2,3,2,4,5,3,2,2,2,4,4,2,3,1,2,0,2,10500.0,7616.666667,11883.33333,10033.33333,10008.33333175,11.23833333,16.667,890.5531663697326,10009.33333175,4.000405152405986,,0.369398465072035,,-0.17500686339167162,0.4689555,-0.17500686339167162,100,100,3,10,100,2,50,10,50,10,1,10,2,5,1,1,50,1.2000000000000002,1.7999999999999998,7.0,3.0,90.0,10.0,8.0,2.0,1.0,0.5,5,42.5,7.5
905,2,3,1,4,5,3,2,3,2,2,4,2,5,2,3,1,3,18633.33333,23250.0,26233.33333,26350.0,23616.666665,11.23833333,16.667,2101.438529319721,23617.666665,4.373236988765597,,0.14841676447130148,,0.19743372750254667,0.4689555,0.19743372750254667,100,100,3,10,100,2,50,10,50,10,1,10,2,5,1,1,50,1.2000000000000002,1.7999999999999998,7.0,3.0,90.0,10.0,8.0,2.0,1.0,0.5,5,42.5,7.5
906,2,3,3,1,0,3,3,3,3,3,3,0,1,1,2,1,2,123816.6667,87550.0,125783.3333,103850.0,110250.0,11.23833333,16.667,9810.17351618276,110251.0,5.042382537300986,,0.38605134645091077,,0.8663529884180265,0.4689555,0.8663529884180265,100,100,3,10,100,2,50,10,50,10,1,10,2,5,1,1,50,1.2000000000000002,1.7999999999999998,7.0,3.0,90.0,10.0,8.0,2.0,1.0,0.5,5,42.5,7.5
907,2,3,1,1,5,1,5,1,2,4,1,2,3,1,1,3,1,6466.666667,6316.666667,6466.666667,6233.333333,6370.8333335,11.23833333,16.667,566.8841763656783,6371.8333335,3.804264407542166,,0.4359864833548097,,-0.37076032323781133,0.4689555,-0.37076032323781133,100,100,3,10,100,2,50,10,50,10,1,10,2,5,1,1,50,1.2000000000000002,1.7999999999999998,7.0,3.0,90.0,10.0,8.0,2.0,1.0,0.5,5,42.5,7.5
908,2,3,0,2,4,3,5,4,2,5,3,4,1,3,2,1,2,68333.33333,63466.66667,80116.66667,85850.0,74441.6666675,11.23833333,16.667,6623.906275211006,74442.6666675,4.8718219219310175,,0.30650502555899983,,0.695822053687457,0.4689555,0.695822053687457,100,100,3,10,100,2,50,10,50,10,1,10,2,5,1,1,50,1.2000000000000002,1.7999999999999998,7.0,3.0,90.0,10.0,8.0,2.0,1.0,0.5,5,42.5,7.5
909,2,3,2,0,0,3,3,3,3,0,3,2,1,2,3,2,3,0.0,33.33333333,0.0,0.0,8.3333333325,11.23833333,16.667,0.7415097139230342,9.3333333325,0.9700367765837805,,-3.522587506105217,,-2.7781454598436315,0.4689555,-2.7781454598436315,100,100,3,10,100,2,50,10,50,10,1,10,2,5,1,1,50,1.2000000000000002,1.7999999999999998,7.0,3.0,90.0,10.0,8.0,2.0,1.0,0.5,5,42.5,7.5
910,2,3,1,2,0,1,3,3,5,1,0,1,2,2,1,0,2,1950.0,2350.0,1766.666667,2233.333333,2075.0,11.23833333,16.667,184.6359187852991,2076.0,3.31722734917642,,0.34684996859183714,,-0.8555987144119975,0.4689555,-0.8555987144119975,100,100,3,10,100,2,50,10,50,10,1,10,2,5,1,1,50,1.2000000000000002,1.7999999999999998,7.0,3.0,90.0,10.0,8.0,2.0,1.0,0.5,5,42.5,7.5
911,2,3,2,1,0,5,4,5,3,0,3,2,1,2,3,2,3,83583.33333,82683.33333,103666.6667,111116.6667,95262.500015,11.23833333,16.667,8476.56829689354,95263.500015,4.978926533603006,,0.09602024687472266,,0.8029066925847581,0.4689555,0.8029066925847581,100,100,3,10,100,2,50,10,50,10,1,10,2,5,1,1,50,1.2000000000000002,1.7999999999999998,7.0,3.0,90.0,10.0,8.0,2.0,1.0,0.5,5,42.5,7.5
912,2,3,1,2,0,3,2,0,0,3,4,5,1,2,1,1,0,63083.33333,40133.33333,58950.0,96116.66667,64570.8333325,11.23833333,16.667,5745.588018833038,64571.8333325,4.810043117130404,,-0.21691468678640025,,0.6340572177338087,0.4689555,0.6340572177338087,100,100,3,10,100,2,50,10,50,10,1,10,2,5,1,1,50,1.2000000000000002,1.7999999999999998,7.0,3.0,90.0,10.0,8.0,2.0,1.0,0.5,5,42.5,7.5
913,2,3,4,1,2,4,1,2,1,5,4,2,5,4,1,0,3,59750.0,59716.66667,72033.33333,63066.66667,63641.6666675,11.23833333,16.667,5662.909685870654,63642.6666675,4.803748368565949,,0.43011429295288117,,0.6277640072041497,0.4689555,0.6277640072041497,100,100,3,10,100,2,50,10,50,10,1,10,2,5,1,1,50,1.2000000000000002,1.7999999999999998,7.0,3.0,90.0,10.0,8.0,2.0,1.0,0.5,5,42.5,7.5
914,2,3,2,1,0,3,3,3,3,0,3,2,0,2,3,2,3,62483.33333,52666.66667,61816.66667,73450.0,62604.1666675,11.23833333,16.667,5570.591726478005,62605.1666675,4.796610176063342,,0.08305060312877455,,0.6206275860007655,0.4689555,0.6206275860007655,100,100,3,10,100,2,50,10,50,10,1,10,2,5,1,1,50,1.2000000000000002,1.7999999999999998,7.0,3.0,90.0,10.0,8.0,2.0,1.0,0.5,5,42.5,7.5
915,2,3,2,1,0,3,3,3,3,0,3,2,1,2,3,2,3,68516.66667,57400.0,76816.66667,77050.0,69945.833335,11.23833333,16.667,6223.861784583676,69946.833335,4.844768057694667,,0.1747459157126814,,0.6687740629386284,0.4689555,0.6687740629386284,100,100,3,10,100,2,50,10,50,10,1,10,2,5,1,1,50,1.2000000000000002,1.7999999999999998,7.0,3.0,90.0,10.0,8.0,2.0,1.0,0.5,5,42.5,7.5
916,2,3,2,0,3,5,0,1,4,0,2,2,1,4,0,2,3,65983.33333,61033.33333,72816.66667,78900.0,69683.3333325,11.23833333,16.667,6200.5042283703115,69684.3333325,4.843135149517938,,0.2283196834307093,,0.667141521114106,0.4689555,0.667141521114106,100,100,3,10,100,2,50,10,50,10,1,10,2,5,1,1,50,1.2000000000000002,1.7999999999999998,7.0,3.0,90.0,10.0,8.0,2.0,1.0,0.5,5,42.5,7.5
917,2,3,2,4,1,3,1,2,4,0,3,2,2,1,1,1,3,21666.66667,21350.0,23850.0,24816.66667,22920.833335000003,11.23833333,16.667,2039.52246849756,22921.833335000003,4.360249350443345,,1.3661808960163233,,0.18445482888331283,0.4689555,0.18445482888331283,100,100,3,10,100,2,50,10,50,10,1,10,2,5,1,1,50,1.2000000000000002,1.7999999999999998,7.0,3.0,90.0,10.0,8.0,2.0,1.0,0.5,5,42.5,7.5
918,2,3,4,2,0,5,4,2,0,3,5,2,1,3,0,1,0,66250.0,70650.0,77883.33333,79333.33333,73529.166665,11.23833333,16.667,6542.710961305861,73530.166665,4.866465550353731,,0.19701989953800947,,0.6904668161377037,0.4689555,0.6904668161377037,100,100,3,10,100,2,50,10,50,10,1,10,2,5,1,1,50,1.2000000000000002,1.7999999999999998,7.0,3.0,90.0,10.0,8.0,2.0,1.0,0.5,5,42.5,7.5
919,2,3,3,3,0,5,1,1,4,0,4,2,5,1,3,2,3,120166.6667,102550.0,122533.3333,149816.6667,123766.666675,11.23833333,16.667,11012.902273027705,123767.666675,5.092607203499331,,0.4506052480329741,,0.9165709156750119,0.4689555,0.9165709156750119,100,100,3,10,100,2,50,10,50,10,1,10,2,5,1,1,50,1.2000000000000002,1.7999999999999998,7.0,3.0,90.0,10.0,8.0,2.0,1.0,0.5,5,42.5,7.5
920,2,3,2,1,0,3,3,3,2,0,3,2,1,2,3,2,3,78683.33333,70183.33333,71050.0,79833.33333,74937.4999975,11.23833333,16.667,6668.0261028972345,74938.4999975,4.874704995812379,,0.183996825750663,,0.6987045229413607,0.4689555,0.6987045229413607,100,100,3,10,100,2,50,10,50,10,1,10,2,5,1,1,50,1.2000000000000002,1.7999999999999998,7.0,3.0,90.0,10.0,8.0,2.0,1.0,0.5,5,42.5,7.5
921,2,3,2,2,0,4,0,2,4,1,2,2,3,0,0,3,3,650.0,566.6666667,650.0,950.0,704.166666675,11.23833333,16.667,62.657570833503655,705.166666675,2.8482917749527834,,-0.7131135460860341,,-1.3182561968036992,0.4689555,-1.3182561968036992,100,100,3,10,100,2,50,10,50,10,1,10,2,5,1,1,50,1.2000000000000002,1.7999999999999998,7.0,3.0,90.0,10.0,8.0,2.0,1.0,0.5,5,42.5,7.5
922,2,3,2,4,5,4,3,0,5,2,0,0,5,3,1,2,3,14550.0,17516.66667,18066.66667,18383.33333,17129.1666675,11.23833333,16.667,1524.1732171953652,17130.1666675,4.233761588442652,,0.955222550505411,,0.058067347245258354,0.4689555,0.058067347245258354,100,100,3,10,100,2,50,10,50,10,1,10,2,5,1,1,50,1.2000000000000002,1.7999999999999998,7.0,3.0,90.0,10.0,8.0,2.0,1.0,0.5,5,42.5,7.5
923,2,3,2,3,5,5,4,2,4,4,0,0,0,5,2,1,3,81566.66667,70616.66667,89233.33333,85350.0,81691.6666675,11.23833333,16.667,7269.0197263885575,81692.6666675,4.912183072826404,,0.09984324138269951,,0.7361750946766527,0.4689555,0.7361750946766527,100,100,3,10,100,2,50,10,50,10,1,10,2,5,1,1,50,1.2000000000000002,1.7999999999999998,7.0,3.0,90.0,10.0,8.0,2.0,1.0,0.5,5,42.5,7.5
924,2,3,1,3,3,4,0,0,4,3,0,4,4,3,2,3,2,11000.0,12033.33333,13733.33333,15116.66667,12970.8333325,11.23833333,16.667,1154.1598697624677,12971.8333325,4.113001360040978,,0.11129388539282292,,-0.06256568737184005,0.4689555,-0.06256568737184005,100,100,3,10,100,2,50,10,50,10,1,10,2,5,1,1,50,1.2000000000000002,1.7999999999999998,7.0,3.0,90.0,10.0,8.0,2.0,1.0,0.5,5,42.5,7.5
925,2,3,2,1,0,5,5,5,4,4,5,0,1,1,2,1,2,299750.0,218216.6667,309950.0,298233.3333,281537.5,11.23833333,16.667,25051.534932537903,281538.5,5.449537792417417,,-0.018539845862840743,,1.2734707002246646,0.4689555,1.2734707002246646,100,100,3,10,100,2,50,10,50,10,1,10,2,5,1,1,50,1.2000000000000002,1.7999999999999998,7.0,3.0,90.0,10.0,8.0,2.0,1.0,0.5,5,42.5,7.5
926,2,3,2,1,0,3,3,3,3,0,3,2,1,2,3,2,2,16.66666667,0.0,16.66666667,16.66666667,12.500000002500002,11.23833333,16.667,1.1122645712182309,13.500000002500002,1.130333768575431,,-3.365416747931871,,-2.71119949737866,0.4689555,-2.71119949737866,100,100,3,10,100,2,50,10,50,10,1,10,2,5,1,1,50,1.2000000000000002,1.7999999999999998,7.0,3.0,90.0,10.0,8.0,2.0,1.0,0.5,5,42.5,7.5
927,2,3,0,3,5,4,2,4,1,4,5,3,2,1,1,1,0,111733.3333,89283.33333,118883.3333,114533.3333,108608.3333075,11.23833333,16.667,9664.096100226634,108609.3333075,5.03586714781062,,0.12557986563032664,,0.8598385316304599,0.4689555,0.8598385316304599,100,100,3,10,100,2,50,10,50,10,1,10,2,5,1,1,50,1.2000000000000002,1.7999999999999998,7.0,3.0,90.0,10.0,8.0,2.0,1.0,0.5,5,42.5,7.5
928,2,3,3,0,5,5,1,5,3,2,3,1,0,5,3,2,3,161016.6667,149450.0,173883.3333,151183.3333,158883.333325,11.23833333,16.667,14137.624206328825,158884.333325,5.20108107602462,,0.47205016343827655,,1.0250326390399658,0.4689555,1.0250326390399658,100,100,3,10,100,2,50,10,50,10,1,10,2,5,1,1,50,1.2000000000000002,1.7999999999999998,7.0,3.0,90.0,10.0,8.0,2.0,1.0,0.5,5,42.5,7.5
929,2,3,0,1,1,3,1,2,1,4,1,3,2,1,2,1,3,64266.66667,41516.66667,61766.66667,64050.0,57900.0000025,11.23833333,16.667,5152.0094930748955,57901.0000025,4.762686064449669,,0.10276376723280123,,0.5867123020050908,0.4689555,0.5867123020050908,100,100,3,10,100,2,50,10,50,10,1,10,2,5,1,1,50,1.2000000000000002,1.7999999999999998,7.0,3.0,90.0,10.0,8.0,2.0,1.0,0.5,5,42.5,7.5
930,2,3,2,1,1,2,2,0,5,2,4,1,2,5,2,1,1,5366.666667,4716.666667,4850.0,4800.0,4933.333333500001,11.23833333,16.667,438.97375070116385,4934.333333500001,3.693228484434191,,0.32062565535702614,,-0.48148603086207103,0.4689555,-0.48148603086207103,100,100,3,10,100,2,50,10,50,10,1,10,2,5,1,1,50,1.2000000000000002,1.7999999999999998,7.0,3.0,90.0,10.0,8.0,2.0,1.0,0.5,5,42.5,7.5
931,2,3,3,1,5,1,4,4,1,3,3,3,3,2,2,2,2,4333.333333,3383.333333,4300.0,5100.0,4279.166666499999,11.23833333,16.667,380.7652381227243,4280.166666499999,3.6314606804458807,,0.4787758123416812,,-0.5430438018017286,0.4689555,-0.5430438018017286,100,100,3,10,100,2,50,10,50,10,1,10,2,5,1,1,50,1.2000000000000002,1.7999999999999998,7.0,3.0,90.0,10.0,8.0,2.0,1.0,0.5,5,42.5,7.5
932,2,3,1,4,4,5,5,4,1,4,3,2,2,1,3,2,1,24733.33333,20216.66667,24350.0,22700.0,23000.0,11.23833333,16.667,2046.566810632231,23001.0,4.361746717975897,,0.4861042704561589,,0.18595117542887166,0.4689555,0.18595117542887166,100,100,3,10,100,2,50,10,50,10,1,10,2,5,1,1,50,1.2000000000000002,1.7999999999999998,7.0,3.0,90.0,10.0,8.0,2.0,1.0,0.5,5,42.5,7.5
933,2,3,4,1,0,2,0,0,3,0,1,4,0,0,2,3,3,2100.0,1666.666667,1933.333333,2250.0,1987.5,11.23833333,16.667,176.85006678832866,1988.5,3.298525595321999,,1.0828657174453018,,-0.8741573521615311,0.4689555,-0.8741573521615311,100,100,3,10,100,2,50,10,50,10,1,10,2,5,1,1,50,1.2000000000000002,1.7999999999999998,7.0,3.0,90.0,10.0,8.0,2.0,1.0,0.5,5,42.5,7.5
934,2,3,3,0,0,3,1,3,3,1,3,2,1,2,3,2,3,71183.33333,57050.0,68566.66667,62300.0,64775.0,11.23833333,16.667,5763.75500690012,64776.0,4.811414126268122,,0.1386384656485662,,0.6354278948298815,0.4689555,0.6354278948298815,100,100,3,10,100,2,50,10,50,10,1,10,2,5,1,1,50,1.2000000000000002,1.7999999999999998,7.0,3.0,90.0,10.0,8.0,2.0,1.0,0.5,5,42.5,7.5
935,2,3,0,2,4,5,3,3,3,4,0,2,5,2,3,1,0,34650.0,33450.0,37183.33333,35600.0,35220.8333325,11.23833333,16.667,3133.990806134952,35221.8333325,4.546811957692196,,0.7345974995566209,,0.37091383392196725,0.4689555,0.37091383392196725,100,100,3,10,100,2,50,10,50,10,1,10,2,5,1,1,50,1.2000000000000002,1.7999999999999998,7.0,3.0,90.0,10.0,8.0,2.0,1.0,0.5,5,42.5,7.5
936,2,3,1,1,4,4,5,1,0,4,0,1,5,0,2,1,0,58000.0,45433.33333,50483.33333,56316.66667,52558.3333325,11.23833333,16.667,4676.701766106095,52559.3333325,4.720649847954831,,-0.18235490794408538,,0.5446880250492855,0.4689555,0.5446880250492855,100,100,3,10,100,2,50,10,50,10,1,10,2,5,1,1,50,1.2000000000000002,1.7999999999999998,7.0,3.0,90.0,10.0,8.0,2.0,1.0,0.5,5,42.5,7.5
937,2,3,1,3,1,4,4,1,3,3,5,2,5,1,3,2,3,159750.0,109566.6667,166016.6667,185566.6667,155225.00002500002,11.23833333,16.667,13812.1014448501,155226.00002500002,5.190964466417459,,-0.029244048808226175,,1.0149170386033264,0.4689555,1.0149170386033264,100,100,3,10,100,2,50,10,50,10,1,10,2,5,1,1,50,1.2000000000000002,1.7999999999999998,7.0,3.0,90.0,10.0,8.0,2.0,1.0,0.5,5,42.5,7.5
938,2,3,4,4,1,5,3,1,2,3,0,2,1,5,2,2,3,3183.333333,2450.0,2600.0,3483.333333,2929.1666665000002,11.23833333,16.667,260.6406644551804,2930.1666665000002,3.4668923235222637,,0.5005494381873055,,-0.706883037852729,0.4689555,-0.706883037852729,100,100,3,10,100,2,50,10,50,10,1,10,2,5,1,1,50,1.2000000000000002,1.7999999999999998,7.0,3.0,90.0,10.0,8.0,2.0,1.0,0.5,5,42.5,7.5
939,2,3,1,2,3,2,2,1,4,4,5,1,4,4,1,1,2,5233.333333,5300.0,5166.666667,5066.666667,5191.66666675,11.23833333,16.667,461.9605518276615,5192.66666675,3.7153904447908084,,-0.4654050798004268,,-0.4593924599574361,0.4689555,-0.4593924599574361,100,100,3,10,100,2,50,10,50,10,1,10,2,5,1,1,50,1.2000000000000002,1.7999999999999998,7.0,3.0,90.0,10.0,8.0,2.0,1.0,0.5,5,42.5,7.5
940,2,3,2,0,0,5,4,1,5,5,3,1,2,0,2,2,0,616.6666667,366.6666667,433.3333333,566.6666667,495.83333335,11.23833333,16.667,44.119827984315535,496.83333335,2.6962107256635557,,-0.9999910118340534,,-1.466397106845902,0.4689555,-1.466397106845902,100,100,3,10,100,2,50,10,50,10,1,10,2,5,1,1,50,1.2000000000000002,1.7999999999999998,7.0,3.0,90.0,10.0,8.0,2.0,1.0,0.5,5,42.5,7.5
941,2,3,1,1,0,3,3,3,3,0,3,2,1,2,3,2,3,95416.66667,73133.33333,91950.0,97350.0,89462.5,11.23833333,16.667,7960.477534616782,89463.5,4.951645884681182,,0.20800787770454754,,0.7756306733538534,0.4689555,0.7756306733538534,100,100,3,10,100,2,50,10,50,10,1,10,2,5,1,1,50,1.2000000000000002,1.7999999999999998,7.0,3.0,90.0,10.0,8.0,2.0,1.0,0.5,5,42.5,7.5
942,2,3,2,3,1,3,2,3,1,0,5,4,3,0,1,2,0,32383.33333,32850.0,54883.33333,64500.0,46154.166665,11.23833333,16.667,4106.851550825108,46155.166665,4.664220323531048,,0.4126948864452018,,0.4882764572290656,0.4689555,0.4882764572290656,100,100,3,10,100,2,50,10,50,10,1,10,2,5,1,1,50,1.2000000000000002,1.7999999999999998,7.0,3.0,90.0,10.0,8.0,2.0,1.0,0.5,5,42.5,7.5
943,2,3,2,1,1,3,3,3,3,0,3,2,1,2,3,2,3,79666.66667,56250.0,75250.0,76233.33333,71850.0,11.23833333,16.667,6393.296754083731,71851.0,4.856432816888612,,0.3563188134193167,,0.6804362447537103,0.4689555,0.6804362447537103,100,100,3,10,100,2,50,10,50,10,1,10,2,5,1,1,50,1.2000000000000002,1.7999999999999998,7.0,3.0,90.0,10.0,8.0,2.0,1.0,0.5,5,42.5,7.5
944,2,3,2,2,5,5,0,0,2,0,0,5,4,5,2,2,3,91233.33333,59700.0,143383.3333,157100.0,112854.1666575,11.23833333,16.667,10041.895300991218,112855.1666575,5.052521446439728,,0.32089122897723055,,0.8764904736749428,0.4689555,0.8764904736749428,100,100,3,10,100,2,50,10,50,10,1,10,2,5,1,1,50,1.2000000000000002,1.7999999999999998,7.0,3.0,90.0,10.0,8.0,2.0,1.0,0.5,5,42.5,7.5
945,2,3,0,2,4,5,2,0,1,0,3,2,5,0,0,2,1,8483.333333,5550.0,6533.333333,5666.666667,6558.333333250001,11.23833333,16.667,583.5681449083697,6559.333333250001,3.8168597015092476,,-0.12193514737090316,,-0.3581954798819264,0.4689555,-0.3581954798819264,100,100,3,10,100,2,50,10,50,10,1,10,2,5,1,1,50,1.2000000000000002,1.7999999999999998,7.0,3.0,90.0,10.0,8.0,2.0,1.0,0.5,5,42.5,7.5
946,2,3,5,1,5,3,0,2,3,0,2,2,5,3,0,1,1,16.66666667,16.66666667,33.33333333,0.0,16.666666667500003,11.23833333,16.667,1.4830194280685216,17.666666667500003,1.2471546149016122,,0.44863227444655474,,-2.653208170841382,0.4689555,-2.653208170841382,100,100,3,10,100,2,50,10,50,10,1,10,2,5,1,1,50,1.2000000000000002,1.7999999999999998,7.0,3.0,90.0,10.0,8.0,2.0,1.0,0.5,5,42.5,7.5
947,2,3,0,4,4,3,4,2,1,5,5,0,5,2,3,3,0,3800.0,3533.333333,4033.333333,3766.666667,3783.33333325,11.23833333,16.667,336.64541014730696,3784.33333325,3.5779893831249208,,0.43001043157358065,,-0.5963076243523895,0.4689555,-0.5963076243523895,100,100,3,10,100,2,50,10,50,10,1,10,2,5,1,1,50,1.2000000000000002,1.7999999999999998,7.0,3.0,90.0,10.0,8.0,2.0,1.0,0.5,5,42.5,7.5
948,2,3,4,1,0,3,3,3,0,1,1,5,1,0,1,3,2,533.3333333,766.6666667,800.0,600.0,675.0,11.23833333,16.667,60.062286833772,676.0,2.829946695941636,,-0.10701702201352248,,-1.336194203428737,0.4689555,-1.336194203428737,100,100,3,10,100,2,50,10,50,10,1,10,2,5,1,1,50,1.2000000000000002,1.7999999999999998,7.0,3.0,90.0,10.0,8.0,2.0,1.0,0.5,5,42.5,7.5
949,2,3,5,0,5,2,0,2,2,1,1,4,0,1,3,0,2,16.66666667,83.33333333,16.66666667,50.0,41.666666667499996,11.23833333,16.667,3.7075485700600765,42.666666667499996,1.6300887149366883,,0.07871450288079451,,-2.410171983407182,0.4689555,-2.410171983407182,100,100,3,10,100,2,50,10,50,10,1,10,2,5,1,1,50,1.2000000000000002,1.7999999999999998,7.0,3.0,90.0,10.0,8.0,2.0,1.0,0.5,5,42.5,7.5
950,2,3,0,1,1,3,2,3,2,5,4,2,5,2,1,1,2,74500.0,77300.0,76550.0,76750.0,76275.0,11.23833333,16.667,6787.038412216236,76276.0,4.882387910075638,,0.2596528215285545,,0.7063858454319274,0.4689555,0.7063858454319274,100,100,3,10,100,2,50,10,50,10,1,10,2,5,1,1,50,1.2000000000000002,1.7999999999999998,7.0,3.0,90.0,10.0,8.0,2.0,1.0,0.5,5,42.5,7.5
951,2,3,3,1,0,3,0,0,3,3,1,5,1,4,2,1,2,34166.66667,14766.66667,47383.33333,68266.66667,41145.833335,11.23833333,16.667,3661.204213009404,41146.833335,4.6143364174813515,,-0.10669782118122395,,0.43841048819877804,0.4689555,0.43841048819877804,100,100,3,10,100,2,50,10,50,10,1,10,2,5,1,1,50,1.2000000000000002,1.7999999999999998,7.0,3.0,90.0,10.0,8.0,2.0,1.0,0.5,5,42.5,7.5
952,2,3,0,5,1,1,2,1,4,4,5,2,3,1,1,0,1,33.33333333,50.0,33.33333333,50.0,41.666666665,11.23833333,16.667,3.707548569837624,42.666666665,1.6300887149112413,,0.48553780019461334,,-2.410171983425794,0.4689555,-2.410171983425794,100,100,3,10,100,2,50,10,50,10,1,10,2,5,1,1,50,1.2000000000000002,1.7999999999999998,7.0,3.0,90.0,10.0,8.0,2.0,1.0,0.5,5,42.5,7.5
953,2,3,2,0,4,3,5,4,2,5,3,4,1,0,2,1,2,62133.33333,62450.0,57483.33333,85083.33333,66787.4999975,11.23833333,16.667,5942.829602607987,66788.4999975,4.824701689757235,,0.7440178613807014,,0.648712293952467,0.4689555,0.648712293952467,100,100,3,10,100,2,50,10,50,10,1,10,2,5,1,1,50,1.2000000000000002,1.7999999999999998,7.0,3.0,90.0,10.0,8.0,2.0,1.0,0.5,5,42.5,7.5
954,2,3,2,5,0,3,3,0,5,0,4,2,1,0,3,2,3,733.3333333,450.0,483.3333333,400.0,516.66666665,11.23833333,16.667,45.97360226634246,517.66666665,2.7140502009949135,,-0.22435118485084704,,-1.449092259699024,0.4689555,-1.449092259699024,100,100,3,10,100,2,50,10,50,10,1,10,2,5,1,1,50,1.2000000000000002,1.7999999999999998,7.0,3.0,90.0,10.0,8.0,2.0,1.0,0.5,5,42.5,7.5
955,2,3,0,2,0,1,3,3,0,5,0,5,1,2,3,0,2,216.6666667,350.0,300.0,283.3333333,287.5,11.23833333,16.667,25.58208513290289,288.5,2.46014581749175,,0.17579195769856204,,-1.6929791647079337,0.4689555,-1.6929791647079337,100,100,3,10,100,2,50,10,50,10,1,10,2,5,1,1,50,1.2000000000000002,1.7999999999999998,7.0,3.0,90.0,10.0,8.0,2.0,1.0,0.5,5,42.5,7.5
956,2,3,0,1,0,5,4,5,2,1,1,2,0,1,3,1,3,163650.0,168750.0,172416.6667,161333.3333,166537.5,11.23833333,16.667,14818.700879376747,166538.5,5.2215146486814925,,-0.3015518468170608,,1.0454642436723098,0.4689555,1.0454642436723098,100,100,3,10,100,2,50,10,50,10,1,10,2,5,1,1,50,1.2000000000000002,1.7999999999999998,7.0,3.0,90.0,10.0,8.0,2.0,1.0,0.5,5,42.5,7.5
957,2,3,2,2,0,3,2,4,0,3,4,5,1,0,1,1,0,38366.66667,38516.66667,54033.33333,84166.66667,53770.833335,11.23833333,16.667,4784.591429715139,53771.833335,4.730554843873448,,-0.2722870892745437,,0.5545901027398091,0.4689555,0.5545901027398091,100,100,3,10,100,2,50,10,50,10,1,10,2,5,1,1,50,1.2000000000000002,1.7999999999999998,7.0,3.0,90.0,10.0,8.0,2.0,1.0,0.5,5,42.5,7.5
958,2,3,4,1,1,1,1,0,1,5,4,2,0,0,0,0,1,116.6666667,150.0,133.3333333,116.6666667,129.166666675,11.23833333,16.667,11.49340056769788,130.166666675,2.1144997835214605,,-0.41720022904542686,,-2.0122334637202277,0.4689555,-2.0122334637202277,100,100,3,10,100,2,50,10,50,10,1,10,2,5,1,1,50,1.2000000000000002,1.7999999999999998,7.0,3.0,90.0,10.0,8.0,2.0,1.0,0.5,5,42.5,7.5
959,2,3,2,1,5,4,3,0,5,0,0,0,0,3,1,2,3,63400.0,61866.66667,71333.33333,63333.33333,64983.3333325,11.23833333,16.667,5782.292749675898,64984.3333325,4.812808667914552,,0.15080508418429517,,0.6368220998087576,0.4689555,0.6368220998087576,100,100,3,10,100,2,50,10,50,10,1,10,2,5,1,1,50,1.2000000000000002,1.7999999999999998,7.0,3.0,90.0,10.0,8.0,2.0,1.0,0.5,5,42.5,7.5
960,2,3,2,1,0,2,3,5,3,0,3,0,1,4,2,0,1,7133.333333,8350.0,7683.333333,7716.666667,7720.83333325,11.23833333,16.667,687.0087500109769,7721.83333325,3.8877204236502445,,0.22462965077793529,,-0.28749057832267544,0.4689555,-0.28749057832267544,100,100,3,10,100,2,50,10,50,10,1,10,2,5,1,1,50,1.2000000000000002,1.7999999999999998,7.0,3.0,90.0,10.0,8.0,2.0,1.0,0.5,5,42.5,7.5
961,2,3,1,4,0,5,3,1,4,0,0,0,3,4,0,2,3,7833.333333,6433.333333,7433.333333,6400.0,7024.99999975,11.23833333,16.667,625.0926888773818,7025.99999975,3.846708145440554,,0.18885987951872574,,-0.3284157756107143,0.4689555,-0.3284157756107143,100,100,3,10,100,2,50,10,50,10,1,10,2,5,1,1,50,1.2000000000000002,1.7999999999999998,7.0,3.0,90.0,10.0,8.0,2.0,1.0,0.5,5,42.5,7.5
962,2,3,2,4,1,4,5,2,4,2,5,0,0,0,3,1,1,34233.33333,37000.0,34600.0,43183.33333,37254.166665,11.23833333,16.667,3314.9191762761143,37255.166665,4.571186510601083,,-0.17217497856567743,,0.3952778480008156,0.4689555,0.3952778480008156,100,100,3,10,100,2,50,10,50,10,1,10,2,5,1,1,50,1.2000000000000002,1.7999999999999998,7.0,3.0,90.0,10.0,8.0,2.0,1.0,0.5,5,42.5,7.5
963,2,3,4,2,0,5,4,0,0,1,5,2,0,0,3,1,0,81000.0,81833.33333,82283.33333,94833.33333,84987.4999975,11.23833333,16.667,7562.28681797784,84988.4999975,4.92936016423766,,0.09895161469479419,,0.7533489567722914,0.4689555,0.7533489567722914,100,100,3,10,100,2,50,10,50,10,1,10,2,5,1,1,50,1.2000000000000002,1.7999999999999998,7.0,3.0,90.0,10.0,8.0,2.0,1.0,0.5,5,42.5,7.5
964,2,3,2,3,0,5,1,5,4,0,5,3,1,1,3,2,3,182250.0,215150.0,209350.0,233783.3333,210133.333325,11.23833333,16.667,18697.908947411514,210134.333325,5.322497016496431,,0.24754845397322356,,1.1464381359574172,0.4689555,1.1464381359574172,100,100,3,10,100,2,50,10,50,10,1,10,2,5,1,1,50,1.2000000000000002,1.7999999999999998,7.0,3.0,90.0,10.0,8.0,2.0,1.0,0.5,5,42.5,7.5
965,2,3,0,2,0,1,3,3,2,1,3,1,1,2,3,0,2,2416.666667,3566.666667,2000.0,3183.333333,2791.66666675,11.23833333,16.667,248.40575419647212,2792.66666675,3.4460191013184978,,0.08223875774723632,,-0.727642552670777,0.4689555,-0.727642552670777,100,100,3,10,100,2,50,10,50,10,1,10,2,5,1,1,50,1.2000000000000002,1.7999999999999998,7.0,3.0,90.0,10.0,8.0,2.0,1.0,0.5,5,42.5,7.5
966,2,3,2,2,0,4,5,2,4,1,2,2,0,0,3,2,3,39850.0,49750.0,45550.0,42783.33333,44483.3333325,11.23833333,16.667,3958.178853242823,44484.3333325,4.648207086369136,,-0.14117791510585054,,0.4722687551702597,0.4689555,0.4722687551702597,100,100,3,10,100,2,50,10,50,10,1,10,2,5,1,1,50,1.2000000000000002,1.7999999999999998,7.0,3.0,90.0,10.0,8.0,2.0,1.0,0.5,5,42.5,7.5
967,2,3,3,0,5,4,0,0,4,2,0,2,5,3,1,2,3,64050.0,69616.66667,66650.0,58700.0,64754.1666675,11.23833333,16.667,5761.901232689278,64755.1666675,4.811274425504898,,0.09137119447883801,,0.635288227852542,0.4689555,0.635288227852542,100,100,3,10,100,2,50,10,50,10,1,10,2,5,1,1,50,1.2000000000000002,1.7999999999999998,7.0,3.0,90.0,10.0,8.0,2.0,1.0,0.5,5,42.5,7.5
968,2,3,2,3,5,5,0,2,4,4,0,0,0,5,2,3,1,16200.0,16916.66667,17216.66667,17550.0,16970.833335,11.23833333,16.667,1510.0845327035695,16971.833335,4.22972875830285,,0.304831167442293,,0.05403821924932281,0.4689555,0.05403821924932281,100,100,3,10,100,2,50,10,50,10,1,10,2,5,1,1,50,1.2000000000000002,1.7999999999999998,7.0,3.0,90.0,10.0,8.0,2.0,1.0,0.5,5,42.5,7.5
969,2,3,0,1,0,4,0,0,4,3,0,3,2,3,2,3,2,40750.0,52383.33333,46083.33333,45316.66667,46133.3333325,11.23833333,16.667,4104.997776614266,46134.3333325,4.664024249188933,,-0.3691849626686379,,0.4880804494352402,0.4689555,0.4880804494352402,100,100,3,10,100,2,50,10,50,10,1,10,2,5,1,1,50,1.2000000000000002,1.7999999999999998,7.0,3.0,90.0,10.0,8.0,2.0,1.0,0.5,5,42.5,7.5
970,2,3,2,5,2,5,5,5,2,0,5,4,4,1,0,1,2,1116.666667,1050.0,1183.333333,1416.666667,1191.6666667499999,11.23833333,16.667,106.03588910901256,1192.6666667499999,3.0765190815420365,,0.6985818524426386,,-1.0939043830330222,0.4689555,-1.0939043830330222,100,100,3,10,100,2,50,10,50,10,1,10,2,5,1,1,50,1.2000000000000002,1.7999999999999998,7.0,3.0,90.0,10.0,8.0,2.0,1.0,0.5,5,42.5,7.5
971,2,3,2,1,5,3,3,4,5,5,5,0,0,2,0,2,3,38950.0,36916.66667,38700.0,35300.0,37466.6666675,11.23833333,16.667,3333.8276742054954,37467.6666675,4.573656647858082,,-0.14211746639440825,,0.3977469498680745,0.4689555,0.3977469498680745,100,100,3,10,100,2,50,10,50,10,1,10,2,5,1,1,50,1.2000000000000002,1.7999999999999998,7.0,3.0,90.0,10.0,8.0,2.0,1.0,0.5,5,42.5,7.5
972,2,3,0,5,5,4,0,1,1,4,4,3,5,1,1,2,0,1216.666667,1200.0,1066.666667,1583.333333,1266.6666667499999,11.23833333,16.667,112.70947653498723,1267.6666667499999,3.1030050707204695,,0.7017647717276261,,-1.0677516714348951,0.4689555,-1.0677516714348951,100,100,3,10,100,2,50,10,50,10,1,10,2,5,1,1,50,1.2000000000000002,1.7999999999999998,7.0,3.0,90.0,10.0,8.0,2.0,1.0,0.5,5,42.5,7.5
973,2,3,3,0,5,5,0,2,4,2,3,1,3,5,0,3,3,25650.0,25700.0,25833.33333,25350.0,25633.3333325,11.23833333,16.667,2280.8838801811903,25634.3333325,4.408822027304744,,0.09055908786438582,,0.2329961160218971,0.4689555,0.2329961160218971,100,100,3,10,100,2,50,10,50,10,1,10,2,5,1,1,50,1.2000000000000002,1.7999999999999998,7.0,3.0,90.0,10.0,8.0,2.0,1.0,0.5,5,42.5,7.5
974,2,3,0,2,5,3,5,1,1,4,1,3,2,1,2,1,0,41033.33333,37300.0,38783.33333,48850.0,41491.666665,11.23833333,16.667,3691.976865843683,41492.666665,4.617971347113346,,0.14796499041252797,,0.442044040099248,0.4689555,0.442044040099248,100,100,3,10,100,2,50,10,50,10,1,10,2,5,1,1,50,1.2000000000000002,1.7999999999999998,7.0,3.0,90.0,10.0,8.0,2.0,1.0,0.5,5,42.5,7.5
975,2,3,2,1,1,2,5,0,5,4,4,1,2,5,2,3,1,1450.0,1666.666667,1566.666667,1516.666667,1550.00000025,11.23833333,16.667,137.92080682572174,1551.00000025,3.1906117978836073,,-0.05511609282419894,,-0.9811145633672524,0.4689555,-0.9811145633672524,100,100,3,10,100,2,50,10,50,10,1,10,2,5,1,1,50,1.2000000000000002,1.7999999999999998,7.0,3.0,90.0,10.0,8.0,2.0,1.0,0.5,5,42.5,7.5
976,2,3,0,1,5,1,4,4,1,3,3,3,0,0,2,1,2,5700.0,6400.0,6600.0,5333.333333,6008.33333325,11.23833333,16.667,534.6285037845554,6009.33333325,3.778826294673255,,-0.09461972405179075,,-0.3961341837874255,0.4689555,-0.3961341837874255,100,100,3,10,100,2,50,10,50,10,1,10,2,5,1,1,50,1.2000000000000002,1.7999999999999998,7.0,3.0,90.0,10.0,8.0,2.0,1.0,0.5,5,42.5,7.5
977,2,3,4,4,4,2,5,0,2,0,1,4,0,0,2,3,1,33.33333333,16.66666667,66.66666667,50.0,41.666666667499996,11.23833333,16.667,3.7075485700600765,42.666666667499996,1.6300887149366883,,0.2766193366762555,,-2.410171983407182,0.4689555,-2.410171983407182,100,100,3,10,100,2,50,10,50,10,1,10,2,5,1,1,50,1.2000000000000002,1.7999999999999998,7.0,3.0,90.0,10.0,8.0,2.0,1.0,0.5,5,42.5,7.5
978,2,3,0,1,0,1,0,3,5,0,1,4,2,3,2,3,3,1400.0,1466.666667,1500.0,1783.333333,1537.5,11.23833333,16.667,136.80854223248068,1538.5,3.1870975005834774,,0.36823165152475923,,-0.9845935758123401,0.4689555,-0.9845935758123401,100,100,3,10,100,2,50,10,50,10,1,10,2,5,1,1,50,1.2000000000000002,1.7999999999999998,7.0,3.0,90.0,10.0,8.0,2.0,1.0,0.5,5,42.5,7.5
979,2,3,0,0,0,3,4,1,3,1,5,2,1,2,3,2,3,88916.66667,118466.6667,84733.33333,108016.6667,100033.33335,11.23833333,16.667,8901.08260830523,100034.33335,5.0001490822535,,0.2731428785964978,,0.8241258354358201,0.4689555,0.8241258354358201,100,100,3,10,100,2,50,10,50,10,1,10,2,5,1,1,50,1.2000000000000002,1.7999999999999998,7.0,3.0,90.0,10.0,8.0,2.0,1.0,0.5,5,42.5,7.5
980,2,3,0,2,4,5,2,2,5,0,0,2,3,3,3,1,3,69783.33333,75000.0,65266.66667,72100.0,70537.5,11.23833333,16.667,6276.508974129174,70538.5,4.848426220164909,,0.025795948519545142,,0.6724314096606746,0.4689555,0.6724314096606746,100,100,3,10,100,2,50,10,50,10,1,10,2,5,1,1,50,1.2000000000000002,1.7999999999999998,7.0,3.0,90.0,10.0,8.0,2.0,1.0,0.5,5,42.5,7.5
981,2,3,1,1,4,3,5,3,3,4,3,1,1,0,2,1,0,62850.0,61100.0,65216.66667,65500.0,63666.6666675,11.23833333,16.667,5665.134215012646,63667.6666675,4.803918933859476,,0.150710725434557,,0.627934530527965,0.4689555,0.627934530527965,100,100,3,10,100,2,50,10,50,10,1,10,2,5,1,1,50,1.2000000000000002,1.7999999999999998,7.0,3.0,90.0,10.0,8.0,2.0,1.0,0.5,5,42.5,7.5
982,2,3,0,2,5,4,4,0,1,5,2,2,5,1,0,2,3,5066.666667,5716.666667,4366.666667,4416.666667,4891.666667,11.23833333,16.667,435.26620214600814,4892.666667,3.6895456286735357,,-0.54259492986793,,-0.4851571807930287,0.4689555,-0.4851571807930287,100,100,3,10,100,2,50,10,50,10,1,10,2,5,1,1,50,1.2000000000000002,1.7999999999999998,7.0,3.0,90.0,10.0,8.0,2.0,1.0,0.5,5,42.5,7.5
983,2,3,3,4,0,5,3,1,5,3,5,3,0,5,2,2,3,40433.33333,38033.33333,39016.66667,45966.66667,40862.5,11.23833333,16.667,3635.9928825851975,40863.5,4.611335561650044,,0.43945051745409724,,0.43541077848708837,0.4689555,0.43541077848708837,100,100,3,10,100,2,50,10,50,10,1,10,2,5,1,1,50,1.2000000000000002,1.7999999999999998,7.0,3.0,90.0,10.0,8.0,2.0,1.0,0.5,5,42.5,7.5
984,2,3,5,1,3,5,0,0,5,0,5,0,5,0,3,3,2,10033.33333,12666.66667,11400.0,11000.0,11275.0,11.23833333,16.667,1003.2626430381915,11276.0,4.052155067199565,,1.0281888912419324,,-0.12333319707238045,0.4689555,-0.12333319707238045,100,100,3,10,100,2,50,10,50,10,1,10,2,5,1,1,50,1.2000000000000002,1.7999999999999998,7.0,3.0,90.0,10.0,8.0,2.0,1.0,0.5,5,42.5,7.5
985,2,3,2,0,2,2,4,1,5,2,3,0,5,0,3,2,0,100.0,150.0,16.66666667,33.33333333,75.0,11.23833333,16.667,6.673587425974667,76.0,1.8808135922807914,,-0.9419924002988074,,-2.213878240695291,0.4689555,-2.213878240695291,100,100,3,10,100,2,50,10,50,10,1,10,2,5,1,1,50,1.2000000000000002,1.7999999999999998,7.0,3.0,90.0,10.0,8.0,2.0,1.0,0.5,5,42.5,7.5
986,2,3,1,1,0,3,3,4,3,0,5,0,1,3,3,2,2,17800.0,17683.33333,16966.66667,18950.0,17850.0,11.23833333,16.667,1588.3138073819707,17851.0,4.251662549989795,,-0.19935206095688063,,0.07595228401993533,0.4689555,0.07595228401993533,100,100,3,10,100,2,50,10,50,10,1,10,2,5,1,1,50,1.2000000000000002,1.7999999999999998,7.0,3.0,90.0,10.0,8.0,2.0,1.0,0.5,5,42.5,7.5
987,2,3,5,3,0,3,2,3,4,2,0,4,3,0,3,2,3,750.0,633.3333333,600.0,933.3333333,729.16666665,11.23833333,16.667,64.88209997327068,730.16666665,2.8634220027846187,,0.6290525135203717,,-1.30344927569905,0.4689555,-1.30344927569905,100,100,3,10,100,2,50,10,50,10,1,10,2,5,1,1,50,1.2000000000000002,1.7999999999999998,7.0,3.0,90.0,10.0,8.0,2.0,1.0,0.5,5,42.5,7.5
988,2,3,0,1,5,3,3,3,3,1,3,2,1,4,3,2,3,12050.0,12583.33333,11416.66667,16283.33333,13083.3333325,11.23833333,16.667,1164.1702509014297,13084.3333325,4.116751599548128,,-0.7476616568485879,,-0.05881995237679381,0.4689555,-0.05881995237679381,100,100,3,10,100,2,50,10,50,10,1,10,2,5,1,1,50,1.2000000000000002,1.7999999999999998,7.0,3.0,90.0,10.0,8.0,2.0,1.0,0.5,5,42.5,7.5
989,2,3,2,2,0,1,4,0,5,0,0,1,4,3,1,2,2,2950.0,2850.0,2800.0,3333.333333,2983.33333325,11.23833333,16.667,265.4604776035772,2984.33333325,3.474847329761121,,0.7064684838179214,,-0.6989699560931428,0.4689555,-0.6989699560931428,100,100,3,10,100,2,50,10,50,10,1,10,2,5,1,1,50,1.2000000000000002,1.7999999999999998,7.0,3.0,90.0,10.0,8.0,2.0,1.0,0.5,5,42.5,7.5
990,2,4,2,2,0,3,3,3,3,0,3,2,1,2,3,2,3,61033.33333,51533.33333,43416.66667,71166.66667,56787.5,7.930277778,16.667,7160.846264116828,56788.5,4.754260397467993,,0.12503503693842877,,0.5782889364920794,0.4689555,0.5782889364920794,100,100,3,10,100,2,50,10,50,10,1,10,2,5,1,1,50,1.2000000000000002,1.7999999999999998,7.0,3.0,90.0,10.0,8.0,2.0,1.0,0.5,5,42.5,7.5
991,2,4,2,1,0,3,3,3,3,3,3,0,1,1,1,1,2,113633.3333,94150.0,83700.0,101400.0,98220.833325,7.930277778,16.667,12385.547653511212,98221.833325,4.992208036041771,,-0.12188470335757806,,0.8161860441625173,0.4689555,0.8161860441625173,100,100,3,10,100,2,50,10,50,10,1,10,2,5,1,1,50,1.2000000000000002,1.7999999999999998,7.0,3.0,90.0,10.0,8.0,2.0,1.0,0.5,5,42.5,7.5
992,2,4,2,2,0,3,3,3,3,3,3,0,1,1,2,1,2,121316.6667,91750.0,100033.3333,124583.3333,109420.833325,7.930277778,16.667,13797.856315771542,109421.833325,5.039103986956356,,0.17661351382220047,,0.8630749056615782,0.4689555,0.8630749056615782,100,100,3,10,100,2,50,10,50,10,1,10,2,5,1,1,50,1.2000000000000002,1.7999999999999998,7.0,3.0,90.0,10.0,8.0,2.0,1.0,0.5,5,42.5,7.5
993,2,4,2,1,0,3,3,3,3,0,3,2,1,3,3,2,3,37766.66667,31250.0,28383.33333,28033.33333,31358.3333325,7.930277778,16.667,3954.2540892443376,31359.3333325,4.496366821452004,,-0.13201348877977281,,0.3204924800358967,0.4689555,0.3204924800358967,100,100,3,10,100,2,50,10,50,10,1,10,2,5,1,1,50,1.2000000000000002,1.7999999999999998,7.0,3.0,90.0,10.0,8.0,2.0,1.0,0.5,5,42.5,7.5
994,2,4,2,1,0,3,3,3,3,3,3,0,0,1,2,1,2,123266.6667,97850.0,80250.0,86283.33333,96912.5000075,7.930277778,16.667,12220.568146597903,96913.5000075,4.986384278293167,,-0.18520254559483895,,0.8103632214459843,0.4689555,0.8103632214459843,100,100,3,10,100,2,50,10,50,10,1,10,2,5,1,1,50,1.2000000000000002,1.7999999999999998,7.0,3.0,90.0,10.0,8.0,2.0,1.0,0.5,5,42.5,7.5
995,2,4,0,1,1,3,2,3,2,5,4,2,5,2,1,1,2,91683.33333,84766.66667,98583.33333,94033.33333,92266.666665,7.930277778,16.667,11634.733265077313,92267.666665,4.96504953798057,,0.342314449433486,,0.7890320156334646,0.4689555,0.7890320156334646,100,100,3,10,100,2,50,10,50,10,1,10,2,5,1,1,50,1.2000000000000002,1.7999999999999998,7.0,3.0,90.0,10.0,8.0,2.0,1.0,0.5,5,42.5,7.5
996,2,4,3,1,0,3,3,3,3,3,3,0,1,1,2,1,2,103866.6667,83433.33333,86533.33333,86350.0,90045.83334,7.930277778,16.667,11354.688430940358,90046.83334,4.954468444671981,,0.29813725382190626,,0.7784527407419127,0.4689555,0.7784527407419127,100,100,3,10,100,2,50,10,50,10,1,10,2,5,1,1,50,1.2000000000000002,1.7999999999999998,7.0,3.0,90.0,10.0,8.0,2.0,1.0,0.5,5,42.5,7.5
997,2,4,1,1,5,1,5,1,2,4,1,2,3,1,1,3,1,3150.0,2366.666667,2900.0,3366.666667,2945.8333334999998,7.930277778,16.667,371.46660129261363,2946.8333334999998,3.46935557379084,,0.10107764960348353,,-0.7044328511473263,0.4689555,-0.7044328511473263,100,100,3,10,100,2,50,10,50,10,1,10,2,5,1,1,50,1.2000000000000002,1.7999999999999998,7.0,3.0,90.0,10.0,8.0,2.0,1.0,0.5,5,42.5,7.5
998,2,4,0,2,4,3,5,4,2,5,3,4,1,3,2,1,2,61683.33333,49833.33333,49283.33333,51933.33333,53183.33333,7.930277778,16.667,6706.364495521207,53184.33333,4.725783719694254,,0.1604668233222366,,0.5498203759332989,0.4689555,0.5498203759332989,100,100,3,10,100,2,50,10,50,10,1,10,2,5,1,1,50,1.2000000000000002,1.7999999999999998,7.0,3.0,90.0,10.0,8.0,2.0,1.0,0.5,5,42.5,7.5
999,2,4,2,1,0,3,3,3,3,3,3,0,1,1,2,1,3,124766.6667,98033.33333,95733.33333,89400.0,101983.33334,7.930277778,16.667,12859.995096630775,101984.33334,5.008533461305386,,-0.13826866445075225,,0.8325089141538846,0.4689555,0.8325089141538846,100,100,3,10,100,2,50,10,50,10,1,10,2,5,1,1,50,1.2000000000000002,1.7999999999999998,7.0,3.0,90.0,10.0,8.0,2.0,1.0,0.5,5,42.5,7.5
1000,2,4,1,2,0,1,3,3,5,1,0,1,2,2,1,0,2,800.0,966.6666667,750.0,750.0,816.666666675,7.930277778,16.667,102.9808399575332,817.666666675,2.912576293491149,,-0.05780108709343379,,-1.255272331381205,0.4689555,-1.255272331381205,100,100,3,10,100,2,50,10,50,10,1,10,2,5,1,1,50,1.2000000000000002,1.7999999999999998,7.0,3.0,90.0,10.0,8.0,2.0,1.0,0.5,5,42.5,7.5
1001,2,4,0,1,0,5,4,5,2,1,1,2,0,1,3,1,3,215900.0,173400.0,156566.6667,167983.3333,178462.5,7.930277778,16.667,22503.940592735187,178463.5,5.251549406053212,,-0.27151708944534114,,1.0754962712806801,0.4689555,1.0754962712806801,100,100,3,10,100,2,50,10,50,10,1,10,2,5,1,1,50,1.2000000000000002,1.7999999999999998,7.0,3.0,90.0,10.0,8.0,2.0,1.0,0.5,5,42.5,7.5
1002,2,4,2,2,0,3,2,4,0,3,4,5,1,0,1,1,0,100550.0,61850.0,54616.66667,82566.66667,74895.833335,7.930277778,16.667,9444.288766627364,74896.833335,4.874463455961036,,-0.12837847718695627,,0.6984630335909746,0.4689555,0.6984630335909746,100,100,3,10,100,2,50,10,50,10,1,10,2,5,1,1,50,1.2000000000000002,1.7999999999999998,7.0,3.0,90.0,10.0,8.0,2.0,1.0,0.5,5,42.5,7.5
1003,2,4,2,1,0,3,3,3,3,3,3,1,1,1,2,1,2,119750.0,93333.33333,90016.66667,114650.0,104437.5,7.930277778,16.667,13169.463028108321,104438.5,5.018860625632705,,-0.1396948609385813,,0.8428345109572305,0.4689555,0.8428345109572305,100,100,3,10,100,2,50,10,50,10,1,10,2,5,1,1,50,1.2000000000000002,1.7999999999999998,7.0,3.0,90.0,10.0,8.0,2.0,1.0,0.5,5,42.5,7.5
1004,2,4,2,1,0,3,3,3,3,3,3,0,1,1,2,1,2,119250.0,102916.6667,93016.66667,111333.3333,106629.1666675,7.930277778,16.667,13445.829976259882,106630.1666675,5.027880088028543,,-0.01780691896063047,,0.851852634479806,0.4689555,0.851852634479806,100,100,3,10,100,2,50,10,50,10,1,10,2,5,1,1,50,1.2000000000000002,1.7999999999999998,7.0,3.0,90.0,10.0,8.0,2.0,1.0,0.5,5,42.5,7.5
1005,2,4,2,1,0,3,3,3,3,0,3,2,1,2,3,2,3,60850.0,50250.0,43450.0,63583.33333,54533.3333325,7.930277778,16.667,6876.598129233904,54534.3333325,4.736670008371231,,0.06664786638924536,,0.5607034985158457,0.4689555,0.5607034985158457,100,100,3,10,100,2,50,10,50,10,1,10,2,5,1,1,50,1.2000000000000002,1.7999999999999998,7.0,3.0,90.0,10.0,8.0,2.0,1.0,0.5,5,42.5,7.5
1006,2,4,2,1,1,3,3,3,3,3,3,0,1,1,2,1,2,71850.0,77350.0,57850.0,74833.33333,70470.8333325,7.930277778,16.667,8886.300745731583,70471.8333325,4.8480155698629765,,-0.03947132416023624,,0.6720208505893599,0.4689555,0.6720208505893599,100,100,3,10,100,2,50,10,50,10,1,10,2,5,1,1,50,1.2000000000000002,1.7999999999999998,7.0,3.0,90.0,10.0,8.0,2.0,1.0,0.5,5,42.5,7.5
1007,2,4,2,4,1,4,5,2,4,2,5,0,0,0,3,1,1,40550.0,37116.66667,33983.33333,40266.66667,37979.1666675,7.930277778,16.667,4789.134470530271,37980.1666675,4.57955686620976,,-0.1638046229570005,,0.4036447187607549,0.4689555,0.4036447187607549,100,100,3,10,100,2,50,10,50,10,1,10,2,5,1,1,50,1.2000000000000002,1.7999999999999998,7.0,3.0,90.0,10.0,8.0,2.0,1.0,0.5,5,42.5,7.5
1008,2,4,4,2,0,5,4,0,0,1,5,2,0,0,3,1,0,111566.6667,104600.0,94133.33333,110916.6667,105304.1666825,7.930277778,16.667,13278.74881944646,105305.1666825,5.022449679890636,,0.19204113034777048,,0.8464230291135982,0.4689555,0.8464230291135982,100,100,3,10,100,2,50,10,50,10,1,10,2,5,1,1,50,1.2000000000000002,1.7999999999999998,7.0,3.0,90.0,10.0,8.0,2.0,1.0,0.5,5,42.5,7.5
1009,2,4,2,3,0,5,1,5,4,0,5,3,1,1,3,2,3,197466.6667,177333.3333,154533.3333,208650.0,184495.833325,7.930277778,16.667,23264.737817485315,184496.833325,5.265988916395996,,0.19104035387278806,,1.0899345349530556,0.4689555,1.0899345349530556,100,100,3,10,100,2,50,10,50,10,1,10,2,5,1,1,50,1.2000000000000002,1.7999999999999998,7.0,3.0,90.0,10.0,8.0,2.0,1.0,0.5,5,42.5,7.5
1010,2,4,2,1,0,3,3,3,3,3,3,0,2,1,2,1,2,105916.6667,101200.0,80666.66667,112916.6667,100175.0000175,7.930277778,16.667,12631.966095236066,100176.0000175,5.000763686516909,,0.03993957789998959,,0.8247403435253569,0.4689555,0.8247403435253569,100,100,3,10,100,2,50,10,50,10,1,10,2,5,1,1,50,1.2000000000000002,1.7999999999999998,7.0,3.0,90.0,10.0,8.0,2.0,1.0,0.5,5,42.5,7.5
1011,2,4,2,2,0,4,5,2,4,1,2,2,0,0,3,2,3,53883.33333,59366.66667,53600.0,62316.66667,57291.6666675,7.930277778,16.667,7224.421170521576,57292.6666675,4.758099036807612,,-0.03128596466737488,,0.582126521771101,0.4689555,0.582126521771101,100,100,3,10,100,2,50,10,50,10,1,10,2,5,1,1,50,1.2000000000000002,1.7999999999999998,7.0,3.0,90.0,10.0,8.0,2.0,1.0,0.5,5,42.5,7.5
1012,2,4,3,0,5,4,0,0,4,2,0,2,5,3,1,2,3,81466.66667,80633.33333,77800.0,78200.0,79525.0,7.930277778,16.667,10028.02199698685,79526.0,4.900509138851408,,0.18060590782534813,,0.7245034294463669,0.4689555,0.7245034294463669,100,100,3,10,100,2,50,10,50,10,1,10,2,5,1,1,50,1.2000000000000002,1.7999999999999998,7.0,3.0,90.0,10.0,8.0,2.0,1.0,0.5,5,42.5,7.5
1013,2,4,2,3,5,5,4,2,4,4,0,0,0,5,2,1,3,39216.66667,38783.33333,35783.33333,36083.33333,37466.666665,7.930277778,16.667,4724.508739017842,37467.666665,4.573656647829104,,-0.23868318361460084,,0.3977469498391086,0.4689555,0.3977469498391086,100,100,3,10,100,2,50,10,50,10,1,10,2,5,1,1,50,1.2000000000000002,1.7999999999999998,7.0,3.0,90.0,10.0,8.0,2.0,1.0,0.5,5,42.5,7.5
1014,2,4,0,1,0,4,0,0,4,3,0,3,2,3,2,3,2,65416.66667,58433.33333,58566.66667,63716.66667,61533.333335,7.930277778,16.667,7759.291043461858,61534.333335,4.789117499798132,,-0.24409171205943903,,0.6131368005754013,0.4689555,0.6131368005754013,100,100,3,10,100,2,50,10,50,10,1,10,2,5,1,1,50,1.2000000000000002,1.7999999999999998,7.0,3.0,90.0,10.0,8.0,2.0,1.0,0.5,5,42.5,7.5
1015,2,4,2,1,0,5,5,5,4,4,5,0,1,1,2,1,2,262916.6667,243183.3333,257600.0,255083.3333,254695.833325,7.930277778,16.667,32116.88675415274,254696.833325,5.4060235453639764,,-0.06205409291628161,,1.2299589999595801,0.4689555,1.2299589999595801,100,100,3,10,100,2,50,10,50,10,1,10,2,5,1,1,50,1.2000000000000002,1.7999999999999998,7.0,3.0,90.0,10.0,8.0,2.0,1.0,0.5,5,42.5,7.5
1016,2,4,2,1,0,3,3,3,3,3,3,0,1,1,3,1,2,119666.6667,96016.66667,99016.66667,113850.0,107137.50001,7.930277778,16.667,13509.930296164212,107138.50001,5.029945561749925,,0.3107799686526116,,0.8539178054893207,0.4689555,0.8539178054893207,100,100,3,10,100,2,50,10,50,10,1,10,2,5,1,1,50,1.2000000000000002,1.7999999999999998,7.0,3.0,90.0,10.0,8.0,2.0,1.0,0.5,5,42.5,7.5
1017,2,4,0,3,5,4,2,4,1,4,5,3,2,1,1,1,0,88250.0,74466.66667,80316.66667,85616.66667,82162.5000025,7.930277778,16.667,10360.608077365636,82163.5000025,4.914678931068734,,0.004391648888440791,,0.7386704757279082,0.4689555,0.7386704757279082,100,100,3,10,100,2,50,10,50,10,1,10,2,5,1,1,50,1.2000000000000002,1.7999999999999998,7.0,3.0,90.0,10.0,8.0,2.0,1.0,0.5,5,42.5,7.5
1018,2,4,3,0,5,5,1,5,3,2,3,1,0,5,3,2,3,123650.0,93900.0,82150.0,105866.6667,101391.666675,7.930277778,16.667,12785.386529117366,101392.666675,5.006006545354798,,0.2769756327684547,,0.8299823874638029,0.4689555,0.8299823874638029,100,100,3,10,100,2,50,10,50,10,1,10,2,5,1,1,50,1.2000000000000002,1.7999999999999998,7.0,3.0,90.0,10.0,8.0,2.0,1.0,0.5,5,42.5,7.5
1019,2,4,1,1,0,3,3,3,3,3,3,0,1,1,2,1,2,101933.3333,104033.3333,95450.0,103916.6667,101333.333325,7.930277778,16.667,12778.030752733112,101334.333325,5.005756614633038,,-0.14027338512364107,,0.8297324953660025,0.4689555,0.8297324953660025,100,100,3,10,100,2,50,10,50,10,1,10,2,5,1,1,50,1.2000000000000002,1.7999999999999998,7.0,3.0,90.0,10.0,8.0,2.0,1.0,0.5,5,42.5,7.5
1020,2,4,2,1,1,2,2,0,5,2,4,1,2,5,2,1,1,1750.0,1483.333333,2016.666667,1550.0,1700.0,7.930277778,16.667,214.36827909308576,1701.0,3.230704313612569,,-0.14189851546459575,,-0.9414052004051353,0.4689555,-0.9414052004051353,100,100,3,10,100,2,50,10,50,10,1,10,2,5,1,1,50,1.2000000000000002,1.7999999999999998,7.0,3.0,90.0,10.0,8.0,2.0,1.0,0.5,5,42.5,7.5
1021,2,4,0,1,5,1,4,4,1,3,3,3,0,0,2,1,2,3516.666667,3250.0,3283.333333,2900.0,3237.5,7.930277778,16.667,408.2454726846266,3238.5,3.510343901389912,,-0.3631021173351341,,-0.6636514224039988,0.4689555,-0.6636514224039988,100,100,3,10,100,2,50,10,50,10,1,10,2,5,1,1,50,1.2000000000000002,1.7999999999999998,7.0,3.0,90.0,10.0,8.0,2.0,1.0,0.5,5,42.5,7.5
1022,2,4,1,4,4,5,5,4,1,4,3,2,2,1,3,2,1,8133.333333,6833.333333,7500.0,8583.333333,7762.49999975,7.930277778,16.667,978.8433920038154,7763.49999975,3.890057557326584,,0.014415109806846349,,-0.28515816422286877,0.4689555,-0.28515816422286877,100,100,3,10,100,2,50,10,50,10,1,10,2,5,1,1,50,1.2000000000000002,1.7999999999999998,7.0,3.0,90.0,10.0,8.0,2.0,1.0,0.5,5,42.5,7.5
1023,2,4,2,1,0,3,3,3,3,3,3,0,1,2,2,1,2,104516.6667,89266.66667,88916.66667,98383.33333,95270.8333425,7.930277778,16.667,12013.55564199759,95271.8333425,4.978964522548024,,-0.023183484921720066,,0.8029446752834287,0.4689555,0.8029446752834287,100,100,3,10,100,2,50,10,50,10,1,10,2,5,1,1,50,1.2000000000000002,1.7999999999999998,7.0,3.0,90.0,10.0,8.0,2.0,1.0,0.5,5,42.5,7.5
1024,2,4,0,0,0,3,4,1,3,1,5,2,1,2,3,2,3,106766.6667,100183.3333,90183.33333,128550.0,106420.8333325,7.930277778,16.667,13419.559353611838,106421.8333325,5.027030736258785,,0.30002453260178275,,0.8510034076076871,0.4689555,0.8510034076076871,100,100,3,10,100,2,50,10,50,10,1,10,2,5,1,1,50,1.2000000000000002,1.7999999999999998,7.0,3.0,90.0,10.0,8.0,2.0,1.0,0.5,5,42.5,7.5
1025,2,4,0,2,4,5,2,2,5,0,0,2,3,3,3,1,3,51416.66667,48450.0,45233.33333,51800.0,49225.0,7.930277778,16.667,6207.222669621851,49226.0,4.692194547361108,,-0.13043572428425598,,0.5162414878162452,0.4689555,0.5162414878162452,100,100,3,10,100,2,50,10,50,10,1,10,2,5,1,1,50,1.2000000000000002,1.7999999999999998,7.0,3.0,90.0,10.0,8.0,2.0,1.0,0.5,5,42.5,7.5
1026,2,4,1,1,4,3,5,3,3,4,3,1,1,0,2,1,0,125383.3333,132483.3333,122950.0,127083.3333,126974.999975,7.930277778,16.667,16011.418960285504,126975.999975,5.10372164171654,,0.4505134332916203,,0.9276839650065037,0.4689555,0.9276839650065037,100,100,3,10,100,2,50,10,50,10,1,10,2,5,1,1,50,1.2000000000000002,1.7999999999999998,7.0,3.0,90.0,10.0,8.0,2.0,1.0,0.5,5,42.5,7.5
1027,2,4,1,3,1,4,4,1,3,3,5,2,5,1,3,2,3,150916.6667,134416.6667,129850.0,140316.6667,138875.00002500002,7.930277778,16.667,17511.996920242058,138876.00002500002,5.142627199248838,,-0.07758131597684681,,0.966584931436288,0.4689555,0.966584931436288,100,100,3,10,100,2,50,10,50,10,1,10,2,5,1,1,50,1.2000000000000002,1.7999999999999998,7.0,3.0,90.0,10.0,8.0,2.0,1.0,0.5,5,42.5,7.5
1028,2,4,3,4,0,5,3,1,5,3,5,3,0,5,2,2,3,21266.66667,19733.33333,20200.0,20566.66667,20441.6666675,7.930277778,16.667,2577.6734737096876,20442.6666675,4.310537547208318,,0.13865250301237086,,0.13477899844945257,0.4689555,0.13477899844945257,100,100,3,10,100,2,50,10,50,10,1,10,2,5,1,1,50,1.2000000000000002,1.7999999999999998,7.0,3.0,90.0,10.0,8.0,2.0,1.0,0.5,5,42.5,7.5
1029,2,4,5,1,3,5,0,0,5,0,5,0,5,0,3,3,2,4566.666667,4083.333333,3983.333333,3850.0,4120.833333250001,7.930277778,16.667,519.6329118107218,4121.833333250001,3.6150904270566784,,0.5911242510990458,,-0.5593532172921767,0.4689555,-0.5593532172921767,100,100,3,10,100,2,50,10,50,10,1,10,2,5,1,1,50,1.2000000000000002,1.7999999999999998,7.0,3.0,90.0,10.0,8.0,2.0,1.0,0.5,5,42.5,7.5
1030,2,4,2,1,0,3,3,3,3,3,3,0,1,1,2,1,1,59950.0,66866.66667,50600.0,58033.33333,58862.5,7.930277778,16.667,7422.501663598095,58863.5,4.769846081506296,,-0.02606912728162758,,0.5938703980845206,0.4689555,0.5938703980845206,100,100,3,10,100,2,50,10,50,10,1,10,2,5,1,1,50,1.2000000000000002,1.7999999999999998,7.0,3.0,90.0,10.0,8.0,2.0,1.0,0.5,5,42.5,7.5
1031,2,4,1,1,0,3,3,3,3,0,3,2,1,2,3,2,3,50650.0,55116.66667,49466.66667,51133.33333,51591.6666675,7.930277778,16.667,6505.656940621229,51592.6666675,4.712587975809924,,-0.031050031166710568,,0.5366285777183447,0.4689555,0.5366285777183447,100,100,3,10,100,2,50,10,50,10,1,10,2,5,1,1,50,1.2000000000000002,1.7999999999999998,7.0,3.0,90.0,10.0,8.0,2.0,1.0,0.5,5,42.5,7.5
1032,2,4,2,1,0,3,3,3,3,3,3,0,1,1,2,0,2,100533.3333,101366.6667,92183.33333,93200.0,96820.8333325,7.930277778,16.667,12209.009071674413,96821.8333325,4.9859733017984675,,-0.03472003154676173,,0.809952311410287,0.4689555,0.809952311410287,100,100,3,10,100,2,50,10,50,10,1,10,2,5,1,1,50,1.2000000000000002,1.7999999999999998,7.0,3.0,90.0,10.0,8.0,2.0,1.0,0.5,5,42.5,7.5
1033,2,4,2,1,1,3,3,3,3,0,3,2,1,2,3,2,3,42716.66667,37450.0,42050.0,39050.0,40316.6666675,7.930277778,16.667,5083.890854283264,40317.6666675,4.605495389936678,,0.10538138646738293,,0.4295728601392901,0.4689555,0.4295728601392901,100,100,3,10,100,2,50,10,50,10,1,10,2,5,1,1,50,1.2000000000000002,1.7999999999999998,7.0,3.0,90.0,10.0,8.0,2.0,1.0,0.5,5,42.5,7.5
1034,2,4,2,2,5,5,0,0,2,0,0,5,4,5,2,2,3,126166.6667,45833.33333,72033.33333,94633.33333,84666.6666725,7.930277778,16.667,10676.380959489261,84667.6666725,4.92771759136229,,0.19608737389979236,,0.751706687210371,0.4689555,0.751706687210371,100,100,3,10,100,2,50,10,50,10,1,10,2,5,1,1,50,1.2000000000000002,1.7999999999999998,7.0,3.0,90.0,10.0,8.0,2.0,1.0,0.5,5,42.5,7.5
1035,2,4,2,0,0,2,3,5,3,0,3,0,1,2,1,0,1,8033.333333,7983.333333,8450.0,7466.666667,7983.33333325,7.930277778,16.667,1006.6902518089827,7984.33333325,3.902238659763435,,-0.06731981935547893,,-0.27300125397265845,0.4689555,-0.27300125397265845,100,100,3,10,100,2,50,10,50,10,1,10,2,5,1,1,50,1.2000000000000002,1.7999999999999998,7.0,3.0,90.0,10.0,8.0,2.0,1.0,0.5,5,42.5,7.5
1036,2,4,0,1,0,3,3,3,1,3,3,3,1,1,1,1,2,111300.0,101500.0,87533.33333,109966.6667,102575.0000075,7.930277778,16.667,12934.603664459431,102576.0000075,5.01104575957141,,-0.24247276363263204,,0.8350208276496311,0.4689555,0.8350208276496311,100,100,3,10,100,2,50,10,50,10,1,10,2,5,1,1,50,1.2000000000000002,1.7999999999999998,7.0,3.0,90.0,10.0,8.0,2.0,1.0,0.5,5,42.5,7.5
1037,2,4,2,0,0,4,3,5,3,1,3,3,2,1,1,2,2,51000.0,58866.66667,56250.0,51900.0,54504.1666675,7.930277778,16.667,6872.920242302766,54505.1666675,4.736437671979976,,0.1660885755609378,,0.560471228870471,0.4689555,0.560471228870471,100,100,3,10,100,2,50,10,50,10,1,10,2,5,1,1,50,1.2000000000000002,1.7999999999999998,7.0,3.0,90.0,10.0,8.0,2.0,1.0,0.5,5,42.5,7.5
1038,2,4,2,0,0,5,1,3,5,0,3,0,3,2,3,2,3,97866.66667,86916.66667,90666.66667,104983.3333,95108.3333275,7.930277778,16.667,11993.06455460456,95109.3333275,4.978223137481457,,-0.08945011130843383,,0.8022034122181537,0.4689555,0.8022034122181537,100,100,3,10,100,2,50,10,50,10,1,10,2,5,1,1,50,1.2000000000000002,1.7999999999999998,7.0,3.0,90.0,10.0,8.0,2.0,1.0,0.5,5,42.5,7.5
1039,2,4,4,0,0,4,3,3,4,3,0,2,0,1,2,2,3,6166.666667,5266.666667,5383.333333,5266.666667,5520.833333500001,7.930277778,16.667,696.1714946247878,5521.833333500001,3.7420832941117155,,-0.4420542416574653,,-0.43277749366885215,0.4689555,-0.43277749366885215,100,100,3,10,100,2,50,10,50,10,1,10,2,5,1,1,50,1.2000000000000002,1.7999999999999998,7.0,3.0,90.0,10.0,8.0,2.0,1.0,0.5,5,42.5,7.5
1040,2,4,0,1,5,1,2,3,2,5,4,0,0,2,1,1,2,983.3333333,1066.666667,1166.666667,1150.0,1091.666666825,7.930277778,16.667,137.65806159444722,1092.666666825,3.0384876945777495,,-0.5600024120233473,,-1.131420733459316,0.4689555,-1.131420733459316,100,100,3,10,100,2,50,10,50,10,1,10,2,5,1,1,50,1.2000000000000002,1.7999999999999998,7.0,3.0,90.0,10.0,8.0,2.0,1.0,0.5,5,42.5,7.5
1041,2,4,2,1,0,3,3,3,3,1,3,0,0,1,2,0,2,102100.0,113650.0,105900.0,114850.0,109125.0,7.930277778,16.667,13760.552032960579,109126.0,5.037928236484458,,-0.2074102679257317,,0.8618993237373545,0.4689555,0.8618993237373545,100,100,3,10,100,2,50,10,50,10,1,10,2,5,1,1,50,1.2000000000000002,1.7999999999999998,7.0,3.0,90.0,10.0,8.0,2.0,1.0,0.5,5,42.5,7.5
1042,2,4,1,1,5,1,5,0,3,4,1,2,5,1,1,3,2,3200.0,3550.0,3533.333333,3016.666667,3325.0,7.930277778,16.667,419.2791341085354,3326.0,3.5219222448835006,,0.10907813195928151,,-0.6521280891619806,0.4689555,-0.6521280891619806,100,100,3,10,100,2,50,10,50,10,1,10,2,5,1,1,50,1.2000000000000002,1.7999999999999998,7.0,3.0,90.0,10.0,8.0,2.0,1.0,0.5,5,42.5,7.5
1043,2,4,3,2,0,5,5,3,2,5,3,1,1,3,2,1,2,116216.6667,106550.0,115050.0,119383.3333,114300.0,7.930277778,16.667,14413.114294317473,114301.0,5.058050029980427,,0.5101575386216215,,0.8820182946855113,0.4689555,0.8820182946855113,100,100,3,10,100,2,50,10,50,10,1,10,2,5,1,1,50,1.2000000000000002,1.7999999999999998,7.0,3.0,90.0,10.0,8.0,2.0,1.0,0.5,5,42.5,7.5
1044,2,4,0,2,0,4,5,5,1,3,3,0,0,1,3,1,3,201766.6667,193783.3333,201283.3333,213016.6667,202462.5,7.930277778,16.667,25530.316297578753,202463.5,5.306346740255005,,0.5378018865341474,,1.1302890864091768,0.4689555,1.1302890864091768,100,100,3,10,100,2,50,10,50,10,1,10,2,5,1,1,50,1.2000000000000002,1.7999999999999998,7.0,3.0,90.0,10.0,8.0,2.0,1.0,0.5,5,42.5,7.5
1045,2,4,0,1,4,1,4,4,1,5,3,1,2,2,1,0,0,466.6666667,850.0,816.6666667,650.0,695.83333335,7.930277778,16.667,87.74387894461469,696.83333335,2.8431289171771583,,0.20188245068407173,,-1.323306187186317,0.4689555,-1.323306187186317,100,100,3,10,100,2,50,10,50,10,1,10,2,5,1,1,50,1.2000000000000002,1.7999999999999998,7.0,3.0,90.0,10.0,8.0,2.0,1.0,0.5,5,42.5,7.5
1046,2,4,3,1,0,5,4,5,2,1,1,2,0,0,3,1,2,150466.6667,151683.3333,143533.3333,158133.3333,150954.16665,7.930277778,16.667,19035.167603936105,150955.16665,5.178847981944642,,0.3496095191573305,,1.0028017941424954,0.4689555,1.0028017941424954,100,100,3,10,100,2,50,10,50,10,1,10,2,5,1,1,50,1.2000000000000002,1.7999999999999998,7.0,3.0,90.0,10.0,8.0,2.0,1.0,0.5,5,42.5,7.5
1047,2,4,1,2,0,3,5,3,3,3,3,5,1,0,2,1,0,79283.33333,72950.0,43033.33333,85583.33333,70212.4999975,7.930277778,16.667,8853.725173698449,70213.4999975,4.846420622254374,,0.4282584916949448,,0.6704262581355641,0.4689555,0.6704262581355641,100,100,3,10,100,2,50,10,50,10,1,10,2,5,1,1,50,1.2000000000000002,1.7999999999999998,7.0,3.0,90.0,10.0,8.0,2.0,1.0,0.5,5,42.5,7.5
1048,2,4,1,1,4,1,3,3,5,3,0,1,1,1,0,1,0,16.66666667,250.0,33.33333333,33.33333333,83.3333333325,7.930277778,16.667,10.50824897504618,84.3333333325,1.9259992664518641,,-0.07764037388784395,,-2.17608981141344,0.4689555,-2.17608981141344,100,100,3,10,100,2,50,10,50,10,1,10,2,5,1,1,50,1.2000000000000002,1.7999999999999998,7.0,3.0,90.0,10.0,8.0,2.0,1.0,0.5,5,42.5,7.5
1049,2,4,2,1,0,1,3,2,3,4,5,4,2,4,2,2,2,883.3333333,1133.333333,1000.0,833.3333333,962.4999999,7.930277778,16.667,121.3702756503872,963.4999999,2.983851718946397,,-0.5487200652809423,,-1.1852344906949996,0.4689555,-1.1852344906949996,100,100,3,10,100,2,50,10,50,10,1,10,2,5,1,1,50,1.2000000000000002,1.7999999999999998,7.0,3.0,90.0,10.0,8.0,2.0,1.0,0.5,5,42.5,7.5
1050,2,4,2,1,5,5,4,3,3,2,3,2,1,2,3,2,3,107150.0,109866.6667,85683.33333,109183.3333,102970.8333325,7.930277778,16.667,12984.517846040575,102971.8333325,5.012718445082277,,-0.16059676105683707,,0.836693258212207,0.4689555,0.836693258212207,100,100,3,10,100,2,50,10,50,10,1,10,2,5,1,1,50,1.2000000000000002,1.7999999999999998,7.0,3.0,90.0,10.0,8.0,2.0,1.0,0.5,5,42.5,7.5
1051,2,4,2,3,1,3,5,4,2,3,5,0,1,1,2,1,3,80300.0,83933.33333,79733.33333,88000.0,82991.666665,7.930277778,16.667,10465.165154142978,82992.666665,4.9190397192721225,,-0.07244714915781802,,0.7430304367304946,0.4689555,0.7430304367304946,100,100,3,10,100,2,50,10,50,10,1,10,2,5,1,1,50,1.2000000000000002,1.7999999999999998,7.0,3.0,90.0,10.0,8.0,2.0,1.0,0.5,5,42.5,7.5
1052,2,4,2,3,1,4,1,5,0,2,5,5,0,0,1,1,0,78883.33333,48816.66667,18550.0,79250.0,56375.0,7.930277778,16.667,7108.830431689829,56376.0,4.7510942584892115,,-0.15921284451035866,,0.5751236739472945,0.4689555,0.5751236739472945,100,100,3,10,100,2,50,10,50,10,1,10,2,5,1,1,50,1.2000000000000002,1.7999999999999998,7.0,3.0,90.0,10.0,8.0,2.0,1.0,0.5,5,42.5,7.5
1053,2,4,4,4,1,2,3,0,3,1,3,0,0,0,3,1,1,16.66666667,50.0,66.66666667,33.33333333,41.666666667499996,7.930277778,16.667,5.254124487680714,42.666666667499996,1.6300887149366883,,-0.21985789740497363,,-2.410171983407182,0.4689555,-2.410171983407182,100,100,3,10,100,2,50,10,50,10,1,10,2,5,1,1,50,1.2000000000000002,1.7999999999999998,7.0,3.0,90.0,10.0,8.0,2.0,1.0,0.5,5,42.5,7.5
1054,2,4,2,0,0,1,1,4,4,0,5,2,1,1,3,2,3,7400.0,8316.666667,7583.333333,7650.0,7737.5,7.930277778,16.667,975.6909173427948,7738.5,3.8886567869289896,,-0.09690486751998684,,-0.28655610896722533,0.4689555,-0.28655610896722533,100,100,3,10,100,2,50,10,50,10,1,10,2,5,1,1,50,1.2000000000000002,1.7999999999999998,7.0,3.0,90.0,10.0,8.0,2.0,1.0,0.5,5,42.5,7.5
1055,2,4,2,1,0,3,3,3,5,0,3,0,0,1,2,0,2,81950.0,88616.66667,67333.33333,93033.33333,82733.3333325,7.930277778,16.667,10432.589582425091,82734.3333325,4.9176857717359015,,0.36687212022863935,,0.7416767451371254,0.4689555,0.7416767451371254,100,100,3,10,100,2,50,10,50,10,1,10,2,5,1,1,50,1.2000000000000002,1.7999999999999998,7.0,3.0,90.0,10.0,8.0,2.0,1.0,0.5,5,42.5,7.5
1056,2,4,1,2,0,3,5,2,4,1,3,0,3,0,3,2,3,33283.33333,31300.0,28633.33333,33800.0,31754.166665,7.930277778,16.667,4004.1682717712238,31755.166665,4.501814396448417,,-0.15951812260511655,,0.3259373517852858,0.4689555,0.3259373517852858,100,100,3,10,100,2,50,10,50,10,1,10,2,5,1,1,50,1.2000000000000002,1.7999999999999998,7.0,3.0,90.0,10.0,8.0,2.0,1.0,0.5,5,42.5,7.5
1057,2,4,3,0,5,4,0,0,0,4,4,2,1,0,1,2,3,121000.0,114533.3333,90516.66667,113733.3333,109945.8333175,7.930277778,16.667,13864.058283369252,109946.8333175,5.041182725351736,,0.060940219743395474,,0.8651533471771166,0.4689555,0.8651533471771166,100,100,3,10,100,2,50,10,50,10,1,10,2,5,1,1,50,1.2000000000000002,1.7999999999999998,7.0,3.0,90.0,10.0,8.0,2.0,1.0,0.5,5,42.5,7.5
1058,2,4,2,3,5,5,1,2,4,4,0,0,0,1,2,1,3,30500.0,31016.66667,31800.0,31166.66667,31120.833335000003,7.930277778,16.667,3924.3055799804047,31121.833335000003,4.493065172630694,,0.6791306736936145,,0.31719248616133944,0.4689555,0.31719248616133944,100,100,3,10,100,2,50,10,50,10,1,10,2,5,1,1,50,1.2000000000000002,1.7999999999999998,7.0,3.0,90.0,10.0,8.0,2.0,1.0,0.5,5,42.5,7.5
1059,2,4,0,3,0,5,3,0,0,2,0,5,2,1,2,3,1,3900.0,5116.666667,4116.666667,4566.666667,4425.000000250001,7.930277778,16.667,557.988020612057,4426.000000250001,3.6460114096157703,,0.3019557539665638,,-0.5285452634598341,0.4689555,-0.5285452634598341,100,100,3,10,100,2,50,10,50,10,1,10,2,5,1,1,50,1.2000000000000002,1.7999999999999998,7.0,3.0,90.0,10.0,8.0,2.0,1.0,0.5,5,42.5,7.5
1060,2,4,0,1,5,1,4,5,1,4,3,0,0,1,2,1,2,3000.0,2950.0,3133.333333,2450.0,2883.33333325,7.930277778,16.667,363.5854145297255,2884.33333325,3.460045448982823,,0.05195913567825272,,-0.7136932112503018,0.4689555,-0.7136932112503018,100,100,3,10,100,2,50,10,50,10,1,10,2,5,1,1,50,1.2000000000000002,1.7999999999999998,7.0,3.0,90.0,10.0,8.0,2.0,1.0,0.5,5,42.5,7.5
1061,2,4,2,1,0,3,3,3,3,1,3,0,1,1,3,0,2,94033.33333,87183.33333,72883.33333,103783.3333,89470.8333225,7.930277778,16.667,11282.181510805081,89471.8333225,4.951686336345066,,0.03797971540859457,,0.7756711179353436,0.4689555,0.7756711179353436,100,100,3,10,100,2,50,10,50,10,1,10,2,5,1,1,50,1.2000000000000002,1.7999999999999998,7.0,3.0,90.0,10.0,8.0,2.0,1.0,0.5,5,42.5,7.5
1062,2,4,4,3,5,4,5,4,2,3,5,3,4,0,3,0,3,41833.33333,34033.33333,38533.33333,46266.66667,40166.666665000004,7.930277778,16.667,5064.976005812744,40167.666665000004,4.603876604349367,,0.7409295300541787,,0.42795470452272455,0.4689555,0.42795470452272455,100,100,3,10,100,2,50,10,50,10,1,10,2,5,1,1,50,1.2000000000000002,1.7999999999999998,7.0,3.0,90.0,10.0,8.0,2.0,1.0,0.5,5,42.5,7.5
1063,2,4,3,0,5,5,1,5,3,2,0,1,0,5,3,2,3,89100.0,51683.33333,68483.33333,88716.66667,74495.8333325,7.930277778,16.667,9393.84917123139,74496.8333325,4.872137812406677,,0.10396054998777604,,0.6961378777198218,0.4689555,0.6961378777198218,100,100,3,10,100,2,50,10,50,10,1,10,2,5,1,1,50,1.2000000000000002,1.7999999999999998,7.0,3.0,90.0,10.0,8.0,2.0,1.0,0.5,5,42.5,7.5
1064,2,4,2,0,0,3,3,3,3,3,3,0,1,1,2,1,2,106350.0,83033.33333,94850.0,106783.3333,97754.1666575,7.930277778,16.667,12326.70145914528,97755.1666575,4.9901397204571,,-0.020549179641684567,,0.8141180592211628,0.4689555,0.8141180592211628,100,100,3,10,100,2,50,10,50,10,1,10,2,5,1,1,50,1.2000000000000002,1.7999999999999998,7.0,3.0,90.0,10.0,8.0,2.0,1.0,0.5,5,42.5,7.5
1065,2,4,2,1,1,2,5,4,5,5,4,3,2,5,2,1,1,1283.333333,1383.333333,1300.0,1433.333333,1349.99999975,7.930277778,16.667,170.2336333659257,1350.99999975,3.1306553489416653,,0.08877397686351518,,-1.0404285512095819,0.4689555,-1.0404285512095819,100,100,3,10,100,2,50,10,50,10,1,10,2,5,1,1,50,1.2000000000000002,1.7999999999999998,7.0,3.0,90.0,10.0,8.0,2.0,1.0,0.5,5,42.5,7.5
1066,2,4,4,4,1,2,4,0,5,1,3,0,0,0,3,1,1,0.0,66.66666667,16.66666667,0.0,20.833333335,7.930277778,16.667,2.6270622439979805,21.833333335,1.339120045305273,,-0.10210527074788112,,-2.602056130930423,0.4689555,-2.602056130930423,100,100,3,10,100,2,50,10,50,10,1,10,2,5,1,1,50,1.2000000000000002,1.7999999999999998,7.0,3.0,90.0,10.0,8.0,2.0,1.0,0.5,5,42.5,7.5
1067,2,4,1,3,4,5,3,5,1,4,5,4,2,0,3,2,2,96183.33333,75583.33333,75983.33333,97350.0,86274.9999975,7.930277778,16.667,10879.190163658855,86275.9999975,4.935890001761024,,-0.04943300137592921,,0.7598775997912055,0.4689555,0.7598775997912055,100,100,3,10,100,2,50,10,50,10,1,10,2,5,1,1,50,1.2000000000000002,1.7999999999999998,7.0,3.0,90.0,10.0,8.0,2.0,1.0,0.5,5,42.5,7.5
1068,2,4,2,1,4,3,3,3,1,3,3,0,1,2,2,1,3,76983.33333,54816.66667,69666.66667,69466.66667,67733.333335,7.930277778,16.667,8541.104767213112,67734.333335,4.830808860683556,,0.06787659576097482,,0.6548180426381961,0.4689555,0.6548180426381961,100,100,3,10,100,2,50,10,50,10,1,10,2,5,1,1,50,1.2000000000000002,1.7999999999999998,7.0,3.0,90.0,10.0,8.0,2.0,1.0,0.5,5,42.5,7.5
1069,2,4,5,1,0,5,0,0,5,1,5,2,1,2,2,3,2,133.3333333,116.6666667,116.6666667,233.3333333,150.0,7.930277778,16.667,18.914848155272274,151.0,2.1789769472931693,,-0.24300726710592135,,-1.9542416408512298,0.4689555,-1.9542416408512298,100,100,3,10,100,2,50,10,50,10,1,10,2,5,1,1,50,1.2000000000000002,1.7999999999999998,7.0,3.0,90.0,10.0,8.0,2.0,1.0,0.5,5,42.5,7.5
1070,2,4,0,2,0,5,0,2,5,0,0,0,3,0,3,1,1,27866.66667,20016.66667,22183.33333,26733.33333,24200.0,7.930277778,16.667,3051.595502383927,24201.0,4.3838333116626265,,0.25867441987025774,,0.2080231108365973,0.4689555,0.2080231108365973,100,100,3,10,100,2,50,10,50,10,1,10,2,5,1,1,50,1.2000000000000002,1.7999999999999998,7.0,3.0,90.0,10.0,8.0,2.0,1.0,0.5,5,42.5,7.5
1071,2,4,0,1,0,3,1,5,0,4,3,5,1,0,2,1,0,73416.66667,31116.66667,49983.33333,64900.0,54854.1666675,7.930277778,16.667,6917.054887998402,54855.1666675,4.739217538920944,,0.2480235955037493,,0.5632502995447094,0.4689555,0.5632502995447094,100,100,3,10,100,2,50,10,50,10,1,10,2,5,1,1,50,1.2000000000000002,1.7999999999999998,7.0,3.0,90.0,10.0,8.0,2.0,1.0,0.5,5,42.5,7.5
1072,2,4,5,3,0,5,4,1,0,0,5,3,0,1,3,3,1,33.33333333,66.66666667,150.0,66.66666667,79.1666666675,7.930277778,16.667,9.982836526498781,80.1666666675,1.9039938259947027,,-0.2551002691816384,,-2.194573154159043,0.4689555,-2.194573154159043,100,100,3,10,100,2,50,10,50,10,1,10,2,5,1,1,50,1.2000000000000002,1.7999999999999998,7.0,3.0,90.0,10.0,8.0,2.0,1.0,0.5,5,42.5,7.5
1073,2,4,0,1,0,5,4,4,0,5,5,3,0,3,2,2,3,171033.3333,130500.0,148400.0,160616.6667,152637.5,7.930277778,16.667,19247.43423533581,152638.5,5.183664089508056,,-0.14746989591676218,,1.0076174046750106,0.4689555,1.0076174046750106,100,100,3,10,100,2,50,10,50,10,1,10,2,5,1,1,50,1.2000000000000002,1.7999999999999998,7.0,3.0,90.0,10.0,8.0,2.0,1.0,0.5,5,42.5,7.5
1074,2,4,5,3,3,5,4,0,0,1,5,0,5,0,3,3,1,3933.333333,3150.0,3933.333333,3483.333333,3624.9999997500004,7.930277778,16.667,457.10883038755526,3625.9999997500004,3.559427799729547,,0.371852679596528,,-0.6147910284103449,0.4689555,-0.6147910284103449,100,100,3,10,100,2,50,10,50,10,1,10,2,5,1,1,50,1.2000000000000002,1.7999999999999998,7.0,3.0,90.0,10.0,8.0,2.0,1.0,0.5,5,42.5,7.5
1075,2,4,2,1,4,5,3,4,3,3,3,2,1,1,2,1,1,132600.0,107516.6667,109833.3333,120833.3333,117695.833325,7.930277778,16.667,14841.325439004062,117696.833325,5.070764778153721,,0.07895081511058866,,0.8947313255711515,0.4689555,0.8947313255711515,100,100,3,10,100,2,50,10,50,10,1,10,2,5,1,1,50,1.2000000000000002,1.7999999999999998,7.0,3.0,90.0,10.0,8.0,2.0,1.0,0.5,5,42.5,7.5
1076,2,4,2,1,0,3,3,3,3,0,3,2,1,2,3,2,3,62016.66667,49300.0,57200.0,48266.66667,54195.833335,7.930277778,16.667,6834.03972119979,54196.833335,4.733973911901627,,0.06395176991964124,,0.5580081787848107,0.4689555,0.5580081787848107,100,100,3,10,100,2,50,10,50,10,1,10,2,5,1,1,50,1.2000000000000002,1.7999999999999998,7.0,3.0,90.0,10.0,8.0,2.0,1.0,0.5,5,42.5,7.5
1077,2,4,2,0,0,3,3,3,3,3,3,0,1,5,1,1,2,76183.33333,42166.66667,75133.33333,69333.33333,65704.166665,7.930277778,16.667,8285.228904247848,65705.166665,4.817599521247381,,-0.2842640227084834,,0.6416118047428407,0.4689555,0.6416118047428407,100,100,3,10,100,2,50,10,50,10,1,10,2,5,1,1,50,1.2000000000000002,1.7999999999999998,7.0,3.0,90.0,10.0,8.0,2.0,1.0,0.5,5,42.5,7.5
1078,2,4,3,3,1,3,3,0,2,0,2,3,2,2,2,0,0,10366.66667,6700.0,8783.333333,8116.666667,8491.6666675,7.930277778,16.667,1070.7905706729962,8492.6666675,3.9290440785995053,,0.8062237687310572,,-0.24624674595938473,0.4689555,-0.24624674595938473,100,100,3,10,100,2,50,10,50,10,1,10,2,5,1,1,50,1.2000000000000002,1.7999999999999998,7.0,3.0,90.0,10.0,8.0,2.0,1.0,0.5,5,42.5,7.5
1079,2,4,0,2,0,5,0,3,2,0,4,5,5,5,0,0,3,66900.0,31166.66667,70433.33333,71616.66667,60029.1666675,7.930277778,16.667,7569.617149355295,60030.1666675,4.778369549130904,,0.000933879665966586,,0.6023916198275068,0.4689555,0.6023916198275068,100,100,3,10,100,2,50,10,50,10,1,10,2,5,1,1,50,1.2000000000000002,1.7999999999999998,7.0,3.0,90.0,10.0,8.0,2.0,1.0,0.5,5,42.5,7.5
1080,2,5,2,1,0,3,3,3,3,3,3,0,1,0,1,1,2,139383.3333,118416.6667,145816.6667,134816.6667,134608.33335,15.36222222,16.667,8762.295677167987,134609.33335,5.129075173423428,,0.02026236947898674,,0.9530344583794418,0.4689555,0.9530344583794418,100,100,3,10,100,2,50,10,50,10,1,10,2,5,1,1,50,1.2000000000000002,1.7999999999999998,7.0,3.0,90.0,10.0,8.0,2.0,1.0,0.5,5,42.5,7.5
1081,2,5,2,1,0,3,3,3,3,3,3,0,1,1,1,1,2,162566.6667,130150.0,157266.6667,150333.3333,150079.166675,15.36222222,16.667,9769.365689790158,150080.166675,5.176323303351038,,0.06223056395168847,,1.000277378310376,0.4689555,1.000277378310376,100,100,3,10,100,2,50,10,50,10,1,10,2,5,1,1,50,1.2000000000000002,1.7999999999999998,7.0,3.0,90.0,10.0,8.0,2.0,1.0,0.5,5,42.5,7.5
1082,2,5,2,2,0,3,3,3,3,3,3,0,1,1,2,1,2,138866.6667,117766.6667,154383.3333,141316.6667,138083.33335,15.36222222,16.667,8988.499930057646,138084.33335,5.140144407574953,,0.27765393444079756,,0.964102420623624,0.4689555,0.964102420623624,100,100,3,10,100,2,50,10,50,10,1,10,2,5,1,1,50,1.2000000000000002,1.7999999999999998,7.0,3.0,90.0,10.0,8.0,2.0,1.0,0.5,5,42.5,7.5
1083,2,5,2,0,0,5,1,3,5,0,3,0,3,2,3,2,3,144683.3333,105366.6667,130116.6667,118050.0,124554.166675,15.36222222,16.667,8107.82222072296,124555.166675,5.09536174722301,,0.027688498433119157,,0.9193251118649549,0.4689555,0.9193251118649549,100,100,3,10,100,2,50,10,50,10,1,10,2,5,1,1,50,1.2000000000000002,1.7999999999999998,7.0,3.0,90.0,10.0,8.0,2.0,1.0,0.5,5,42.5,7.5
1084,2,5,2,1,0,3,3,3,3,3,3,0,0,1,2,1,2,153100.0,108833.3333,174316.6667,135466.6667,142929.166675,15.36222222,16.667,9303.938234204243,142930.166675,5.15512390015436,,-0.01646292373364666,,0.9790802427976423,0.4689555,0.9790802427976423,100,100,3,10,100,2,50,10,50,10,1,10,2,5,1,1,50,1.2000000000000002,1.7999999999999998,7.0,3.0,90.0,10.0,8.0,2.0,1.0,0.5,5,42.5,7.5
1085,2,5,0,1,1,3,2,3,2,5,4,2,5,2,1,1,2,104700.0,96183.33333,129466.6667,110616.6667,110241.6666825,15.36222222,16.667,7176.153625676429,110242.6666825,5.042349709929003,,0.4196146213819194,,0.8663201657104268,0.4689555,0.8663201657104268,100,100,3,10,100,2,50,10,50,10,1,10,2,5,1,1,50,1.2000000000000002,1.7999999999999998,7.0,3.0,90.0,10.0,8.0,2.0,1.0,0.5,5,42.5,7.5
1086,2,5,2,1,0,3,3,3,3,1,3,0,0,1,2,0,2,160133.3333,129983.3333,190416.6667,139416.6667,154987.5,15.36222222,16.667,10088.87241575132,154988.5,5.190299475126248,,-0.05503902928394133,,1.014252114474485,0.4689555,1.014252114474485,100,100,3,10,100,2,50,10,50,10,1,10,2,5,1,1,50,1.2000000000000002,1.7999999999999998,7.0,3.0,90.0,10.0,8.0,2.0,1.0,0.5,5,42.5,7.5
1087,2,5,2,2,0,3,3,3,3,3,3,0,1,0,2,1,2,128383.3333,97300.0,135600.0,105850.0,116783.333325,15.36222222,16.667,7601.981774027482,116784.333325,5.0673845858683455,,0.14550907544263403,,0.8913515849291387,0.4689555,0.8913515849291387,100,100,3,10,100,2,50,10,50,10,1,10,2,5,1,1,50,1.2000000000000002,1.7999999999999998,7.0,3.0,90.0,10.0,8.0,2.0,1.0,0.5,5,42.5,7.5
1088,2,5,3,2,0,5,5,3,2,5,3,1,1,3,2,1,2,90516.66667,92316.66667,94133.33333,93066.66667,92508.333335,15.36222222,16.667,6021.806741902475,92509.333335,4.966185551240712,,0.4182930598819068,,0.7901678362838935,0.4689555,0.7901678362838935,100,100,3,10,100,2,50,10,50,10,1,10,2,5,1,1,50,1.2000000000000002,1.7999999999999998,7.0,3.0,90.0,10.0,8.0,2.0,1.0,0.5,5,42.5,7.5
1089,2,5,0,2,0,4,5,5,1,3,3,0,0,1,3,1,3,149050.0,112966.6667,127750.0,112866.6667,125658.33335,15.36222222,16.667,8179.697673322682,125659.33335,5.099194751359673,,0.330649897638815,,0.923157636053925,0.4689555,0.923157636053925,100,100,3,10,100,2,50,10,50,10,1,10,2,5,1,1,50,1.2000000000000002,1.7999999999999998,7.0,3.0,90.0,10.0,8.0,2.0,1.0,0.5,5,42.5,7.5
1090,2,5,2,1,0,3,3,3,3,3,3,0,1,1,2,2,2,150966.6667,115516.6667,169333.3333,120233.3333,139012.5,15.36222222,16.667,9048.983799949225,139013.5,5.143056977885831,,0.24284484156723618,,0.9670146616181655,0.4689555,0.9670146616181655,100,100,3,10,100,2,50,10,50,10,1,10,2,5,1,1,50,1.2000000000000002,1.7999999999999998,7.0,3.0,90.0,10.0,8.0,2.0,1.0,0.5,5,42.5,7.5
1091,2,5,0,1,0,5,4,5,2,1,1,2,0,1,3,1,3,183933.3333,152566.6667,205433.3333,133250.0,168795.833325,15.36222222,16.667,10987.722408106138,168796.833325,5.22736429488218,,-0.29570220061637364,,1.0513133433119541,0.4689555,1.0513133433119541,100,100,3,10,100,2,50,10,50,10,1,10,2,5,1,1,50,1.2000000000000002,1.7999999999999998,7.0,3.0,90.0,10.0,8.0,2.0,1.0,0.5,5,42.5,7.5
1092,2,5,2,2,0,3,2,4,0,3,4,5,1,0,1,1,0,105016.6667,65366.66667,87016.66667,80616.66667,84504.1666775,15.36222222,16.667,5500.777522114246,84505.1666775,4.926883262688526,,-0.0759586704594657,,0.7508725130414938,0.4689555,0.7508725130414938,100,100,3,10,100,2,50,10,50,10,1,10,2,5,1,1,50,1.2000000000000002,1.7999999999999998,7.0,3.0,90.0,10.0,8.0,2.0,1.0,0.5,5,42.5,7.5
1093,2,5,2,1,0,3,3,3,3,3,3,1,1,1,2,1,2,180716.6667,145816.6667,167783.3333,147850.0,160541.666675,15.36222222,16.667,10450.419501547869,160542.666675,5.205590472497855,,0.04703498592656885,,1.0295415932020997,0.4689555,1.0295415932020997,100,100,3,10,100,2,50,10,50,10,1,10,2,5,1,1,50,1.2000000000000002,1.7999999999999998,7.0,3.0,90.0,10.0,8.0,2.0,1.0,0.5,5,42.5,7.5
1094,2,5,2,1,0,3,3,3,3,3,3,0,1,1,2,1,2,186266.6667,182616.6667,190333.3333,148016.6667,176808.33334999997,15.36222222,16.667,11509.294086360376,176809.33334999997,5.2475051866692235,,0.20181817968004978,,1.0714524085584276,0.4689555,1.0714524085584276,100,100,3,10,100,2,50,10,50,10,1,10,2,5,1,1,50,1.2000000000000002,1.7999999999999998,7.0,3.0,90.0,10.0,8.0,2.0,1.0,0.5,5,42.5,7.5
1095,2,5,2,1,5,5,4,3,3,2,3,2,1,2,3,2,3,133550.0,120066.6667,129700.0,117600.0,125229.166675,15.36222222,16.667,8151.761176320232,125230.166675,5.097708958605942,,-0.07560624753317224,,0.9216720288404708,0.4689555,0.9216720288404708,100,100,3,10,100,2,50,10,50,10,1,10,2,5,1,1,50,1.2000000000000002,1.7999999999999998,7.0,3.0,90.0,10.0,8.0,2.0,1.0,0.5,5,42.5,7.5
1096,2,5,2,1,0,3,3,3,3,3,3,0,1,0,2,2,2,159766.6667,199000.0,174850.0,119533.3333,163287.5,15.36222222,16.667,10629.15883272518,163288.5,5.212955599541268,,0.27486673147344476,,1.0369060076284269,0.4689555,1.0369060076284269,100,100,3,10,100,2,50,10,50,10,1,10,2,5,1,1,50,1.2000000000000002,1.7999999999999998,7.0,3.0,90.0,10.0,8.0,2.0,1.0,0.5,5,42.5,7.5
1097,2,5,2,4,1,4,5,2,4,2,5,0,0,0,3,1,1,27066.66667,25950.0,27350.0,29033.33333,27350.0,15.36222222,16.667,1780.3413860524145,27351.0,4.436973209519268,,-0.3063882796474928,,0.26113064863392027,0.4689555,0.26113064863392027,100,100,3,10,100,2,50,10,50,10,1,10,2,5,1,1,50,1.2000000000000002,1.7999999999999998,7.0,3.0,90.0,10.0,8.0,2.0,1.0,0.5,5,42.5,7.5
1098,2,5,4,2,0,5,4,0,0,1,5,2,0,0,3,1,0,75983.33333,71750.0,60550.0,66283.33333,68641.666665,15.36222222,16.667,4468.212064764677,68642.666665,4.836594146859861,,0.006185597316995306,,0.6606019998523245,0.4689555,0.6606019998523245,100,100,3,10,100,2,50,10,50,10,1,10,2,5,1,1,50,1.2000000000000002,1.7999999999999998,7.0,3.0,90.0,10.0,8.0,2.0,1.0,0.5,5,42.5,7.5
1099,2,5,1,1,0,3,3,3,3,3,3,0,1,0,2,1,2,229466.6667,228566.6667,230000.0,167083.3333,213779.166675,15.36222222,16.667,13915.901203191943,213780.166675,5.329967411335111,,0.16497707981087562,,1.1539079786291098,0.4689555,1.1539079786291098,100,100,3,10,100,2,50,10,50,10,1,10,2,5,1,1,50,1.2000000000000002,1.7999999999999998,7.0,3.0,90.0,10.0,8.0,2.0,1.0,0.5,5,42.5,7.5
1100,2,5,2,1,0,3,3,3,3,3,3,1,1,0,2,1,2,205433.3333,240383.3333,221366.6667,155566.6667,205687.5,15.36222222,16.667,13389.17619172417,205688.5,5.313210011061973,,0.15727954677595335,,1.1371518303384893,0.4689555,1.1371518303384893,100,100,3,10,100,2,50,10,50,10,1,10,2,5,1,1,50,1.2000000000000002,1.7999999999999998,7.0,3.0,90.0,10.0,8.0,2.0,1.0,0.5,5,42.5,7.5
1101,2,5,2,2,0,4,5,2,4,1,2,2,0,0,3,2,3,132116.6667,153616.6667,145833.3333,101016.6667,133145.83335,15.36222222,16.667,8667.094606707233,133146.83335,5.124330842010597,,0.3349458405356103,,0.9482906821151386,0.4689555,0.9482906821151386,100,100,3,10,100,2,50,10,50,10,1,10,2,5,1,1,50,1.2000000000000002,1.7999999999999998,7.0,3.0,90.0,10.0,8.0,2.0,1.0,0.5,5,42.5,7.5
1102,2,5,3,0,5,4,0,0,0,4,4,2,1,0,1,2,3,141450.0,153083.3333,158750.0,145316.6667,149650.0,15.36222222,16.667,9741.42919278771,149651.0,5.175079623234552,,0.1948371176262116,,0.9990338281952277,0.4689555,0.9990338281952277,100,100,3,10,100,2,50,10,50,10,1,10,2,5,1,1,50,1.2000000000000002,1.7999999999999998,7.0,3.0,90.0,10.0,8.0,2.0,1.0,0.5,5,42.5,7.5
1103,2,5,2,1,0,3,3,3,3,3,3,0,1,1,2,2,2,99216.66667,113183.3333,110900.0,91166.66667,103616.66666,15.36222222,16.667,6744.900911868205,103617.66666,5.015433808293738,,0.11522167197514399,,0.8394082096368047,0.4689555,0.8394082096368047,100,100,3,10,100,2,50,10,50,10,1,10,2,5,1,1,50,1.2000000000000002,1.7999999999999998,7.0,3.0,90.0,10.0,8.0,2.0,1.0,0.5,5,42.5,7.5
1104,2,5,0,1,0,4,0,0,4,3,0,3,2,3,2,3,2,89966.66667,77966.66667,80083.33333,73100.0,80279.1666675,15.36222222,16.667,5225.752206798894,80280.1666675,4.904608265443505,,-0.12860094641406583,,0.7286017524477004,0.4689555,0.7286017524477004,100,100,3,10,100,2,50,10,50,10,1,10,2,5,1,1,50,1.2000000000000002,1.7999999999999998,7.0,3.0,90.0,10.0,8.0,2.0,1.0,0.5,5,42.5,7.5
1105,2,5,2,1,0,5,5,5,4,4,5,0,1,1,2,1,2,219900.0,212650.0,227033.3333,223000.0,220645.833325,15.36222222,16.667,14362.885145466931,220646.833325,5.343697698928703,,-0.124379939351555,,1.1676372758020723,0.4689555,1.1676372758020723,100,100,3,10,100,2,50,10,50,10,1,10,2,5,1,1,50,1.2000000000000002,1.7999999999999998,7.0,3.0,90.0,10.0,8.0,2.0,1.0,0.5,5,42.5,7.5
1106,2,5,2,1,0,3,3,3,3,1,3,0,1,1,3,0,2,137233.3333,142966.6667,194916.6667,132300.0,151854.166675,15.36222222,16.667,9884.908869323725,151855.166675,5.181429572811871,,0.26772295187539985,,1.0053831178997024,0.4689555,1.0053831178997024,100,100,3,10,100,2,50,10,50,10,1,10,2,5,1,1,50,1.2000000000000002,1.7999999999999998,7.0,3.0,90.0,10.0,8.0,2.0,1.0,0.5,5,42.5,7.5
1107,2,5,2,1,0,3,3,3,3,3,3,0,0,0,2,1,2,192833.3333,223716.6667,234900.0,169533.3333,205245.833325,15.36222222,16.667,13360.426010358808,205246.833325,5.31227646527948,,0.12933652702320764,,1.1362183557339,0.4689555,1.1362183557339,100,100,3,10,100,2,50,10,50,10,1,10,2,5,1,1,50,1.2000000000000002,1.7999999999999998,7.0,3.0,90.0,10.0,8.0,2.0,1.0,0.5,5,42.5,7.5
1108,2,5,2,1,0,3,2,3,3,3,3,0,1,0,2,1,2,181033.3333,163416.6667,195400.0,164666.6667,176129.166675,15.36222222,16.667,11465.08390209968,176130.166675,5.245833746077843,,0.14350652354645632,,1.0697811163448847,0.4689555,1.0697811163448847,100,100,3,10,100,2,50,10,50,10,1,10,2,5,1,1,50,1.2000000000000002,1.7999999999999998,7.0,3.0,90.0,10.0,8.0,2.0,1.0,0.5,5,42.5,7.5
1109,2,5,2,0,0,3,3,3,3,3,3,0,1,1,2,1,2,170900.0,174216.6667,189450.0,144866.6667,169858.33334999997,15.36222222,16.667,11056.885580581062,169859.33334999997,5.230089415268678,,0.21940051516989278,,1.054038211579663,0.4689555,1.054038211579663,100,100,3,10,100,2,50,10,50,10,1,10,2,5,1,1,50,1.2000000000000002,1.7999999999999998,7.0,3.0,90.0,10.0,8.0,2.0,1.0,0.5,5,42.5,7.5
1110,2,5,2,1,0,3,3,3,3,3,3,0,1,0,3,1,2,27416.66667,27216.66667,27033.33333,26700.0,27091.6666675,15.36222222,16.667,1763.5252426064699,27092.6666675,4.432851753722094,,-0.34221950397824763,,0.2570115635321315,0.4689555,0.2570115635321315,100,100,3,10,100,2,50,10,50,10,1,10,2,5,1,1,50,1.2000000000000002,1.7999999999999998,7.0,3.0,90.0,10.0,8.0,2.0,1.0,0.5,5,42.5,7.5
1111,2,5,2,1,0,3,3,3,3,2,3,0,1,0,2,1,2,149683.3333,180716.6667,201516.6667,120733.3333,163162.5,15.36222222,16.667,10621.021989096054,163163.5,5.212623012742039,,0.05072133748598073,,1.0365734527489763,0.4689555,1.0365734527489763,100,100,3,10,100,2,50,10,50,10,1,10,2,5,1,1,50,1.2000000000000002,1.7999999999999998,7.0,3.0,90.0,10.0,8.0,2.0,1.0,0.5,5,42.5,7.5
1112,2,5,1,3,4,5,3,5,1,4,5,4,2,0,3,2,2,74116.66667,67966.66667,67166.66667,69966.66667,69804.16667,15.36222222,16.667,4543.884710841008,69805.16667,4.8438875683714215,,-0.14143543476553155,,0.6678937709870622,0.4689555,0.6678937709870622,100,100,3,10,100,2,50,10,50,10,1,10,2,5,1,1,50,1.2000000000000002,1.7999999999999998,7.0,3.0,90.0,10.0,8.0,2.0,1.0,0.5,5,42.5,7.5
1113,2,5,2,1,0,3,3,3,3,3,3,0,1,2,2,1,2,170350.0,158516.6667,198816.6667,151016.6667,169675.00002500002,15.36222222,16.667,11044.951543800804,169676.00002500002,5.229620417486663,,0.22747241001691876,,1.0535692570750979,0.4689555,1.0535692570750979,100,100,3,10,100,2,50,10,50,10,1,10,2,5,1,1,50,1.2000000000000002,1.7999999999999998,7.0,3.0,90.0,10.0,8.0,2.0,1.0,0.5,5,42.5,7.5
1114,2,5,0,0,0,3,4,1,3,1,5,2,1,2,3,2,3,181583.3333,193366.6667,234233.3333,150633.3333,189954.16665000003,15.36222222,16.667,12365.01880585347,189955.16665000003,5.278651110562858,,0.5516449069058558,,1.102595669490924,0.4689555,1.102595669490924,100,100,3,10,100,2,50,10,50,10,1,10,2,5,1,1,50,1.2000000000000002,1.7999999999999998,7.0,3.0,90.0,10.0,8.0,2.0,1.0,0.5,5,42.5,7.5
1115,2,5,2,0,0,3,3,3,3,3,3,0,1,0,2,1,2,222366.6667,209566.6667,225850.0,179133.3333,209229.166675,15.36222222,16.667,13619.720095091814,209230.166675,5.320624301017328,,0.3186947090619796,,1.1445655603935068,0.4689555,1.1445655603935068,100,100,3,10,100,2,50,10,50,10,1,10,2,5,1,1,50,1.2000000000000002,1.7999999999999998,7.0,3.0,90.0,10.0,8.0,2.0,1.0,0.5,5,42.5,7.5
1116,2,5,1,1,4,3,5,3,3,4,3,1,1,0,2,1,0,59183.33333,59600.0,58166.66667,59766.66667,59179.1666675,15.36222222,16.667,3852.2530022026986,59180.1666675,4.77217618391812,,0.11896797549320048,,0.5961998821454761,0.4689555,0.5961998821454761,100,100,3,10,100,2,50,10,50,10,1,10,2,5,1,1,50,1.2000000000000002,1.7999999999999998,7.0,3.0,90.0,10.0,8.0,2.0,1.0,0.5,5,42.5,7.5
1117,2,5,2,1,0,2,3,3,3,3,3,0,1,0,2,1,2,15150.0,16616.66667,16483.33333,15100.0,15837.5,15.36222222,16.667,1030.938087810059,15838.5,4.1997140489346885,,-0.3479820147108921,,0.02405216947033143,0.4689555,0.02405216947033143,100,100,3,10,100,2,50,10,50,10,1,10,2,5,1,1,50,1.2000000000000002,1.7999999999999998,7.0,3.0,90.0,10.0,8.0,2.0,1.0,0.5,5,42.5,7.5
1118,2,5,0,1,0,5,4,4,0,5,5,3,0,3,2,2,3,181600.0,172400.0,172250.0,163900.0,172537.5,15.36222222,16.667,11231.285261280384,172538.5,5.236886018087195,,-0.09424796733762353,,1.0608341924492783,0.4689555,1.0608341924492783,100,100,3,10,100,2,50,10,50,10,1,10,2,5,1,1,50,1.2000000000000002,1.7999999999999998,7.0,3.0,90.0,10.0,8.0,2.0,1.0,0.5,5,42.5,7.5
1119,2,5,2,1,0,3,3,3,3,3,3,0,2,0,2,1,2,137683.3333,156300.0,113200.0,107550.0,128683.333325,15.36222222,16.667,8376.609287520123,128684.333325,5.109525676938117,,0.10942895354134308,,0.9334872889454087,0.4689555,0.9334872889454087,100,100,3,10,100,2,50,10,50,10,1,10,2,5,1,1,50,1.2000000000000002,1.7999999999999998,7.0,3.0,90.0,10.0,8.0,2.0,1.0,0.5,5,42.5,7.5
1120,2,5,2,1,4,5,3,4,3,3,3,2,1,1,2,1,1,136033.3333,103100.0,121933.3333,123000.0,121016.66665,15.36222222,16.667,7877.5495443913715,121017.66665,5.0828487750151945,,0.09103481197206253,,0.906813736273819,0.4689555,0.906813736273819,100,100,3,10,100,2,50,10,50,10,1,10,2,5,1,1,50,1.2000000000000002,1.7999999999999998,7.0,3.0,90.0,10.0,8.0,2.0,1.0,0.5,5,42.5,7.5
1121,2,5,2,1,0,3,3,2,3,3,3,0,1,0,2,1,2,179700.0,132066.6667,119400.0,135866.6667,141758.33335,15.36222222,16.667,9227.723132753903,141759.33335,5.151551662196072,,0.14891230063417016,,0.975508397974498,0.4689555,0.975508397974498,100,100,3,10,100,2,50,10,50,10,1,10,2,5,1,1,50,1.2000000000000002,1.7999999999999998,7.0,3.0,90.0,10.0,8.0,2.0,1.0,0.5,5,42.5,7.5
1122,2,5,2,1,0,3,3,3,3,3,3,0,1,1,2,0,2,167416.6667,146950.0,132250.0,145200.0,147954.166675,15.36222222,16.667,9631.039348095044,147955.166675,5.170130135561291,,0.14943680221606215,,0.994084861594087,0.4689555,0.994084861594087,100,100,3,10,100,2,50,10,50,10,1,10,2,5,1,1,50,1.2000000000000002,1.7999999999999998,7.0,3.0,90.0,10.0,8.0,2.0,1.0,0.5,5,42.5,7.5
1123,2,5,2,1,0,3,3,3,3,3,3,0,1,0,2,0,2,175050.0,145666.6667,153416.6667,156783.3333,157729.166675,15.36222222,16.667,10267.34051989257,157730.166675,5.19791476224186,,0.16447243149773882,,1.021866638585677,0.4689555,1.021866638585677,100,100,3,10,100,2,50,10,50,10,1,10,2,5,1,1,50,1.2000000000000002,1.7999999999999998,7.0,3.0,90.0,10.0,8.0,2.0,1.0,0.5,5,42.5,7.5
1124,2,5,3,1,0,3,3,3,3,3,3,0,1,0,2,1,2,115900.0,157583.3333,106766.6667,104983.3333,121308.333325,15.36222222,16.667,7896.535513401785,121309.333325,5.083894215999385,,0.3958976277687478,,0.9078590420950106,0.4689555,0.9078590420950106,100,100,3,10,100,2,50,10,50,10,1,10,2,5,1,1,50,1.2000000000000002,1.7999999999999998,7.0,3.0,90.0,10.0,8.0,2.0,1.0,0.5,5,42.5,7.5
1125,2,5,2,1,5,5,4,3,3,0,3,2,1,2,1,0,3,143766.6667,131100.0,169433.3333,144883.3333,147295.833325,15.36222222,16.667,9588.185303896744,147296.833325,5.16819341022171,,0.7677702829219601,,0.9921483417708558,0.4689555,0.9921483417708558,100,100,3,10,100,2,50,10,50,10,1,10,2,5,1,1,50,1.2000000000000002,1.7999999999999998,7.0,3.0,90.0,10.0,8.0,2.0,1.0,0.5,5,42.5,7.5
1126,2,5,2,1,0,4,5,5,3,0,3,0,0,3,3,0,2,78800.0,88516.66667,71550.0,77700.0,79141.6666675,15.36222222,16.667,5151.706929773862,79142.6666675,4.898410679484078,,0.01612106208438835,,0.7224053844040607,0.4689555,0.7224053844040607,100,100,3,10,100,2,50,10,50,10,1,10,2,5,1,1,50,1.2000000000000002,1.7999999999999998,7.0,3.0,90.0,10.0,8.0,2.0,1.0,0.5,5,42.5,7.5
1127,2,5,2,1,4,3,3,3,3,2,3,2,1,1,2,1,1,124150.0,102850.0,121633.3333,121400.0,117508.333325,15.36222222,16.667,7649.175467076403,117509.333325,5.070072362357265,,0.41268594476725795,,0.8940390020055935,0.4689555,0.8940390020055935,100,100,3,10,100,2,50,10,50,10,1,10,2,5,1,1,50,1.2000000000000002,1.7999999999999998,7.0,3.0,90.0,10.0,8.0,2.0,1.0,0.5,5,42.5,7.5
1128,2,5,1,0,0,4,5,3,4,0,3,0,0,0,3,2,3,65050.0,80683.33333,80616.66667,71116.66667,74366.6666675,15.36222222,16.667,4840.879503141311,74367.6666675,4.871384155437648,,0.15868415913154266,,0.6953843793522698,0.4689555,0.6953843793522698,100,100,3,10,100,2,50,10,50,10,1,10,2,5,1,1,50,1.2000000000000002,1.7999999999999998,7.0,3.0,90.0,10.0,8.0,2.0,1.0,0.5,5,42.5,7.5
1129,2,5,2,0,0,3,3,3,3,3,3,0,1,0,2,1,0,29316.66667,31316.66667,29950.0,28033.33333,29654.1666675,15.36222222,16.667,1930.3305370035198,29655.1666675,4.47210036919121,,0.08479751309924666,,0.2962384898937372,0.4689555,0.2962384898937372,100,100,3,10,100,2,50,10,50,10,1,10,2,5,1,1,50,1.2000000000000002,1.7999999999999998,7.0,3.0,90.0,10.0,8.0,2.0,1.0,0.5,5,42.5,7.5
1130,2,5,0,1,1,3,2,3,3,4,4,1,1,1,1,1,2,152383.3333,141866.6667,153383.3333,148316.6667,148987.5,15.36222222,16.667,9698.30392155335,148988.5,5.1731527477459105,,0.1494438854900304,,0.9971071548586132,0.4689555,0.9971071548586132,100,100,3,10,100,2,50,10,50,10,1,10,2,5,1,1,50,1.2000000000000002,1.7999999999999998,7.0,3.0,90.0,10.0,8.0,2.0,1.0,0.5,5,42.5,7.5
1131,2,5,5,2,0,5,5,3,3,1,3,0,2,1,2,0,2,233.3333333,200.0,266.6666667,150.0,212.5,15.36222222,16.667,13.832634169511447,213.5,2.329397879361043,,-0.60316917882726,,-1.8159391795724382,0.4689555,-1.8159391795724382,100,100,3,10,100,2,50,10,50,10,1,10,2,5,1,1,50,1.2000000000000002,1.7999999999999998,7.0,3.0,90.0,10.0,8.0,2.0,1.0,0.5,5,42.5,7.5
1132,2,5,2,2,0,3,4,2,4,2,3,0,0,0,2,1,2,152050.0,163600.0,124500.0,126433.3333,141645.833325,15.36222222,16.667,9220.399971860323,141646.833325,5.1512068698211495,,0.24993630157362734,,0.9751636437163577,0.4689555,0.9751636437163577,100,100,3,10,100,2,50,10,50,10,1,10,2,5,1,1,50,1.2000000000000002,1.7999999999999998,7.0,3.0,90.0,10.0,8.0,2.0,1.0,0.5,5,42.5,7.5
1133,2,5,3,1,0,1,5,5,2,1,5,0,0,3,2,0,2,3150.0,3150.0,3133.333333,2933.333333,3091.6666665000002,15.36222222,16.667,201.2512657494939,3092.6666665000002,3.490333113439674,,-0.26699641741042646,,-0.6835636267447727,0.4689555,-0.6835636267447727,100,100,3,10,100,2,50,10,50,10,1,10,2,5,1,1,50,1.2000000000000002,1.7999999999999998,7.0,3.0,90.0,10.0,8.0,2.0,1.0,0.5,5,42.5,7.5
1134,2,5,4,3,0,4,1,5,0,3,3,0,0,1,0,0,3,1016.666667,1266.666667,1383.333333,1116.666667,1195.8333335,15.36222222,16.667,77.84247072947237,1196.8333335,3.0780336764040044,,-0.264725607672208,,-1.0924093923280276,0.4689555,-1.0924093923280276,100,100,3,10,100,2,50,10,50,10,1,10,2,5,1,1,50,1.2000000000000002,1.7999999999999998,7.0,3.0,90.0,10.0,8.0,2.0,1.0,0.5,5,42.5,7.5
1135,2,5,2,4,0,3,3,0,3,1,3,0,1,1,3,1,1,5966.666667,5700.0,4650.0,5083.333333,5350.0,15.36222222,16.667,348.2569073265235,5351.0,3.728434950974255,,0.5980668015127097,,-0.44638661076868225,0.4689555,-0.44638661076868225,100,100,3,10,100,2,50,10,50,10,1,10,2,5,1,1,50,1.2000000000000002,1.7999999999999998,7.0,3.0,90.0,10.0,8.0,2.0,1.0,0.5,5,42.5,7.5
1136,2,5,2,1,0,5,1,5,5,0,1,0,0,1,3,1,3,171350.0,191600.0,187033.3333,117416.6667,166850.0,15.36222222,16.667,10861.058876155224,166851.0,5.222328813886709,,0.09023434298435618,,1.0462783323644087,0.4689555,1.0462783323644087,100,100,3,10,100,2,50,10,50,10,1,10,2,5,1,1,50,1.2000000000000002,1.7999999999999998,7.0,3.0,90.0,10.0,8.0,2.0,1.0,0.5,5,42.5,7.5
1137,2,5,4,2,0,3,4,4,4,1,2,0,0,0,3,1,2,13950.0,15166.66667,12683.33333,13333.33333,13783.3333325,15.36222222,16.667,897.2226241172028,13784.3333325,4.1393857666682825,,0.45267240682982246,,-0.0362121621904655,0.4689555,-0.0362121621904655,100,100,3,10,100,2,50,10,50,10,1,10,2,5,1,1,50,1.2000000000000002,1.7999999999999998,7.0,3.0,90.0,10.0,8.0,2.0,1.0,0.5,5,42.5,7.5
1138,2,5,2,1,0,5,5,4,3,3,4,1,1,1,2,2,3,222966.6667,254450.0,263600.0,226266.6667,241820.83334999997,15.36222222,16.667,15741.266457867967,241821.83334999997,5.3834955094087835,,-0.18800727447931198,,1.2074323862379133,0.4689555,1.2074323862379133,100,100,3,10,100,2,50,10,50,10,1,10,2,5,1,1,50,1.2000000000000002,1.7999999999999998,7.0,3.0,90.0,10.0,8.0,2.0,1.0,0.5,5,42.5,7.5
1139,2,5,2,1,5,5,4,3,3,2,3,2,1,1,2,1,2,197616.6667,246666.6667,178350.0,170050.0,198170.83335,15.36222222,16.667,12899.880662577736,198171.83335,5.297041927192881,,0.08781303786700612,,1.1209850010824487,0.4689555,1.1209850010824487,100,100,3,10,100,2,50,10,50,10,1,10,2,5,1,1,50,1.2000000000000002,1.7999999999999998,7.0,3.0,90.0,10.0,8.0,2.0,1.0,0.5,5,42.5,7.5
1140,2,5,2,1,0,5,4,3,3,3,3,2,1,2,3,2,3,102700.0,150633.3333,149533.3333,147966.6667,137708.333325,15.36222222,16.667,8964.089397542904,137709.333325,5.13896337579927,,-0.09961427226423147,,0.962921523014515,0.4689555,0.962921523014515,100,100,3,10,100,2,50,10,50,10,1,10,2,5,1,1,50,1.2000000000000002,1.7999999999999998,7.0,3.0,90.0,10.0,8.0,2.0,1.0,0.5,5,42.5,7.5
1141,2,5,0,1,0,5,4,5,3,1,3,2,0,0,2,1,3,217050.0,245166.6667,170466.6667,202966.6667,208912.50002500002,15.36222222,16.667,13599.106758982947,208913.50002500002,5.3199665050685105,,-0.30852734189326814,,1.1439078137335899,0.4689555,1.1439078137335899,100,100,3,10,100,2,50,10,50,10,1,10,2,5,1,1,50,1.2000000000000002,1.7999999999999998,7.0,3.0,90.0,10.0,8.0,2.0,1.0,0.5,5,42.5,7.5
1142,2,5,2,4,0,4,3,2,3,2,3,0,1,0,3,1,2,9433.333333,8850.0,8100.0,8150.0,8633.33333325,15.36222222,16.667,561.9846666460994,8634.33333325,3.936228810824385,,-0.053428928392033725,,-0.23907513485923307,0.4689555,-0.23907513485923307,100,100,3,10,100,2,50,10,50,10,1,10,2,5,1,1,50,1.2000000000000002,1.7999999999999998,7.0,3.0,90.0,10.0,8.0,2.0,1.0,0.5,5,42.5,7.5
1143,2,5,4,2,0,5,4,4,0,0,3,2,3,3,3,1,3,50200.0,48633.33333,41933.33333,43766.66667,46133.3333325,15.36222222,16.667,3003.0377553345925,46134.3333325,4.664024249188933,,0.5851469016656852,,0.4880804494352402,0.4689555,0.4880804494352402,100,100,3,10,100,2,50,10,50,10,1,10,2,5,1,1,50,1.2000000000000002,1.7999999999999998,7.0,3.0,90.0,10.0,8.0,2.0,1.0,0.5,5,42.5,7.5
1144,2,5,1,1,0,3,5,3,3,3,3,0,0,0,2,1,2,170116.6667,206416.6667,150016.6667,179950.0,176625.00002500002,15.36222222,16.667,11497.36004958012,176626.00002500002,5.247054633761695,,-0.09740113086599855,,1.071001895591377,0.4689555,1.071001895591377,100,100,3,10,100,2,50,10,50,10,1,10,2,5,1,1,50,1.2000000000000002,1.7999999999999998,7.0,3.0,90.0,10.0,8.0,2.0,1.0,0.5,5,42.5,7.5
1145,2,5,2,1,0,3,3,3,3,0,3,0,3,2,3,2,2,127433.3333,150766.6667,84700.0,122983.3333,121470.833325,15.36222222,16.667,7907.113410119647,121471.833325,5.084475586167607,,0.7214688800400264,,0.9084403372396715,0.4689555,0.9084403372396715,100,100,3,10,100,2,50,10,50,10,1,10,2,5,1,1,50,1.2000000000000002,1.7999999999999998,7.0,3.0,90.0,10.0,8.0,2.0,1.0,0.5,5,42.5,7.5
1146,2,5,2,2,0,4,3,3,4,3,2,2,0,1,3,2,3,89333.33333,93450.0,105550.0,104866.6667,98300.0000075,15.36222222,16.667,6398.8138304316235,98301.0000075,4.992557935894497,,0.0237613537455017,,0.8165358882353868,0.4689555,0.8165358882353868,100,100,3,10,100,2,50,10,50,10,1,10,2,5,1,1,50,1.2000000000000002,1.7999999999999998,7.0,3.0,90.0,10.0,8.0,2.0,1.0,0.5,5,42.5,7.5
1147,2,5,3,0,4,4,5,1,0,2,5,2,0,0,3,2,3,79733.33333,84333.33333,73150.0,83433.33333,80162.4999975,15.36222222,16.667,5218.157819194728,80163.4999975,4.903976670554329,,0.32288887653956433,,0.7279702808824133,0.4689555,0.7279702808824133,100,100,3,10,100,2,50,10,50,10,1,10,2,5,1,1,50,1.2000000000000002,1.7999999999999998,7.0,3.0,90.0,10.0,8.0,2.0,1.0,0.5,5,42.5,7.5
1148,2,5,4,3,1,4,2,0,3,1,3,0,1,1,2,2,1,1050.0,1566.666667,1300.0,1333.333333,1312.5,15.36222222,16.667,85.436858105806,1313.5,3.118430077122089,,0.16553181085268776,,-1.052511708796143,0.4689555,-1.052511708796143,100,100,3,10,100,2,50,10,50,10,1,10,2,5,1,1,50,1.2000000000000002,1.7999999999999998,7.0,3.0,90.0,10.0,8.0,2.0,1.0,0.5,5,42.5,7.5
1149,2,5,0,1,0,1,0,2,4,3,3,3,2,3,2,3,1,1066.666667,916.6666667,1133.333333,1150.0,1066.666666675,15.36222222,16.667,69.4343989690705,1067.666666675,3.0284356839475493,,0.7179948843421191,,-1.1413290191640777,0.4689555,-1.1413290191640777,100,100,3,10,100,2,50,10,50,10,1,10,2,5,1,1,50,1.2000000000000002,1.7999999999999998,7.0,3.0,90.0,10.0,8.0,2.0,1.0,0.5,5,42.5,7.5
1150,2,5,1,2,0,5,5,5,4,5,1,3,1,3,3,2,3,81033.33333,90133.33333,90516.66667,92016.66667,88425.0,15.36222222,16.667,5756.003183242587,88426.0,4.94657997990354,,0.46375877902492046,,0.7705656607632339,0.4689555,0.7705656607632339,100,100,3,10,100,2,50,10,50,10,1,10,2,5,1,1,50,1.2000000000000002,1.7999999999999998,7.0,3.0,90.0,10.0,8.0,2.0,1.0,0.5,5,42.5,7.5
1151,2,5,2,1,0,3,3,3,3,1,3,0,1,1,3,0,3,123883.3333,124833.3333,107600.0,107800.0,116029.16665,15.36222222,16.667,7552.889483589309,116030.16665,5.064570916006186,,0.11364585802785854,,0.8885382937044086,0.4689555,0.8885382937044086,100,100,3,10,100,2,50,10,50,10,1,10,2,5,1,1,50,1.2000000000000002,1.7999999999999998,7.0,3.0,90.0,10.0,8.0,2.0,1.0,0.5,5,42.5,7.5
1152,2,5,2,1,0,3,3,3,3,3,0,0,2,0,2,1,2,83100.0,125016.6667,109616.6667,111183.3333,107229.166675,15.36222222,16.667,6980.055693726321,107230.166675,5.03031698104199,,0.39928487756423436,,0.854289170499419,0.4689555,0.854289170499419,100,100,3,10,100,2,50,10,50,10,1,10,2,5,1,1,50,1.2000000000000002,1.7999999999999998,7.0,3.0,90.0,10.0,8.0,2.0,1.0,0.5,5,42.5,7.5
1153,2,5,2,1,0,3,2,3,3,3,3,0,0,0,2,1,2,145866.6667,191166.6667,181083.3333,183316.6667,175358.33335,15.36222222,16.667,11414.906700262536,175359.33335,5.243928885783708,,0.028640163215484904,,1.0678764258474667,0.4689555,1.0678764258474667,100,100,3,10,100,2,50,10,50,10,1,10,2,5,1,1,50,1.2000000000000002,1.7999999999999998,7.0,3.0,90.0,10.0,8.0,2.0,1.0,0.5,5,42.5,7.5
1154,2,5,4,1,0,5,2,0,2,0,5,0,2,1,2,1,2,81850.0,93750.0,93666.66667,80016.66667,87320.833335,15.36222222,16.667,5684.127731293813,87321.833335,4.941122845210667,,0.21520301160747835,,0.7651094988725394,0.4689555,0.7651094988725394,100,100,3,10,100,2,50,10,50,10,1,10,2,5,1,1,50,1.2000000000000002,1.7999999999999998,7.0,3.0,90.0,10.0,8.0,2.0,1.0,0.5,5,42.5,7.5
1155,2,5,1,2,1,3,3,3,1,3,3,3,5,0,1,0,2,104950.0,143716.6667,137266.6667,128950.0,128720.83335,15.36222222,16.667,8379.050342236229,128721.83335,5.109652216672998,,0.29285330677681287,,0.9336138132785087,0.4689555,0.9336138132785087,100,100,3,10,100,2,50,10,50,10,1,10,2,5,1,1,50,1.2000000000000002,1.7999999999999998,7.0,3.0,90.0,10.0,8.0,2.0,1.0,0.5,5,42.5,7.5
1156,2,5,4,1,0,3,3,3,3,1,3,0,1,0,2,1,1,21600.0,22566.66667,20900.0,21383.33333,21612.5,15.36222222,16.667,1406.8602634756055,21613.5,4.334725100414306,,0.41218664615304457,,0.15894853480459964,0.4689555,0.15894853480459964,100,100,3,10,100,2,50,10,50,10,1,10,2,5,1,1,50,1.2000000000000002,1.7999999999999998,7.0,3.0,90.0,10.0,8.0,2.0,1.0,0.5,5,42.5,7.5
1157,2,5,1,1,0,5,4,3,3,5,5,0,2,0,3,1,0,75916.66667,79133.33333,78733.33333,72633.33333,76604.166665,15.36222222,16.667,4986.5290039399,76605.166665,4.884258061779194,,-0.04147686341743473,,0.7082556139129594,0.4689555,0.7082556139129594,100,100,3,10,100,2,50,10,50,10,1,10,2,5,1,1,50,1.2000000000000002,1.7999999999999998,7.0,3.0,90.0,10.0,8.0,2.0,1.0,0.5,5,42.5,7.5
1158,2,5,2,1,0,5,3,4,3,3,3,0,1,3,3,1,2,121550.0,93700.0,102700.0,151100.0,117262.5,15.36222222,16.667,7633.173008481582,117263.5,5.069162852564129,,0.037457095919268824,,0.8931296135842417,0.4689555,0.8931296135842417,100,100,3,10,100,2,50,10,50,10,1,10,2,5,1,1,50,1.2000000000000002,1.7999999999999998,7.0,3.0,90.0,10.0,8.0,2.0,1.0,0.5,5,42.5,7.5
1159,2,5,0,0,0,2,4,4,1,5,5,2,5,2,0,2,3,5500.0,5200.0,5650.0,5550.0,5475.0,15.36222222,16.667,356.3937509556479,5476.0,3.7384634394619525,,0.13759069774448918,,-0.43638706414847866,0.4689555,-0.43638706414847866,100,100,3,10,100,2,50,10,50,10,1,10,2,5,1,1,50,1.2000000000000002,1.7999999999999998,7.0,3.0,90.0,10.0,8.0,2.0,1.0,0.5,5,42.5,7.5
1160,2,5,2,2,0,5,4,0,3,1,5,2,1,0,2,2,0,45250.0,44966.66667,47416.66667,45116.66667,45687.500002500004,15.36222222,16.667,2974.0163466076983,45688.500002500004,4.659806899983245,,-0.39086252723995685,,0.4838645389067472,0.4689555,0.4838645389067472,100,100,3,10,100,2,50,10,50,10,1,10,2,5,1,1,50,1.2000000000000002,1.7999999999999998,7.0,3.0,90.0,10.0,8.0,2.0,1.0,0.5,5,42.5,7.5
1161,2,5,0,1,1,3,2,3,2,5,4,1,1,0,1,1,0,100333.3333,101700.0,109816.6667,102966.6667,103704.166675,15.36222222,16.667,6750.596703385014,103705.166675,5.015800393829214,,0.5221433455868736,,0.8397747397762753,0.4689555,0.8397747397762753,100,100,3,10,100,2,50,10,50,10,1,10,2,5,1,1,50,1.2000000000000002,1.7999999999999998,7.0,3.0,90.0,10.0,8.0,2.0,1.0,0.5,5,42.5,7.5
1162,2,5,2,1,0,2,5,5,3,4,5,0,1,0,2,1,2,17816.66667,18083.33333,19716.66667,17316.66667,18233.333335,15.36222222,16.667,1186.8942574767675,18234.333335,4.260889889710483,,-0.7219647506839904,,0.08517161770879308,0.4689555,0.08517161770879308,100,100,3,10,100,2,50,10,50,10,1,10,2,5,1,1,50,1.2000000000000002,1.7999999999999998,7.0,3.0,90.0,10.0,8.0,2.0,1.0,0.5,5,42.5,7.5
1163,2,5,1,1,0,5,5,4,3,5,5,3,1,3,3,2,3,125566.6667,149933.3333,138033.3333,147016.6667,140137.5,15.36222222,16.667,9122.215392611344,140138.5,5.146557464626022,,-0.06727242691664692,,0.9705147554787482,0.4689555,0.9705147554787482,100,100,3,10,100,2,50,10,50,10,1,10,2,5,1,1,50,1.2000000000000002,1.7999999999999998,7.0,3.0,90.0,10.0,8.0,2.0,1.0,0.5,5,42.5,7.5
1164,2,5,2,3,0,3,3,3,3,3,3,0,1,0,1,1,2,48016.66667,70450.0,52133.33333,58133.33333,57183.3333325,15.36222222,16.667,3722.334732149188,57184.3333325,4.757277062373596,,0.2601512778715831,,0.5813047722618695,0.4689555,0.5813047722618695,100,100,3,10,100,2,50,10,50,10,1,10,2,5,1,1,50,1.2000000000000002,1.7999999999999998,7.0,3.0,90.0,10.0,8.0,2.0,1.0,0.5,5,42.5,7.5
1165,2,5,2,1,4,5,3,4,1,4,5,2,1,1,3,2,2,119983.3333,157366.6667,135083.3333,159200.0,142908.333325,15.36222222,16.667,9302.582092514478,142909.333325,5.155060593235893,,-0.4437691370364929,,0.9790169428181799,0.4689555,0.9790169428181799,100,100,3,10,100,2,50,10,50,10,1,10,2,5,1,1,50,1.2000000000000002,1.7999999999999998,7.0,3.0,90.0,10.0,8.0,2.0,1.0,0.5,5,42.5,7.5
1166,2,5,2,1,0,3,0,2,4,3,3,4,2,2,2,3,2,37833.33333,48633.33333,50333.33333,38850.0,43912.4999975,15.36222222,16.667,2858.4731667486585,43913.4999975,4.6425980526594905,,0.4153343793109663,,0.4666617090214048,0.4689555,0.4666617090214048,100,100,3,10,100,2,50,10,50,10,1,10,2,5,1,1,50,1.2000000000000002,1.7999999999999998,7.0,3.0,90.0,10.0,8.0,2.0,1.0,0.5,5,42.5,7.5
1167,2,5,4,1,0,2,3,3,2,3,3,0,1,0,2,0,2,2666.666667,2416.666667,2050.0,2500.0,2408.3333334999998,15.36222222,16.667,156.76985393197884,2409.3333334999998,3.3818968891992744,,-0.2770698882741831,,-0.7913794563907186,0.4689555,-0.7913794563907186,100,100,3,10,100,2,50,10,50,10,1,10,2,5,1,1,50,1.2000000000000002,1.7999999999999998,7.0,3.0,90.0,10.0,8.0,2.0,1.0,0.5,5,42.5,7.5
1168,2,5,2,2,0,3,2,3,3,3,3,0,1,0,2,0,2,103516.6667,161833.3333,119700.0,150016.6667,133766.666675,15.36222222,16.667,8707.507596189425,133767.666675,5.126351151686075,,0.2751343395387229,,0.9503107546465841,0.4689555,0.9503107546465841,100,100,3,10,100,2,50,10,50,10,1,10,2,5,1,1,50,1.2000000000000002,1.7999999999999998,7.0,3.0,90.0,10.0,8.0,2.0,1.0,0.5,5,42.5,7.5
1169,2,5,4,1,0,5,3,3,3,2,3,0,3,0,2,1,2,26850.0,31033.33333,29600.0,27150.0,28658.3333325,15.36222222,16.667,1865.507015983004,28659.3333325,4.4572660837101745,,0.07403654027075834,,0.2814121725534711,0.4689555,0.2814121725534711,100,100,3,10,100,2,50,10,50,10,1,10,2,5,1,1,50,1.2000000000000002,1.7999999999999998,7.0,3.0,90.0,10.0,8.0,2.0,1.0,0.5,5,42.5,7.5
1170,2,6,2,1,0,3,3,3,3,3,3,0,1,0,1,1,2,131833.3333,172816.6667,160383.3333,111183.3333,144054.16665,23.07166667,16.667,6243.769412519863,144055.16665,5.158528839203352,,0.04971603525891055,,0.9824848101209985,0.4689555,0.9824848101209985,100,100,3,10,100,2,50,10,50,10,1,10,2,5,1,1,50,1.2000000000000002,1.7999999999999998,7.0,3.0,90.0,10.0,8.0,2.0,1.0,0.5,5,42.5,7.5
1171,2,6,2,1,0,3,3,3,3,3,3,0,1,1,1,1,2,121616.6667,129200.0,144400.0,112233.3333,126862.5,23.07166667,16.667,5498.627464350412,126863.5,5.103336688850177,,-0.010756050549171725,,0.9272990596529437,0.4689555,0.9272990596529437,100,100,3,10,100,2,50,10,50,10,1,10,2,5,1,1,50,1.2000000000000002,1.7999999999999998,7.0,3.0,90.0,10.0,8.0,2.0,1.0,0.5,5,42.5,7.5
1172,2,6,2,1,4,3,3,3,3,2,3,2,1,1,2,1,1,115800.0,103650.0,134166.6667,94366.66667,111995.8333425,23.07166667,16.667,4854.258469680813,111996.8333425,5.049205743372676,,0.3918193257826692,,0.8731752326041058,0.4689555,0.8731752326041058,100,100,3,10,100,2,50,10,50,10,1,10,2,5,1,1,50,1.2000000000000002,1.7999999999999998,7.0,3.0,90.0,10.0,8.0,2.0,1.0,0.5,5,42.5,7.5
1173,2,6,2,0,0,5,1,3,5,0,3,0,3,2,3,2,3,83083.33333,82250.0,127950.0,81483.33333,93691.666665,23.07166667,16.667,4060.89720370427,93692.666665,4.971705599942639,,-0.09596764884725228,,0.7956869562054654,0.4689555,0.7956869562054654,100,100,3,10,100,2,50,10,50,10,1,10,2,5,1,1,50,1.2000000000000002,1.7999999999999998,7.0,3.0,90.0,10.0,8.0,2.0,1.0,0.5,5,42.5,7.5
1174,2,6,2,1,0,3,3,3,3,3,3,0,0,1,2,1,2,127300.0,117033.3333,138800.0,74966.66667,114524.9999925,23.07166667,16.667,4963.8806606640355,114525.9999925,5.058904092540055,,-0.11268273134795148,,0.882872240311606,0.4689555,0.882872240311606,100,100,3,10,100,2,50,10,50,10,1,10,2,5,1,1,50,1.2000000000000002,1.7999999999999998,7.0,3.0,90.0,10.0,8.0,2.0,1.0,0.5,5,42.5,7.5
1175,2,6,0,1,1,3,2,3,3,4,4,1,1,1,1,1,2,123400.0,103883.3333,146500.0,101966.6667,118937.5,23.07166667,16.667,5155.132557226738,118938.5,5.075322457066986,,0.051613594811105834,,0.899288401049495,0.4689555,0.899288401049495,100,100,3,10,100,2,50,10,50,10,1,10,2,5,1,1,50,1.2000000000000002,1.7999999999999998,7.0,3.0,90.0,10.0,8.0,2.0,1.0,0.5,5,42.5,7.5
1176,2,6,2,1,0,3,3,3,3,1,3,0,0,1,2,0,2,77516.66667,92133.33333,116900.0,63233.33333,87445.8333325,23.07166667,16.667,3790.1827632680515,87446.8333325,4.941744087215246,,-0.30359441719494384,,0.7657306295155424,0.4689555,0.7657306295155424,100,100,3,10,100,2,50,10,50,10,1,10,2,5,1,1,50,1.2000000000000002,1.7999999999999998,7.0,3.0,90.0,10.0,8.0,2.0,1.0,0.5,5,42.5,7.5
1177,2,6,2,2,0,3,4,2,4,2,3,0,0,0,2,1,2,76500.0,62233.33333,89283.33333,47233.33333,68812.4999975,23.07166667,16.667,2982.554359064862,68813.4999975,4.837673647527316,,-0.06359692072020628,,0.6616812544966238,0.4689555,0.6616812544966238,100,100,3,10,100,2,50,10,50,10,1,10,2,5,1,1,50,1.2000000000000002,1.7999999999999998,7.0,3.0,90.0,10.0,8.0,2.0,1.0,0.5,5,42.5,7.5
1178,2,6,2,1,0,3,3,3,2,3,3,1,1,1,2,2,3,88933.33333,64483.33333,92266.66667,76733.33333,80604.166665,23.07166667,16.667,3493.6429958833137,80605.166665,4.9063628802937265,,-0.22237669036383867,,0.7303560256350464,0.4689555,0.7303560256350464,100,100,3,10,100,2,50,10,50,10,1,10,2,5,1,1,50,1.2000000000000002,1.7999999999999998,7.0,3.0,90.0,10.0,8.0,2.0,1.0,0.5,5,42.5,7.5
1179,2,6,2,1,0,3,3,3,3,3,3,1,1,1,2,1,3,104183.3333,128266.6667,159266.6667,115083.3333,126700.0,23.07166667,16.667,5491.584193384153,126701.0,5.102780042608525,,-0.14699304816909287,,0.9267424821898579,0.4689555,0.9267424821898579,100,100,3,10,100,2,50,10,50,10,1,10,2,5,1,1,50,1.2000000000000002,1.7999999999999998,7.0,3.0,90.0,10.0,8.0,2.0,1.0,0.5,5,42.5,7.5
1180,2,6,2,1,0,3,3,3,3,3,3,0,1,1,2,2,2,110983.3333,97566.66667,120000.0,84766.66667,103329.16666,23.07166667,16.667,4478.617350794103,103330.16666,5.014227129858212,,0.11401499353961775,,0.8382017138772032,0.4689555,0.8382017138772032,100,100,3,10,100,2,50,10,50,10,1,10,2,5,1,1,50,1.2000000000000002,1.7999999999999998,7.0,3.0,90.0,10.0,8.0,2.0,1.0,0.5,5,42.5,7.5
1181,2,6,2,1,0,5,1,5,5,0,1,0,0,1,3,1,3,172966.6667,194883.3333,261250.0,178416.6667,201879.166675,23.07166667,16.667,8750.090297442737,201880.166675,5.305093654621203,,0.1729991837188498,,1.1290360978739575,0.4689555,1.1290360978739575,100,100,3,10,100,2,50,10,50,10,1,10,2,5,1,1,50,1.2000000000000002,1.7999999999999998,7.0,3.0,90.0,10.0,8.0,2.0,1.0,0.5,5,42.5,7.5
1182,2,6,2,2,0,3,2,4,0,3,4,5,1,0,1,1,0,106733.3333,146033.3333,159833.3333,121550.0,133537.49997499998,23.07166667,16.667,5787.943362957748,133538.49997499998,5.12560649353713,,0.12276456038913786,,0.9495661837773122,0.4689555,0.9495661837773122,100,100,3,10,100,2,50,10,50,10,1,10,2,5,1,1,50,1.2000000000000002,1.7999999999999998,7.0,3.0,90.0,10.0,8.0,2.0,1.0,0.5,5,42.5,7.5
1183,2,6,2,1,0,5,5,4,3,3,4,1,1,1,2,2,3,254500.0,381050.0,298766.6667,222366.6667,289170.83335,23.07166667,16.667,12533.590983524728,289171.83335,5.4611559884274525,,-0.11034679546064297,,1.2850882583139123,0.4689555,1.2850882583139123,100,100,3,10,100,2,50,10,50,10,1,10,2,5,1,1,50,1.2000000000000002,1.7999999999999998,7.0,3.0,90.0,10.0,8.0,2.0,1.0,0.5,5,42.5,7.5
1184,2,6,2,1,0,3,3,3,3,3,3,0,1,1,2,1,2,99550.0,88950.0,149150.0,118216.6667,113966.666675,23.07166667,16.667,4939.680704697005,113967.666675,5.056781656806932,,0.01109464981775865,,0.880750095595509,0.4689555,0.880750095595509,100,100,3,10,100,2,50,10,50,10,1,10,2,5,1,1,50,1.2000000000000002,1.7999999999999998,7.0,3.0,90.0,10.0,8.0,2.0,1.0,0.5,5,42.5,7.5
1185,2,6,2,1,5,5,4,3,3,2,3,2,1,2,3,2,3,122400.0,111583.3333,140450.0,126616.6667,125262.5,23.07166667,16.667,5429.278334836484,125263.5,5.0978245422004385,,-0.07549066393867587,,0.9217875979785403,0.4689555,0.9217875979785403,100,100,3,10,100,2,50,10,50,10,1,10,2,5,1,1,50,1.2000000000000002,1.7999999999999998,7.0,3.0,90.0,10.0,8.0,2.0,1.0,0.5,5,42.5,7.5
1186,2,6,2,1,0,3,3,3,3,3,3,0,1,0,2,2,2,103066.6667,87466.66667,120500.0,86716.66667,99437.50001,23.07166667,16.667,4309.9400417091765,99438.50001,4.997554564524445,,0.059465696456621586,,0.8215317252025226,0.4689555,0.8215317252025226,100,100,3,10,100,2,50,10,50,10,1,10,2,5,1,1,50,1.2000000000000002,1.7999999999999998,7.0,3.0,90.0,10.0,8.0,2.0,1.0,0.5,5,42.5,7.5
1187,2,6,2,1,0,3,3,3,3,3,3,2,1,1,2,2,3,101433.3333,92650.0,121650.0,107750.0,105870.833325,23.07166667,16.667,4588.781332501801,105871.833325,5.024780433586265,,-0.07434602627689735,,0.8487534370265326,0.4689555,0.8487534370265326,100,100,3,10,100,2,50,10,50,10,1,10,2,5,1,1,50,1.2000000000000002,1.7999999999999998,7.0,3.0,90.0,10.0,8.0,2.0,1.0,0.5,5,42.5,7.5
1188,2,6,3,1,0,3,3,3,3,3,3,1,1,1,2,2,3,82116.66667,92566.66667,115116.6667,97500.0,96825.00001,23.07166667,16.667,4196.705916174716,96826.00001,4.985991991034647,,0.20606954806876043,,0.8099709976228646,0.4689555,0.8099709976228646,100,100,3,10,100,2,50,10,50,10,1,10,2,5,1,1,50,1.2000000000000002,1.7999999999999998,7.0,3.0,90.0,10.0,8.0,2.0,1.0,0.5,5,42.5,7.5
1189,2,6,2,1,0,3,3,3,3,3,3,1,1,1,3,2,3,83533.33333,84900.0,132766.6667,94366.66667,98891.666675,23.07166667,16.667,4286.281875057967,98892.666675,4.995164087950436,,0.12707735803592612,,0.8191416262380464,0.4689555,0.8191416262380464,100,100,3,10,100,2,50,10,50,10,1,10,2,5,1,1,50,1.2000000000000002,1.7999999999999998,7.0,3.0,90.0,10.0,8.0,2.0,1.0,0.5,5,42.5,7.5
1190,2,6,2,1,0,3,3,3,3,3,3,1,1,0,2,1,2,119300.0,158766.6667,193150.0,145950.0,154291.666675,23.07166667,16.667,6687.495484477715,154292.666675,5.1883452851152185,,0.032414820829198554,,1.0122981224276382,0.4689555,1.0122981224276382,100,100,3,10,100,2,50,10,50,10,1,10,2,5,1,1,50,1.2000000000000002,1.7999999999999998,7.0,3.0,90.0,10.0,8.0,2.0,1.0,0.5,5,42.5,7.5
1191,2,6,2,2,0,4,3,3,4,3,2,2,0,1,3,2,3,79150.0,87800.0,120850.0,80916.66667,92179.1666675,23.07166667,16.667,3995.340604818993,92180.1666675,4.964637489020766,,-0.004159093128229152,,0.7886200366606632,0.4689555,0.7886200366606632,100,100,3,10,100,2,50,10,50,10,1,10,2,5,1,1,50,1.2000000000000002,1.7999999999999998,7.0,3.0,90.0,10.0,8.0,2.0,1.0,0.5,5,42.5,7.5
1192,2,6,3,0,5,4,0,0,0,4,4,2,1,0,1,2,3,166250.0,167883.3333,200500.0,190316.6667,181237.5,23.07166667,16.667,7855.414287675299,181238.5,5.258250459132735,,0.2780079535243942,,1.082196740652473,0.4689555,1.082196740652473,100,100,3,10,100,2,50,10,50,10,1,10,2,5,1,1,50,1.2000000000000002,1.7999999999999998,7.0,3.0,90.0,10.0,8.0,2.0,1.0,0.5,5,42.5,7.5
1193,2,6,2,1,0,3,3,3,3,3,3,0,1,1,2,2,2,37416.66667,37933.33333,60716.66667,48683.33333,46187.5,23.07166667,16.667,2001.9143246403362,46188.5,4.664533858494637,,-0.23567827782395767,,0.4885898858402278,0.4689555,0.4885898858402278,100,100,3,10,100,2,50,10,50,10,1,10,2,5,1,1,50,1.2000000000000002,1.7999999999999998,7.0,3.0,90.0,10.0,8.0,2.0,1.0,0.5,5,42.5,7.5
1194,2,6,0,1,0,4,0,0,4,3,0,3,2,3,2,3,2,71150.0,76683.33333,86416.66667,81383.33333,78908.3333325,23.07166667,16.667,3420.1401425023278,78909.3333325,4.897128374249671,,-0.13608083760790013,,0.7211233333381957,0.4689555,0.7211233333381957,100,100,3,10,100,2,50,10,50,10,1,10,2,5,1,1,50,1.2000000000000002,1.7999999999999998,7.0,3.0,90.0,10.0,8.0,2.0,1.0,0.5,5,42.5,7.5
1195,2,6,2,1,0,3,3,3,3,3,3,0,1,0,2,1,2,141416.6667,139366.6667,126916.6667,132383.3333,135020.83335,23.07166667,16.667,5852.235786917253,135021.83335,5.130404000619049,,0.0594041290558156,,0.9543631311689589,0.4689555,0.9543631311689589,100,100,3,10,100,2,50,10,50,10,1,10,2,5,1,1,50,1.2000000000000002,1.7999999999999998,7.0,3.0,90.0,10.0,8.0,2.0,1.0,0.5,5,42.5,7.5
1196,2,6,2,1,0,3,3,3,3,1,3,0,1,1,3,0,2,83766.66667,122616.6667,99683.33333,97383.33333,100862.5000075,23.07166667,16.667,4371.70411007416,100863.5000075,5.003734034292782,,0.09002741335631015,,0.8277102284116059,0.4689555,0.8277102284116059,100,100,3,10,100,2,50,10,50,10,1,10,2,5,1,1,50,1.2000000000000002,1.7999999999999998,7.0,3.0,90.0,10.0,8.0,2.0,1.0,0.5,5,42.5,7.5
1197,2,6,2,1,0,3,3,3,3,3,3,0,0,0,2,1,2,144716.6667,152800.0,150366.6667,152650.0,150133.33335,23.07166667,16.667,6507.259986779273,150134.33335,5.17648001988744,,-0.006459918368832085,,1.00043407849166,0.4689555,1.00043407849166,100,100,3,10,100,2,50,10,50,10,1,10,2,5,1,1,50,1.2000000000000002,1.7999999999999998,7.0,3.0,90.0,10.0,8.0,2.0,1.0,0.5,5,42.5,7.5
1198,2,6,2,1,0,3,2,3,3,3,3,0,0,0,2,1,2,121450.0,157583.3333,136216.6667,139950.0,138800.0,23.07166667,16.667,6016.036985333232,138801.0,5.142392595030345,,-0.07289612753787811,,0.9663503536883326,0.4689555,0.9663503536883326,100,100,3,10,100,2,50,10,50,10,1,10,2,5,1,1,50,1.2000000000000002,1.7999999999999998,7.0,3.0,90.0,10.0,8.0,2.0,1.0,0.5,5,42.5,7.5
1199,2,6,2,0,0,3,3,3,3,3,3,0,1,1,2,1,2,95950.0,116750.0,109650.0,109666.6667,108004.166675,23.07166667,16.667,4681.246839242759,108005.166675,5.033444531457055,,0.022755631358269746,,0.8574162656674518,0.4689555,0.8574162656674518,100,100,3,10,100,2,50,10,50,10,1,10,2,5,1,1,50,1.2000000000000002,1.7999999999999998,7.0,3.0,90.0,10.0,8.0,2.0,1.0,0.5,5,42.5,7.5
1200,2,6,1,2,1,3,3,3,1,3,3,3,5,0,1,0,2,66600.0,88700.0,85566.66667,78083.33333,79737.5,23.07166667,16.667,3456.0788841355084,79738.5,4.901668061676888,,0.08486915178070298,,0.7256621243077505,0.4689555,0.7256621243077505,100,100,3,10,100,2,50,10,50,10,1,10,2,5,1,1,50,1.2000000000000002,1.7999999999999998,7.0,3.0,90.0,10.0,8.0,2.0,1.0,0.5,5,42.5,7.5
1201,2,6,2,1,0,3,3,3,3,2,3,0,1,0,2,1,2,93466.66667,116333.3333,92266.66667,89600.0,97916.66666,23.07166667,16.667,4244.022248610269,97917.66666,4.990861055855813,,-0.1710406194002454,,0.8148392791275277,0.4689555,0.8148392791275277,100,100,3,10,100,2,50,10,50,10,1,10,2,5,1,1,50,1.2000000000000002,1.7999999999999998,7.0,3.0,90.0,10.0,8.0,2.0,1.0,0.5,5,42.5,7.5
1202,2,6,2,1,1,3,3,3,3,3,3,1,1,1,2,2,3,49350.0,71066.66667,63283.33333,63066.66667,61691.6666675,23.07166667,16.667,2673.914613534073,61692.6666675,4.7902335430426515,,-0.19518859285232804,,0.6142525601057387,0.4689555,0.6142525601057387,100,100,3,10,100,2,50,10,50,10,1,10,2,5,1,1,50,1.2000000000000002,1.7999999999999998,7.0,3.0,90.0,10.0,8.0,2.0,1.0,0.5,5,42.5,7.5
1203,2,6,2,1,0,5,3,4,3,3,3,0,1,3,3,1,2,92983.33333,128850.0,94450.0,110566.6667,106712.5000075,23.07166667,16.667,4625.261864859458,106713.5000075,5.028219364203226,,-0.0034863924416344005,,0.8521918608319666,0.4689555,0.8521918608319666,100,100,3,10,100,2,50,10,50,10,1,10,2,5,1,1,50,1.2000000000000002,1.7999999999999998,7.0,3.0,90.0,10.0,8.0,2.0,1.0,0.5,5,42.5,7.5
1204,2,6,0,0,0,3,4,1,3,1,5,2,1,2,3,2,3,89666.66667,122766.6667,111416.6667,109250.0,108275.0000175,23.07166667,16.667,4692.9856245838355,108276.0000175,5.034532203485477,,0.3075259998284743,,0.8585037801407125,0.4689555,0.8585037801407125,100,100,3,10,100,2,50,10,50,10,1,10,2,5,1,1,50,1.2000000000000002,1.7999999999999998,7.0,3.0,90.0,10.0,8.0,2.0,1.0,0.5,5,42.5,7.5
1205,2,6,2,0,0,3,3,3,3,3,3,0,1,0,2,1,2,107100.0,134366.6667,119400.0,143833.3333,126175.0,23.07166667,16.667,5468.829010262396,126176.0,5.10097675539313,,0.0990471634377812,,0.9249394183928175,0.4689555,0.9249394183928175,100,100,3,10,100,2,50,10,50,10,1,10,2,5,1,1,50,1.2000000000000002,1.7999999999999998,7.0,3.0,90.0,10.0,8.0,2.0,1.0,0.5,5,42.5,7.5
1206,2,6,2,2,0,3,3,3,3,3,3,1,1,1,2,2,3,94550.0,78933.33333,98766.66667,90483.33333,90683.3333325,23.07166667,16.667,3930.5063925188897,90684.3333325,4.957532264624177,,-0.03141863239919207,,0.7815160295965079,0.4689555,0.7815160295965079,100,100,3,10,100,2,50,10,50,10,1,10,2,5,1,1,50,1.2000000000000002,1.7999999999999998,7.0,3.0,90.0,10.0,8.0,2.0,1.0,0.5,5,42.5,7.5
1207,2,6,2,1,0,3,3,3,3,3,3,1,2,1,2,2,3,63633.33333,62383.33333,91516.66667,73466.66667,72750.0,23.07166667,16.667,3153.2182325864023,72751.0,4.861838967300517,,-0.18853456777167388,,0.6858412239232342,0.4689555,0.6858412239232342,100,100,3,10,100,2,50,10,50,10,1,10,2,5,1,1,50,1.2000000000000002,1.7999999999999998,7.0,3.0,90.0,10.0,8.0,2.0,1.0,0.5,5,42.5,7.5
1208,2,6,0,1,0,5,4,4,0,5,5,3,0,3,2,2,3,250650.0,286833.3333,295683.3333,271416.6667,276145.833325,23.07166667,16.667,11969.04572499183,276146.833325,5.441140067377318,,0.11000608195249928,,1.2650734470204061,0.4689555,1.2650734470204061,100,100,3,10,100,2,50,10,50,10,1,10,2,5,1,1,50,1.2000000000000002,1.7999999999999998,7.0,3.0,90.0,10.0,8.0,2.0,1.0,0.5,5,42.5,7.5
1209,2,6,2,1,0,3,3,3,3,3,3,0,2,0,2,1,2,60683.33333,62266.66667,67383.33333,48666.66667,59750.0,23.07166667,16.667,2589.756555285739,59751.0,4.776345178086245,,-0.22375154531052832,,0.6003677782090059,0.4689555,0.6003677782090059,100,100,3,10,100,2,50,10,50,10,1,10,2,5,1,1,50,1.2000000000000002,1.7999999999999998,7.0,3.0,90.0,10.0,8.0,2.0,1.0,0.5,5,42.5,7.5
1210,2,6,2,1,4,5,3,4,1,4,5,2,1,1,3,2,2,144350.0,158050.0,149166.6667,129050.0,145154.166675,23.07166667,16.667,6291.4469401442675,145155.166675,5.161832498786416,,-0.4369972314859698,,0.9857881118100273,0.4689555,0.9857881118100273,100,100,3,10,100,2,50,10,50,10,1,10,2,5,1,1,50,1.2000000000000002,1.7999999999999998,7.0,3.0,90.0,10.0,8.0,2.0,1.0,0.5,5,42.5,7.5
1211,2,6,2,1,0,3,3,2,3,3,3,0,1,0,2,1,2,78016.66667,78300.0,87550.0,81666.66667,81383.333335,23.07166667,16.667,3527.4145773275427,81384.333335,4.9105408102822645,,-0.09209855127963706,,0.7345331476208499,0.4689555,0.7345331476208499,100,100,3,10,100,2,50,10,50,10,1,10,2,5,1,1,50,1.2000000000000002,1.7999999999999998,7.0,3.0,90.0,10.0,8.0,2.0,1.0,0.5,5,42.5,7.5
1212,2,6,2,1,0,3,3,3,3,3,3,0,1,1,2,0,2,80400.0,77283.33333,83533.33333,64633.33333,76462.4999975,23.07166667,16.667,3314.1298845533292,76463.4999975,4.883454173290803,,-0.1372391600544267,,0.707451889951388,0.4689555,0.707451889951388,100,100,3,10,100,2,50,10,50,10,1,10,2,5,1,1,50,1.2000000000000002,1.7999999999999998,7.0,3.0,90.0,10.0,8.0,2.0,1.0,0.5,5,42.5,7.5
1213,2,6,2,1,0,3,3,3,3,3,3,0,1,0,2,0,2,86950.0,86283.33333,90900.0,89116.66667,88312.5,23.07166667,16.667,3827.746875124215,88313.5,4.946027096865931,,-0.08741523387818972,,0.7700128757284537,0.4689555,0.7700128757284537,100,100,3,10,100,2,50,10,50,10,1,10,2,5,1,1,50,1.2000000000000002,1.7999999999999998,7.0,3.0,90.0,10.0,8.0,2.0,1.0,0.5,5,42.5,7.5
1214,2,6,3,1,0,3,3,3,3,3,3,0,1,0,2,1,2,66500.0,55750.0,64483.33333,70083.33333,64204.166665,23.07166667,16.667,2782.8144183655545,64205.166665,4.8075699776609735,,0.11957338943033591,,0.6315846798851618,0.4689555,0.6315846798851618,100,100,3,10,100,2,50,10,50,10,1,10,2,5,1,1,50,1.2000000000000002,1.7999999999999998,7.0,3.0,90.0,10.0,8.0,2.0,1.0,0.5,5,42.5,7.5
1215,2,6,2,2,0,3,3,4,3,3,3,0,1,0,3,1,3,25600.0,26383.33333,26566.66667,27600.0,26537.5,23.07166667,16.667,1150.220327797411,26538.5,4.423876372178274,,-0.3795649458954147,,0.2480414231642589,0.4689555,0.2480414231642589,100,100,3,10,100,2,50,10,50,10,1,10,2,5,1,1,50,1.2000000000000002,1.7999999999999998,7.0,3.0,90.0,10.0,8.0,2.0,1.0,0.5,5,42.5,7.5
1216,2,6,2,2,0,3,3,2,3,3,3,0,0,0,1,1,2,89116.66667,102550.0,97766.66667,105833.3333,98816.66666,23.07166667,16.667,4283.031133961854,98817.66666,4.994834594861531,,0.0013735134973034135,,0.8188121853603799,0.4689555,0.8188121853603799,100,100,3,10,100,2,50,10,50,10,1,10,2,5,1,1,50,1.2000000000000002,1.7999999999999998,7.0,3.0,90.0,10.0,8.0,2.0,1.0,0.5,5,42.5,7.5
1217,2,6,2,1,0,3,3,4,3,2,3,2,1,0,1,2,0,50100.0,54900.0,56166.66667,56000.0,54291.6666675,23.07166667,16.667,2353.174889532157,54292.6666675,4.73474117321837,,0.40205576760357875,,0.5587752185645672,0.4689555,0.5587752185645672,100,100,3,10,100,2,50,10,50,10,1,10,2,5,1,1,50,1.2000000000000002,1.7999999999999998,7.0,3.0,90.0,10.0,8.0,2.0,1.0,0.5,5,42.5,7.5
1218,2,6,2,1,0,3,3,3,3,0,3,1,3,2,2,2,3,70383.33333,57800.0,41316.66667,39650.0,52287.5,23.07166667,16.667,2266.3078809121857,52288.5,4.718406183404206,,-0.025925867296455074,,0.5424450308252802,0.4689555,0.5424450308252802,100,100,3,10,100,2,50,10,50,10,1,10,2,5,1,1,50,1.2000000000000002,1.7999999999999998,7.0,3.0,90.0,10.0,8.0,2.0,1.0,0.5,5,42.5,7.5
1219,2,6,2,1,0,3,3,3,3,3,3,0,0,1,0,1,1,30283.33333,20733.33333,23200.0,17733.33333,22987.499997500003,23.07166667,16.667,996.3519465800259,22988.499997500003,4.361510634424499,,-0.5094625673549356,,0.18571525261863653,0.4689555,0.18571525261863653,100,100,3,10,100,2,50,10,50,10,1,10,2,5,1,1,50,1.2000000000000002,1.7999999999999998,7.0,3.0,90.0,10.0,8.0,2.0,1.0,0.5,5,42.5,7.5
1220,2,6,0,1,0,3,4,1,3,4,4,4,1,1,1,3,3,35666.66667,46866.66667,37700.0,38083.33333,39579.1666675,23.07166667,16.667,1715.4879720486185,39580.1666675,4.597477618638017,,0.3515401555703175,,0.4215582321626123,0.4689555,0.4215582321626123,100,100,3,10,100,2,50,10,50,10,1,10,2,5,1,1,50,1.2000000000000002,1.7999999999999998,7.0,3.0,90.0,10.0,8.0,2.0,1.0,0.5,5,42.5,7.5
1221,2,6,2,0,0,3,3,0,0,4,3,2,0,1,2,3,2,17816.66667,21016.66667,19150.0,18283.33333,19066.6666675,23.07166667,16.667,826.4104600770917,19067.6666675,4.2802975511776635,,-0.24065583765300147,,0.10456298484147657,0.4689555,0.10456298484147657,100,100,3,10,100,2,50,10,50,10,1,10,2,5,1,1,50,1.2000000000000002,1.7999999999999998,7.0,3.0,90.0,10.0,8.0,2.0,1.0,0.5,5,42.5,7.5
1222,2,6,2,2,0,1,4,2,3,2,3,0,0,0,2,1,2,12066.66667,12100.0,11900.0,11316.66667,11845.833335,23.07166667,16.667,513.4363938433235,11846.833335,4.07360227870699,,0.2625533266830953,,-0.10191502135574639,0.4689555,-0.10191502135574639,100,100,3,10,100,2,50,10,50,10,1,10,2,5,1,1,50,1.2000000000000002,1.7999999999999998,7.0,3.0,90.0,10.0,8.0,2.0,1.0,0.5,5,42.5,7.5
1223,2,6,2,4,1,3,2,4,0,3,3,1,5,0,2,0,0,9316.666667,11283.33333,10666.66667,8383.333333,9912.5,23.07166667,16.667,429.6395289417555,9913.5,3.9962270109261113,,0.13932810353611247,,-0.17917844384107542,0.4689555,-0.17917844384107542,100,100,3,10,100,2,50,10,50,10,1,10,2,5,1,1,50,1.2000000000000002,1.7999999999999998,7.0,3.0,90.0,10.0,8.0,2.0,1.0,0.5,5,42.5,7.5
1224,2,6,2,3,0,3,3,5,3,3,3,1,1,1,2,1,1,52933.33333,55633.33333,68183.33333,57550.0,58574.999997499996,23.07166667,16.667,2538.8282881905902,58575.999997499996,4.767719711518921,,0.28153848967198947,,0.5917445952842584,0.4689555,0.5917445952842584,100,100,3,10,100,2,50,10,50,10,1,10,2,5,1,1,50,1.2000000000000002,1.7999999999999998,7.0,3.0,90.0,10.0,8.0,2.0,1.0,0.5,5,42.5,7.5
1225,2,6,2,1,5,3,3,3,3,3,3,0,1,1,2,2,2,73783.33333,98483.33333,89983.33333,97966.66667,90054.166665,23.07166667,16.667,3903.2362920749497,90055.166665,4.954508634309696,,0.17647839910749852,,0.7784929233886836,0.4689555,0.7784929233886836,100,100,3,10,100,2,50,10,50,10,1,10,2,5,1,1,50,1.2000000000000002,1.7999999999999998,7.0,3.0,90.0,10.0,8.0,2.0,1.0,0.5,5,42.5,7.5
1226,2,6,1,1,0,5,3,4,5,0,3,0,1,3,3,1,1,59433.33333,71650.0,67950.0,70450.0,67370.8333325,23.07166667,16.667,2920.0679038979893,67371.8333325,4.828478365600487,,0.36181311452306186,,0.6524880879238854,0.4689555,0.6524880879238854,100,100,3,10,100,2,50,10,50,10,1,10,2,5,1,1,50,1.2000000000000002,1.7999999999999998,7.0,3.0,90.0,10.0,8.0,2.0,1.0,0.5,5,42.5,7.5
1227,2,6,2,0,0,3,2,4,0,2,2,5,1,0,1,1,0,77616.66667,67016.66667,60183.33333,70166.66667,68745.833335,23.07166667,16.667,2979.664812182379,68746.833335,4.8372526981850745,,0.010573746592684508,,0.661260401017955,0.4689555,0.661260401017955,100,100,3,10,100,2,50,10,50,10,1,10,2,5,1,1,50,1.2000000000000002,1.7999999999999998,7.0,3.0,90.0,10.0,8.0,2.0,1.0,0.5,5,42.5,7.5
1228,2,6,0,1,0,5,0,4,3,5,0,3,3,2,2,3,2,12350.0,13316.66667,15500.0,15066.66667,14058.333335,23.07166667,16.667,609.3332369993017,14059.333335,4.147964727810754,,0.3570866399126098,,-0.02764284519562608,0.4689555,-0.02764284519562608,100,100,3,10,100,2,50,10,50,10,1,10,2,5,1,1,50,1.2000000000000002,1.7999999999999998,7.0,3.0,90.0,10.0,8.0,2.0,1.0,0.5,5,42.5,7.5
1229,2,6,2,1,0,3,1,3,3,3,1,0,0,1,2,1,2,49916.66667,58400.0,44633.33333,55333.33333,52070.8333325,23.07166667,16.667,2256.916852921055,52071.8333325,4.7166028684798365,,-0.30267145333634193,,0.5406422571819673,0.4689555,0.5406422571819673,100,100,3,10,100,2,50,10,50,10,1,10,2,5,1,1,50,1.2000000000000002,1.7999999999999998,7.0,3.0,90.0,10.0,8.0,2.0,1.0,0.5,5,42.5,7.5
1230,2,6,2,2,0,5,1,5,5,0,3,1,1,2,3,1,3,207800.0,143350.0,125633.3333,124316.6667,150275.0,23.07166667,16.667,6513.400273565932,150276.0,5.176889626629254,,-0.014040334325509995,,1.0008436425143017,0.4689555,1.0008436425143017,100,100,3,10,100,2,50,10,50,10,1,10,2,5,1,1,50,1.2000000000000002,1.7999999999999998,7.0,3.0,90.0,10.0,8.0,2.0,1.0,0.5,5,42.5,7.5
1231,2,6,2,1,0,5,3,3,3,3,3,1,1,0,3,1,2,94333.33333,86600.0,85933.33333,93650.0,90129.166665,23.07166667,16.667,3906.487032520915,90130.166665,4.954870174146728,,-0.3165095429835114,,0.7788544003653223,0.4689555,0.7788544003653223,100,100,3,10,100,2,50,10,50,10,1,10,2,5,1,1,50,1.2000000000000002,1.7999999999999998,7.0,3.0,90.0,10.0,8.0,2.0,1.0,0.5,5,42.5,7.5
1232,2,6,2,0,0,3,1,3,3,3,3,2,0,1,2,2,3,73033.33333,92633.33333,94100.0,83166.66667,85733.3333325,23.07166667,16.667,3715.9575230851756,85734.3333325,4.933154775142015,,-0.326942333846743,,0.7571428713431259,0.4689555,0.7571428713431259,100,100,3,10,100,2,50,10,50,10,1,10,2,5,1,1,50,1.2000000000000002,1.7999999999999998,7.0,3.0,90.0,10.0,8.0,2.0,1.0,0.5,5,42.5,7.5
1233,2,6,2,1,5,3,3,3,3,3,3,1,2,1,2,3,3,35950.0,41333.33333,40216.66667,35716.66667,38304.1666675,23.07166667,16.667,1660.2253844672073,38305.1666675,4.583257356314594,,-0.18809010212071087,,0.407343689504706,0.4689555,0.407343689504706,100,100,3,10,100,2,50,10,50,10,1,10,2,5,1,1,50,1.2000000000000002,1.7999999999999998,7.0,3.0,90.0,10.0,8.0,2.0,1.0,0.5,5,42.5,7.5
1234,2,6,0,1,0,3,1,0,5,3,0,0,2,1,3,2,3,33316.66667,36850.0,45600.0,34833.33333,37650.0,23.07166667,16.667,1631.8717038746122,37651.0,4.575776515429534,,0.389731459333694,,0.39986593355139005,0.4689555,0.39986593355139005,100,100,3,10,100,2,50,10,50,10,1,10,2,5,1,1,50,1.2000000000000002,1.7999999999999998,7.0,3.0,90.0,10.0,8.0,2.0,1.0,0.5,5,42.5,7.5
1235,2,6,2,0,0,5,4,2,3,3,3,0,1,0,2,1,2,203966.6667,328716.6667,264533.3333,243950.0,260291.666675,23.07166667,16.667,11281.875314775429,260292.666675,5.415461932736801,,-0.15998935192584707,,1.2393968130532897,0.4689555,1.2393968130532897,100,100,3,10,100,2,50,10,50,10,1,10,2,5,1,1,50,1.2000000000000002,1.7999999999999998,7.0,3.0,90.0,10.0,8.0,2.0,1.0,0.5,5,42.5,7.5
1236,2,6,2,2,0,5,3,3,5,3,2,0,0,1,3,2,3,68716.66667,77666.66667,92400.0,73750.0,78133.333335,23.07166667,16.667,3386.549158002377,78134.333335,4.89284191097656,,0.013716948731979706,,0.7168377251611835,0.4689555,0.7168377251611835,100,100,3,10,100,2,50,10,50,10,1,10,2,5,1,1,50,1.2000000000000002,1.7999999999999998,7.0,3.0,90.0,10.0,8.0,2.0,1.0,0.5,5,42.5,7.5
1237,2,6,3,0,5,4,3,3,3,4,4,0,1,0,1,2,3,84566.66667,83383.33333,94250.0,91866.66667,88516.6666675,23.07166667,16.667,3836.596113041018,88517.6666675,4.947029957370165,,0.45613146505550617,,0.7710155585598689,0.4689555,0.7710155585598689,100,100,3,10,100,2,50,10,50,10,1,10,2,5,1,1,50,1.2000000000000002,1.7999999999999998,7.0,3.0,90.0,10.0,8.0,2.0,1.0,0.5,5,42.5,7.5
1238,2,6,2,1,1,2,2,3,2,4,5,0,1,1,2,2,1,12433.33333,12733.33333,12350.0,10116.66667,11908.3333325,23.07166667,16.667,516.1453441066034,11909.3333325,4.075887450977311,,-0.4151004078119067,,-0.09963285923427075,0.4689555,-0.09963285923427075,100,100,3,10,100,2,50,10,50,10,1,10,2,5,1,1,50,1.2000000000000002,1.7999999999999998,7.0,3.0,90.0,10.0,8.0,2.0,1.0,0.5,5,42.5,7.5
1239,2,6,2,1,5,4,0,0,2,3,0,3,2,2,2,3,3,10700.0,13916.66667,15666.66667,15283.33333,13891.6666675,23.07166667,16.667,602.1093693054816,13892.6666675,4.142785615631351,,-0.8844945576276633,,-0.03281615798954262,0.4689555,-0.03281615798954262,100,100,3,10,100,2,50,10,50,10,1,10,2,5,1,1,50,1.2000000000000002,1.7999999999999998,7.0,3.0,90.0,10.0,8.0,2.0,1.0,0.5,5,42.5,7.5
1240,2,6,2,1,0,3,3,3,3,3,3,0,1,0,2,0,2,98700.0,91483.33333,114966.6667,115200.0,105087.5000075,23.07166667,16.667,4554.829155196875,105088.5000075,5.021555193130562,,-0.01188713761355853,,0.8455286755499974,0.4689555,0.8455286755499974,100,100,3,10,100,2,50,10,50,10,1,10,2,5,1,1,50,1.2000000000000002,1.7999999999999998,7.0,3.0,90.0,10.0,8.0,2.0,1.0,0.5,5,42.5,7.5
1241,2,6,2,1,0,3,5,3,2,1,3,0,0,1,3,1,2,82533.33333,81866.66667,82500.0,97333.33333,86058.3333325,23.07166667,16.667,3730.044065017692,86059.3333325,4.93479797745258,,0.039174130350416725,,0.7587857739986705,0.4689555,0.7587857739986705,100,100,3,10,100,2,50,10,50,10,1,10,2,5,1,1,50,1.2000000000000002,1.7999999999999998,7.0,3.0,90.0,10.0,8.0,2.0,1.0,0.5,5,42.5,7.5
1242,2,6,2,1,0,1,3,3,3,3,3,0,1,0,2,1,2,8616.666667,8483.333333,7883.333333,8950.0,8483.33333325,23.07166667,16.667,367.69486377335915,8484.33333325,3.928617722780322,,0.11222855947618138,,-0.24667231631449044,0.4689555,-0.24667231631449044,100,100,3,10,100,2,50,10,50,10,1,10,2,5,1,1,50,1.2000000000000002,1.7999999999999998,7.0,3.0,90.0,10.0,8.0,2.0,1.0,0.5,5,42.5,7.5
1243,2,6,2,1,0,5,1,3,5,0,3,1,3,0,2,1,2,207933.3333,300800.0,269450.0,273933.3333,263029.16665,23.07166667,16.667,11400.527339969585,263030.16665,5.4200055601183585,,0.2540329880278218,,1.2439401683960893,0.4689555,1.2439401683960893,100,100,3,10,100,2,50,10,50,10,1,10,2,5,1,1,50,1.2000000000000002,1.7999999999999998,7.0,3.0,90.0,10.0,8.0,2.0,1.0,0.5,5,42.5,7.5
1244,2,6,2,0,0,3,3,3,3,3,3,0,1,0,2,1,2,81966.66667,111783.3333,100583.3333,125183.3333,104879.1666425,23.07166667,16.667,4545.799319252214,104880.1666425,5.020693368726466,,0.018763776771117513,,0.8446669797383942,0.4689555,0.8446669797383942,100,100,3,10,100,2,50,10,50,10,1,10,2,5,1,1,50,1.2000000000000002,1.7999999999999998,7.0,3.0,90.0,10.0,8.0,2.0,1.0,0.5,5,42.5,7.5
1245,2,6,1,2,1,2,3,0,1,3,3,3,5,0,1,0,2,6316.666667,7383.333333,7533.333333,8100.0,7333.33333325,23.07166667,16.667,317.85017693522354,7334.33333325,3.8653606440349195,,0.005621361436546124,,-0.3098039002805159,0.4689555,-0.3098039002805159,100,100,3,10,100,2,50,10,50,10,1,10,2,5,1,1,50,1.2000000000000002,1.7999999999999998,7.0,3.0,90.0,10.0,8.0,2.0,1.0,0.5,5,42.5,7.5
1246,2,6,2,1,0,3,3,3,3,2,3,0,0,2,3,3,3,18150.0,20083.33333,17983.33333,18283.33333,18624.999997500003,23.07166667,16.667,807.2672106397073,18625.999997500003,4.270119598560611,,-0.2681959640424454,,0.09439348670074023,0.4689555,0.09439348670074023,100,100,3,10,100,2,50,10,50,10,1,10,2,5,1,1,50,1.2000000000000002,1.7999999999999998,7.0,3.0,90.0,10.0,8.0,2.0,1.0,0.5,5,42.5,7.5
1247,2,6,0,0,0,3,3,1,3,3,5,1,1,1,2,2,3,76433.33333,89800.0,83316.66667,87983.33333,84383.3333325,23.07166667,16.667,3657.444195057799,84384.3333325,4.926261823653958,,-0.3399150661039654,,0.7502511892809088,0.4689555,0.7502511892809088,100,100,3,10,100,2,50,10,50,10,1,10,2,5,1,1,50,1.2000000000000002,1.7999999999999998,7.0,3.0,90.0,10.0,8.0,2.0,1.0,0.5,5,42.5,7.5
1248,2,6,2,0,0,5,1,3,3,0,3,0,4,3,3,1,2,75933.33333,85783.33333,89516.66667,95616.66667,86712.5,23.07166667,16.667,3758.397745610287,86713.5,4.93808671592019,,-0.6036222765690802,,0.7620739161246686,0.4689555,0.7620739161246686,100,100,3,10,100,2,50,10,50,10,1,10,2,5,1,1,50,1.2000000000000002,1.7999999999999998,7.0,3.0,90.0,10.0,8.0,2.0,1.0,0.5,5,42.5,7.5
1249,2,6,0,0,0,3,4,1,3,1,5,0,0,1,2,2,3,64550.0,82733.33333,74316.66667,92350.0,78487.5,23.07166667,16.667,3401.8998767027524,78488.5,4.894806029326036,,0.004825730983039733,,0.7188014506459495,0.4689555,0.7188014506459495,100,100,3,10,100,2,50,10,50,10,1,10,2,5,1,1,50,1.2000000000000002,1.7999999999999998,7.0,3.0,90.0,10.0,8.0,2.0,1.0,0.5,5,42.5,7.5
1250,2,6,2,1,4,3,5,3,3,3,5,3,2,1,2,3,2,57066.66667,65883.33333,67166.66667,75550.0,66416.6666675,23.07166667,16.667,2878.711261629891,66417.6666675,4.8222836142429575,,-0.06006855551290968,,0.646294787109691,0.4689555,0.646294787109691,100,100,3,10,100,2,50,10,50,10,1,10,2,5,1,1,50,1.2000000000000002,1.7999999999999998,7.0,3.0,90.0,10.0,8.0,2.0,1.0,0.5,5,42.5,7.5
1251,2,6,0,2,0,3,3,3,3,4,3,1,0,1,1,2,3,55150.0,55616.66667,66883.33333,66300.0,60987.5,23.07166667,16.667,2643.3937726441677,60988.5,4.785247952102843,,0.022608858676083976,,0.6092682422386447,0.4689555,0.6092682422386447,100,100,3,10,100,2,50,10,50,10,1,10,2,5,1,1,50,1.2000000000000002,1.7999999999999998,7.0,3.0,90.0,10.0,8.0,2.0,1.0,0.5,5,42.5,7.5
1252,2,6,0,1,0,3,3,0,3,3,3,1,2,3,2,3,2,66700.0,70150.0,68866.66667,84983.33333,72675.0,23.07166667,16.667,3149.9674921404367,72676.0,4.861391016245617,,0.4767011260296927,,0.6853933693640142,0.4689555,0.6853933693640142,100,100,3,10,100,2,50,10,50,10,1,10,2,5,1,1,50,1.2000000000000002,1.7999999999999998,7.0,3.0,90.0,10.0,8.0,2.0,1.0,0.5,5,42.5,7.5
1253,2,6,2,1,0,1,2,3,3,5,3,0,0,0,1,2,1,2750.0,2500.0,2066.666667,2283.333333,2400.0,23.07166667,16.667,104.02369427089162,2401.0,3.3803921600570273,,0.13024086647712707,,-0.792874447301667,0.4689555,-0.792874447301667,100,100,3,10,100,2,50,10,50,10,1,10,2,5,1,1,50,1.2000000000000002,1.7999999999999998,7.0,3.0,90.0,10.0,8.0,2.0,1.0,0.5,5,42.5,7.5
1254,2,6,3,2,0,1,3,3,3,5,3,0,2,0,1,1,2,4566.666667,4516.666667,4016.666667,2350.0,3862.50000025,23.07166667,16.667,167.413132978052,3863.50000025,3.58698091660915,,0.703344831289821,,-0.5873527824394197,0.4689555,-0.5873527824394197,100,100,3,10,100,2,50,10,50,10,1,10,2,5,1,1,50,1.2000000000000002,1.7999999999999998,7.0,3.0,90.0,10.0,8.0,2.0,1.0,0.5,5,42.5,7.5
1255,2,6,0,1,1,3,3,4,1,4,5,2,1,1,3,1,1,56883.33333,73850.0,68850.0,63400.0,65745.8333325,23.07166667,16.667,2849.6351942354063,65746.8333325,4.817874840061563,,-0.5153778148607389,,0.6418870579453588,0.4689555,0.6418870579453588,100,100,3,10,100,2,50,10,50,10,1,10,2,5,1,1,50,1.2000000000000002,1.7999999999999998,7.0,3.0,90.0,10.0,8.0,2.0,1.0,0.5,5,42.5,7.5
1256,2,6,2,1,0,3,3,3,3,4,3,0,1,1,2,3,2,14016.66667,17516.66667,15083.33333,14766.66667,15345.833335,23.07166667,16.667,665.1376146550405,15346.833335,4.186018776750544,,-0.2901285879917541,,0.010370646309205101,0.4689555,0.010370646309205101,100,100,3,10,100,2,50,10,50,10,1,10,2,5,1,1,50,1.2000000000000002,1.7999999999999998,7.0,3.0,90.0,10.0,8.0,2.0,1.0,0.5,5,42.5,7.5
1257,2,6,2,1,0,3,5,5,3,3,3,0,1,1,3,0,2,53983.33333,54950.0,54583.33333,50250.0,53441.666665,23.07166667,16.667,2316.333164369525,53442.666665,4.727888120294593,,0.1698662560999482,,0.5519241583020948,0.4689555,0.5519241583020948,100,100,3,10,100,2,50,10,50,10,1,10,2,5,1,1,50,1.2000000000000002,1.7999999999999998,7.0,3.0,90.0,10.0,8.0,2.0,1.0,0.5,5,42.5,7.5
1258,2,6,2,0,5,4,3,3,3,2,2,2,1,1,1,0,3,27516.66667,30866.66667,31216.66667,28183.33333,29445.833334999996,23.07166667,16.667,1276.2768184965284,29446.833334999996,4.46903859830547,,-0.10513424647133363,,0.2931783414147948,0.4689555,0.2931783414147948,100,100,3,10,100,2,50,10,50,10,1,10,2,5,1,1,50,1.2000000000000002,1.7999999999999998,7.0,3.0,90.0,10.0,8.0,2.0,1.0,0.5,5,42.5,7.5
1259,2,6,3,2,1,3,2,3,3,3,4,1,1,1,2,2,2,37650.0,48550.0,41216.66667,45850.0,43316.6666675,23.07166667,16.667,1877.483204272559,43317.6666675,4.636665055046516,,-0.01685885931591713,,0.4607308418805717,0.4689555,0.4607308418805717,100,100,3,10,100,2,50,10,50,10,1,10,2,5,1,1,50,1.2000000000000002,1.7999999999999998,7.0,3.0,90.0,10.0,8.0,2.0,1.0,0.5,5,42.5,7.5
1260,2,7,2,2,0,3,1,3,3,0,3,1,3,0,2,1,2,132000.0,102733.3333,148200.0,163166.6667,136525.0,16.00138889,16.667,8532.071868168938,136526.0,5.135215366257875,,0.08414667777731566,,0.959173941675313,0.4689555,0.959173941675313,100,100,3,10,100,2,50,10,50,10,1,10,2,5,1,1,50,1.2000000000000002,1.7999999999999998,7.0,3.0,90.0,10.0,8.0,2.0,1.0,0.5,5,42.5,7.5
1261,2,7,0,1,0,3,3,3,0,3,3,3,0,3,2,1,3,158800.0,162933.3333,178666.6667,234750.0,183787.5,16.00138889,16.667,11485.721724747107,183788.5,5.264318333259054,,-0.28995204147905174,,1.0882640939388735,0.4689555,1.0882640939388735,100,100,3,10,100,2,50,10,50,10,1,10,2,5,1,1,50,1.2000000000000002,1.7999999999999998,7.0,3.0,90.0,10.0,8.0,2.0,1.0,0.5,5,42.5,7.5
1262,2,7,2,1,0,3,1,3,3,0,3,1,3,0,2,1,3,176766.6667,178400.0,226950.0,231416.6667,203383.33334999997,16.00138889,16.667,12710.355004064897,203384.33334999997,5.308317496267693,,0.11319979243485623,,1.1322596902783555,0.4689555,1.1322596902783555,100,100,3,10,100,2,50,10,50,10,1,10,2,5,1,1,50,1.2000000000000002,1.7999999999999998,7.0,3.0,90.0,10.0,8.0,2.0,1.0,0.5,5,42.5,7.5
1263,2,7,2,1,0,3,3,3,3,3,3,1,1,2,2,2,3,93616.66667,142433.3333,108500.0,137283.3333,120458.3333175,16.00138889,16.667,7527.992360261922,120459.3333175,5.08084045523725,,-0.0751152998057707,,0.9048056770621051,0.4689555,0.9048056770621051,100,100,3,10,100,2,50,10,50,10,1,10,2,5,1,1,50,1.2000000000000002,1.7999999999999998,7.0,3.0,90.0,10.0,8.0,2.0,1.0,0.5,5,42.5,7.5
1264,2,7,2,1,0,3,3,3,3,3,3,1,1,0,2,2,3,82483.33333,140450.0,92233.33333,105900.0,105266.666665,16.00138889,16.667,6578.595607459171,105267.666665,5.022294996586197,,-0.052306850591183895,,0.8462683688231704,0.4689555,0.8462683688231704,100,100,3,10,100,2,50,10,50,10,1,10,2,5,1,1,50,1.2000000000000002,1.7999999999999998,7.0,3.0,90.0,10.0,8.0,2.0,1.0,0.5,5,42.5,7.5
1265,2,7,2,1,1,3,1,3,3,0,3,1,3,0,2,1,2,128350.0,120333.3333,134400.0,209666.6667,148187.5,16.00138889,16.667,9260.91485049833,148188.5,5.170814502021658,,0.18672194608417847,,0.9947691556514908,0.4689555,0.9947691556514908,100,100,3,10,100,2,50,10,50,10,1,10,2,5,1,1,50,1.2000000000000002,1.7999999999999998,7.0,3.0,90.0,10.0,8.0,2.0,1.0,0.5,5,42.5,7.5
1266,2,7,2,1,0,3,1,3,3,0,3,1,3,0,2,0,2,194283.3333,137816.6667,179366.6667,116766.6667,157058.33335,16.00138889,16.667,9815.29381166112,157059.33335,5.196063749725047,,-0.19856304887716725,,1.0200158103000057,0.4689555,1.0200158103000057,100,100,3,10,100,2,50,10,50,10,1,10,2,5,1,1,50,1.2000000000000002,1.7999999999999998,7.0,3.0,90.0,10.0,8.0,2.0,1.0,0.5,5,42.5,7.5
1267,2,7,1,1,0,3,1,3,3,0,3,1,3,0,2,1,2,98050.0,150166.6667,114866.6667,114966.6667,119512.500025,16.00138889,16.667,7468.882910513401,119513.500025,5.077416965160428,,-0.17440800884610486,,0.9013826339473093,0.4689555,0.9013826339473093,100,100,3,10,100,2,50,10,50,10,1,10,2,5,1,1,50,1.2000000000000002,1.7999999999999998,7.0,3.0,90.0,10.0,8.0,2.0,1.0,0.5,5,42.5,7.5
1268,2,7,2,1,0,3,3,3,3,3,3,1,1,1,2,2,2,109783.3333,103483.3333,128950.0,130600.0,118204.16665,16.00138889,16.667,7387.119172128313,118205.16665,5.07263645961246,,0.09676064815339114,,0.8966027584535359,0.4689555,0.8966027584535359,100,100,3,10,100,2,50,10,50,10,1,10,2,5,1,1,50,1.2000000000000002,1.7999999999999998,7.0,3.0,90.0,10.0,8.0,2.0,1.0,0.5,5,42.5,7.5
1269,2,7,2,1,0,3,2,3,3,0,3,1,3,0,2,1,2,147166.6667,162016.6667,124366.6667,154150.0,146925.00002500002,16.00138889,16.667,9182.01545097252,146926.00002500002,5.167098655342613,,0.028168104983726572,,0.9910537034681384,0.4689555,0.9910537034681384,100,100,3,10,100,2,50,10,50,10,1,10,2,5,1,1,50,1.2000000000000002,1.7999999999999998,7.0,3.0,90.0,10.0,8.0,2.0,1.0,0.5,5,42.5,7.5
1270,2,7,2,1,0,3,2,3,3,0,3,1,3,0,2,1,2,144500.0,154950.0,141000.0,155350.0,148950.0,16.00138889,16.667,9308.566964026833,148951.0,5.1730434232477664,,0.034112872888879764,,0.9969978418568088,0.4689555,0.9969978418568088,100,100,3,10,100,2,50,10,50,10,1,10,2,5,1,1,50,1.2000000000000002,1.7999999999999998,7.0,3.0,90.0,10.0,8.0,2.0,1.0,0.5,5,42.5,7.5
1271,2,7,2,1,0,5,1,5,5,0,1,0,0,1,3,1,3,208916.6667,198950.0,96383.33333,127283.3333,157883.3333325,16.00138889,16.667,9866.851835040927,157884.3333325,5.198339037640926,,0.06624456673857271,,1.0222908718671344,0.4689555,1.0222908718671344,100,100,3,10,100,2,50,10,50,10,1,10,2,5,1,1,50,1.2000000000000002,1.7999999999999998,7.0,3.0,90.0,10.0,8.0,2.0,1.0,0.5,5,42.5,7.5
1272,2,7,2,1,0,3,3,3,3,3,3,0,1,1,2,2,3,144866.6667,120283.3333,155466.6667,152616.6667,143308.33335,16.00138889,16.667,8955.99340377009,143309.33335,5.156274475745604,,0.0976487677425606,,0.9802306924515799,0.4689555,0.9802306924515799,100,100,3,10,100,2,50,10,50,10,1,10,2,5,1,1,50,1.2000000000000002,1.7999999999999998,7.0,3.0,90.0,10.0,8.0,2.0,1.0,0.5,5,42.5,7.5
1273,2,7,2,1,0,5,5,4,3,3,4,1,1,1,2,2,3,251950.0,224733.3333,258916.6667,278516.6667,253529.166675,16.00138889,16.667,15844.197551716397,253530.166675,5.404029641937696,,-0.1674731419503992,,1.227965219457382,0.4689555,1.227965219457382,100,100,3,10,100,2,50,10,50,10,1,10,2,5,1,1,50,1.2000000000000002,1.7999999999999998,7.0,3.0,90.0,10.0,8.0,2.0,1.0,0.5,5,42.5,7.5
1274,2,7,2,1,0,3,1,3,3,0,3,1,3,0,2,1,3,192716.6667,144166.6667,136650.0,131466.6667,151250.00002500002,16.00138889,16.667,9452.304488363698,151251.00002500002,5.179698254755274,,-0.015419449077563208,,1.0036519788023672,0.4689555,1.0036519788023672,100,100,3,10,100,2,50,10,50,10,1,10,2,5,1,1,50,1.2000000000000002,1.7999999999999998,7.0,3.0,90.0,10.0,8.0,2.0,1.0,0.5,5,42.5,7.5
1275,2,7,2,2,0,5,1,5,5,0,3,1,1,2,3,1,3,122150.0,146583.3333,127133.3333,178950.0,143704.16665,16.00138889,16.667,8980.73083767168,143705.16665,5.157472382659263,,-0.033457578295501555,,0.9814284686012335,0.4689555,0.9814284686012335,100,100,3,10,100,2,50,10,50,10,1,10,2,5,1,1,50,1.2000000000000002,1.7999999999999998,7.0,3.0,90.0,10.0,8.0,2.0,1.0,0.5,5,42.5,7.5
1276,2,7,1,1,0,3,1,3,3,0,3,1,3,0,2,1,2,171250.0,176866.6667,119100.0,230350.0,174391.666675,16.00138889,16.667,10898.533113209023,174392.666675,5.241528218615227,,-0.010296755391306256,,1.0654759737346524,0.4689555,1.0654759737346524,100,100,3,10,100,2,50,10,50,10,1,10,2,5,1,1,50,1.2000000000000002,1.7999999999999998,7.0,3.0,90.0,10.0,8.0,2.0,1.0,0.5,5,42.5,7.5
1277,2,7,2,1,0,3,1,3,3,0,3,2,3,0,2,1,2,174250.0,164250.0,140583.3333,196250.0,168833.333325,16.00138889,16.667,10551.167432129074,168834.333325,5.227460767274228,,-0.014693864862681316,,1.0514098067516726,0.4689555,1.0514098067516726,100,100,3,10,100,2,50,10,50,10,1,10,2,5,1,1,50,1.2000000000000002,1.7999999999999998,7.0,3.0,90.0,10.0,8.0,2.0,1.0,0.5,5,42.5,7.5
1278,2,7,2,1,0,3,0,3,3,0,3,1,3,0,2,1,2,141783.3333,157250.0,214366.6667,181000.0,173600.0,16.00138889,16.667,10849.058240718752,173601.0,5.239552222529592,,-0.08782666151713059,,1.0635001555559922,0.4689555,1.0635001555559922,100,100,3,10,100,2,50,10,50,10,1,10,2,5,1,1,50,1.2000000000000002,1.7999999999999998,7.0,3.0,90.0,10.0,8.0,2.0,1.0,0.5,5,42.5,7.5
1279,2,7,2,1,0,3,1,3,3,0,3,1,3,0,2,1,2,186433.3333,191050.0,119300.0,179433.3333,169054.16665,16.00138889,16.667,10564.968316947141,169055.16665,5.228028448176596,,0.008036343620185349,,1.0519774350153264,0.4689555,1.0519774350153264,100,100,3,10,100,2,50,10,50,10,1,10,2,5,1,1,50,1.2000000000000002,1.7999999999999998,7.0,3.0,90.0,10.0,8.0,2.0,1.0,0.5,5,42.5,7.5
1280,2,7,2,0,0,5,4,2,3,3,3,0,1,0,2,1,2,278866.6667,250116.6667,283050.0,232700.0,261183.33335,16.00138889,16.667,16322.541445963194,261184.33335,5.416947123048283,,-0.1585041616143652,,1.2408819141292964,0.4689555,1.2408819141292964,100,100,3,10,100,2,50,10,50,10,1,10,2,5,1,1,50,1.2000000000000002,1.7999999999999998,7.0,3.0,90.0,10.0,8.0,2.0,1.0,0.5,5,42.5,7.5
1281,2,7,1,1,0,3,3,3,3,3,3,1,1,1,2,2,3,165050.0,192666.6667,165350.0,165650.0,172179.166675,16.00138889,16.667,10760.263865757466,172180.166675,5.2359831238907,,0.056134653062412276,,1.0599313803160386,0.4689555,1.0599313803160386,100,100,3,10,100,2,50,10,50,10,1,10,2,5,1,1,50,1.2000000000000002,1.7999999999999998,7.0,3.0,90.0,10.0,8.0,2.0,1.0,0.5,5,42.5,7.5
1282,2,7,3,0,5,4,0,0,0,4,4,2,1,0,1,2,3,189766.6667,213350.0,207716.6667,186383.3333,199304.166675,16.00138889,16.667,12455.429215869772,199305.166675,5.299518557252208,,0.3192760516438673,,1.1234614359178263,0.4689555,1.1234614359178263,100,100,3,10,100,2,50,10,50,10,1,10,2,5,1,1,50,1.2000000000000002,1.7999999999999998,7.0,3.0,90.0,10.0,8.0,2.0,1.0,0.5,5,42.5,7.5
1283,2,7,2,1,0,3,1,3,3,0,3,1,2,0,2,1,2,86300.0,91233.33333,116200.0,110750.0,101120.8333325,16.00138889,16.667,6319.503514828955,101121.8333325,5.0048449347414214,,-0.1800211591669454,,0.8288209565527168,0.4689555,0.8288209565527168,100,100,3,10,100,2,50,10,50,10,1,10,2,5,1,1,50,1.2000000000000002,1.7999999999999998,7.0,3.0,90.0,10.0,8.0,2.0,1.0,0.5,5,42.5,7.5
1284,2,7,2,0,0,3,1,3,3,0,3,1,3,0,2,1,2,158983.3333,141583.3333,198750.0,203500.0,175704.16665,16.00138889,16.667,10980.557241490804,175705.16665,5.244784532210117,,0.07406365232326362,,1.0687319959105586,0.4689555,1.0687319959105586,100,100,3,10,100,2,50,10,50,10,1,10,2,5,1,1,50,1.2000000000000002,1.7999999999999998,7.0,3.0,90.0,10.0,8.0,2.0,1.0,0.5,5,42.5,7.5
1285,2,7,0,1,0,3,3,3,0,3,3,3,0,3,1,2,3,160800.0,120833.3333,145816.6667,169016.6667,149116.666675,16.00138889,16.667,9318.98272706751,149117.666675,5.173529099421788,,0.20049600784466115,,0.9974834669802422,0.4689555,0.9974834669802422,100,100,3,10,100,2,50,10,50,10,1,10,2,5,1,1,50,1.2000000000000002,1.7999999999999998,7.0,3.0,90.0,10.0,8.0,2.0,1.0,0.5,5,42.5,7.5
1286,2,7,2,1,0,3,1,3,3,0,3,1,3,0,3,1,2,37216.66667,42400.0,36066.66667,46033.33333,40429.1666675,16.00138889,16.667,2526.603593314705,40430.1666675,4.606705531653397,,-0.689911360328213,,0.43078253244501,0.4689555,0.43078253244501,100,100,3,10,100,2,50,10,50,10,1,10,2,5,1,1,50,1.2000000000000002,1.7999999999999998,7.0,3.0,90.0,10.0,8.0,2.0,1.0,0.5,5,42.5,7.5
1287,2,7,2,1,0,3,1,3,3,0,3,1,3,0,2,1,1,156150.0,161166.6667,154266.6667,169083.3333,160166.666675,16.00138889,16.667,10009.547782136302,160167.666675,5.2045748488150485,,0.10836502296934913,,1.0285260687380253,0.4689555,1.0285260687380253,100,100,3,10,100,2,50,10,50,10,1,10,2,5,1,1,50,1.2000000000000002,1.7999999999999998,7.0,3.0,90.0,10.0,8.0,2.0,1.0,0.5,5,42.5,7.5
1288,2,7,2,1,0,5,1,3,5,0,3,1,3,0,2,1,2,193066.6667,178200.0,182366.6667,204766.6667,189600.00002500002,16.00138889,16.667,11848.97144419068,189601.00002500002,5.277840623635981,,0.11186805154544466,,1.1017852494677571,0.4689555,1.1017852494677571,100,100,3,10,100,2,50,10,50,10,1,10,2,5,1,1,50,1.2000000000000002,1.7999999999999998,7.0,3.0,90.0,10.0,8.0,2.0,1.0,0.5,5,42.5,7.5
1289,2,7,0,1,0,3,3,3,1,3,3,3,0,3,2,2,3,189266.6667,195150.0,173283.3333,205116.6667,190704.166675,16.00138889,16.667,11917.975869843382,190705.166675,5.280362459317878,,0.1926241650162437,,1.1043068773877502,0.4689555,1.1043068773877502,100,100,3,10,100,2,50,10,50,10,1,10,2,5,1,1,50,1.2000000000000002,1.7999999999999998,7.0,3.0,90.0,10.0,8.0,2.0,1.0,0.5,5,42.5,7.5
1290,2,7,3,1,0,3,1,3,3,0,3,1,3,0,2,1,2,113833.3333,112500.0,122816.6667,119833.3333,117245.833325,16.00138889,16.667,7327.228538159727,117246.833325,5.06910112185151,,0.1699547101168184,,0.8930678911186438,0.4689555,0.8930678911186438,100,100,3,10,100,2,50,10,50,10,1,10,2,5,1,1,50,1.2000000000000002,1.7999999999999998,7.0,3.0,90.0,10.0,8.0,2.0,1.0,0.5,5,42.5,7.5
1291,2,7,0,1,0,3,3,3,0,3,3,2,0,3,2,2,3,164900.0,179300.0,178683.3333,194150.0,179258.333325,16.00138889,16.667,11202.673377748273,179259.333325,5.253481776925729,,0.31491334862695464,,1.0774284729053882,0.4689555,1.0774284729053882,100,100,3,10,100,2,50,10,50,10,1,10,2,5,1,1,50,1.2000000000000002,1.7999999999999998,7.0,3.0,90.0,10.0,8.0,2.0,1.0,0.5,5,42.5,7.5
1292,2,7,2,1,0,3,1,3,3,0,3,1,3,0,2,1,2,166000.0,120750.0,156050.0,157183.3333,149995.833325,16.00138889,16.667,9373.925873318363,149996.833325,5.176082090495711,,-0.04391001406069961,,1.000036190639835,0.4689555,1.000036190639835,100,100,3,10,100,2,50,10,50,10,1,10,2,5,1,1,50,1.2000000000000002,1.7999999999999998,7.0,3.0,90.0,10.0,8.0,2.0,1.0,0.5,5,42.5,7.5
1293,2,7,2,1,0,3,1,3,3,0,3,1,3,0,2,1,1,126166.6667,139483.3333,153016.6667,160783.3333,144862.5,16.00138889,16.667,9053.1203882265,144863.5,5.160958973839459,,0.06474914799375941,,0.9849146812297283,0.4689555,0.9849146812297283,100,100,3,10,100,2,50,10,50,10,1,10,2,5,1,1,50,1.2000000000000002,1.7999999999999998,7.0,3.0,90.0,10.0,8.0,2.0,1.0,0.5,5,42.5,7.5
1294,2,7,2,1,0,3,1,3,3,0,3,1,3,0,2,2,2,105400.0,150866.6667,136183.3333,148433.3333,135220.833325,16.00138889,16.667,8450.56852593,135221.833325,5.131046819764081,,0.256157953567997,,0.9550058757895153,0.4689555,0.9550058757895153,100,100,3,10,100,2,50,10,50,10,1,10,2,5,1,1,50,1.2000000000000002,1.7999999999999998,7.0,3.0,90.0,10.0,8.0,2.0,1.0,0.5,5,42.5,7.5
1295,2,7,0,1,0,3,3,3,0,3,3,3,0,3,2,2,3,97150.0,143150.0,144750.0,154766.6667,134954.166675,16.00138889,16.667,8433.90330693975,134955.166675,5.1301895159061655,,0.16231834059577288,,0.9541486713466557,0.4689555,0.9541486713466557,100,100,3,10,100,2,50,10,50,10,1,10,2,5,1,1,50,1.2000000000000002,1.7999999999999998,7.0,3.0,90.0,10.0,8.0,2.0,1.0,0.5,5,42.5,7.5
1296,2,7,2,1,0,3,1,3,3,0,3,1,3,0,3,1,2,28733.33333,34883.33333,36416.66667,41983.33333,35504.166665,16.00138889,16.667,2218.817810695681,35505.166665,4.550291555613688,,-0.7463253363679216,,0.3743918909523613,0.4689555,0.3743918909523613,100,100,3,10,100,2,50,10,50,10,1,10,2,5,1,1,50,1.2000000000000002,1.7999999999999998,7.0,3.0,90.0,10.0,8.0,2.0,1.0,0.5,5,42.5,7.5
1297,2,7,2,0,0,3,1,3,3,0,3,1,3,0,2,1,2,133916.6667,142800.0,170183.3333,210983.3333,164470.833325,16.00138889,16.667,10278.53484817092,164471.833325,5.216091533417192,,0.04537065353033842,,1.0400416417340523,0.4689555,1.0400416417340523,100,100,3,10,100,2,50,10,50,10,1,10,2,5,1,1,50,1.2000000000000002,1.7999999999999998,7.0,3.0,90.0,10.0,8.0,2.0,1.0,0.5,5,42.5,7.5
1298,2,7,0,1,0,5,4,4,0,5,5,3,0,3,2,2,3,121400.0,139750.0,136000.0,147000.0,136037.5,16.00138889,16.667,8501.605762798255,136038.5,5.133661834630029,,-0.19747215079478941,,0.9576205886212303,0.4689555,0.9576205886212303,100,100,3,10,100,2,50,10,50,10,1,10,2,5,1,1,50,1.2000000000000002,1.7999999999999998,7.0,3.0,90.0,10.0,8.0,2.0,1.0,0.5,5,42.5,7.5
1299,2,7,2,1,0,3,3,3,3,2,3,1,1,1,2,2,3,41850.0,43500.0,66916.66667,55100.0,51841.6666675,16.00138889,16.667,3239.82293186426,51842.6666675,4.714687332546069,,-0.4183763961914062,,0.5387272986796875,0.4689555,0.5387272986796875,100,100,3,10,100,2,50,10,50,10,1,10,2,5,1,1,50,1.2000000000000002,1.7999999999999998,7.0,3.0,90.0,10.0,8.0,2.0,1.0,0.5,5,42.5,7.5
1300,2,7,2,1,0,3,3,3,3,3,3,1,0,1,2,2,3,60300.0,41600.0,60850.0,56783.33333,54883.3333325,16.00138889,16.667,3429.910597748118,54884.3333325,4.739448393298143,,-0.499998727322013,,0.5634810880247005,0.4689555,0.5634810880247005,100,100,3,10,100,2,50,10,50,10,1,10,2,5,1,1,50,1.2000000000000002,1.7999999999999998,7.0,3.0,90.0,10.0,8.0,2.0,1.0,0.5,5,42.5,7.5
1301,2,7,2,1,0,3,3,3,3,3,3,1,1,1,1,2,3,41250.0,48316.66667,51216.66667,57316.66667,49525.000002500004,16.00138889,16.667,3095.043832941929,49526.000002500004,4.694833253340985,,-0.4277480724285905,,0.5188793567954023,0.4689555,0.5188793567954023,100,100,3,10,100,2,50,10,50,10,1,10,2,5,1,1,50,1.2000000000000002,1.7999999999999998,7.0,3.0,90.0,10.0,8.0,2.0,1.0,0.5,5,42.5,7.5
1302,2,7,0,1,0,3,3,3,0,3,3,3,1,3,2,2,3,132250.0,159683.3333,121800.0,159066.6667,143200.0,16.00138889,16.667,8949.223157090584,143201.0,5.1559460507439425,,0.3652160425894131,,0.979902303363962,0.4689555,0.979902303363962,100,100,3,10,100,2,50,10,50,10,1,10,2,5,1,1,50,1.2000000000000002,1.7999999999999998,7.0,3.0,90.0,10.0,8.0,2.0,1.0,0.5,5,42.5,7.5
1303,2,7,0,1,0,3,3,3,0,3,3,3,0,3,2,2,2,102466.6667,115316.6667,161300.0,174500.0,138395.83335,16.00138889,16.667,8648.988803496293,138396.83335,5.14112615316731,,0.25897757725406567,,0.9650840549658837,0.4689555,0.9650840549658837,100,100,3,10,100,2,50,10,50,10,1,10,2,5,1,1,50,1.2000000000000002,1.7999999999999998,7.0,3.0,90.0,10.0,8.0,2.0,1.0,0.5,5,42.5,7.5
1304,2,7,2,1,0,3,1,2,3,0,3,1,3,0,2,1,2,104116.6667,100100.0,87616.66667,157766.6667,112400.0000175,16.00138889,16.667,7024.390244508331,112401.0000175,5.0507701751133816,,-0.05553150629701875,,0.8747394459239576,0.4689555,0.8747394459239576,100,100,3,10,100,2,50,10,50,10,1,10,2,5,1,1,50,1.2000000000000002,1.7999999999999998,7.0,3.0,90.0,10.0,8.0,2.0,1.0,0.5,5,42.5,7.5
1305,2,7,2,2,0,3,1,3,3,5,3,1,1,0,1,3,3,18550.0,18416.66667,20250.0,20133.33333,19337.5,16.00138889,16.667,1208.488846370385,19338.5,4.286422784794196,,0.13261679812099203,,0.11068322504214907,0.4689555,0.11068322504214907,100,100,3,10,100,2,50,10,50,10,1,10,2,5,1,1,50,1.2000000000000002,1.7999999999999998,7.0,3.0,90.0,10.0,8.0,2.0,1.0,0.5,5,42.5,7.5
1306,2,7,2,1,0,3,3,3,0,3,3,1,0,3,2,1,3,126716.6667,138216.6667,171700.0,195266.6667,157975.00002500002,16.00138889,16.667,9872.580506041311,157976.00002500002,5.198591113230295,,-0.34393189864270557,,1.0225429224525615,0.4689555,1.0225429224525615,100,100,3,10,100,2,50,10,50,10,1,10,2,5,1,1,50,1.2000000000000002,1.7999999999999998,7.0,3.0,90.0,10.0,8.0,2.0,1.0,0.5,5,42.5,7.5
1307,2,7,2,1,3,3,1,3,3,1,3,1,1,0,2,1,3,100883.3333,127150.0,159050.0,151516.6667,134650.0,16.00138889,16.667,8414.894539820161,134651.0,5.129209583093754,,0.32140266703373843,,0.9531688524102475,0.4689555,0.9531688524102475,100,100,3,10,100,2,50,10,50,10,1,10,2,5,1,1,50,1.2000000000000002,1.7999999999999998,7.0,3.0,90.0,10.0,8.0,2.0,1.0,0.5,5,42.5,7.5
1308,2,7,1,1,0,3,3,3,3,3,3,1,1,2,2,2,3,126333.3333,107250.0,108116.6667,112750.0,113612.5,16.00138889,16.667,7100.164915746885,113613.5,5.0554299390084605,,-0.162334951086466,,0.8793985638799356,0.4689555,0.8793985638799356,100,100,3,10,100,2,50,10,50,10,1,10,2,5,1,1,50,1.2000000000000002,1.7999999999999998,7.0,3.0,90.0,10.0,8.0,2.0,1.0,0.5,5,42.5,7.5
1309,2,7,2,1,0,3,3,3,3,2,3,1,1,0,2,2,3,104316.6667,69866.66667,71566.66667,71833.33333,79395.8333425,16.00138889,16.667,4961.808870986073,79396.8333425,4.899803181403124,,-0.2009120826272932,,0.7237976111607156,0.4689555,0.7237976111607156,100,100,3,10,100,2,50,10,50,10,1,10,2,5,1,1,50,1.2000000000000002,1.7999999999999998,7.0,3.0,90.0,10.0,8.0,2.0,1.0,0.5,5,42.5,7.5
1310,2,7,2,0,0,3,1,3,3,0,3,1,3,0,2,1,2,149566.6667,119250.0,132950.0,124683.3333,131612.5,16.00138889,16.667,8225.067267895143,131613.5,5.1193004384785725,,-0.05142044140828084,,0.9432608738669083,0.4689555,0.9432608738669083,100,100,3,10,100,2,50,10,50,10,1,10,2,5,1,1,50,1.2000000000000002,1.7999999999999998,7.0,3.0,90.0,10.0,8.0,2.0,1.0,0.5,5,42.5,7.5
1311,2,7,2,1,0,3,1,3,3,2,3,1,3,0,1,0,2,179783.3333,119483.3333,187150.0,151183.3333,159399.99997499998,16.00138889,16.667,9961.63527246165,159400.99997499998,5.202491041541037,,0.030095716985045762,,1.026442465763974,0.4689555,1.026442465763974,100,100,3,10,100,2,50,10,50,10,1,10,2,5,1,1,50,1.2000000000000002,1.7999999999999998,7.0,3.0,90.0,10.0,8.0,2.0,1.0,0.5,5,42.5,7.5
1312,2,7,1,1,0,3,1,3,3,0,3,1,0,2,3,1,2,98350.0,142066.6667,163533.3333,157650.0,140400.0,16.00138889,16.667,8774.23834675641,140401.0,5.147370201048311,,-0.07723481398757759,,0.9713274011350175,0.4689555,0.9713274011350175,100,100,3,10,100,2,50,10,50,10,1,10,2,5,1,1,50,1.2000000000000002,1.7999999999999998,7.0,3.0,90.0,10.0,8.0,2.0,1.0,0.5,5,42.5,7.5
1313,2,7,2,2,0,3,3,3,3,3,3,1,1,2,3,2,3,85733.33333,84100.0,103516.6667,89183.33333,90633.33334,16.00138889,16.667,5664.091658733506,90634.33334,4.957292744647697,,0.21012624436804472,,0.7812765510047499,0.4689555,0.7812765510047499,100,100,3,10,100,2,50,10,50,10,1,10,2,5,1,1,50,1.2000000000000002,1.7999999999999998,7.0,3.0,90.0,10.0,8.0,2.0,1.0,0.5,5,42.5,7.5
1314,2,7,2,1,0,3,0,3,3,0,3,1,3,0,2,1,2,134166.6667,169883.3333,147500.0,151833.3333,150845.833325,16.00138889,16.667,9427.046262169808,150846.833325,5.178536197613999,,-0.14884268643272325,,1.0024900421788907,0.4689555,1.0024900421788907,100,100,3,10,100,2,50,10,50,10,1,10,2,5,1,1,50,1.2000000000000002,1.7999999999999998,7.0,3.0,90.0,10.0,8.0,2.0,1.0,0.5,5,42.5,7.5
1315,2,7,2,1,0,3,3,3,3,3,3,1,3,1,2,1,2,117850.0,137300.0,153133.3333,169616.6667,144475.0,16.00138889,16.667,9028.903740367752,144476.0,5.159795709146234,,0.11310017877600576,,0.9837515424986782,0.4689555,0.9837515424986782,100,100,3,10,100,2,50,10,50,10,1,10,2,5,1,1,50,1.2000000000000002,1.7999999999999998,7.0,3.0,90.0,10.0,8.0,2.0,1.0,0.5,5,42.5,7.5
1316,2,7,1,1,0,5,1,5,5,0,1,3,0,1,3,1,3,110183.3333,117866.6667,131216.6667,122333.3333,120400.0,16.00138889,16.667,7524.346844369457,120401.0,5.080630094003852,,-0.2849293173188423,,0.9045953431914598,0.4689555,0.9045953431914598,100,100,3,10,100,2,50,10,50,10,1,10,2,5,1,1,50,1.2000000000000002,1.7999999999999998,7.0,3.0,90.0,10.0,8.0,2.0,1.0,0.5,5,42.5,7.5
1317,2,7,2,1,0,3,3,3,5,3,3,0,1,1,2,2,3,85116.66667,112850.0,147133.3333,145033.3333,122533.3333175,16.00138889,16.667,7657.668603634568,122534.3333175,5.088257792220474,,0.11416245051896556,,0.9122220576575766,0.4689555,0.9122220576575766,100,100,3,10,100,2,50,10,50,10,1,10,2,5,1,1,50,1.2000000000000002,1.7999999999999998,7.0,3.0,90.0,10.0,8.0,2.0,1.0,0.5,5,42.5,7.5
1318,2,7,1,1,0,3,5,4,3,3,4,2,3,1,2,2,3,126250.0,122400.0,174016.6667,167533.3333,147550.0,16.00138889,16.667,9221.074558859746,147551.0,5.16894215719762,,-0.047344560515898415,,0.9928970091845173,0.4689555,0.9928970091845173,100,100,3,10,100,2,50,10,50,10,1,10,2,5,1,1,50,1.2000000000000002,1.7999999999999998,7.0,3.0,90.0,10.0,8.0,2.0,1.0,0.5,5,42.5,7.5
1319,2,7,2,1,0,3,1,2,3,0,3,1,3,0,2,1,3,105533.3333,119350.0,171816.6667,204483.3333,150295.833325,16.00138889,16.667,9392.674245854167,150296.833325,5.17694983032765,,0.11102228689245752,,1.0009038399372596,0.4689555,1.0009038399372596,100,100,3,10,100,2,50,10,50,10,1,10,2,5,1,1,50,1.2000000000000002,1.7999999999999998,7.0,3.0,90.0,10.0,8.0,2.0,1.0,0.5,5,42.5,7.5
1320,2,7,2,2,0,5,1,5,2,0,3,1,1,2,3,2,3,104050.0,100733.3333,108500.0,129033.3333,110579.16665,16.00138889,16.667,6910.598036843287,110580.16665,5.043677240107337,,0.20776294783240878,,0.8676475075432296,0.4689555,0.8676475075432296,100,100,3,10,100,2,50,10,50,10,1,10,2,5,1,1,50,1.2000000000000002,1.7999999999999998,7.0,3.0,90.0,10.0,8.0,2.0,1.0,0.5,5,42.5,7.5
1321,2,7,1,1,0,3,1,3,3,0,3,1,3,0,2,1,2,122300.0,142116.6667,157750.0,190050.0,153054.166675,16.00138889,16.667,9565.055116599942,153055.166675,5.184847994636189,,-0.0669769793703443,,1.0088011884636088,0.4689555,1.0088011884636088,100,100,3,10,100,2,50,10,50,10,1,10,2,5,1,1,50,1.2000000000000002,1.7999999999999998,7.0,3.0,90.0,10.0,8.0,2.0,1.0,0.5,5,42.5,7.5
1322,2,7,2,1,0,3,1,5,3,0,1,2,0,0,2,1,3,122350.0,122816.6667,129650.0,182516.6667,139333.33335,16.00138889,16.667,8707.577467670682,139334.33335,5.144058144042178,,-0.1355920082860207,,0.9680157150844424,0.4689555,0.9680157150844424,100,100,3,10,100,2,50,10,50,10,1,10,2,5,1,1,50,1.2000000000000002,1.7999999999999998,7.0,3.0,90.0,10.0,8.0,2.0,1.0,0.5,5,42.5,7.5
1323,2,7,2,1,0,3,0,3,3,0,3,1,3,0,2,1,1,121250.0,127033.3333,139983.3333,188616.6667,144220.833325,16.00138889,16.667,9013.01970200413,144221.833325,5.1590310119423535,,-0.023394534280693158,,0.9829869282827226,0.4689555,0.9829869282827226,100,100,3,10,100,2,50,10,50,10,1,10,2,5,1,1,50,1.2000000000000002,1.7999999999999998,7.0,3.0,90.0,10.0,8.0,2.0,1.0,0.5,5,42.5,7.5
1324,2,7,2,1,0,3,1,3,3,0,3,1,3,0,2,1,2,150583.3333,154100.0,130400.0,208500.0,160895.833325,16.00138889,16.667,10055.116742119253,160896.833325,5.206547496659551,,-0.01344460789685975,,1.0304985240818676,0.4689555,1.0304985240818676,100,100,3,10,100,2,50,10,50,10,1,10,2,5,1,1,50,1.2000000000000002,1.7999999999999998,7.0,3.0,90.0,10.0,8.0,2.0,1.0,0.5,5,42.5,7.5
1325,2,7,2,0,0,5,4,2,3,3,3,0,1,0,2,1,2,251116.6667,213466.6667,207233.3333,315350.0,246791.666675,16.00138889,16.667,15423.140351849794,246792.666675,5.392332250701971,,-0.1831190339606774,,1.2162685608434565,0.4689555,1.2162685608434565,100,100,3,10,100,2,50,10,50,10,1,10,2,5,1,1,50,1.2000000000000002,1.7999999999999998,7.0,3.0,90.0,10.0,8.0,2.0,1.0,0.5,5,42.5,7.5
1326,2,7,2,1,0,3,3,3,3,3,3,1,2,2,2,2,3,151750.0,124300.0,117333.3333,150783.3333,136041.66665,16.00138889,16.667,8501.866155819676,136042.66665,5.133675136198274,,0.0656974648717421,,0.9576338886577875,0.4689555,0.9576338886577875,100,100,3,10,100,2,50,10,50,10,1,10,2,5,1,1,50,1.2000000000000002,1.7999999999999998,7.0,3.0,90.0,10.0,8.0,2.0,1.0,0.5,5,42.5,7.5
1327,2,7,3,0,5,4,0,0,0,4,3,2,1,3,1,2,3,155600.0,165783.3333,163850.0,168283.3333,163379.16665,16.00138889,16.667,10210.311603144843,163380.16665,5.213199334710134,,-0.30520218650975206,,1.0371497194204995,0.4689555,1.0371497194204995,100,100,3,10,100,2,50,10,50,10,1,10,2,5,1,1,50,1.2000000000000002,1.7999999999999998,7.0,3.0,90.0,10.0,8.0,2.0,1.0,0.5,5,42.5,7.5
1328,2,7,2,1,0,3,1,3,3,0,3,1,2,0,2,1,2,128616.6667,123800.0,113333.3333,132166.6667,124479.166675,16.00138889,16.667,7779.2726325645845,124480.166675,5.0951001611525575,,-0.08976593275580935,,0.9190635587035157,0.4689555,0.9190635587035157,100,100,3,10,100,2,50,10,50,10,1,10,2,5,1,1,50,1.2000000000000002,1.7999999999999998,7.0,3.0,90.0,10.0,8.0,2.0,1.0,0.5,5,42.5,7.5
1329,2,7,2,0,0,3,1,3,4,0,3,1,3,0,2,1,3,150383.3333,129950.0,110433.3333,162616.6667,138345.833325,16.00138889,16.667,8645.864073177963,138346.833325,5.1409692228537835,,0.13940589688450977,,0.9649271424186103,0.4689555,0.9649271424186103,100,100,3,10,100,2,50,10,50,10,1,10,2,5,1,1,50,1.2000000000000002,1.7999999999999998,7.0,3.0,90.0,10.0,8.0,2.0,1.0,0.5,5,42.5,7.5
1330,2,7,0,1,0,3,3,3,3,3,3,3,0,3,1,1,3,130133.3333,132933.3333,101483.3333,174000.0,134637.49997499998,16.00138889,16.667,8414.113356068803,134638.49997499998,5.12916926446354,,-0.4206282137935986,,0.9531285384708843,0.4689555,0.9531285384708843,100,100,3,10,100,2,50,10,50,10,1,10,2,5,1,1,50,1.2000000000000002,1.7999999999999998,7.0,3.0,90.0,10.0,8.0,2.0,1.0,0.5,5,42.5,7.5
1331,2,7,2,1,0,3,1,2,3,0,3,1,3,0,3,1,2,23150.0,27416.66667,27283.33333,38766.66667,29154.1666675,16.00138889,16.667,1821.9772588440603,29155.1666675,4.464715528438204,,-0.6835420542898838,,0.2888575818597217,0.4689555,0.2888575818597217,100,100,3,10,100,2,50,10,50,10,1,10,2,5,1,1,50,1.2000000000000002,1.7999999999999998,7.0,3.0,90.0,10.0,8.0,2.0,1.0,0.5,5,42.5,7.5
1332,2,7,2,1,0,3,1,3,3,2,3,1,3,0,2,1,3,191416.6667,129333.3333,128900.0,177216.6667,156716.666675,16.00138889,16.667,9793.941497974552,156717.666675,5.195117956947146,,-0.1297887501183954,,1.0190701119603054,0.4689555,1.0190701119603054,100,100,3,10,100,2,50,10,50,10,1,10,2,5,1,1,50,1.2000000000000002,1.7999999999999998,7.0,3.0,90.0,10.0,8.0,2.0,1.0,0.5,5,42.5,7.5
1333,2,7,2,1,0,5,1,3,5,0,3,1,3,2,2,1,2,112316.6667,99533.33333,101733.3333,144633.3333,114554.1666575,16.00138889,16.667,7159.013973411404,114555.1666575,5.059014681480374,,-0.14720123599092272,,0.8829828141275045,0.4689555,0.8829828141275045,100,100,3,10,100,2,50,10,50,10,1,10,2,5,1,1,50,1.2000000000000002,1.7999999999999998,7.0,3.0,90.0,10.0,8.0,2.0,1.0,0.5,5,42.5,7.5
1334,2,7,0,2,0,3,2,3,1,0,3,1,1,2,3,1,3,96850.0,87716.66667,94766.66667,137683.3333,104254.16666,16.00138889,16.667,6515.31984983836,104255.16666,5.018097586871951,,0.4507398112954961,,0.8420715867446559,0.4689555,0.8420715867446559,100,100,3,10,100,2,50,10,50,10,1,10,2,5,1,1,50,1.2000000000000002,1.7999999999999998,7.0,3.0,90.0,10.0,8.0,2.0,1.0,0.5,5,42.5,7.5
1335,2,7,3,1,0,3,1,3,3,3,3,1,3,0,2,1,2,137000.0,120300.0,127666.6667,147350.0,133079.166675,16.00138889,16.667,8316.725978590974,133080.166675,5.124113336125155,,0.27640978425546514,,0.9480732018263777,0.4689555,0.9480732018263777,100,100,3,10,100,2,50,10,50,10,1,10,2,5,1,1,50,1.2000000000000002,1.7999999999999998,7.0,3.0,90.0,10.0,8.0,2.0,1.0,0.5,5,42.5,7.5
1336,2,7,0,1,0,3,4,3,3,3,3,1,0,3,2,2,3,124233.3333,121283.3333,126083.3333,162016.6667,133404.16665,16.00138889,16.667,8337.036713942398,133405.16665,5.12517264970147,,-0.09629558160095986,,0.9491323908605215,0.4689555,0.9491323908605215,100,100,3,10,100,2,50,10,50,10,1,10,2,5,1,1,50,1.2000000000000002,1.7999999999999998,7.0,3.0,90.0,10.0,8.0,2.0,1.0,0.5,5,42.5,7.5
1337,2,7,2,1,0,3,1,3,3,0,3,1,3,0,2,1,2,158900.0,89183.33333,123033.3333,135300.0,126604.1666575,16.00138889,16.667,7912.073603599543,126605.1666575,5.1024514292599825,,-0.11754067529642853,,0.9264139094857985,0.4689555,0.9264139094857985,100,100,3,10,100,2,50,10,50,10,1,10,2,5,1,1,50,1.2000000000000002,1.7999999999999998,7.0,3.0,90.0,10.0,8.0,2.0,1.0,0.5,5,42.5,7.5
1338,2,7,0,1,0,3,1,3,1,3,3,1,3,3,2,1,1,96166.66667,112316.6667,154183.3333,147250.0,127479.1666675,16.00138889,16.667,7966.756357453918,127480.1666675,5.105442622598434,,0.4065578924662674,,0.9294047339905406,0.4689555,0.9294047339905406,100,100,3,10,100,2,50,10,50,10,1,10,2,5,1,1,50,1.2000000000000002,1.7999999999999998,7.0,3.0,90.0,10.0,8.0,2.0,1.0,0.5,5,42.5,7.5
1339,2,7,2,1,0,3,1,3,3,3,3,1,3,0,2,2,2,132366.6667,99266.66667,107583.3333,132600.0,117954.1666675,16.00138889,16.667,7371.495529442132,117955.1666675,5.071716968587801,,0.1065689256667417,,0.8956833894118136,0.4689555,0.8956833894118136,100,100,3,10,100,2,50,10,50,10,1,10,2,5,1,1,50,1.2000000000000002,1.7999999999999998,7.0,3.0,90.0,10.0,8.0,2.0,1.0,0.5,5,42.5,7.5
1340,2,7,0,1,0,3,3,3,0,0,3,3,3,0,2,1,2,128466.6667,100133.3333,93800.0,150883.3333,118320.833325,16.00138889,16.667,7394.410206413026,118321.833325,5.0730648901704,,-0.11021167541836796,,0.897031132262491,0.4689555,0.897031132262491,100,100,3,10,100,2,50,10,50,10,1,10,2,5,1,1,50,1.2000000000000002,1.7999999999999998,7.0,3.0,90.0,10.0,8.0,2.0,1.0,0.5,5,42.5,7.5
1341,2,7,2,1,0,3,1,3,3,0,3,1,3,0,2,1,3,136483.3333,118500.0,101650.0,152066.6667,127175.0,16.00138889,16.667,7947.747590803037,127176.0,5.104405161225936,,-0.09071254260690154,,0.9283674002562087,0.4689555,0.9283674002562087,100,100,3,10,100,2,50,10,50,10,1,10,2,5,1,1,50,1.2000000000000002,1.7999999999999998,7.0,3.0,90.0,10.0,8.0,2.0,1.0,0.5,5,42.5,7.5
1342,2,7,2,0,0,3,3,3,3,0,3,1,3,0,2,2,3,131216.6667,102016.6667,124816.6667,147350.0,126350.000025,16.00138889,16.667,7896.18956789194,126351.000025,5.101578683561993,,0.433036993112065,,0.9255412718826039,0.4689555,0.9255412718826039,100,100,3,10,100,2,50,10,50,10,1,10,2,5,1,1,50,1.2000000000000002,1.7999999999999998,7.0,3.0,90.0,10.0,8.0,2.0,1.0,0.5,5,42.5,7.5
1343,2,7,0,1,0,5,4,4,0,5,5,3,4,3,2,2,3,112616.6667,122133.3333,122616.6667,135666.6667,123258.33335,16.00138889,16.667,7702.977172627169,123259.33335,5.090819814512624,,0.11185523811660047,,0.9147837533805346,0.4689555,0.9147837533805346,100,100,3,10,100,2,50,10,50,10,1,10,2,5,1,1,50,1.2000000000000002,1.7999999999999998,7.0,3.0,90.0,10.0,8.0,2.0,1.0,0.5,5,42.5,7.5
1344,2,7,3,2,0,3,3,3,3,0,3,0,1,1,2,1,3,70883.33333,65333.33333,48116.66667,79333.33333,65916.666665,16.00138889,16.667,4119.434076512842,65917.666665,4.819001825927379,,0.36149889421387726,,0.643013775670463,0.4689555,0.643013775670463,100,100,3,10,100,2,50,10,50,10,1,10,2,5,1,1,50,1.2000000000000002,1.7999999999999998,7.0,3.0,90.0,10.0,8.0,2.0,1.0,0.5,5,42.5,7.5
1345,2,7,0,1,0,3,3,3,3,3,3,1,0,1,2,2,3,81933.33333,64850.0,60233.33333,73383.33333,70099.9999975,16.00138889,16.667,4380.869715710033,70100.9999975,4.845724213263357,,-0.24592307841409689,,0.6697300046268146,0.4689555,0.6697300046268146,100,100,3,10,100,2,50,10,50,10,1,10,2,5,1,1,50,1.2000000000000002,1.7999999999999998,7.0,3.0,90.0,10.0,8.0,2.0,1.0,0.5,5,42.5,7.5
1346,2,7,2,1,0,3,5,3,3,5,3,1,0,1,1,2,3,60766.66667,49316.66667,56666.66667,51016.66667,54441.66667,16.00138889,16.667,3402.3088273308003,54442.66667,4.73593938933994,,-0.46778707102898665,,0.5599730894981074,0.4689555,0.5599730894981074,100,100,3,10,100,2,50,10,50,10,1,10,2,5,1,1,50,1.2000000000000002,1.7999999999999998,7.0,3.0,90.0,10.0,8.0,2.0,1.0,0.5,5,42.5,7.5
1347,2,7,2,1,0,3,4,3,3,2,3,3,1,3,2,2,3,143350.0,126600.0,122783.3333,125200.0,129483.333325,16.00138889,16.667,8092.005901182743,129484.333325,5.112217225080589,,0.03760358703055022,,0.9361785104515176,0.4689555,0.9361785104515176,100,100,3,10,100,2,50,10,50,10,1,10,2,5,1,1,50,1.2000000000000002,1.7999999999999998,7.0,3.0,90.0,10.0,8.0,2.0,1.0,0.5,5,42.5,7.5
1348,2,7,0,1,0,3,2,3,0,3,3,3,0,1,2,2,2,77866.66667,73166.66667,88533.33333,65166.66667,76183.333335,16.00138889,16.667,4761.04504794646,76184.333335,4.881865671527286,,0.022547823371404263,,0.7058637141932191,0.4689555,0.7058637141932191,100,100,3,10,100,2,50,10,50,10,1,10,2,5,1,1,50,1.2000000000000002,1.7999999999999998,7.0,3.0,90.0,10.0,8.0,2.0,1.0,0.5,5,42.5,7.5
1349,2,7,2,1,0,3,1,3,4,0,3,1,3,0,2,1,2,103683.3333,76366.66667,87800.0,80233.33333,87020.833325,16.00138889,16.667,5438.330005177444,87021.833325,4.939628228514777,,-0.08717323404557042,,0.7636151507496208,0.4689555,0.7636151507496208,100,100,3,10,100,2,50,10,50,10,1,10,2,5,1,1,50,1.2000000000000002,1.7999999999999998,7.0,3.0,90.0,10.0,8.0,2.0,1.0,0.5,5,42.5,7.5
1350,3,1,1,4,1,3,3,3,5,3,5,5,0,1,1,3,1,2350.0,1183.333333,366.6666667,3400.0,1824.9999999249999,12.48388889,16.667,146.18842061201653,1825.9999999249999,3.261500773180442,,,0.010954646665326084,-0.9108801528305526,0.4508215,-0.9108801528305526,100,100,3,10,100,2,50,10,50,10,1,10,2,5,1,1,50,1.2000000000000002,1.7999999999999998,7.0,3.0,90.0,10.0,8.0,2.0,1.0,0.5,5,42.5,7.5
1351,3,1,2,5,0,2,0,4,5,0,1,1,3,3,2,0,1,83.33333333,33.33333333,100.0,50.0,66.66666666500001,12.48388889,16.667,5.3402162781504865,67.66666666500001,1.8303747831828536,,,-0.2713100630388472,-2.255270767937539,0.4508215,-2.255270767937539,100,100,3,10,100,2,50,10,50,10,1,10,2,5,1,1,50,1.2000000000000002,1.7999999999999998,7.0,3.0,90.0,10.0,8.0,2.0,1.0,0.5,5,42.5,7.5
1352,3,1,1,4,2,3,4,0,2,5,5,3,3,4,2,1,2,16883.33333,8000.0,4716.666667,17200.0,11699.999999250002,12.48388889,16.667,937.2079567787632,11700.999999250002,4.068222979318612,,,-0.005191727567147808,-0.10728717209183906,0.4508215,-0.10728717209183906,100,100,3,10,100,2,50,10,50,10,1,10,2,5,1,1,50,1.2000000000000002,1.7999999999999998,7.0,3.0,90.0,10.0,8.0,2.0,1.0,0.5,5,42.5,7.5
1353,3,1,3,1,0,0,5,2,5,1,4,5,4,3,3,1,2,250.0,183.3333333,183.3333333,683.3333333,324.99999997500004,12.48388889,16.667,26.03355435463188,325.99999997500004,2.5132176000346345,,,0.5549482053928114,-1.6424882247136212,0.4508215,-1.6424882247136212,100,100,3,10,100,2,50,10,50,10,1,10,2,5,1,1,50,1.2000000000000002,1.7999999999999998,7.0,3.0,90.0,10.0,8.0,2.0,1.0,0.5,5,42.5,7.5
1354,3,1,3,5,5,1,1,0,3,4,5,2,0,4,1,1,1,33.33333333,33.33333333,850.0,66.66666667,245.83333333250002,12.48388889,16.667,19.69204752610547,246.83333333250002,2.3924038081360988,,,0.27087003025199863,-1.756961399830378,0.4508215,-1.756961399830378,100,100,3,10,100,2,50,10,50,10,1,10,2,5,1,1,50,1.2000000000000002,1.7999999999999998,7.0,3.0,90.0,10.0,8.0,2.0,1.0,0.5,5,42.5,7.5
1355,3,1,5,1,1,4,2,3,1,2,4,5,5,1,2,3,2,1533.333333,800.0,233.3333333,3150.0,1429.166666575,12.48388889,16.667,114.48088645837026,1430.166666575,3.155386651560225,,,-0.3065256710622082,-1.0159729258784307,0.4508215,-1.0159729258784307,100,100,3,10,100,2,50,10,50,10,1,10,2,5,1,1,50,1.2000000000000002,1.7999999999999998,7.0,3.0,90.0,10.0,8.0,2.0,1.0,0.5,5,42.5,7.5
1356,3,1,3,5,0,4,2,2,3,5,3,2,5,2,0,2,2,66.66666667,16.66666667,383.3333333,166.6666667,158.33333333500002,12.48388889,16.667,12.683013661057988,159.33333333500002,2.202306641896999,,,0.41197497732486466,-1.9330523831384538,0.4508215,-1.9330523831384538,100,100,3,10,100,2,50,10,50,10,1,10,2,5,1,1,50,1.2000000000000002,1.7999999999999998,7.0,3.0,90.0,10.0,8.0,2.0,1.0,0.5,5,42.5,7.5
1357,3,1,3,2,4,1,1,3,5,2,5,1,4,5,1,3,3,483.3333333,116.6666667,1016.666667,683.3333333,575.000000075,12.48388889,16.667,46.05936540620717,576.000000075,2.760422483479761,,,-0.014630355417564633,-1.4040139116563006,0.4508215,-1.4040139116563006,100,100,3,10,100,2,50,10,50,10,1,10,2,5,1,1,50,1.2000000000000002,1.7999999999999998,7.0,3.0,90.0,10.0,8.0,2.0,1.0,0.5,5,42.5,7.5
1358,3,1,4,2,1,4,3,5,3,4,1,3,5,2,3,1,1,16233.33333,7333.333333,1166.666667,29533.33333,13566.666665,12.48388889,16.667,1086.7340124972868,13567.666665,4.13250516515074,,,0.720896445245585,-0.04308489009510273,0.4508215,-0.04308489009510273,100,100,3,10,100,2,50,10,50,10,1,10,2,5,1,1,50,1.2000000000000002,1.7999999999999998,7.0,3.0,90.0,10.0,8.0,2.0,1.0,0.5,5,42.5,7.5
1359,3,1,5,0,5,3,2,1,1,5,1,4,3,0,0,3,1,83.33333333,50.0,33.33333333,200.0,91.66666666500001,12.48388889,16.667,7.342797382506983,92.66666666500001,1.9669235411906028,,,0.01488142295853545,-2.141327816514493,0.4508215,-2.141327816514493,100,100,3,10,100,2,50,10,50,10,1,10,2,5,1,1,50,1.2000000000000002,1.7999999999999998,7.0,3.0,90.0,10.0,8.0,2.0,1.0,0.5,5,42.5,7.5
1360,3,1,4,1,4,5,0,5,3,1,5,2,1,2,3,1,2,38016.66667,16866.66667,433.3333333,68283.33333,30900.000000825,12.48388889,16.667,2475.190245050715,30901.000000825,4.489972534046612,,,-0.2526046720548605,0.314101409205749,0.4508215,0.314101409205749,100,100,3,10,100,2,50,10,50,10,1,10,2,5,1,1,50,1.2000000000000002,1.7999999999999998,7.0,3.0,90.0,10.0,8.0,2.0,1.0,0.5,5,42.5,7.5
1361,3,1,2,4,4,5,1,2,4,2,5,3,4,5,1,3,1,2766.666667,1016.666667,100.0,3650.0,1883.3333335,12.48388889,16.667,150.8611098748733,1884.3333335,3.275157730778869,,,0.20974963445943473,-0.8973375818727486,0.4508215,-0.8973375818727486,100,100,3,10,100,2,50,10,50,10,1,10,2,5,1,1,50,1.2000000000000002,1.7999999999999998,7.0,3.0,90.0,10.0,8.0,2.0,1.0,0.5,5,42.5,7.5
1362,3,1,5,5,4,1,5,4,4,2,1,0,5,4,0,2,2,0.0,0.0,100.0,0.0,25.0,12.48388889,16.667,2.002581104356497,26.0,1.414973347970818,,,0.17749800133512417,-2.5562990264253296,0.4508215,-2.5562990264253296,100,100,3,10,100,2,50,10,50,10,1,10,2,5,1,1,50,1.2000000000000002,1.7999999999999998,7.0,3.0,90.0,10.0,8.0,2.0,1.0,0.5,5,42.5,7.5
1363,3,1,5,5,3,2,5,0,5,4,3,0,2,5,1,3,3,16.66666667,0.0,50.0,0.0,16.6666666675,12.48388889,16.667,1.3350540696377506,17.6666666675,1.2471546149016122,,,0.37970038437839515,-2.653208170841382,0.4508215,-2.653208170841382,100,100,3,10,100,2,50,10,50,10,1,10,2,5,1,1,50,1.2000000000000002,1.7999999999999998,7.0,3.0,90.0,10.0,8.0,2.0,1.0,0.5,5,42.5,7.5
1364,3,1,3,1,3,3,3,1,5,3,5,0,5,4,2,1,1,15766.66667,6883.333333,1050.0,23183.33333,11720.83333325,12.48388889,16.667,938.876774419129,11721.83333325,4.068995542078493,,,-0.04793508643952116,-0.10651564145106583,0.4508215,-0.10651564145106583,100,100,3,10,100,2,50,10,50,10,1,10,2,5,1,1,50,1.2000000000000002,1.7999999999999998,7.0,3.0,90.0,10.0,8.0,2.0,1.0,0.5,5,42.5,7.5
1365,3,1,2,1,3,3,0,5,2,1,3,4,3,5,2,1,0,15650.0,8700.0,1533.333333,23183.33333,12266.666665749999,12.48388889,16.667,982.5997951308264,12267.666665749999,4.088761966919826,,,-0.1123875189871395,-0.086775009827216,0.4508215,-0.086775009827216,100,100,3,10,100,2,50,10,50,10,1,10,2,5,1,1,50,1.2000000000000002,1.7999999999999998,7.0,3.0,90.0,10.0,8.0,2.0,1.0,0.5,5,42.5,7.5
1366,3,1,5,5,3,0,3,3,4,1,3,0,1,4,3,0,0,0.0,0.0,416.6666667,0.0,104.166666675,12.48388889,16.667,8.344087935486264,105.166666675,2.021878108894904,,,0.9469261376456068,-2.093903304786289,0.4508215,-2.093903304786289,100,100,3,10,100,2,50,10,50,10,1,10,2,5,1,1,50,1.2000000000000002,1.7999999999999998,7.0,3.0,90.0,10.0,8.0,2.0,1.0,0.5,5,42.5,7.5
1367,3,1,1,2,5,0,3,1,2,4,2,3,5,1,1,1,1,383.3333333,166.6666667,300.0,450.0,325.0,12.48388889,16.667,26.033554356634458,326.0,2.513217600067939,,,0.40271004462977844,-1.6424882246818437,0.4508215,-1.6424882246818437,100,100,3,10,100,2,50,10,50,10,1,10,2,5,1,1,50,1.2000000000000002,1.7999999999999998,7.0,3.0,90.0,10.0,8.0,2.0,1.0,0.5,5,42.5,7.5
1368,3,1,4,1,3,1,0,5,3,2,1,3,2,2,3,0,2,300.0,200.0,550.0,416.6666667,366.666666675,12.48388889,16.667,29.37118953122948,367.666666675,2.5654542577303716,,,0.49185814643113224,-1.5925142957650795,0.4508215,-1.5925142957650795,100,100,3,10,100,2,50,10,50,10,1,10,2,5,1,1,50,1.2000000000000002,1.7999999999999998,7.0,3.0,90.0,10.0,8.0,2.0,1.0,0.5,5,42.5,7.5
1369,3,1,0,0,4,1,3,1,3,1,0,4,1,5,1,2,1,200.0,200.0,750.0,466.6666667,404.166666675,12.48388889,16.667,32.375061187764224,405.166666675,2.6076337084686245,,,-0.03257747729744054,-1.5519807829805519,0.4508215,-1.5519807829805519,100,100,3,10,100,2,50,10,50,10,1,10,2,5,1,1,50,1.2000000000000002,1.7999999999999998,7.0,3.0,90.0,10.0,8.0,2.0,1.0,0.5,5,42.5,7.5
1370,3,1,3,3,3,3,2,1,2,5,3,4,1,3,3,1,3,3183.333333,1766.666667,1216.666667,3366.666667,2383.3333334999998,12.48388889,16.667,190.91273196200322,2384.3333334999998,3.3773669703551255,,,-0.19148023140854376,-0.795879956995242,0.4508215,-0.795879956995242,100,100,3,10,100,2,50,10,50,10,1,10,2,5,1,1,50,1.2000000000000002,1.7999999999999998,7.0,3.0,90.0,10.0,8.0,2.0,1.0,0.5,5,42.5,7.5
1371,3,1,4,1,5,5,1,3,1,4,4,5,4,5,2,0,3,32016.66667,21550.0,4433.333333,50200.0,27050.00000075,12.48388889,16.667,2166.792754973807,27051.00000075,4.4321833244067355,,,0.3571874770223271,0.2563435208263198,0.4508215,0.2563435208263198,100,100,3,10,100,2,50,10,50,10,1,10,2,5,1,1,50,1.2000000000000002,1.7999999999999998,7.0,3.0,90.0,10.0,8.0,2.0,1.0,0.5,5,42.5,7.5
1372,3,1,5,1,2,4,5,3,0,1,1,1,3,2,1,3,0,283.3333333,200.0,350.0,766.6666667,400.0,12.48388889,16.667,32.04129766970395,401.0,2.603144372620182,,,0.15749306954992548,-1.5563021533318406,0.4508215,-1.5563021533318406,100,100,3,10,100,2,50,10,50,10,1,10,2,5,1,1,50,1.2000000000000002,1.7999999999999998,7.0,3.0,90.0,10.0,8.0,2.0,1.0,0.5,5,42.5,7.5
1373,3,1,4,0,0,5,1,1,0,5,1,5,4,3,3,1,1,22366.66667,19266.66667,19916.66667,65533.33333,31770.833335,12.48388889,16.667,2544.9468202532203,31771.833335,4.502042275711683,,,0.6726413244541294,0.326165118704998,0.4508215,0.326165118704998,100,100,3,10,100,2,50,10,50,10,1,10,2,5,1,1,50,1.2000000000000002,1.7999999999999998,7.0,3.0,90.0,10.0,8.0,2.0,1.0,0.5,5,42.5,7.5
1374,3,1,3,4,3,2,3,3,1,2,1,2,5,3,2,3,3,33.33333333,33.33333333,266.6666667,166.6666667,125.000000015,12.48388889,16.667,10.012905522984033,126.000000015,2.1003705451692647,,,-0.43552465189933676,-2.0248225618108813,0.4508215,-2.0248225618108813,100,100,3,10,100,2,50,10,50,10,1,10,2,5,1,1,50,1.2000000000000002,1.7999999999999998,7.0,3.0,90.0,10.0,8.0,2.0,1.0,0.5,5,42.5,7.5
1375,3,1,1,5,1,4,2,4,2,1,4,1,4,3,2,3,1,983.3333333,533.3333333,400.0,1233.333333,787.4999999,12.48388889,16.667,63.08130477921933,788.4999999,2.896801697609843,,,1.1104756112269147,-1.2707450117951182,0.4508215,-1.2707450117951182,100,100,3,10,100,2,50,10,50,10,1,10,2,5,1,1,50,1.2000000000000002,1.7999999999999998,7.0,3.0,90.0,10.0,8.0,2.0,1.0,0.5,5,42.5,7.5
1376,3,1,2,4,5,0,1,5,2,3,5,1,5,1,3,1,2,83.33333333,83.33333333,233.3333333,366.6666667,191.66666666499998,12.48388889,16.667,15.35312179993297,192.66666666499998,2.28480658369711,,,0.48149319130908985,-1.8573318015641276,0.4508215,-1.8573318015641276,100,100,3,10,100,2,50,10,50,10,1,10,2,5,1,1,50,1.2000000000000002,1.7999999999999998,7.0,3.0,90.0,10.0,8.0,2.0,1.0,0.5,5,42.5,7.5
1377,3,1,1,4,1,4,0,1,5,1,5,1,5,1,2,2,3,14883.33333,12466.66667,5066.666667,36766.66667,17295.83333425,12.48388889,16.667,1385.452360770731,17296.83333425,4.237966600738978,,,0.48930459421939654,0.06226853573770494,0.4508215,0.06226853573770494,100,100,3,10,100,2,50,10,50,10,1,10,2,5,1,1,50,1.2000000000000002,1.7999999999999998,7.0,3.0,90.0,10.0,8.0,2.0,1.0,0.5,5,42.5,7.5
1378,3,1,2,2,4,4,5,1,1,5,5,4,5,1,3,1,3,41933.33333,28950.0,19433.33333,136850.0,56791.666665,12.48388889,16.667,4549.19674192967,56792.666665,4.754292261194549,,,-0.02739160953028552,0.5783207914307114,0.4508215,0.5783207914307114,100,100,3,10,100,2,50,10,50,10,1,10,2,5,1,1,50,1.2000000000000002,1.7999999999999998,7.0,3.0,90.0,10.0,8.0,2.0,1.0,0.5,5,42.5,7.5
1379,3,1,1,5,4,2,5,4,1,3,1,5,3,5,0,3,2,16.66666667,0.0,216.6666667,83.33333333,79.166666675,12.48388889,16.667,6.3415068311297675,80.166666675,1.903993826035333,,,0.36628694597051914,-2.1945731541250546,0.4508215,-2.1945731541250546,100,100,3,10,100,2,50,10,50,10,1,10,2,5,1,1,50,1.2000000000000002,1.7999999999999998,7.0,3.0,90.0,10.0,8.0,2.0,1.0,0.5,5,42.5,7.5
1380,3,1,1,1,2,3,3,3,3,5,5,0,2,2,3,1,1,22850.0,9816.666667,7916.666667,49450.0,22508.3333335,12.48388889,16.667,1802.990520968983,22509.3333335,4.352362632545179,,,-0.262979009365087,0.17657354702548414,0.4508215,0.17657354702548414,100,100,3,10,100,2,50,10,50,10,1,10,2,5,1,1,50,1.2000000000000002,1.7999999999999998,7.0,3.0,90.0,10.0,8.0,2.0,1.0,0.5,5,42.5,7.5
1381,3,1,1,2,2,5,0,1,2,1,2,3,2,0,1,2,1,22750.0,7600.0,9983.333333,49266.66667,22400.00000075,12.48388889,16.667,1794.3126695634985,22401.00000075,4.350267406062459,,,0.2028655542833926,0.17447978137154269,0.4508215,0.17447978137154269,100,100,3,10,100,2,50,10,50,10,1,10,2,5,1,1,50,1.2000000000000002,1.7999999999999998,7.0,3.0,90.0,10.0,8.0,2.0,1.0,0.5,5,42.5,7.5
1382,3,1,3,3,4,2,0,5,1,1,5,5,3,0,1,2,1,1083.333333,666.6666667,133.3333333,2716.666667,1150.0,12.48388889,16.667,92.11873080039885,1151.0,3.0610753236297916,,,0.21606091456735488,-1.1091443453409482,0.4508215,-1.1091443453409482,100,100,3,10,100,2,50,10,50,10,1,10,2,5,1,1,50,1.2000000000000002,1.7999999999999998,7.0,3.0,90.0,10.0,8.0,2.0,1.0,0.5,5,42.5,7.5
1383,3,1,2,4,1,0,2,0,2,2,4,1,1,2,0,3,3,0.0,16.66666667,150.0,150.0,79.16666666750001,12.48388889,16.667,6.341506830528994,80.16666666750001,1.9039938259947027,,,0.07604652568575077,-2.1945731541590425,0.4508215,-2.1945731541590425,100,100,3,10,100,2,50,10,50,10,1,10,2,5,1,1,50,1.2000000000000002,1.7999999999999998,7.0,3.0,90.0,10.0,8.0,2.0,1.0,0.5,5,42.5,7.5
1384,3,1,3,2,2,1,1,0,3,3,0,4,3,1,1,3,3,66.66666667,66.66666667,1166.666667,183.3333333,370.83333341,12.48388889,16.667,29.704953054095952,371.83333341,2.5703483199897392,,,0.30384710771984746,-1.5878191785409368,0.4508215,-1.5878191785409368,100,100,3,10,100,2,50,10,50,10,1,10,2,5,1,1,50,1.2000000000000002,1.7999999999999998,7.0,3.0,90.0,10.0,8.0,2.0,1.0,0.5,5,42.5,7.5
1385,3,1,1,3,0,5,4,2,2,5,2,4,3,4,1,1,3,44450.0,31333.33333,12333.33333,101350.0,47366.666665,12.48388889,16.667,3794.2236655872703,47367.666665,4.675481991874389,,,0.2980210007319348,0.49953435329102586,0.4508215,0.49953435329102586,100,100,3,10,100,2,50,10,50,10,1,10,2,5,1,1,50,1.2000000000000002,1.7999999999999998,7.0,3.0,90.0,10.0,8.0,2.0,1.0,0.5,5,42.5,7.5
1386,3,1,5,3,0,3,5,4,2,1,1,4,4,1,3,0,2,2533.333333,2216.666667,5016.666667,6616.666667,4095.8333335000007,12.48388889,16.667,328.08953761042335,4096.833333500001,3.612448296437016,,,1.48745038752404,-0.5619853128788774,0.4508215,-0.5619853128788774,100,100,3,10,100,2,50,10,50,10,1,10,2,5,1,1,50,1.2000000000000002,1.7999999999999998,7.0,3.0,90.0,10.0,8.0,2.0,1.0,0.5,5,42.5,7.5
1387,3,1,5,2,4,0,3,3,3,2,3,5,2,3,0,3,2,0.0,0.0,0.0,16.66666667,4.1666666675,12.48388889,16.667,0.3337635174595022,5.1666666675,0.7132104435206765,,,-0.14704429546245623,-2.8573255477577755,0.4508215,-2.8573255477577755,100,100,3,10,100,2,50,10,50,10,1,10,2,5,1,1,50,1.2000000000000002,1.7999999999999998,7.0,3.0,90.0,10.0,8.0,2.0,1.0,0.5,5,42.5,7.5
1388,3,1,4,2,5,2,5,0,5,5,0,2,4,2,3,1,1,116.6666667,66.66666667,116.6666667,50.0,87.5000000175,12.48388889,16.667,7.0090338666495455,88.5000000175,1.9469432707837029,,,-0.04675014719252535,-2.15836110228217,0.4508215,-2.15836110228217,100,100,3,10,100,2,50,10,50,10,1,10,2,5,1,1,50,1.2000000000000002,1.7999999999999998,7.0,3.0,90.0,10.0,8.0,2.0,1.0,0.5,5,42.5,7.5
1389,3,1,3,2,2,1,2,4,0,4,3,5,1,4,2,1,0,83.33333333,50.0,316.6666667,233.3333333,170.8333333325,12.48388889,16.667,13.684304213035976,171.8333333325,2.2351074148977665,,,-0.22635907451917658,-1.9030892149154812,0.4508215,-1.9030892149154812,100,100,3,10,100,2,50,10,50,10,1,10,2,5,1,1,50,1.2000000000000002,1.7999999999999998,7.0,3.0,90.0,10.0,8.0,2.0,1.0,0.5,5,42.5,7.5
1390,3,1,1,3,5,4,0,0,0,2,2,5,0,4,3,3,0,100.0,50.0,16.66666667,133.3333333,74.9999999925,12.48388889,16.667,6.007743312468715,75.9999999925,1.8808135922379332,,,-0.2611686357618588,-2.213878240730824,0.4508215,-2.213878240730824,100,100,3,10,100,2,50,10,50,10,1,10,2,5,1,1,50,1.2000000000000002,1.7999999999999998,7.0,3.0,90.0,10.0,8.0,2.0,1.0,0.5,5,42.5,7.5
1391,3,1,0,5,3,3,3,3,4,4,4,1,3,5,1,1,1,1933.333333,1416.666667,2050.0,3383.333333,2195.83333325,12.48388889,16.667,175.8933736593037,2196.83333325,3.3417971096308037,,,0.6722816865338976,-0.8312079142717503,0.4508215,-0.8312079142717503,100,100,3,10,100,2,50,10,50,10,1,10,2,5,1,1,50,1.2000000000000002,1.7999999999999998,7.0,3.0,90.0,10.0,8.0,2.0,1.0,0.5,5,42.5,7.5
1392,3,1,3,0,4,4,5,3,5,5,1,5,4,1,0,1,0,16.66666667,0.0,50.0,33.33333333,25.0,12.48388889,16.667,2.002581104356497,26.0,1.414973347970818,,,-0.3110047365690167,-2.5562990264253296,0.4508215,-2.5562990264253296,100,100,3,10,100,2,50,10,50,10,1,10,2,5,1,1,50,1.2000000000000002,1.7999999999999998,7.0,3.0,90.0,10.0,8.0,2.0,1.0,0.5,5,42.5,7.5
1393,3,1,1,2,4,1,5,3,1,4,2,4,3,3,3,1,1,966.6666667,383.3333333,2466.666667,2300.0,1529.1666667499999,12.48388889,16.667,122.49121088981431,1530.1666667499999,3.1847387370317994,,,0.22095991620312283,-0.9869284974804337,0.4508215,-0.9869284974804337,100,100,3,10,100,2,50,10,50,10,1,10,2,5,1,1,50,1.2000000000000002,1.7999999999999998,7.0,3.0,90.0,10.0,8.0,2.0,1.0,0.5,5,42.5,7.5
1394,3,1,2,3,2,4,3,5,3,5,5,0,5,3,1,3,2,16616.66667,10950.0,35116.66667,33066.66667,23937.500002499997,12.48388889,16.667,1917.4714076216037,23938.500002499997,4.37909693382952,,,-0.23815134196436727,0.20328981396742213,0.4508215,0.20328981396742213,100,100,3,10,100,2,50,10,50,10,1,10,2,5,1,1,50,1.2000000000000002,1.7999999999999998,7.0,3.0,90.0,10.0,8.0,2.0,1.0,0.5,5,42.5,7.5
1395,3,1,3,5,1,3,2,3,5,3,5,5,3,1,1,3,1,166.6666667,300.0,483.3333333,483.3333333,358.333333325,12.48388889,16.667,28.70366249510893,359.333333325,2.555497506120986,,,0.13460723696719024,-1.6020596052982454,0.4508215,-1.6020596052982454,100,100,3,10,100,2,50,10,50,10,1,10,2,5,1,1,50,1.2000000000000002,1.7999999999999998,7.0,3.0,90.0,10.0,8.0,2.0,1.0,0.5,5,42.5,7.5
1396,3,1,2,5,3,2,0,4,5,1,1,1,3,3,2,1,3,33.33333333,50.0,16.66666667,66.66666667,41.666666667499996,12.48388889,16.667,3.337635173994247,42.666666667499996,1.6300887149366883,,,0.04631334908163476,-2.410171983407182,0.4508215,-2.410171983407182,100,100,3,10,100,2,50,10,50,10,1,10,2,5,1,1,50,1.2000000000000002,1.7999999999999998,7.0,3.0,90.0,10.0,8.0,2.0,1.0,0.5,5,42.5,7.5
1397,3,1,1,0,4,2,3,2,1,2,5,3,5,5,2,1,3,1833.333333,2016.666667,8133.333333,7850.0,4958.33333325,12.48388889,16.667,397.1785856906966,4959.33333325,3.695423299645403,,,-0.5753997560199395,-0.4792981448827548,0.4508215,-0.4792981448827548,100,100,3,10,100,2,50,10,50,10,1,10,2,5,1,1,50,1.2000000000000002,1.7999999999999998,7.0,3.0,90.0,10.0,8.0,2.0,1.0,0.5,5,42.5,7.5
1398,3,1,3,1,0,5,5,2,5,5,2,5,3,0,3,3,2,1350.0,1166.666667,3233.333333,3000.0,2187.5,12.48388889,16.667,175.22584663119346,2188.5,3.340146550949133,,,0.44334119677433836,-0.832846763054302,0.4508215,-0.832846763054302,100,100,3,10,100,2,50,10,50,10,1,10,2,5,1,1,50,1.2000000000000002,1.7999999999999998,7.0,3.0,90.0,10.0,8.0,2.0,1.0,0.5,5,42.5,7.5
1399,3,1,3,0,5,1,1,5,3,4,5,2,5,4,3,1,0,133.3333333,83.33333333,416.6666667,400.0,258.3333333325,12.48388889,16.667,20.693338078283713,259.3333333325,2.413858342268631,,,-0.09226067856141418,-1.7367580388094999,0.4508215,-1.7367580388094999,100,100,3,10,100,2,50,10,50,10,1,10,2,5,1,1,50,1.2000000000000002,1.7999999999999998,7.0,3.0,90.0,10.0,8.0,2.0,1.0,0.5,5,42.5,7.5
1400,3,1,5,0,5,5,0,3,2,5,4,4,3,1,0,3,0,500.0,450.0,1250.0,1166.666667,841.66666675,12.48388889,16.667,67.42023052001066,842.66666675,2.9256558149336334,,,-0.1511972145097098,-1.2424351116979508,0.4508215,-1.2424351116979508,100,100,3,10,100,2,50,10,50,10,1,10,2,5,1,1,50,1.2000000000000002,1.7999999999999998,7.0,3.0,90.0,10.0,8.0,2.0,1.0,0.5,5,42.5,7.5
1401,3,1,3,5,0,2,5,5,3,5,3,1,5,5,3,0,2,50.0,50.0,33.33333333,50.0,45.833333332500004,12.48388889,16.667,3.6713986912534917,46.833333332500004,1.6705550695137086,,,-0.31306482462323637,-2.3802089254863366,0.4508215,-2.3802089254863366,100,100,3,10,100,2,50,10,50,10,1,10,2,5,1,1,50,1.2000000000000002,1.7999999999999998,7.0,3.0,90.0,10.0,8.0,2.0,1.0,0.5,5,42.5,7.5
1402,3,1,0,4,0,5,1,3,5,2,5,4,5,5,1,3,3,5250.0,4983.333333,13483.33333,11883.33333,8899.99999825,12.48388889,16.667,712.9188730107321,8900.99999825,3.949438800951119,,,0.5512519620382337,-0.2258887112680244,0.4508215,-0.2258887112680244,100,100,3,10,100,2,50,10,50,10,1,10,2,5,1,1,50,1.2000000000000002,1.7999999999999998,7.0,3.0,90.0,10.0,8.0,2.0,1.0,0.5,5,42.5,7.5
1403,3,1,4,2,1,4,0,5,4,4,1,3,5,2,0,1,1,1233.333333,1250.0,3233.333333,3266.666667,2245.83333325,12.48388889,16.667,179.8985358680167,2246.83333325,3.3515708582961263,,,0.4614716201133291,-0.8215026072099871,0.4508215,-0.8215026072099871,100,100,3,10,100,2,50,10,50,10,1,10,2,5,1,1,50,1.2000000000000002,1.7999999999999998,7.0,3.0,90.0,10.0,8.0,2.0,1.0,0.5,5,42.5,7.5
1404,3,1,3,1,5,5,2,3,1,5,5,4,5,5,2,3,1,18516.66667,21966.66667,41283.33333,46166.66667,31983.333335000003,12.48388889,16.667,2561.9687596402505,31984.333335000003,4.504937302937022,,,0.6193594795633337,0.3290587238107452,0.4508215,0.3290587238107452,100,100,3,10,100,2,50,10,50,10,1,10,2,5,1,1,50,1.2000000000000002,1.7999999999999998,7.0,3.0,90.0,10.0,8.0,2.0,1.0,0.5,5,42.5,7.5
1405,3,1,4,1,0,5,0,4,3,0,5,4,3,2,3,3,2,7800.0,13383.33333,32600.0,38716.66667,23125.0,12.48388889,16.667,1852.3875215297596,23126.0,4.364100521306941,,,0.33102763869085194,0.18830338090254362,0.4508215,0.18830338090254362,100,100,3,10,100,2,50,10,50,10,1,10,2,5,1,1,50,1.2000000000000002,1.7999999999999998,7.0,3.0,90.0,10.0,8.0,2.0,1.0,0.5,5,42.5,7.5
1406,3,1,2,4,4,5,1,2,1,2,5,5,3,2,1,2,3,6933.333333,14116.66667,25383.33333,30900.0,19333.33333325,12.48388889,16.667,1548.6627206956823,19334.33333325,4.2863292017681545,,,0.6314816373150807,0.11058971777876501,0.4508215,0.11058971777876501,100,100,3,10,100,2,50,10,50,10,1,10,2,5,1,1,50,1.2000000000000002,1.7999999999999998,7.0,3.0,90.0,10.0,8.0,2.0,1.0,0.5,5,42.5,7.5
1407,3,1,4,0,4,5,3,3,4,4,2,0,5,4,0,3,3,1833.333333,2533.333333,5950.0,5200.0,3879.1666665000002,12.48388889,16.667,310.73383467929926,3880.1666665000002,3.588850380436143,,,-0.2566010523839162,-0.5854908527544643,0.4508215,-0.5854908527544643,100,100,3,10,100,2,50,10,50,10,1,10,2,5,1,1,50,1.2000000000000002,1.7999999999999998,7.0,3.0,90.0,10.0,8.0,2.0,1.0,0.5,5,42.5,7.5
1408,3,1,5,5,3,2,5,5,5,0,3,5,2,5,0,3,3,0.0,16.66666667,0.0,16.66666667,8.333333335,12.48388889,16.667,0.6675270349190044,9.333333335,0.9700367767001093,,,-0.042364112358193595,-2.7781454598002027,0.4508215,-2.7781454598002027,100,100,3,10,100,2,50,10,50,10,1,10,2,5,1,1,50,1.2000000000000002,1.7999999999999998,7.0,3.0,90.0,10.0,8.0,2.0,1.0,0.5,5,42.5,7.5
1409,3,1,3,1,5,3,3,0,5,2,5,0,0,5,0,1,0,316.6666667,466.6666667,1000.0,1100.0,720.83333335,12.48388889,16.667,57.74108851028071,721.83333335,2.8584369333562263,,,-0.7510743785595619,-1.3083290381044193,0.4508215,-1.3083290381044193,100,100,3,10,100,2,50,10,50,10,1,10,2,5,1,1,50,1.2000000000000002,1.7999999999999998,7.0,3.0,90.0,10.0,8.0,2.0,1.0,0.5,5,42.5,7.5
1410,3,1,2,4,5,3,3,5,3,1,5,0,2,4,2,1,0,2016.666667,4916.666667,12466.66667,11183.33333,7645.833333500001,12.48388889,16.667,612.4560544290458,7646.833333500001,3.8834816246298787,,,-0.17642458331135158,-0.29172075262712727,0.4508215,-0.29172075262712727,100,100,3,10,100,2,50,10,50,10,1,10,2,5,1,1,50,1.2000000000000002,1.7999999999999998,7.0,3.0,90.0,10.0,8.0,2.0,1.0,0.5,5,42.5,7.5
1411,3,1,5,5,0,3,3,3,5,1,3,5,3,3,3,0,0,0.0,0.0,16.66666667,16.66666667,8.333333335,12.48388889,16.667,0.6675270349190044,9.333333335,0.9700367767001093,,,-0.3090907355774798,-2.7781454598002027,0.4508215,-2.7781454598002027,100,100,3,10,100,2,50,10,50,10,1,10,2,5,1,1,50,1.2000000000000002,1.7999999999999998,7.0,3.0,90.0,10.0,8.0,2.0,1.0,0.5,5,42.5,7.5
1412,3,1,1,2,4,0,0,1,2,4,3,5,2,1,3,1,1,0.0,50.0,216.6666667,250.0,129.166666675,12.48388889,16.667,10.346669039842759,130.166666675,2.1144997835214605,,,-0.1457081534267779,-2.0122334637202277,0.4508215,-2.0122334637202277,100,100,3,10,100,2,50,10,50,10,1,10,2,5,1,1,50,1.2000000000000002,1.7999999999999998,7.0,3.0,90.0,10.0,8.0,2.0,1.0,0.5,5,42.5,7.5
1413,3,1,4,1,4,5,0,5,3,0,5,5,2,2,3,3,2,4533.333333,11883.33333,23316.66667,26316.66667,16512.50000075,12.48388889,16.667,1322.7048194875435,16513.50000075,4.217839130798672,,,0.9461966032252418,0.04215970848471333,0.4508215,0.04215970848471333,100,100,3,10,100,2,50,10,50,10,1,10,2,5,1,1,50,1.2000000000000002,1.7999999999999998,7.0,3.0,90.0,10.0,8.0,2.0,1.0,0.5,5,42.5,7.5
1414,3,1,5,0,5,1,3,1,3,1,2,2,1,5,3,0,1,16.66666667,33.33333333,66.66666667,100.0,54.166666667499996,12.48388889,16.667,4.338925726172495,55.166666667499996,1.7416767433986353,,,-0.10381271257879665,-2.3258515356499743,0.4508215,-2.3258515356499743,100,100,3,10,100,2,50,10,50,10,1,10,2,5,1,1,50,1.2000000000000002,1.7999999999999998,7.0,3.0,90.0,10.0,8.0,2.0,1.0,0.5,5,42.5,7.5
1415,3,1,3,3,3,5,1,1,2,1,5,4,1,3,2,1,3,33700.0,50133.33333,104400.0,101366.6667,72400.0000075,12.48388889,16.667,5799.474878817189,72401.0000075,4.859744564743277,,,0.3500601649666297,0.6837472733893931,0.4508215,0.6837472733893931,100,100,3,10,100,2,50,10,50,10,1,10,2,5,1,1,50,1.2000000000000002,1.7999999999999998,7.0,3.0,90.0,10.0,8.0,2.0,1.0,0.5,5,42.5,7.5
1416,3,1,2,5,5,4,2,3,1,4,5,3,0,5,2,1,0,3316.666667,3116.666667,10400.0,10383.33333,6804.166665999999,12.48388889,16.667,545.0358238489576,6805.166665999999,3.832838766018083,,,0.9065257908267594,-0.3422538001738733,0.4508215,-0.3422538001738733,100,100,3,10,100,2,50,10,50,10,1,10,2,5,1,1,50,1.2000000000000002,1.7999999999999998,7.0,3.0,90.0,10.0,8.0,2.0,1.0,0.5,5,42.5,7.5
1417,3,1,5,2,2,3,0,3,3,1,1,1,2,2,0,3,3,83.33333333,233.3333333,483.3333333,333.3333333,283.3333333075,12.48388889,16.667,22.69591918063763,284.3333333075,2.4538277764084024,,,0.20445591972744026,-1.6989695218242602,0.4508215,-1.6989695218242602,100,100,3,10,100,2,50,10,50,10,1,10,2,5,1,1,50,1.2000000000000002,1.7999999999999998,7.0,3.0,90.0,10.0,8.0,2.0,1.0,0.5,5,42.5,7.5
1418,3,1,4,5,0,5,1,1,0,5,1,5,4,3,3,1,2,50.0,16.66666667,33.33333333,66.66666667,41.666666667499996,12.48388889,16.667,3.337635173994247,42.666666667499996,1.6300887149366883,,,0.6405915326133722,-2.410171983407182,0.4508215,-2.410171983407182,100,100,3,10,100,2,50,10,50,10,1,10,2,5,1,1,50,1.2000000000000002,1.7999999999999998,7.0,3.0,90.0,10.0,8.0,2.0,1.0,0.5,5,42.5,7.5
1419,3,1,0,4,5,2,0,3,0,5,1,2,5,3,3,3,3,183.3333333,266.6666667,650.0,600.0,425.0,12.48388889,16.667,34.043878774060445,426.0,2.629409599102719,,,0.35275044447675663,-1.5309963077332205,0.4508215,-1.5309963077332205,100,100,3,10,100,2,50,10,50,10,1,10,2,5,1,1,50,1.2000000000000002,1.7999999999999998,7.0,3.0,90.0,10.0,8.0,2.0,1.0,0.5,5,42.5,7.5
1420,3,1,1,1,1,4,2,4,2,1,2,2,5,3,2,3,1,8983.333333,14116.66667,55966.66667,63166.66667,35558.33333575,12.48388889,16.667,2848.3378576233067,35559.33333575,4.550953610247584,,,0.07673860340077443,0.3750536537994284,0.4508215,0.3750536537994284,100,100,3,10,100,2,50,10,50,10,1,10,2,5,1,1,50,1.2000000000000002,1.7999999999999998,7.0,3.0,90.0,10.0,8.0,2.0,1.0,0.5,5,42.5,7.5
1421,3,1,2,5,4,5,1,5,2,5,5,1,5,1,3,1,3,833.3333333,1766.666667,3866.666667,4600.0,2766.666666825,12.48388889,16.667,221.61897556146866,2767.666666825,3.4421137832284336,,,0.9728848507658276,-0.7315259862557242,0.4508215,-0.7315259862557242,100,100,3,10,100,2,50,10,50,10,1,10,2,5,1,1,50,1.2000000000000002,1.7999999999999998,7.0,3.0,90.0,10.0,8.0,2.0,1.0,0.5,5,42.5,7.5
1422,3,1,1,3,2,4,0,1,0,1,5,5,5,2,2,2,3,8900.0,16800.0,64233.33333,88883.33333,44704.166665,12.48388889,16.667,3580.9487779733035,44705.166665,4.650357718309364,,,-0.016300369107273838,0.4744186318140674,0.4508215,0.4744186318140674,100,100,3,10,100,2,50,10,50,10,1,10,2,5,1,1,50,1.2000000000000002,1.7999999999999998,7.0,3.0,90.0,10.0,8.0,2.0,1.0,0.5,5,42.5,7.5
1423,3,1,5,2,5,5,1,4,0,5,5,4,4,2,1,1,3,2850.0,2516.666667,12300.0,13033.33333,7674.99999925,12.48388889,16.667,614.792398977367,7675.99999925,3.8851349660210004,,,0.2839761703721875,-0.29007078529874564,0.4508215,-0.29007078529874564,100,100,3,10,100,2,50,10,50,10,1,10,2,5,1,1,50,1.2000000000000002,1.7999999999999998,7.0,3.0,90.0,10.0,8.0,2.0,1.0,0.5,5,42.5,7.5
1424,3,1,1,0,4,2,4,4,1,3,1,5,1,3,0,3,2,383.3333333,666.6666667,2733.333333,4266.666667,2012.5,12.48388889,16.667,161.207778900698,2013.5,3.3039516339434503,,,0.09045721206032953,-0.8687734682106494,0.4508215,-0.8687734682106494,100,100,3,10,100,2,50,10,50,10,1,10,2,5,1,1,50,1.2000000000000002,1.7999999999999998,7.0,3.0,90.0,10.0,8.0,2.0,1.0,0.5,5,42.5,7.5
1425,3,1,2,1,5,3,3,3,3,5,5,0,2,2,3,1,1,8983.333333,10033.33333,52416.66667,58400.0,32458.33333325,12.48388889,16.667,2600.017800482843,32459.33333325,4.511339595814796,,,-0.38478490115833974,0.3354579051460012,0.4508215,0.3354579051460012,100,100,3,10,100,2,50,10,50,10,1,10,2,5,1,1,50,1.2000000000000002,1.7999999999999998,7.0,3.0,90.0,10.0,8.0,2.0,1.0,0.5,5,42.5,7.5
1426,3,1,1,2,1,1,3,1,2,1,1,0,2,5,3,2,1,66.66666667,133.3333333,466.6666667,650.0,329.1666666675,12.48388889,16.667,26.367317874093963,330.1666666675,2.5187332251559997,,,-0.6631685539440504,-1.6372239897932777,0.4508215,-1.6372239897932777,100,100,3,10,100,2,50,10,50,10,1,10,2,5,1,1,50,1.2000000000000002,1.7999999999999998,7.0,3.0,90.0,10.0,8.0,2.0,1.0,0.5,5,42.5,7.5
1427,3,1,0,3,4,2,0,2,0,1,5,5,3,4,1,3,1,150.0,266.6666667,933.3333333,1250.0,650.0,12.48388889,16.667,52.067108713268915,651.0,2.813580988568192,,,-0.05589102714511185,-1.3521823009641758,0.4508215,-1.3521823009641758,100,100,3,10,100,2,50,10,50,10,1,10,2,5,1,1,50,1.2000000000000002,1.7999999999999998,7.0,3.0,90.0,10.0,8.0,2.0,1.0,0.5,5,42.5,7.5
1428,3,1,5,0,1,0,2,3,2,2,3,1,3,2,1,3,3,66.66666667,0.0,50.0,116.6666667,58.3333333425,12.48388889,16.667,4.672689244232772,59.3333333425,1.7732987476563276,,,-0.0035286917756454095,-2.301028065417493,0.4508215,-2.301028065417493,100,100,3,10,100,2,50,10,50,10,1,10,2,5,1,1,50,1.2000000000000002,1.7999999999999998,7.0,3.0,90.0,10.0,8.0,2.0,1.0,0.5,5,42.5,7.5
1429,3,1,3,2,2,5,0,0,3,3,5,4,3,1,3,2,0,13066.66667,8516.666667,35650.0,39050.0,24070.83333425,12.48388889,16.667,1928.1518400513417,24071.83333425,4.38150916782499,,,0.07528900141263328,0.205700474634312,0.4508215,0.205700474634312,100,100,3,10,100,2,50,10,50,10,1,10,2,5,1,1,50,1.2000000000000002,1.7999999999999998,7.0,3.0,90.0,10.0,8.0,2.0,1.0,0.5,5,42.5,7.5
1430,3,1,1,3,0,5,5,2,2,5,2,4,3,4,2,1,2,26350.0,32616.66667,96216.66667,113833.3333,67254.16666,12.48388889,16.667,5387.276933702347,67255.16666,4.8277256532207256,,,0.6311571479910425,0.651735550694824,0.4508215,0.651735550694824,100,100,3,10,100,2,50,10,50,10,1,10,2,5,1,1,50,1.2000000000000002,1.7999999999999998,7.0,3.0,90.0,10.0,8.0,2.0,1.0,0.5,5,42.5,7.5
1431,3,1,5,5,0,3,0,5,2,1,5,2,2,1,3,1,0,150.0,83.33333333,200.0,216.6666667,162.5000000075,12.48388889,16.667,13.016777178918003,163.5000000075,2.2135177570162266,,,-0.25916359987388704,-1.9228332371805388,0.4508215,-1.9228332371805388,100,100,3,10,100,2,50,10,50,10,1,10,2,5,1,1,50,1.2000000000000002,1.7999999999999998,7.0,3.0,90.0,10.0,8.0,2.0,1.0,0.5,5,42.5,7.5
1432,3,1,5,5,0,0,3,3,5,0,3,0,3,2,0,3,1,0.0,0.0,66.66666667,33.33333333,25.0,12.48388889,16.667,2.002581104356497,26.0,1.414973347970818,,,0.4311249030020452,-2.5562990264253296,0.4508215,-2.5562990264253296,100,100,3,10,100,2,50,10,50,10,1,10,2,5,1,1,50,1.2000000000000002,1.7999999999999998,7.0,3.0,90.0,10.0,8.0,2.0,1.0,0.5,5,42.5,7.5
1433,3,1,5,0,5,5,4,1,5,5,1,5,4,0,0,1,0,0.0,0.0,16.66666667,16.66666667,8.333333335,12.48388889,16.667,0.6675270349190044,9.333333335,0.9700367767001093,,,0.09400904041856362,-2.7781454598002027,0.4508215,-2.7781454598002027,100,100,3,10,100,2,50,10,50,10,1,10,2,5,1,1,50,1.2000000000000002,1.7999999999999998,7.0,3.0,90.0,10.0,8.0,2.0,1.0,0.5,5,42.5,7.5
1434,3,1,3,5,2,3,5,0,2,5,3,5,4,0,3,1,3,0.0,50.0,150.0,116.6666667,79.166666675,12.48388889,16.667,6.3415068311297675,80.166666675,1.903993826035333,,,0.167251019642918,-2.1945731541250546,0.4508215,-2.1945731541250546,100,100,3,10,100,2,50,10,50,10,1,10,2,5,1,1,50,1.2000000000000002,1.7999999999999998,7.0,3.0,90.0,10.0,8.0,2.0,1.0,0.5,5,42.5,7.5
1435,3,1,1,5,5,4,4,3,2,2,2,5,0,4,3,3,0,0.0,16.66666667,33.33333333,16.66666667,16.6666666675,12.48388889,16.667,1.3350540696377506,17.6666666675,1.2471546149016122,,,-0.10898378104832918,-2.653208170841382,0.4508215,-2.653208170841382,100,100,3,10,100,2,50,10,50,10,1,10,2,5,1,1,50,1.2000000000000002,1.7999999999999998,7.0,3.0,90.0,10.0,8.0,2.0,1.0,0.5,5,42.5,7.5
1436,3,1,1,4,3,3,5,3,4,3,4,1,3,5,1,1,1,3600.0,2316.666667,13950.0,16033.33333,8974.99999925,12.48388889,16.667,718.9266164039049,8975.99999925,3.9530828438757983,,,0.18592643936310083,-0.22225104435673237,0.4508215,-0.22225104435673237,100,100,3,10,100,2,50,10,50,10,1,10,2,5,1,1,50,1.2000000000000002,1.7999999999999998,7.0,3.0,90.0,10.0,8.0,2.0,1.0,0.5,5,42.5,7.5
1437,3,1,0,0,2,5,0,0,0,5,1,5,4,1,3,1,0,9883.333333,7050.0,33266.66667,53300.0,25875.00000075,12.48388889,16.667,2072.6714430690517,25876.00000075,4.412897142481039,,,0.3201488611446921,0.237068753755423,0.4508215,0.237068753755423,100,100,3,10,100,2,50,10,50,10,1,10,2,5,1,1,50,1.2000000000000002,1.7999999999999998,7.0,3.0,90.0,10.0,8.0,2.0,1.0,0.5,5,42.5,7.5
1438,3,1,1,2,4,1,5,3,1,3,0,4,5,1,0,2,1,83.33333333,83.33333333,800.0,866.6666667,458.33333333999997,12.48388889,16.667,36.71398691373646,459.33333333999997,2.6621279628582477,,,-0.1679882980889933,-1.4993973446567688,0.4508215,-1.4993973446567688,100,100,3,10,100,2,50,10,50,10,1,10,2,5,1,1,50,1.2000000000000002,1.7999999999999998,7.0,3.0,90.0,10.0,8.0,2.0,1.0,0.5,5,42.5,7.5
1439,3,1,2,3,5,5,3,5,3,5,5,1,5,3,1,2,2,12950.0,8266.666667,58650.0,71866.66667,37933.33333425,12.48388889,16.667,3038.583062417019,37934.33333425,4.579032456086903,,,-0.28733386258763893,0.40312052500092804,0.4508215,0.40312052500092804,100,100,3,10,100,2,50,10,50,10,1,10,2,5,1,1,50,1.2000000000000002,1.7999999999999998,7.0,3.0,90.0,10.0,8.0,2.0,1.0,0.5,5,42.5,7.5
1440,3,2,1,4,1,3,3,3,5,3,5,5,0,1,1,3,1,450.0,466.6666667,833.3333333,683.3333333,608.333333325,17.20555556,16.667,35.356796890608514,609.333333325,2.7848549366722106,,,-0.4656911898429055,-1.3802110100937346,0.4508215,-1.3802110100937346,100,100,3,10,100,2,50,10,50,10,1,10,2,5,1,1,50,1.2000000000000002,1.7999999999999998,7.0,3.0,90.0,10.0,8.0,2.0,1.0,0.5,5,42.5,7.5
1441,3,2,2,5,3,2,0,4,5,1,1,1,3,3,2,1,3,33.33333333,116.6666667,66.66666667,16.66666667,58.333333342500005,17.20555556,16.667,3.3903777846101706,59.333333342500005,1.7732987476563276,,,0.18952338180127404,-2.301028065417493,0.4508215,-2.301028065417493,100,100,3,10,100,2,50,10,50,10,1,10,2,5,1,1,50,1.2000000000000002,1.7999999999999998,7.0,3.0,90.0,10.0,8.0,2.0,1.0,0.5,5,42.5,7.5
1442,3,2,1,0,4,2,3,2,1,2,5,3,5,5,2,1,3,18583.33333,22133.33333,21400.0,16566.66667,19670.8333325,17.20555556,16.667,1143.283822710808,19671.8333325,4.293844836232786,,,0.02302178056744353,0.11809931941274569,0.4508215,0.11809931941274569,100,100,3,10,100,2,50,10,50,10,1,10,2,5,1,1,50,1.2000000000000002,1.7999999999999998,7.0,3.0,90.0,10.0,8.0,2.0,1.0,0.5,5,42.5,7.5
1443,3,2,3,1,0,5,5,2,5,5,2,5,3,0,3,3,2,3683.333333,5150.0,4183.333333,3866.666667,4220.833333250001,17.20555556,16.667,245.31804965732826,4221.833333250001,3.625501084519114,,,0.7286957303443193,-0.5489815136902935,0.4508215,-0.5489815136902935,100,100,3,10,100,2,50,10,50,10,1,10,2,5,1,1,50,1.2000000000000002,1.7999999999999998,7.0,3.0,90.0,10.0,8.0,2.0,1.0,0.5,5,42.5,7.5
1444,3,2,3,0,5,1,1,5,3,4,5,2,5,4,3,1,0,1200.0,1433.333333,866.6666667,1516.666667,1254.166666675,17.20555556,16.667,72.89312235814836,1255.166666675,3.0987013972205832,,,0.592582376390538,-1.0720025475043617,0.4508215,-1.0720025475043617,100,100,3,10,100,2,50,10,50,10,1,10,2,5,1,1,50,1.2000000000000002,1.7999999999999998,7.0,3.0,90.0,10.0,8.0,2.0,1.0,0.5,5,42.5,7.5
1445,3,2,5,1,1,4,2,3,1,2,4,5,5,1,2,3,2,15766.66667,17616.66667,16866.66667,14333.33333,16145.833335,17.20555556,16.667,938.4081367611474,16146.833335,4.2080873625814865,,,0.7461750399590534,0.03241728783438714,0.4508215,0.03241728783438714,100,100,3,10,100,2,50,10,50,10,1,10,2,5,1,1,50,1.2000000000000002,1.7999999999999998,7.0,3.0,90.0,10.0,8.0,2.0,1.0,0.5,5,42.5,7.5
1446,3,2,3,5,0,4,2,2,3,5,3,2,5,2,0,2,2,16.66666667,33.33333333,33.33333333,33.33333333,29.166666665,17.20555556,16.667,1.6951888919418305,30.166666665,1.4795273244615468,,,-0.3108043401105878,-2.514906657131017,0.4508215,-2.514906657131017,100,100,3,10,100,2,50,10,50,10,1,10,2,5,1,1,50,1.2000000000000002,1.7999999999999998,7.0,3.0,90.0,10.0,8.0,2.0,1.0,0.5,5,42.5,7.5
1447,3,2,0,4,0,5,1,3,5,2,5,4,5,5,1,3,3,550.0,583.3333333,583.3333333,700.0,604.16666665,17.20555556,16.667,35.11462704840436,605.16666665,2.781874998517288,,,-0.6163118403955972,-1.3831159991884894,0.4508215,-1.3831159991884894,100,100,3,10,100,2,50,10,50,10,1,10,2,5,1,1,50,1.2000000000000002,1.7999999999999998,7.0,3.0,90.0,10.0,8.0,2.0,1.0,0.5,5,42.5,7.5
1448,3,2,4,2,1,4,3,5,3,4,1,3,5,2,3,1,1,21150.0,22050.0,20366.66667,20366.66667,20983.333335,17.20555556,16.667,1219.5673229978515,20984.333335,4.321895176381445,,,0.9102864564762898,0.146128042606269,0.4508215,0.146128042606269,100,100,3,10,100,2,50,10,50,10,1,10,2,5,1,1,50,1.2000000000000002,1.7999999999999998,7.0,3.0,90.0,10.0,8.0,2.0,1.0,0.5,5,42.5,7.5
1449,3,2,3,1,5,5,2,3,1,5,5,4,5,5,2,3,1,5116.666667,4366.666667,4566.666667,6016.666667,5016.666667,17.20555556,16.667,291.5724894500297,5017.666667,3.7005018069405438,,,-0.18507601643314464,-0.4742355376921899,0.4508215,-0.4742355376921899,100,100,3,10,100,2,50,10,50,10,1,10,2,5,1,1,50,1.2000000000000002,1.7999999999999998,7.0,3.0,90.0,10.0,8.0,2.0,1.0,0.5,5,42.5,7.5
1450,3,2,4,1,0,5,0,4,3,0,5,4,3,2,3,3,2,35666.66667,39450.0,34866.66667,33483.33333,35866.6666675,17.20555556,16.667,2084.597997572593,35867.6666675,4.5547031250342105,,,0.5216302424181212,0.3788015244285675,0.4508215,0.3788015244285675,100,100,3,10,100,2,50,10,50,10,1,10,2,5,1,1,50,1.2000000000000002,1.7999999999999998,7.0,3.0,90.0,10.0,8.0,2.0,1.0,0.5,5,42.5,7.5
1451,3,2,2,4,4,5,1,2,1,2,5,5,3,2,1,2,3,900.0,666.6666667,700.0,766.6666667,758.33333335,17.20555556,16.667,44.074911193974835,759.33333335,2.8804324650329516,,,-0.7744150994201222,-1.2867893697467458,0.4508215,-1.2867893697467458,100,100,3,10,100,2,50,10,50,10,1,10,2,5,1,1,50,1.2000000000000002,1.7999999999999998,7.0,3.0,90.0,10.0,8.0,2.0,1.0,0.5,5,42.5,7.5
1452,3,2,4,0,4,5,3,3,4,4,2,0,5,4,0,3,3,15866.66667,16850.0,15583.33333,16616.66667,16229.1666675,17.20555556,16.667,943.2515335471097,16230.1666675,4.2103229796169845,,,0.36487154679692546,0.03465074335386518,0.4508215,0.03465074335386518,100,100,3,10,100,2,50,10,50,10,1,10,2,5,1,1,50,1.2000000000000002,1.7999999999999998,7.0,3.0,90.0,10.0,8.0,2.0,1.0,0.5,5,42.5,7.5
1453,3,2,2,3,3,3,1,1,2,1,3,3,1,3,2,1,3,10800.0,10816.66667,9116.666667,11316.66667,10512.500001749999,17.20555556,16.667,610.9945107608021,10513.500001749999,4.021747319111515,,,0.10107244636110613,-0.15369724502625598,0.4508215,-0.15369724502625598,100,100,3,10,100,2,50,10,50,10,1,10,2,5,1,1,50,1.2000000000000002,1.7999999999999998,7.0,3.0,90.0,10.0,8.0,2.0,1.0,0.5,5,42.5,7.5
1454,3,2,3,1,5,3,3,0,5,2,5,0,0,5,0,1,0,18150.0,19800.0,19533.33333,21266.66667,19687.5,17.20555556,16.667,1144.2525021261213,19688.5,4.2942126299757115,,,0.6847013180599233,0.11846682059505342,0.4508215,0.11846682059505342,100,100,3,10,100,2,50,10,50,10,1,10,2,5,1,1,50,1.2000000000000002,1.7999999999999998,7.0,3.0,90.0,10.0,8.0,2.0,1.0,0.5,5,42.5,7.5
1455,3,2,2,4,5,3,3,5,3,1,5,0,2,4,2,1,0,1250.0,1466.666667,1416.666667,1183.333333,1329.1666667499999,17.20555556,16.667,77.25217951346407,1330.1666667499999,3.123906060452031,,,-0.9360001474891995,-1.0470998708441097,0.4508215,-1.0470998708441097,100,100,3,10,100,2,50,10,50,10,1,10,2,5,1,1,50,1.2000000000000002,1.7999999999999998,7.0,3.0,90.0,10.0,8.0,2.0,1.0,0.5,5,42.5,7.5
1456,3,2,3,3,3,3,1,1,2,2,3,3,1,3,2,1,3,2283.333333,2200.0,2116.666667,2233.333333,2208.33333325,17.20555556,16.667,128.35001610665805,2209.33333325,3.3442612450112557,,,-0.40614149466094585,-0.8287611786921577,0.4508215,-0.8287611786921577,100,100,3,10,100,2,50,10,50,10,1,10,2,5,1,1,50,1.2000000000000002,1.7999999999999998,7.0,3.0,90.0,10.0,8.0,2.0,1.0,0.5,5,42.5,7.5
1457,3,2,1,2,5,0,3,1,2,4,2,3,5,1,1,1,1,150.0,133.3333333,83.33333333,133.3333333,124.9999999825,17.20555556,16.667,7.265095250577308,125.9999999825,2.100370545057244,,,-0.010137010380916411,-2.024822561910513,0.4508215,-2.024822561910513,100,100,3,10,100,2,50,10,50,10,1,10,2,5,1,1,50,1.2000000000000002,1.7999999999999998,7.0,3.0,90.0,10.0,8.0,2.0,1.0,0.5,5,42.5,7.5
1458,3,2,4,1,4,5,0,5,3,0,5,5,2,2,3,3,2,35600.0,28216.66667,27533.33333,31450.0,30700.0,17.20555556,16.667,1784.30739379159,30701.0,4.487152521646856,,,1.2155099940734262,0.31128283049265704,0.4508215,0.31128283049265704,100,100,3,10,100,2,50,10,50,10,1,10,2,5,1,1,50,1.2000000000000002,1.7999999999999998,7.0,3.0,90.0,10.0,8.0,2.0,1.0,0.5,5,42.5,7.5
1459,3,2,0,0,4,1,3,1,3,1,0,4,1,5,1,2,1,1016.666667,1350.0,1083.333333,950.0,1100.0,17.20555556,16.667,63.93283821403091,1101.0,3.041787318971752,,,0.40157613320568686,-1.128167577098374,0.4508215,-1.128167577098374,100,100,3,10,100,2,50,10,50,10,1,10,2,5,1,1,50,1.2000000000000002,1.7999999999999998,7.0,3.0,90.0,10.0,8.0,2.0,1.0,0.5,5,42.5,7.5
1460,3,2,3,3,3,5,1,1,2,1,5,4,1,3,2,1,3,38916.66667,47333.33333,45033.33333,44633.33333,43979.166665,17.20555556,16.667,2556.102679255769,43980.166665,4.643256870808143,,,0.1335724710314956,0.4673202923856887,0.4508215,0.4673202923856887,100,100,3,10,100,2,50,10,50,10,1,10,2,5,1,1,50,1.2000000000000002,1.7999999999999998,7.0,3.0,90.0,10.0,8.0,2.0,1.0,0.5,5,42.5,7.5
1461,3,2,2,5,5,4,2,3,1,4,5,3,0,5,2,1,0,166.6666667,300.0,300.0,350.0,279.166666675,17.20555556,16.667,16.22537939571188,280.166666675,2.447416463068745,,,-0.47889651212257833,-1.705043662690359,0.4508215,-1.705043662690359,100,100,3,10,100,2,50,10,50,10,1,10,2,5,1,1,50,1.2000000000000002,1.7999999999999998,7.0,3.0,90.0,10.0,8.0,2.0,1.0,0.5,5,42.5,7.5
1462,3,2,5,2,2,3,0,3,3,1,1,1,2,2,0,3,3,350.0,333.3333333,316.6666667,500.0,375.0,17.20555556,16.667,21.795285754783265,376.0,2.575187844927661,,,0.32581598824669866,-1.5831742775554207,0.4508215,-1.5831742775554207,100,100,3,10,100,2,50,10,50,10,1,10,2,5,1,1,50,1.2000000000000002,1.7999999999999998,7.0,3.0,90.0,10.0,8.0,2.0,1.0,0.5,5,42.5,7.5
1463,3,2,4,0,0,5,1,1,0,5,1,5,4,3,3,1,1,78266.66667,70083.33333,94450.0,81150.0,80987.5,17.20555556,16.667,4707.055213508025,80988.5,4.908423355408091,,,1.0790224041505376,0.7324161012866481,0.4508215,0.7324161012866481,100,100,3,10,100,2,50,10,50,10,1,10,2,5,1,1,50,1.2000000000000002,1.7999999999999998,7.0,3.0,90.0,10.0,8.0,2.0,1.0,0.5,5,42.5,7.5
1464,3,2,0,4,5,2,0,3,0,5,1,2,5,3,3,3,3,183.3333333,133.3333333,400.0,166.6666667,220.833333325,17.20555556,16.667,12.835001610665806,221.833333325,2.346026805074717,,,0.06936765044875459,-1.800427035574347,0.4508215,-1.800427035574347,100,100,3,10,100,2,50,10,50,10,1,10,2,5,1,1,50,1.2000000000000002,1.7999999999999998,7.0,3.0,90.0,10.0,8.0,2.0,1.0,0.5,5,42.5,7.5
1465,3,2,1,1,1,4,2,4,2,1,2,2,5,3,2,3,1,88133.33333,99350.0,94200.0,87916.66667,92400.0,17.20555556,16.667,5370.358409978597,92401.0,4.965676671351404,,,0.4914616645045946,0.7896590426122904,0.4508215,0.7896590426122904,100,100,3,10,100,2,50,10,50,10,1,10,2,5,1,1,50,1.2000000000000002,1.7999999999999998,7.0,3.0,90.0,10.0,8.0,2.0,1.0,0.5,5,42.5,7.5
1466,3,2,2,5,4,5,1,5,2,5,5,1,5,1,3,1,3,116.6666667,116.6666667,100.0,66.66666667,100.0000000175,17.20555556,16.667,5.81207620229265,101.0000000175,2.0043213738578918,,,-0.4649075586047142,-2.10914322852032,0.4508215,-2.10914322852032,100,100,3,10,100,2,50,10,50,10,1,10,2,5,1,1,50,1.2000000000000002,1.7999999999999998,7.0,3.0,90.0,10.0,8.0,2.0,1.0,0.5,5,42.5,7.5
1467,3,2,1,4,1,4,0,1,5,1,5,1,5,1,2,2,3,833.3333333,1033.333333,1033.333333,916.6666667,954.1666665,17.20555556,16.667,55.456893744150626,955.1666665,2.980079157998326,,,-0.7685828485212554,-1.1889464307018656,0.4508215,-1.1889464307018656,100,100,3,10,100,2,50,10,50,10,1,10,2,5,1,1,50,1.2000000000000002,1.7999999999999998,7.0,3.0,90.0,10.0,8.0,2.0,1.0,0.5,5,42.5,7.5
1468,3,2,2,2,4,4,5,1,1,5,5,4,5,1,3,1,3,147250.0,149500.0,142416.6667,137950.0,144279.166675,17.20555556,16.667,8385.61510971634,144280.166675,5.159206635351281,,,0.3775227646264465,0.9831625326193854,0.4508215,0.9831625326193854,100,100,3,10,100,2,50,10,50,10,1,10,2,5,1,1,50,1.2000000000000002,1.7999999999999998,7.0,3.0,90.0,10.0,8.0,2.0,1.0,0.5,5,42.5,7.5
1469,3,2,1,0,4,2,4,4,1,3,1,5,1,3,0,3,2,12150.0,8766.666667,12083.33333,11283.33333,11070.83333175,17.20555556,16.667,643.4452693575214,11071.83333175,4.044219539572393,,,0.8307251176892723,-0.13125761322133775,0.4508215,-0.13125761322133775,100,100,3,10,100,2,50,10,50,10,1,10,2,5,1,1,50,1.2000000000000002,1.7999999999999998,7.0,3.0,90.0,10.0,8.0,2.0,1.0,0.5,5,42.5,7.5
1470,3,2,1,1,2,3,3,3,3,5,5,0,2,2,3,1,1,65800.0,76516.66667,70583.33333,65683.33333,69645.8333325,17.20555556,16.667,4047.868904298258,69646.8333325,4.842901374923862,,,0.2275597330135959,0.6669077990814685,0.4508215,0.6669077990814685,100,100,3,10,100,2,50,10,50,10,1,10,2,5,1,1,50,1.2000000000000002,1.7999999999999998,7.0,3.0,90.0,10.0,8.0,2.0,1.0,0.5,5,42.5,7.5
1471,3,2,1,2,2,5,0,1,2,1,2,3,2,0,1,2,1,54000.0,64916.66667,56400.0,63150.0,59616.6666675,17.20555556,16.667,3464.9660953755333,59617.6666675,4.775374974493335,,,0.6279731227142689,0.5993978292256806,0.4508215,0.5993978292256806,100,100,3,10,100,2,50,10,50,10,1,10,2,5,1,1,50,1.2000000000000002,1.7999999999999998,7.0,3.0,90.0,10.0,8.0,2.0,1.0,0.5,5,42.5,7.5
1472,3,2,0,3,4,2,0,2,0,1,5,5,3,4,1,3,1,800.0,933.3333333,850.0,650.0,808.333333325,17.20555556,16.667,46.98094929315958,809.333333325,2.908127427679086,,,0.038655411965781816,-1.2596371350376605,0.4508215,-1.2596371350376605,100,100,3,10,100,2,50,10,50,10,1,10,2,5,1,1,50,1.2000000000000002,1.7999999999999998,7.0,3.0,90.0,10.0,8.0,2.0,1.0,0.5,5,42.5,7.5
1473,3,2,3,3,3,3,1,2,2,1,3,3,1,3,2,1,3,2716.666667,2833.333333,2883.333333,2966.666667,2850.0,17.20555556,16.667,165.6441717363528,2851.0,3.45499721730946,,,-0.22553571993731314,-0.7187140120324206,0.4508215,-0.7187140120324206,100,100,3,10,100,2,50,10,50,10,1,10,2,5,1,1,50,1.2000000000000002,1.7999999999999998,7.0,3.0,90.0,10.0,8.0,2.0,1.0,0.5,5,42.5,7.5
1474,3,2,3,2,2,5,0,0,3,3,5,4,3,1,3,2,0,81200.0,92216.66667,106950.0,84266.66667,91158.333335,17.20555556,16.667,5298.19179724296,91159.333335,4.95980114044439,,,0.6535809740320335,0.7837845145258454,0.4508215,0.7837845145258454,100,100,3,10,100,2,50,10,50,10,1,10,2,5,1,1,50,1.2000000000000002,1.7999999999999998,7.0,3.0,90.0,10.0,8.0,2.0,1.0,0.5,5,42.5,7.5
1475,3,2,1,3,0,5,4,2,2,5,2,4,3,4,1,1,3,11883.33333,12366.66667,13683.33333,11500.0,12358.3333325,17.20555556,16.667,718.2757504925345,12359.3333325,4.09199504536242,,,-0.28546594578003415,-0.08354603978115262,0.4508215,-0.08354603978115262,100,100,3,10,100,2,50,10,50,10,1,10,2,5,1,1,50,1.2000000000000002,1.7999999999999998,7.0,3.0,90.0,10.0,8.0,2.0,1.0,0.5,5,42.5,7.5
1476,3,2,5,3,0,3,5,4,2,1,1,4,4,1,3,0,2,50.0,100.0,50.0,0.0,50.0,17.20555556,16.667,2.9060381006377685,51.0,1.7075701760979363,,,-0.41742773281503975,-2.352180346644382,0.4508215,-2.352180346644382,100,100,3,10,100,2,50,10,50,10,1,10,2,5,1,1,50,1.2000000000000002,1.7999999999999998,7.0,3.0,90.0,10.0,8.0,2.0,1.0,0.5,5,42.5,7.5
1477,3,2,3,3,3,3,1,1,2,1,3,3,1,3,2,2,3,3850.0,3950.0,4183.333333,4250.0,4058.3333332499997,17.20555556,16.667,235.87342583025546,4059.3333332499997,3.6084547149899255,,,-0.003977441969998274,-0.5659636104634577,0.4508215,-0.5659636104634577,100,100,3,10,100,2,50,10,50,10,1,10,2,5,1,1,50,1.2000000000000002,1.7999999999999998,7.0,3.0,90.0,10.0,8.0,2.0,1.0,0.5,5,42.5,7.5
1478,3,2,4,2,5,2,5,0,5,5,0,2,4,2,3,1,1,650.0,650.0,450.0,683.3333333,608.333333325,17.20555556,16.667,35.356796890608514,609.333333325,2.7848549366722106,,,0.7911615186959824,-1.3802110100937346,0.4508215,-1.3802110100937346,100,100,3,10,100,2,50,10,50,10,1,10,2,5,1,1,50,1.2000000000000002,1.7999999999999998,7.0,3.0,90.0,10.0,8.0,2.0,1.0,0.5,5,42.5,7.5
1479,3,2,3,2,2,1,2,4,0,4,3,5,1,4,2,1,0,900.0,900.0,966.6666667,933.3333333,925.0,17.20555556,16.667,53.76170486179872,926.0,2.966610986681934,,,0.505144497264991,-1.2021939078873536,0.4508215,-1.2021939078873536,100,100,3,10,100,2,50,10,50,10,1,10,2,5,1,1,50,1.2000000000000002,1.7999999999999998,7.0,3.0,90.0,10.0,8.0,2.0,1.0,0.5,5,42.5,7.5
1480,3,2,1,3,5,4,0,0,0,2,2,5,0,4,3,3,0,366.6666667,233.3333333,450.0,333.3333333,345.833333325,17.20555556,16.667,20.100096862260227,346.833333325,2.5401208298175484,,,0.3981386018177564,-1.6167828488075884,0.4508215,-1.6167828488075884,100,100,3,10,100,2,50,10,50,10,1,10,2,5,1,1,50,1.2000000000000002,1.7999999999999998,7.0,3.0,90.0,10.0,8.0,2.0,1.0,0.5,5,42.5,7.5
1481,3,2,1,4,3,3,5,3,4,3,4,1,3,5,1,1,1,666.6666667,833.3333333,616.6666667,666.6666667,695.83333335,17.20555556,16.667,40.442363568177626,696.83333335,2.8431289171771583,,,-0.9240274873355392,-1.323306187186317,0.4508215,-1.323306187186317,100,100,3,10,100,2,50,10,50,10,1,10,2,5,1,1,50,1.2000000000000002,1.7999999999999998,7.0,3.0,90.0,10.0,8.0,2.0,1.0,0.5,5,42.5,7.5
1482,3,2,0,0,2,5,0,0,0,5,1,5,4,1,3,1,0,82316.66667,65000.0,65316.66667,88266.66667,75225.0000025,17.20555556,16.667,4372.134322554825,75226.0000025,4.876367969661451,,,0.7836196883251043,0.7003671498583741,0.4508215,0.7003671498583741,100,100,3,10,100,2,50,10,50,10,1,10,2,5,1,1,50,1.2000000000000002,1.7999999999999998,7.0,3.0,90.0,10.0,8.0,2.0,1.0,0.5,5,42.5,7.5
1483,3,2,1,2,4,1,5,3,1,3,0,4,5,1,0,2,1,1583.333333,1150.0,1716.666667,1333.333333,1445.8333332500001,17.20555556,16.667,84.03293507193209,1446.8333332500001,3.1604185058124035,,,0.33030224486516246,-1.0109952853417232,0.4508215,-1.0109952853417232,100,100,3,10,100,2,50,10,50,10,1,10,2,5,1,1,50,1.2000000000000002,1.7999999999999998,7.0,3.0,90.0,10.0,8.0,2.0,1.0,0.5,5,42.5,7.5
1484,3,2,2,3,5,5,3,5,3,5,5,1,5,3,1,2,2,47066.66667,47433.33333,46800.0,48150.0,47362.5,17.20555556,16.667,2752.744590829126,47363.5,4.675443787771509,,,-0.19092253090303313,0.4994961618206466,0.4508215,0.4994961618206466,100,100,3,10,100,2,50,10,50,10,1,10,2,5,1,1,50,1.2000000000000002,1.7999999999999998,7.0,3.0,90.0,10.0,8.0,2.0,1.0,0.5,5,42.5,7.5
1485,3,2,1,3,0,5,3,3,5,0,5,4,0,3,1,2,2,48933.33333,47183.33333,51866.66667,47266.66667,48812.5,17.20555556,16.667,2837.0196957476214,48813.5,4.688539948328333,,,0.4460146487795411,0.5125880564553685,0.4508215,0.5125880564553685,100,100,3,10,100,2,50,10,50,10,1,10,2,5,1,1,50,1.2000000000000002,1.7999999999999998,7.0,3.0,90.0,10.0,8.0,2.0,1.0,0.5,5,42.5,7.5
1486,3,2,2,5,2,2,0,5,4,4,4,1,3,3,2,1,3,83.33333333,100.0,16.66666667,33.33333333,58.333333332500004,17.20555556,16.667,3.390377784028963,59.333333332500004,1.7732987475831319,,,-0.8759287364536288,-2.3010280654753985,0.4508215,-2.3010280654753985,100,100,3,10,100,2,50,10,50,10,1,10,2,5,1,1,50,1.2000000000000002,1.7999999999999998,7.0,3.0,90.0,10.0,8.0,2.0,1.0,0.5,5,42.5,7.5
1487,3,2,1,0,5,2,3,2,1,2,1,0,5,3,2,3,3,14700.0,16850.0,16550.0,14883.33333,15745.8333325,17.20555556,16.667,915.1598318107433,15746.8333325,4.1971932308561515,,,0.44869608048586906,0.021533849686624994,0.4508215,0.021533849686624994,100,100,3,10,100,2,50,10,50,10,1,10,2,5,1,1,50,1.2000000000000002,1.7999999999999998,7.0,3.0,90.0,10.0,8.0,2.0,1.0,0.5,5,42.5,7.5
1488,3,2,5,1,5,0,5,5,3,5,2,2,4,5,3,3,2,16.66666667,16.66666667,33.33333333,33.33333333,25.000000000000004,17.20555556,16.667,1.4530190503188845,26.000000000000004,1.414973347970818,,,0.08174743764492987,-2.5562990264253296,0.4508215,-2.5562990264253296,100,100,3,10,100,2,50,10,50,10,1,10,2,5,1,1,50,1.2000000000000002,1.7999999999999998,7.0,3.0,90.0,10.0,8.0,2.0,1.0,0.5,5,42.5,7.5
1489,3,2,3,0,4,5,3,0,0,4,5,4,5,3,3,1,0,119050.0,117383.3333,121866.6667,60383.33333,104670.8333325,17.20555556,16.667,6083.548593795014,104671.8333325,5.019829830924393,,,0.33631855555032164,0.8438035710406292,0.4508215,0.8438035710406292,100,100,3,10,100,2,50,10,50,10,1,10,2,5,1,1,50,1.2000000000000002,1.7999999999999998,7.0,3.0,90.0,10.0,8.0,2.0,1.0,0.5,5,42.5,7.5
1490,3,2,5,0,5,4,2,3,2,2,4,5,3,5,2,1,2,35616.66667,33483.33333,30050.0,39483.33333,34658.3333325,17.20555556,16.667,2014.3687433769792,34659.3333325,4.539820204863731,,,1.2909636769151462,0.36392521485410884,0.4508215,0.36392521485410884,100,100,3,10,100,2,50,10,50,10,1,10,2,5,1,1,50,1.2000000000000002,1.7999999999999998,7.0,3.0,90.0,10.0,8.0,2.0,1.0,0.5,5,42.5,7.5
1491,3,2,3,5,0,5,5,2,2,5,2,2,5,2,0,2,2,0.0,16.66666667,0.0,16.66666667,8.333333335,17.20555556,16.667,0.4843396835364961,9.333333335,0.9700367767001093,,,-0.3864938233106422,-2.7781454598002027,0.4508215,-2.7781454598002027,100,100,3,10,100,2,50,10,50,10,1,10,2,5,1,1,50,1.2000000000000002,1.7999999999999998,7.0,3.0,90.0,10.0,8.0,2.0,1.0,0.5,5,42.5,7.5
1492,3,2,3,4,5,2,1,3,1,2,5,4,5,5,1,2,3,150.0,266.6666667,100.0,233.3333333,187.5,17.20555556,16.667,10.897642877391633,188.5,2.2753113545418118,,,0.004349360476557429,-1.8661057116871371,0.4508215,-1.8661057116871371,100,100,3,10,100,2,50,10,50,10,1,10,2,5,1,1,50,1.2000000000000002,1.7999999999999998,7.0,3.0,90.0,10.0,8.0,2.0,1.0,0.5,5,42.5,7.5
1493,3,2,4,2,5,5,3,5,3,0,0,3,4,5,3,3,1,11300.0,8733.333333,9116.666667,9250.0,9600.0,17.20555556,16.667,557.9593153224515,9601.0,3.982316469692065,,,0.6190044388116069,-0.19306668123005885,0.4508215,-0.19306668123005885,100,100,3,10,100,2,50,10,50,10,1,10,2,5,1,1,50,1.2000000000000002,1.7999999999999998,7.0,3.0,90.0,10.0,8.0,2.0,1.0,0.5,5,42.5,7.5
1494,3,2,3,1,3,5,2,3,1,5,2,4,5,5,0,3,3,9050.0,9283.333333,8083.333333,7450.0,8466.666666500001,17.20555556,16.667,492.08911836497543,8467.666666500001,3.927763753486603,,,0.30275280562087525,-0.24752471004648252,0.4508215,-0.24752471004648252,100,100,3,10,100,2,50,10,50,10,1,10,2,5,1,1,50,1.2000000000000002,1.7999999999999998,7.0,3.0,90.0,10.0,8.0,2.0,1.0,0.5,5,42.5,7.5
1495,3,2,4,1,1,1,0,1,3,0,0,5,5,2,0,3,3,66.66666667,100.0,100.0,116.6666667,95.8333333425,17.20555556,16.667,5.569906360088496,96.8333333425,1.9860248820477993,,,0.2659111625574919,-2.1249374497763545,0.4508215,-2.1249374497763545,100,100,3,10,100,2,50,10,50,10,1,10,2,5,1,1,50,1.2000000000000002,1.7999999999999998,7.0,3.0,90.0,10.0,8.0,2.0,1.0,0.5,5,42.5,7.5
1496,3,2,3,3,1,5,1,5,1,4,5,5,3,0,1,3,3,9800.0,8416.666667,10233.33333,8683.333333,9283.3333325,17.20555556,16.667,539.5544073033118,9284.3333325,3.9677507244020016,,,0.9642741487585069,-0.20760829497455124,0.4508215,-0.20760829497455124,100,100,3,10,100,2,50,10,50,10,1,10,2,5,1,1,50,1.2000000000000002,1.7999999999999998,7.0,3.0,90.0,10.0,8.0,2.0,1.0,0.5,5,42.5,7.5
1497,3,2,4,0,4,5,1,4,4,2,4,0,5,4,0,3,3,33116.66667,38216.66667,36150.0,34716.66667,35550.0000025,17.20555556,16.667,2066.193089698755,35551.0000025,4.55085182136563,,,1.114398741805688,0.3749519097498918,0.4508215,0.3749519097498918,100,100,3,10,100,2,50,10,50,10,1,10,2,5,1,1,50,1.2000000000000002,1.7999999999999998,7.0,3.0,90.0,10.0,8.0,2.0,1.0,0.5,5,42.5,7.5
1498,3,2,2,1,3,3,5,0,1,0,1,3,0,2,2,2,0,68550.0,53916.66667,52566.66667,57933.33333,58241.6666675,17.20555556,16.667,3385.0500476079947,58242.6666675,4.765241251134435,,,0.9339779276173332,0.5892667995167916,0.4508215,0.5892667995167916,100,100,3,10,100,2,50,10,50,10,1,10,2,5,1,1,50,1.2000000000000002,1.7999999999999998,7.0,3.0,90.0,10.0,8.0,2.0,1.0,0.5,5,42.5,7.5
1499,3,2,3,2,5,3,3,0,5,4,5,0,0,1,0,1,1,31400.0,37116.66667,39483.33333,35566.66667,35891.6666675,17.20555556,16.667,2086.0510166229124,35892.6666675,4.5550057257045875,,,0.5703191556475113,0.37910399302665115,0.4508215,0.37910399302665115,100,100,3,10,100,2,50,10,50,10,1,10,2,5,1,1,50,1.2000000000000002,1.7999999999999998,7.0,3.0,90.0,10.0,8.0,2.0,1.0,0.5,5,42.5,7.5
1500,3,2,0,4,5,5,0,5,1,1,5,0,0,4,0,1,0,1400.0,1400.0,1283.333333,1200.0,1320.8333332500001,17.20555556,16.667,76.76783982033767,1321.8333332500001,3.121176699466631,,,-0.1796165978051505,-1.0497973601541026,0.4508215,-1.0497973601541026,100,100,3,10,100,2,50,10,50,10,1,10,2,5,1,1,50,1.2000000000000002,1.7999999999999998,7.0,3.0,90.0,10.0,8.0,2.0,1.0,0.5,5,42.5,7.5
1501,3,2,3,3,3,3,1,2,4,2,3,5,4,3,2,3,3,533.3333333,583.3333333,583.3333333,600.0,574.999999975,17.20555556,16.667,33.41943815588132,575.999999975,2.7604224834043625,,,-0.4593434397071654,-1.4040139117297026,0.4508215,-1.4040139117297026,100,100,3,10,100,2,50,10,50,10,1,10,2,5,1,1,50,1.2000000000000002,1.7999999999999998,7.0,3.0,90.0,10.0,8.0,2.0,1.0,0.5,5,42.5,7.5
1502,3,2,1,2,5,0,3,1,2,5,2,5,5,1,2,1,1,33.33333333,150.0,83.33333333,33.33333333,74.99999999750001,17.20555556,16.667,4.359057150811352,75.99999999750001,1.8808135922665055,,,-0.06303963119079503,-2.2138782407071353,0.4508215,-2.2138782407071353,100,100,3,10,100,2,50,10,50,10,1,10,2,5,1,1,50,1.2000000000000002,1.7999999999999998,7.0,3.0,90.0,10.0,8.0,2.0,1.0,0.5,5,42.5,7.5
1503,3,2,4,1,5,5,0,5,3,4,5,0,1,5,2,3,0,34233.33333,37050.0,35583.33333,34800.0,35416.666665,17.20555556,16.667,2058.4436545215513,35417.666665,4.549219946241567,,,0.19363602504620125,0.37332075481308014,0.4508215,0.37332075481308014,100,100,3,10,100,2,50,10,50,10,1,10,2,5,1,1,50,1.2000000000000002,1.7999999999999998,7.0,3.0,90.0,10.0,8.0,2.0,1.0,0.5,5,42.5,7.5
1504,3,2,0,5,5,4,3,5,0,5,0,2,1,0,1,3,1,33.33333333,100.0,33.33333333,50.0,54.16666666500001,17.20555556,16.667,3.148207942260715,55.16666666500001,1.7416767433789544,,,0.11568542107577318,-2.3258515356653024,0.4508215,-2.3258515356653024,100,100,3,10,100,2,50,10,50,10,1,10,2,5,1,1,50,1.2000000000000002,1.7999999999999998,7.0,3.0,90.0,10.0,8.0,2.0,1.0,0.5,5,42.5,7.5
1505,3,2,4,0,3,5,1,1,5,1,5,4,1,3,1,1,0,68900.0,64683.33333,79000.0,66616.66667,69800.0,17.20555556,16.667,4056.829188490325,69801.0,4.843861644562573,,,1.164891298389029,0.6678678529953942,0.4508215,0.6678678529953942,100,100,3,10,100,2,50,10,50,10,1,10,2,5,1,1,50,1.2000000000000002,1.7999999999999998,7.0,3.0,90.0,10.0,8.0,2.0,1.0,0.5,5,42.5,7.5
1506,3,2,0,5,5,0,2,3,0,4,2,3,0,4,2,1,0,0.0,16.66666667,0.0,16.66666667,8.333333335,17.20555556,16.667,0.4843396835364961,9.333333335,0.9700367767001093,,,0.5786937626648645,-2.7781454598002027,0.4508215,-2.7781454598002027,100,100,3,10,100,2,50,10,50,10,1,10,2,5,1,1,50,1.2000000000000002,1.7999999999999998,7.0,3.0,90.0,10.0,8.0,2.0,1.0,0.5,5,42.5,7.5
1507,3,2,5,0,4,2,0,3,0,1,1,1,2,2,0,3,1,683.3333333,716.6666667,816.6666667,800.0,754.166666675,17.20555556,16.667,43.83274135177068,755.166666675,2.8780428118003347,,,0.9222480677252141,-1.2891305845566,0.4508215,-1.2891305845566,100,100,3,10,100,2,50,10,50,10,1,10,2,5,1,1,50,1.2000000000000002,1.7999999999999998,7.0,3.0,90.0,10.0,8.0,2.0,1.0,0.5,5,42.5,7.5
1508,3,2,4,0,2,5,0,0,0,5,1,5,4,0,3,1,1,31033.33333,42900.0,56150.0,35633.33333,41429.166665,17.20555556,16.667,2407.894736123243,41430.166665,4.617316680378773,,,1.2577197122936101,0.441389620649843,0.4508215,0.441389620649843,100,100,3,10,100,2,50,10,50,10,1,10,2,5,1,1,50,1.2000000000000002,1.7999999999999998,7.0,3.0,90.0,10.0,8.0,2.0,1.0,0.5,5,42.5,7.5
1509,3,2,0,4,5,4,2,3,0,5,5,5,5,2,1,3,1,1533.333333,1350.0,1166.666667,1516.666667,1391.6666667499999,17.20555556,16.667,80.88472713926129,1392.6666667499999,3.143847180950614,,,-0.27858160813612987,-1.0273856976723534,0.4508215,-1.0273856976723534,100,100,3,10,100,2,50,10,50,10,1,10,2,5,1,1,50,1.2000000000000002,1.7999999999999998,7.0,3.0,90.0,10.0,8.0,2.0,1.0,0.5,5,42.5,7.5
1510,3,2,0,1,0,4,2,4,2,5,2,5,5,4,2,3,3,93633.33333,112716.6667,106333.3333,95600.0,102070.8333325,17.20555556,16.667,5932.43461256185,102071.8333325,5.008905915290561,,,0.032783277781357256,0.832881310955379,0.4508215,0.832881310955379,100,100,3,10,100,2,50,10,50,10,1,10,2,5,1,1,50,1.2000000000000002,1.7999999999999998,7.0,3.0,90.0,10.0,8.0,2.0,1.0,0.5,5,42.5,7.5
1511,3,2,2,0,4,5,1,5,0,5,5,1,4,1,2,1,3,175600.0,195400.0,192066.6667,179400.0,185616.666675,17.20555556,16.667,10788.182109418614,185617.666675,5.268619309029001,,,0.8998594534840727,1.0925647049137543,0.4508215,1.0925647049137543,100,100,3,10,100,2,50,10,50,10,1,10,2,5,1,1,50,1.2000000000000002,1.7999999999999998,7.0,3.0,90.0,10.0,8.0,2.0,1.0,0.5,5,42.5,7.5
1512,3,2,2,4,1,4,0,1,0,4,4,1,5,1,0,2,3,366.6666667,433.3333333,400.0,366.6666667,391.666666675,17.20555556,16.667,22.76396512214686,392.666666675,2.5940240357406372,,,-0.30648576685543993,-1.5650760705399662,0.4508215,-1.5650760705399662,100,100,3,10,100,2,50,10,50,10,1,10,2,5,1,1,50,1.2000000000000002,1.7999999999999998,7.0,3.0,90.0,10.0,8.0,2.0,1.0,0.5,5,42.5,7.5
1513,3,2,3,5,4,3,0,1,0,0,5,4,5,1,3,1,3,33.33333333,0.0,50.0,83.33333333,41.666666665,17.20555556,16.667,2.4216984171012728,42.666666665,1.6300887149112413,,,0.10213259562224697,-2.410171983425794,0.4508215,-2.410171983425794,100,100,3,10,100,2,50,10,50,10,1,10,2,5,1,1,50,1.2000000000000002,1.7999999999999998,7.0,3.0,90.0,10.0,8.0,2.0,1.0,0.5,5,42.5,7.5
1514,3,2,1,0,4,2,4,4,4,3,5,3,1,3,0,3,2,1300.0,850.0,1083.333333,1250.0,1120.8333332500001,17.20555556,16.667,65.1436874177866,1121.8333332500001,3.0499283401408417,,,-0.6037168902131143,-1.120139726492584,0.4508215,-1.120139726492584,100,100,3,10,100,2,50,10,50,10,1,10,2,5,1,1,50,1.2000000000000002,1.7999999999999998,7.0,3.0,90.0,10.0,8.0,2.0,1.0,0.5,5,42.5,7.5
1515,3,2,1,1,3,3,3,3,3,5,5,0,2,2,3,3,1,35216.66667,32183.33333,31483.33333,31166.66667,32512.5,17.20555556,16.667,1889.651274939709,32513.5,4.5120637227680405,,,-0.17835962015461249,0.33618168304770896,0.4508215,0.33618168304770896,100,100,3,10,100,2,50,10,50,10,1,10,2,5,1,1,50,1.2000000000000002,1.7999999999999998,7.0,3.0,90.0,10.0,8.0,2.0,1.0,0.5,5,42.5,7.5
1516,3,2,0,2,0,5,0,0,2,2,0,5,0,1,1,3,3,15283.33333,18566.66667,13833.33333,16950.0,16158.3333325,17.20555556,16.667,939.134646141005,16159.3333325,4.208423439607575,,,0.15057662343952405,0.03275303921259396,0.4508215,0.03275303921259396,100,100,3,10,100,2,50,10,50,10,1,10,2,5,1,1,50,1.2000000000000002,1.7999999999999998,7.0,3.0,90.0,10.0,8.0,2.0,1.0,0.5,5,42.5,7.5
1517,3,2,0,3,3,2,0,5,0,3,0,5,3,4,0,3,1,16.66666667,16.66666667,0.0,16.66666667,12.500000002500002,17.20555556,16.667,0.7265095253047441,13.500000002500002,1.130333768575431,,,-0.45260454718479415,-2.71119949737866,0.4508215,-2.71119949737866,100,100,3,10,100,2,50,10,50,10,1,10,2,5,1,1,50,1.2000000000000002,1.7999999999999998,7.0,3.0,90.0,10.0,8.0,2.0,1.0,0.5,5,42.5,7.5
1518,3,2,3,4,2,3,2,5,0,0,3,3,2,3,2,1,0,133.3333333,216.6666667,100.0,133.3333333,145.833333325,17.20555556,16.667,8.475944459709153,146.833333325,2.1668246580037565,,,-0.5283867611558644,-1.9652370029034976,0.4508215,-1.9652370029034976,100,100,3,10,100,2,50,10,50,10,1,10,2,5,1,1,50,1.2000000000000002,1.7999999999999998,7.0,3.0,90.0,10.0,8.0,2.0,1.0,0.5,5,42.5,7.5
1519,3,2,3,2,2,5,0,0,1,5,5,4,3,2,0,3,2,12400.0,12383.33333,12250.0,11566.66667,12150.0,17.20555556,16.667,706.1672584549777,12151.0,4.084612020865252,,,-0.2972828268217045,-0.0909196374203902,0.4508215,-0.0909196374203902,100,100,3,10,100,2,50,10,50,10,1,10,2,5,1,1,50,1.2000000000000002,1.7999999999999998,7.0,3.0,90.0,10.0,8.0,2.0,1.0,0.5,5,42.5,7.5
1520,3,2,1,1,0,5,4,0,0,0,1,4,0,4,1,1,3,255350.0,187983.3333,167983.3333,274866.6667,221545.833325,17.20555556,16.667,12876.412653599893,221546.833325,5.345465546832957,,,-0.0649460337503287,1.1694049984445263,0.4508215,1.1694049984445263,100,100,3,10,100,2,50,10,50,10,1,10,2,5,1,1,50,1.2000000000000002,1.7999999999999998,7.0,3.0,90.0,10.0,8.0,2.0,1.0,0.5,5,42.5,7.5
1521,3,2,5,3,4,0,3,4,2,1,5,2,5,1,2,3,2,33.33333333,83.33333333,16.66666667,16.66666667,37.50000000000001,17.20555556,16.667,2.1795285754783267,38.50000000000001,1.5854607295085008,,,-0.6015807440675347,-2.4423564758872467,0.4508215,-2.4423564758872467,100,100,3,10,100,2,50,10,50,10,1,10,2,5,1,1,50,1.2000000000000002,1.7999999999999998,7.0,3.0,90.0,10.0,8.0,2.0,1.0,0.5,5,42.5,7.5
1522,3,2,3,3,1,3,3,1,2,1,5,3,1,2,2,2,0,17950.0,20766.66667,21633.33333,16883.33333,19308.3333325,17.20555556,16.667,1122.2150464811843,19309.3333325,4.285767279734104,,,0.17529379246512278,0.11002825100701837,0.4508215,0.11002825100701837,100,100,3,10,100,2,50,10,50,10,1,10,2,5,1,1,50,1.2000000000000002,1.7999999999999998,7.0,3.0,90.0,10.0,8.0,2.0,1.0,0.5,5,42.5,7.5
1523,3,2,3,3,3,1,5,4,0,5,0,5,4,2,0,2,0,0.0,0.0,0.0,0.0,0.0,17.20555556,16.667,0.0,1.0,0.0,,,-0.8587624818837042,-2.9542338236365446,0.4508215,-1.401774691729079,100,100,3,10,100,2,50,10,50,10,1,10,2,5,1,1,50,1.2000000000000002,1.7999999999999998,7.0,3.0,90.0,10.0,8.0,2.0,1.0,0.5,5,42.5,7.5
1524,3,2,2,2,2,1,4,1,0,4,3,0,1,5,2,1,0,1733.333333,1716.666667,2016.666667,1683.333333,1787.5,17.20555556,16.667,103.89086209780022,1788.5,3.2524889444849885,,,0.3363647147180404,-0.9198145241747641,0.4508215,-0.9198145241747641,100,100,3,10,100,2,50,10,50,10,1,10,2,5,1,1,50,1.2000000000000002,1.7999999999999998,7.0,3.0,90.0,10.0,8.0,2.0,1.0,0.5,5,42.5,7.5
1525,3,2,2,3,5,4,0,0,0,3,2,5,1,1,3,3,0,316.6666667,433.3333333,500.0,316.6666667,391.666666675,17.20555556,16.667,22.76396512214686,392.666666675,2.5940240357406372,,,-0.02976212527802735,-1.5650760705399662,0.4508215,-1.5650760705399662,100,100,3,10,100,2,50,10,50,10,1,10,2,5,1,1,50,1.2000000000000002,1.7999999999999998,7.0,3.0,90.0,10.0,8.0,2.0,1.0,0.5,5,42.5,7.5
1526,3,2,1,2,0,3,3,3,4,3,1,2,5,5,1,1,1,49950.0,49733.33333,42483.33333,51133.33333,48324.999997499996,17.20555556,16.667,2808.685824121101,48325.999997499996,4.684180849537689,,,0.24828835301111685,0.5082303633364493,0.4508215,0.5082303633364493,100,100,3,10,100,2,50,10,50,10,1,10,2,5,1,1,50,1.2000000000000002,1.7999999999999998,7.0,3.0,90.0,10.0,8.0,2.0,1.0,0.5,5,42.5,7.5
1527,3,2,0,2,5,5,1,0,0,5,1,5,4,1,3,1,2,25783.33333,41116.66667,29133.33333,31016.66667,31762.5,17.20555556,16.667,1846.0607034301424,31763.5,4.501928351026406,,,-0.4762242819657949,0.32605125017676406,0.4508215,0.32605125017676406,100,100,3,10,100,2,50,10,50,10,1,10,2,5,1,1,50,1.2000000000000002,1.7999999999999998,7.0,3.0,90.0,10.0,8.0,2.0,1.0,0.5,5,42.5,7.5
1528,3,2,3,2,4,1,0,1,1,3,5,5,5,3,0,3,3,516.6666667,483.3333333,616.6666667,583.3333333,550.0,17.20555556,16.667,31.966419107015454,551.0,2.741151598851785,,,0.10557296745351508,-1.4227633369298025,0.4508215,-1.4227633369298025,100,100,3,10,100,2,50,10,50,10,1,10,2,5,1,1,50,1.2000000000000002,1.7999999999999998,7.0,3.0,90.0,10.0,8.0,2.0,1.0,0.5,5,42.5,7.5
1529,3,2,2,5,5,3,3,0,1,2,1,1,0,3,1,1,2,0.0,16.66666667,0.0,0.0,4.1666666675,17.20555556,16.667,0.24216984176824805,5.1666666675,0.7132104435206765,,,-0.7668278082648363,-2.8573255477577755,0.4508215,-2.8573255477577755,100,100,3,10,100,2,50,10,50,10,1,10,2,5,1,1,50,1.2000000000000002,1.7999999999999998,7.0,3.0,90.0,10.0,8.0,2.0,1.0,0.5,5,42.5,7.5
1530,3,3,1,3,0,5,3,3,5,0,5,4,0,3,1,2,2,25016.66667,24650.0,28583.33333,21483.33333,24933.3333325,11.14222222,16.667,2237.734344208762,24934.3333325,4.396797761008881,,,0.15427246146008944,0.22097929669141944,0.4508215,0.22097929669141944,100,100,3,10,100,2,50,10,50,10,1,10,2,5,1,1,50,1.2000000000000002,1.7999999999999998,7.0,3.0,90.0,10.0,8.0,2.0,1.0,0.5,5,42.5,7.5
1531,3,3,2,5,3,2,0,4,5,1,1,1,3,3,2,1,3,16.66666667,33.33333333,33.33333333,33.33333333,29.166666665,11.14222222,16.667,2.6176705229093877,30.166666665,1.4795273244615468,,,-0.10424804139350674,-2.514906657131017,0.4508215,-2.514906657131017,100,100,3,10,100,2,50,10,50,10,1,10,2,5,1,1,50,1.2000000000000002,1.7999999999999998,7.0,3.0,90.0,10.0,8.0,2.0,1.0,0.5,5,42.5,7.5
1532,3,3,1,0,5,2,3,2,1,2,1,0,5,3,2,3,3,10750.0,10966.66667,9883.333333,9850.0,10362.50000075,11.14222222,16.667,930.0209416169766,10363.50000075,4.015506451771005,,,0.26700930140072243,-0.1599287592517639,0.4508215,-0.1599287592517639,100,100,3,10,100,2,50,10,50,10,1,10,2,5,1,1,50,1.2000000000000002,1.7999999999999998,7.0,3.0,90.0,10.0,8.0,2.0,1.0,0.5,5,42.5,7.5
1533,3,3,3,1,0,5,5,2,5,5,2,5,3,0,3,3,2,116.6666667,183.3333333,166.6666667,150.0,154.166666675,11.14222222,16.667,13.836258479773884,155.166666675,2.190798430621023,,,-0.7060069235537716,-1.9435177966233264,0.4508215,-1.9435177966233264,100,100,3,10,100,2,50,10,50,10,1,10,2,5,1,1,50,1.2000000000000002,1.7999999999999998,7.0,3.0,90.0,10.0,8.0,2.0,1.0,0.5,5,42.5,7.5
1534,3,3,3,0,4,5,3,0,0,4,5,4,5,3,3,1,0,48666.66667,41800.0,50783.33333,45050.0,46575.0,11.14222222,16.667,4180.045872393308,46576.0,4.668162188094736,,,-0.015349087279335372,0.4922169902624638,0.4508215,0.4922169902624638,100,100,3,10,100,2,50,10,50,10,1,10,2,5,1,1,50,1.2000000000000002,1.7999999999999998,7.0,3.0,90.0,10.0,8.0,2.0,1.0,0.5,5,42.5,7.5
1535,3,3,5,0,5,4,2,3,2,2,4,5,3,5,2,1,2,33.33333333,33.33333333,16.66666667,33.33333333,29.166666665,11.14222222,16.667,2.6176705229093877,30.166666665,1.4795273244615468,,,-1.769329203487038,-2.514906657131017,0.4508215,-2.514906657131017,100,100,3,10,100,2,50,10,50,10,1,10,2,5,1,1,50,1.2000000000000002,1.7999999999999998,7.0,3.0,90.0,10.0,8.0,2.0,1.0,0.5,5,42.5,7.5
1536,3,3,2,1,0,3,3,0,0,0,1,3,0,3,1,1,3,17050.0,12050.0,10600.0,11516.66667,12804.1666675,11.14222222,16.667,1149.157359697678,12805.1666675,4.1073852354639175,,,-0.3322522761165949,-0.06817499320022635,0.4508215,-0.06817499320022635,100,100,3,10,100,2,50,10,50,10,1,10,2,5,1,1,50,1.2000000000000002,1.7999999999999998,7.0,3.0,90.0,10.0,8.0,2.0,1.0,0.5,5,42.5,7.5
1537,3,3,1,1,0,3,3,0,0,0,0,3,0,3,1,1,3,24783.33333,20716.66667,25916.66667,18250.0,22416.6666675,11.14222222,16.667,2011.866773511541,22417.6666675,4.350590407270347,,,-0.23642929101110433,0.17480255691787863,0.4508215,0.17480255691787863,100,100,3,10,100,2,50,10,50,10,1,10,2,5,1,1,50,1.2000000000000002,1.7999999999999998,7.0,3.0,90.0,10.0,8.0,2.0,1.0,0.5,5,42.5,7.5
1538,3,3,4,2,1,4,3,5,3,4,1,3,5,2,3,1,1,16.66666667,0.0,0.0,0.0,4.1666666675,11.14222222,16.667,0.3739529319403576,5.1666666675,0.7132104435206765,,,-2.698398276384479,-2.8573255477577755,0.4508215,-2.8573255477577755,100,100,3,10,100,2,50,10,50,10,1,10,2,5,1,1,50,1.2000000000000002,1.7999999999999998,7.0,3.0,90.0,10.0,8.0,2.0,1.0,0.5,5,42.5,7.5
1539,3,3,1,1,0,3,3,0,0,0,1,3,0,3,2,1,3,36133.33333,40600.0,34533.33333,38166.66667,37358.3333325,11.14222222,16.667,3352.8619870318826,37359.3333325,4.5723991177561345,,,-0.29390710436285694,0.396489946140428,0.4508215,0.396489946140428,100,100,3,10,100,2,50,10,50,10,1,10,2,5,1,1,50,1.2000000000000002,1.7999999999999998,7.0,3.0,90.0,10.0,8.0,2.0,1.0,0.5,5,42.5,7.5
1540,3,3,4,1,0,5,0,4,3,0,5,4,3,2,3,3,2,950.0,450.0,516.6666667,500.0,604.166666675,11.14222222,16.667,54.22317512125512,605.166666675,2.781874998535229,,,-1.2511978840808604,-1.383115999171001,0.4508215,-1.383115999171001,100,100,3,10,100,2,50,10,50,10,1,10,2,5,1,1,50,1.2000000000000002,1.7999999999999998,7.0,3.0,90.0,10.0,8.0,2.0,1.0,0.5,5,42.5,7.5
1541,3,3,1,1,0,3,3,1,0,0,1,3,0,3,1,1,3,28283.33333,37400.0,32483.33333,27383.33333,31387.499997499996,11.14222222,16.667,2816.987435518944,31388.499997499996,4.496770562008612,,,-0.24012802587644355,0.32089601907966253,0.4508215,0.32089601907966253,100,100,3,10,100,2,50,10,50,10,1,10,2,5,1,1,50,1.2000000000000002,1.7999999999999998,7.0,3.0,90.0,10.0,8.0,2.0,1.0,0.5,5,42.5,7.5
1542,3,3,4,0,4,5,1,4,4,2,4,0,5,4,0,3,3,1000.0,900.0,850.0,1050.0,950.0,11.14222222,16.667,85.26126846534927,951.0,2.978180516937414,,,-0.4582725626225286,-1.1908143661196955,0.4508215,-1.1908143661196955,100,100,3,10,100,2,50,10,50,10,1,10,2,5,1,1,50,1.2000000000000002,1.7999999999999998,7.0,3.0,90.0,10.0,8.0,2.0,1.0,0.5,5,42.5,7.5
1543,3,3,2,1,3,3,5,0,1,0,1,3,0,2,2,2,0,1983.333333,2400.0,2383.333333,1866.666667,2158.33333325,11.14222222,16.667,193.70761869888466,2159.33333325,3.3343196889377356,,,-0.49694363457936586,-0.8386319312231285,0.4508215,-0.8386319312231285,100,100,3,10,100,2,50,10,50,10,1,10,2,5,1,1,50,1.2000000000000002,1.7999999999999998,7.0,3.0,90.0,10.0,8.0,2.0,1.0,0.5,5,42.5,7.5
1544,3,3,3,2,5,3,3,0,5,4,5,0,0,1,0,1,1,5516.666667,5150.0,6050.0,5250.0,5491.66666675,11.14222222,16.667,492.86996420629634,5492.66666675,3.739783243808599,,,-0.244903326248477,-0.4350710193300384,0.4508215,-0.4350710193300384,100,100,3,10,100,2,50,10,50,10,1,10,2,5,1,1,50,1.2000000000000002,1.7999999999999998,7.0,3.0,90.0,10.0,8.0,2.0,1.0,0.5,5,42.5,7.5
1545,3,3,1,1,0,3,3,0,0,0,1,3,0,3,1,2,3,23650.0,25766.66667,34100.0,25183.33333,27175.0,11.14222222,16.667,2438.9210216272277,27176.0,4.434185533861972,,,-0.2750411323689752,0.2583445740084362,0.4508215,0.2583445740084362,100,100,3,10,100,2,50,10,50,10,1,10,2,5,1,1,50,1.2000000000000002,1.7999999999999998,7.0,3.0,90.0,10.0,8.0,2.0,1.0,0.5,5,42.5,7.5
1546,3,3,3,3,3,3,1,1,2,2,3,3,1,3,2,1,3,2133.333333,2250.0,2116.666667,1616.666667,2029.1666667499999,11.14222222,16.667,182.11507782601015,2030.1666667499999,3.307531692828798,,,-0.4428710468434036,-0.8652209378658227,0.4508215,-0.8652209378658227,100,100,3,10,100,2,50,10,50,10,1,10,2,5,1,1,50,1.2000000000000002,1.7999999999999998,7.0,3.0,90.0,10.0,8.0,2.0,1.0,0.5,5,42.5,7.5
1547,3,3,1,2,0,3,3,0,0,0,1,3,0,3,1,1,3,22416.66667,20316.66667,20450.0,19016.66667,20550.000002499997,11.14222222,16.667,1844.3358601853479,20551.000002499997,4.312832959302169,,,0.0743641484883053,0.13707265734949745,0.4508215,0.13707265734949745,100,100,3,10,100,2,50,10,50,10,1,10,2,5,1,1,50,1.2000000000000002,1.7999999999999998,7.0,3.0,90.0,10.0,8.0,2.0,1.0,0.5,5,42.5,7.5
1548,3,3,4,1,4,5,0,5,3,0,5,5,2,2,3,3,2,83.33333333,150.0,133.3333333,116.6666667,120.8333333325,11.14222222,16.667,10.844635024026653,121.8333333325,2.0857661265712464,,,-1.1858764010021838,-2.0377875080582,0.4508215,-2.0377875080582,100,100,3,10,100,2,50,10,50,10,1,10,2,5,1,1,50,1.2000000000000002,1.7999999999999998,7.0,3.0,90.0,10.0,8.0,2.0,1.0,0.5,5,42.5,7.5
1549,3,3,0,0,4,1,3,1,3,1,0,4,1,5,1,2,1,266.6666667,266.6666667,350.0,316.6666667,300.000000025,11.14222222,16.667,26.92461109656454,301.000000025,2.4785664956299143,,,-0.1616446901361508,-1.6754884513003638,0.4508215,-1.6754884513003638,100,100,3,10,100,2,50,10,50,10,1,10,2,5,1,1,50,1.2000000000000002,1.7999999999999998,7.0,3.0,90.0,10.0,8.0,2.0,1.0,0.5,5,42.5,7.5
1550,3,3,4,0,3,5,1,1,5,1,5,4,1,3,1,1,0,616.6666667,400.0,416.6666667,566.6666667,500.00000002499996,11.14222222,16.667,44.87435182611175,501.00000002499996,2.699837725888917,,,-0.9791326202846267,-1.46288053539414,0.4508215,-1.46288053539414,100,100,3,10,100,2,50,10,50,10,1,10,2,5,1,1,50,1.2000000000000002,1.7999999999999998,7.0,3.0,90.0,10.0,8.0,2.0,1.0,0.5,5,42.5,7.5
1551,3,3,1,1,0,3,3,0,0,1,1,3,0,3,1,1,3,56733.33333,56366.66667,48333.33333,48783.33333,52554.166665,11.14222222,16.667,4716.668329470815,52555.166665,4.720615417677292,,,0.050504132201048435,0.5446536050321469,0.4508215,0.5446536050321469,100,100,3,10,100,2,50,10,50,10,1,10,2,5,1,1,50,1.2000000000000002,1.7999999999999998,7.0,3.0,90.0,10.0,8.0,2.0,1.0,0.5,5,42.5,7.5
1552,3,3,5,0,4,2,0,3,0,1,1,1,2,2,0,3,1,0.0,33.33333333,0.0,16.66666667,12.5,11.14222222,16.667,1.121858795596701,13.5,1.130333768495006,,,-0.8254609755801146,-2.7111994974158846,0.4508215,-2.7111994974158846,100,100,3,10,100,2,50,10,50,10,1,10,2,5,1,1,50,1.2000000000000002,1.7999999999999998,7.0,3.0,90.0,10.0,8.0,2.0,1.0,0.5,5,42.5,7.5
1553,3,3,4,0,0,5,1,1,0,5,1,5,4,3,3,1,1,0.0,16.66666667,50.0,16.66666667,20.833333335,11.14222222,16.667,1.869764659477416,21.833333335,1.339120045305273,,,-2.4902809059522806,-2.602056130930423,0.4508215,-2.602056130930423,100,100,3,10,100,2,50,10,50,10,1,10,2,5,1,1,50,1.2000000000000002,1.7999999999999998,7.0,3.0,90.0,10.0,8.0,2.0,1.0,0.5,5,42.5,7.5
1554,3,3,0,4,5,4,2,3,0,5,5,5,5,2,1,3,1,3100.0,3683.333333,3166.666667,3183.333333,3283.33333325,11.14222222,16.667,294.6749103025877,3284.33333325,3.5164472280590457,,,0.09401843897230178,-0.6575772753206335,0.4508215,-0.6575772753206335,100,100,3,10,100,2,50,10,50,10,1,10,2,5,1,1,50,1.2000000000000002,1.7999999999999998,7.0,3.0,90.0,10.0,8.0,2.0,1.0,0.5,5,42.5,7.5
1555,3,3,1,1,1,4,2,4,2,1,2,2,5,3,2,3,1,24700.0,24483.33333,25533.33333,22783.33333,24374.999997500003,11.14222222,16.667,2187.6246511891954,24375.999997500003,4.386962441170076,,,-0.08725256567673334,0.21115022322098503,0.4508215,0.21115022322098503,100,100,3,10,100,2,50,10,50,10,1,10,2,5,1,1,50,1.2000000000000002,1.7999999999999998,7.0,3.0,90.0,10.0,8.0,2.0,1.0,0.5,5,42.5,7.5
1556,3,3,2,0,4,5,1,5,0,5,5,1,4,1,2,1,3,16783.33333,17500.0,13850.0,16783.33333,16229.166665,11.14222222,16.667,1456.5466694668023,16230.166665,4.210322979550088,,,-0.15843687599484024,0.0346507432870335,0.4508215,0.0346507432870335,100,100,3,10,100,2,50,10,50,10,1,10,2,5,1,1,50,1.2000000000000002,1.7999999999999998,7.0,3.0,90.0,10.0,8.0,2.0,1.0,0.5,5,42.5,7.5
1557,3,3,0,1,0,3,3,0,0,0,1,3,0,3,1,1,3,68416.66667,71183.33333,75383.33333,63550.0,69633.3333325,11.14222222,16.667,6249.501397262565,69634.3333325,4.8428234220869015,,,0.06403200732532177,0.6668298637775661,0.4508215,0.6668298637775661,100,100,3,10,100,2,50,10,50,10,1,10,2,5,1,1,50,1.2000000000000002,1.7999999999999998,7.0,3.0,90.0,10.0,8.0,2.0,1.0,0.5,5,42.5,7.5
1558,3,3,2,2,4,4,5,1,1,5,5,4,5,1,3,1,3,35233.33333,31166.66667,32866.66667,29350.0,32154.1666675,11.14222222,16.667,2885.794775281371,32155.1666675,4.507250764971126,,,-0.27443310575370816,0.33137105619828794,0.4508215,0.33137105619828794,100,100,3,10,100,2,50,10,50,10,1,10,2,5,1,1,50,1.2000000000000002,1.7999999999999998,7.0,3.0,90.0,10.0,8.0,2.0,1.0,0.5,5,42.5,7.5
1559,3,3,1,0,4,2,4,4,1,3,1,5,1,3,0,3,2,7033.333333,7500.0,8150.0,7016.666667,7425.0,11.14222222,16.667,666.3841245844403,7426.0,3.87075494489014,,,0.6572605230070194,-0.3044210267614798,0.4508215,-0.3044210267614798,100,100,3,10,100,2,50,10,50,10,1,10,2,5,1,1,50,1.2000000000000002,1.7999999999999998,7.0,3.0,90.0,10.0,8.0,2.0,1.0,0.5,5,42.5,7.5
1560,3,3,1,1,2,3,3,3,3,5,5,0,2,2,3,1,1,41883.33333,43333.33333,54166.66667,44300.0,45920.8333325,11.14222222,16.667,4121.335262015623,45921.8333325,4.662019218028737,,,0.04667757611847101,0.4860761005160537,0.4508215,0.4860761005160537,100,100,3,10,100,2,50,10,50,10,1,10,2,5,1,1,50,1.2000000000000002,1.7999999999999998,7.0,3.0,90.0,10.0,8.0,2.0,1.0,0.5,5,42.5,7.5
1561,3,3,1,2,2,5,0,1,2,1,2,3,2,0,1,2,1,4733.333333,4266.666667,4300.0,3600.0,4225.0,11.14222222,16.667,379.1882729116849,4226.0,3.6259294927162946,,,-0.5214723590627717,-0.5485546886373163,0.4508215,-0.5485546886373163,100,100,3,10,100,2,50,10,50,10,1,10,2,5,1,1,50,1.2000000000000002,1.7999999999999998,7.0,3.0,90.0,10.0,8.0,2.0,1.0,0.5,5,42.5,7.5
1562,3,3,0,3,4,2,0,2,0,1,5,5,3,4,1,3,1,1100.0,933.3333333,950.0,1083.333333,1016.666666575,11.14222222,16.667,91.24451536697138,1017.666666575,3.00760554953988,,,0.13813353382657612,-1.1618506798846255,0.4508215,-1.1618506798846255,100,100,3,10,100,2,50,10,50,10,1,10,2,5,1,1,50,1.2000000000000002,1.7999999999999998,7.0,3.0,90.0,10.0,8.0,2.0,1.0,0.5,5,42.5,7.5
1563,3,3,3,3,3,3,1,2,2,1,3,3,1,3,2,1,3,2083.333333,1850.0,2433.333333,1916.666667,2070.83333325,11.14222222,16.667,185.85460712970774,2071.83333325,3.316354816053343,,,-0.36417812119342985,-0.8564647055689639,0.4508215,-0.8564647055689639,100,100,3,10,100,2,50,10,50,10,1,10,2,5,1,1,50,1.2000000000000002,1.7999999999999998,7.0,3.0,90.0,10.0,8.0,2.0,1.0,0.5,5,42.5,7.5
1564,3,3,3,2,2,5,0,0,3,3,5,4,3,1,3,2,0,6833.333333,4116.666667,5300.0,4116.666667,5091.66666675,11.14222222,16.667,456.9704827472019,5092.66666675,3.706945250979105,,,-0.5992749154332513,-0.4678120022388524,0.4508215,-0.4678120022388524,100,100,3,10,100,2,50,10,50,10,1,10,2,5,1,1,50,1.2000000000000002,1.7999999999999998,7.0,3.0,90.0,10.0,8.0,2.0,1.0,0.5,5,42.5,7.5
1565,3,3,1,1,0,5,4,0,0,0,1,4,0,4,1,1,3,107433.3333,96433.33333,93083.33333,126716.6667,105916.666665,11.14222222,16.667,9505.883527873131,105917.666665,5.024968404821486,,,-0.3854431757617993,0.8489413804557496,0.4508215,0.8489413804557496,100,100,3,10,100,2,50,10,50,10,1,10,2,5,1,1,50,1.2000000000000002,1.7999999999999998,7.0,3.0,90.0,10.0,8.0,2.0,1.0,0.5,5,42.5,7.5
1566,3,3,1,1,1,3,3,0,0,0,1,3,0,3,1,1,3,40116.66667,42650.0,45283.33333,38950.0,41750.0,11.14222222,16.667,3747.008377292981,41751.0,4.620666881958084,,,0.07806767528536263,0.4447385606848437,0.4508215,0.4447385606848437,100,100,3,10,100,2,50,10,50,10,1,10,2,5,1,1,50,1.2000000000000002,1.7999999999999998,7.0,3.0,90.0,10.0,8.0,2.0,1.0,0.5,5,42.5,7.5
1567,3,3,3,3,1,3,3,1,2,1,5,3,1,2,2,2,0,7666.666667,6516.666667,6816.666667,7366.666667,7091.666667,11.14222222,16.667,636.4678900651113,7092.666667,3.8508095498549846,,,-0.25966393741399685,-0.3243234535499089,0.4508215,-0.3243234535499089,100,100,3,10,100,2,50,10,50,10,1,10,2,5,1,1,50,1.2000000000000002,1.7999999999999998,7.0,3.0,90.0,10.0,8.0,2.0,1.0,0.5,5,42.5,7.5
1568,3,3,4,2,5,2,5,0,5,5,0,2,4,2,3,1,1,0.0,33.33333333,0.0,16.66666667,12.5,11.14222222,16.667,1.121858795596701,13.5,1.130333768495006,,,-0.8633596494812221,-2.7111994974158846,0.4508215,-2.7111994974158846,100,100,3,10,100,2,50,10,50,10,1,10,2,5,1,1,50,1.2000000000000002,1.7999999999999998,7.0,3.0,90.0,10.0,8.0,2.0,1.0,0.5,5,42.5,7.5
1569,3,3,2,2,2,1,4,1,0,4,3,0,1,5,2,1,0,466.6666667,366.6666667,383.3333333,533.3333333,437.5,11.14222222,16.667,39.265057845884535,438.5,2.6419695977020594,,,-0.27415463206488866,-1.518875684078537,0.4508215,-1.518875684078537,100,100,3,10,100,2,50,10,50,10,1,10,2,5,1,1,50,1.2000000000000002,1.7999999999999998,7.0,3.0,90.0,10.0,8.0,2.0,1.0,0.5,5,42.5,7.5
1570,3,3,1,3,5,4,0,0,0,2,2,5,0,4,3,3,0,133.3333333,83.33333333,0.0,133.3333333,87.4999999825,11.14222222,16.667,7.853011567606305,88.4999999825,1.946943270611948,,,-0.19503895738784394,-2.1583611024280924,0.4508215,-2.1583611024280924,100,100,3,10,100,2,50,10,50,10,1,10,2,5,1,1,50,1.2000000000000002,1.7999999999999998,7.0,3.0,90.0,10.0,8.0,2.0,1.0,0.5,5,42.5,7.5
1571,3,3,1,2,0,3,3,3,4,3,1,2,5,5,1,1,1,30366.66667,26500.0,27800.0,26616.66667,27820.833335000003,11.14222222,16.667,2496.8837262159723,27821.833335000003,4.444385744672568,,,0.008493248145995835,0.2685389762127682,0.4508215,0.2685389762127682,100,100,3,10,100,2,50,10,50,10,1,10,2,5,1,1,50,1.2000000000000002,1.7999999999999998,7.0,3.0,90.0,10.0,8.0,2.0,1.0,0.5,5,42.5,7.5
1572,3,3,0,0,2,5,0,0,0,5,1,5,4,1,3,1,0,1783.333333,2083.333333,2000.0,2150.0,2004.1666665,11.14222222,16.667,179.87136021237959,2005.1666665,3.30215047637417,,,-0.7905978049621765,-0.8705606905646445,0.4508215,-0.8705606905646445,100,100,3,10,100,2,50,10,50,10,1,10,2,5,1,1,50,1.2000000000000002,1.7999999999999998,7.0,3.0,90.0,10.0,8.0,2.0,1.0,0.5,5,42.5,7.5
1573,3,3,1,2,4,1,5,3,1,3,0,4,5,1,0,2,1,1016.666667,950.0,600.0,833.3333333,850.000000075,11.14222222,16.667,76.28639810730681,851.000000075,2.9299295601228628,,,0.09981329917562176,-1.2382389987306355,0.4508215,-1.2382389987306355,100,100,3,10,100,2,50,10,50,10,1,10,2,5,1,1,50,1.2000000000000002,1.7999999999999998,7.0,3.0,90.0,10.0,8.0,2.0,1.0,0.5,5,42.5,7.5
1574,3,3,2,3,5,5,3,5,3,5,5,1,5,3,1,2,2,26783.33333,23216.66667,23466.66667,25883.33333,24837.5,11.14222222,16.667,2229.133426850645,24838.5,4.395125365200485,,,-0.4712409534740569,0.21930795306364317,0.4508215,0.21930795306364317,100,100,3,10,100,2,50,10,50,10,1,10,2,5,1,1,50,1.2000000000000002,1.7999999999999998,7.0,3.0,90.0,10.0,8.0,2.0,1.0,0.5,5,42.5,7.5
1575,3,3,0,0,2,5,3,3,0,5,1,4,3,2,3,2,2,5750.0,4366.666667,5200.0,4466.666667,4945.833333500001,11.14222222,16.667,443.88213013938616,4946.833333500001,3.6943272785548844,,,-0.8710612051838202,-0.4803907100981712,0.4508215,-0.4803907100981712,100,100,3,10,100,2,50,10,50,10,1,10,2,5,1,1,50,1.2000000000000002,1.7999999999999998,7.0,3.0,90.0,10.0,8.0,2.0,1.0,0.5,5,42.5,7.5
1576,3,3,2,5,3,4,0,0,5,0,3,1,3,3,2,1,3,83.33333333,50.0,66.66666667,50.0,62.5,11.14222222,16.667,5.609293977983505,63.5,1.8027737252919758,,,0.28004230981686873,-2.277547071209963,0.4508215,-2.277547071209963,100,100,3,10,100,2,50,10,50,10,1,10,2,5,1,1,50,1.2000000000000002,1.7999999999999998,7.0,3.0,90.0,10.0,8.0,2.0,1.0,0.5,5,42.5,7.5
1577,3,3,0,0,0,2,3,2,1,2,1,0,5,0,2,3,3,1850.0,2350.0,2600.0,2183.333333,2245.83333325,11.14222222,16.667,201.56063026806154,2246.83333325,3.3515708582961263,,,0.09832931720956672,-0.8215026072099871,0.4508215,-0.8215026072099871,100,100,3,10,100,2,50,10,50,10,1,10,2,5,1,1,50,1.2000000000000002,1.7999999999999998,7.0,3.0,90.0,10.0,8.0,2.0,1.0,0.5,5,42.5,7.5
1578,3,3,3,1,5,2,1,5,5,0,0,0,5,4,0,3,3,150.0,66.66666667,50.0,66.66666667,83.33333333499999,11.14222222,16.667,7.47905863746092,84.33333333499999,1.9259992664647383,,,-0.8770826573679109,-2.1760898114025826,0.4508215,-2.1760898114025826,100,100,3,10,100,2,50,10,50,10,1,10,2,5,1,1,50,1.2000000000000002,1.7999999999999998,7.0,3.0,90.0,10.0,8.0,2.0,1.0,0.5,5,42.5,7.5
1579,3,3,1,0,4,5,0,2,0,4,2,4,5,1,3,3,0,900.0,1100.0,1383.333333,850.0,1058.3333332500001,11.14222222,16.667,94.98404468637496,1059.3333332500001,3.0250326381175343,,,-0.38809140927282915,-1.1446826601727886,0.4508215,-1.1446826601727886,100,100,3,10,100,2,50,10,50,10,1,10,2,5,1,1,50,1.2000000000000002,1.7999999999999998,7.0,3.0,90.0,10.0,8.0,2.0,1.0,0.5,5,42.5,7.5
1580,3,3,2,0,1,5,2,3,2,2,2,5,5,0,2,1,2,300.0,216.6666667,316.6666667,133.3333333,241.666666675,11.14222222,16.667,21.68927004895079,242.666666675,2.385010124608289,,,-1.3359744536399796,-1.7639102508754088,0.4508215,-1.7639102508754088,100,100,3,10,100,2,50,10,50,10,1,10,2,5,1,1,50,1.2000000000000002,1.7999999999999998,7.0,3.0,90.0,10.0,8.0,2.0,1.0,0.5,5,42.5,7.5
1581,3,3,3,3,0,3,0,0,0,3,1,3,0,0,3,2,3,100.0,100.0,100.0,200.0,125.0,11.14222222,16.667,11.21858795596701,126.0,2.100370545117563,,,0.037908963965808784,-2.0248225618568654,0.4508215,-2.0248225618568654,100,100,3,10,100,2,50,10,50,10,1,10,2,5,1,1,50,1.2000000000000002,1.7999999999999998,7.0,3.0,90.0,10.0,8.0,2.0,1.0,0.5,5,42.5,7.5
1582,3,3,5,1,2,3,2,0,0,0,0,0,0,1,2,1,3,0.0,16.66666667,0.0,33.33333333,12.5,11.14222222,16.667,1.121858795596701,13.5,1.130333768495006,,,-0.39169430583067877,-2.7111994974158846,0.4508215,-2.7111994974158846,100,100,3,10,100,2,50,10,50,10,1,10,2,5,1,1,50,1.2000000000000002,1.7999999999999998,7.0,3.0,90.0,10.0,8.0,2.0,1.0,0.5,5,42.5,7.5
1583,3,3,0,2,1,4,3,5,3,3,0,3,2,0,0,1,1,833.3333333,1400.0,1316.666667,1300.0,1212.5000000750001,11.14222222,16.667,108.82030317961116,1213.5000000750001,3.0840397806947952,,,-0.2591767404756733,-1.0864803669878662,0.4508215,-1.0864803669878662,100,100,3,10,100,2,50,10,50,10,1,10,2,5,1,1,50,1.2000000000000002,1.7999999999999998,7.0,3.0,90.0,10.0,8.0,2.0,1.0,0.5,5,42.5,7.5
1584,3,3,1,1,2,3,0,3,0,4,1,3,0,3,2,1,3,29116.66667,24783.33333,27500.0,24633.33333,26508.3333325,11.14222222,16.667,2379.0885524539462,26509.3333325,4.4233988060561,,,-0.4945881933279157,0.24756413896172774,0.4508215,0.24756413896172774,100,100,3,10,100,2,50,10,50,10,1,10,2,5,1,1,50,1.2000000000000002,1.7999999999999998,7.0,3.0,90.0,10.0,8.0,2.0,1.0,0.5,5,42.5,7.5
1585,3,3,4,1,1,5,0,0,2,1,3,4,3,5,3,3,3,483.3333333,466.6666667,383.3333333,566.6666667,475.0,11.14222222,16.667,42.63063423267464,476.0,2.677606952720493,,,-0.7221049931659698,-1.4844201990243249,0.4508215,-1.4844201990243249,100,100,3,10,100,2,50,10,50,10,1,10,2,5,1,1,50,1.2000000000000002,1.7999999999999998,7.0,3.0,90.0,10.0,8.0,2.0,1.0,0.5,5,42.5,7.5
1586,3,3,1,1,0,0,5,1,1,0,0,5,1,3,1,1,1,116.6666667,166.6666667,83.33333333,183.3333333,137.5000000075,11.14222222,16.667,12.340446752236826,138.5000000075,2.141449773423985,,,-0.49916331297185756,-1.9880998376650836,0.4508215,-1.9880998376650836,100,100,3,10,100,2,50,10,50,10,1,10,2,5,1,1,50,1.2000000000000002,1.7999999999999998,7.0,3.0,90.0,10.0,8.0,2.0,1.0,0.5,5,42.5,7.5
1587,3,3,4,3,3,5,1,5,4,1,4,0,5,4,0,3,2,300.0,300.0,433.3333333,366.6666667,350.0,11.14222222,16.667,31.412046276707624,351.0,2.545307116465824,,,-0.4945615547595943,-1.6118194338041327,0.4508215,-1.6118194338041327,100,100,3,10,100,2,50,10,50,10,1,10,2,5,1,1,50,1.2000000000000002,1.7999999999999998,7.0,3.0,90.0,10.0,8.0,2.0,1.0,0.5,5,42.5,7.5
1588,3,3,2,0,1,3,5,0,2,0,1,3,4,2,2,2,2,3383.333333,2583.333333,2950.0,3183.333333,3024.9999997500004,11.14222222,16.667,271.4898285119645,3025.9999997500004,3.4808689236512875,,,-0.7852130036158322,-0.6929795930886136,0.4508215,-0.6929795930886136,100,100,3,10,100,2,50,10,50,10,1,10,2,5,1,1,50,1.2000000000000002,1.7999999999999998,7.0,3.0,90.0,10.0,8.0,2.0,1.0,0.5,5,42.5,7.5
1589,3,3,0,5,5,3,4,5,5,5,4,0,5,1,0,1,0,2416.666667,2316.666667,1916.666667,2583.333333,2308.3333335,11.14222222,16.667,207.16992426848225,2309.3333335,3.3634866243209713,,,0.8711922651954724,-0.8096682395341389,0.4508215,-0.8096682395341389,100,100,3,10,100,2,50,10,50,10,1,10,2,5,1,1,50,1.2000000000000002,1.7999999999999998,7.0,3.0,90.0,10.0,8.0,2.0,1.0,0.5,5,42.5,7.5
1590,3,3,1,0,0,3,3,0,0,0,0,3,0,4,0,0,3,23666.66667,21116.66667,19883.33333,23366.66667,22008.333335,11.14222222,16.667,1975.2193862635058,22009.333335,4.342606887927466,,,0.27006788718802355,0.16682466463401838,0.4508215,0.16682466463401838,100,100,3,10,100,2,50,10,50,10,1,10,2,5,1,1,50,1.2000000000000002,1.7999999999999998,7.0,3.0,90.0,10.0,8.0,2.0,1.0,0.5,5,42.5,7.5
1591,3,3,0,3,3,3,5,0,0,2,3,2,1,3,2,1,3,22000.0,22866.66667,21800.0,24633.33333,22825.0,11.14222222,16.667,2048.514160759576,22826.0,4.358429812930043,,,0.08161451096103356,0.18263653677394467,0.4508215,0.18263653677394467,100,100,3,10,100,2,50,10,50,10,1,10,2,5,1,1,50,1.2000000000000002,1.7999999999999998,7.0,3.0,90.0,10.0,8.0,2.0,1.0,0.5,5,42.5,7.5
1592,3,3,0,2,0,2,3,0,1,0,1,3,0,3,1,1,3,9583.333333,12800.0,11300.0,12850.0,11633.33333325,11.14222222,16.667,1044.0765857611839,11634.33333325,4.0657415025358645,,,0.02256539875319774,-0.10976532127058475,0.4508215,-0.10976532127058475,100,100,3,10,100,2,50,10,50,10,1,10,2,5,1,1,50,1.2000000000000002,1.7999999999999998,7.0,3.0,90.0,10.0,8.0,2.0,1.0,0.5,5,42.5,7.5
1593,3,3,4,1,4,3,0,5,0,0,1,5,2,3,3,3,3,16.66666667,0.0,16.66666667,16.66666667,12.500000002500002,11.14222222,16.667,1.1218587958210728,13.500000002500002,1.130333768575431,,,-0.9250227407105385,-2.71119949737866,0.4508215,-2.71119949737866,100,100,3,10,100,2,50,10,50,10,1,10,2,5,1,1,50,1.2000000000000002,1.7999999999999998,7.0,3.0,90.0,10.0,8.0,2.0,1.0,0.5,5,42.5,7.5
1594,3,3,0,4,4,1,5,0,2,1,1,4,0,4,1,2,0,50.0,16.66666667,0.0,0.0,16.6666666675,11.14222222,16.667,1.4958117275370584,17.6666666675,1.2471546149016122,,,-0.7173631767336814,-2.653208170841382,0.4508215,-2.653208170841382,100,100,3,10,100,2,50,10,50,10,1,10,2,5,1,1,50,1.2000000000000002,1.7999999999999998,7.0,3.0,90.0,10.0,8.0,2.0,1.0,0.5,5,42.5,7.5
1595,3,3,0,5,3,2,1,2,5,5,5,5,5,3,1,1,0,66.66666667,66.66666667,50.0,66.66666667,62.5000000025,11.14222222,16.667,5.609293978207877,63.5000000025,1.8027737253090739,,,-0.3775617909771163,-2.2775470711962487,0.4508215,-2.2775470711962487,100,100,3,10,100,2,50,10,50,10,1,10,2,5,1,1,50,1.2000000000000002,1.7999999999999998,7.0,3.0,90.0,10.0,8.0,2.0,1.0,0.5,5,42.5,7.5
1596,3,3,5,1,0,3,3,0,5,1,5,4,0,1,3,1,3,83.33333333,0.0,33.33333333,50.0,41.666666665,11.14222222,16.667,3.7395293185060887,42.666666665,1.6300887149112413,,,-0.46326259678650605,-2.410171983425794,0.4508215,-2.410171983425794,100,100,3,10,100,2,50,10,50,10,1,10,2,5,1,1,50,1.2000000000000002,1.7999999999999998,7.0,3.0,90.0,10.0,8.0,2.0,1.0,0.5,5,42.5,7.5
1597,3,3,3,0,0,2,0,4,0,1,1,1,3,0,3,3,1,800.0,650.0,1050.0,950.0,862.5,11.14222222,16.667,77.40825689617236,863.5,2.9362623419034777,,,0.545662521722885,-1.2320198808082108,0.4508215,-1.2320198808082108,100,100,3,10,100,2,50,10,50,10,1,10,2,5,1,1,50,1.2000000000000002,1.7999999999999998,7.0,3.0,90.0,10.0,8.0,2.0,1.0,0.5,5,42.5,7.5
1598,3,3,4,0,0,5,1,1,0,5,3,2,0,5,0,1,3,600.0,600.0,666.6666667,550.0,604.166666675,11.14222222,16.667,54.22317512125512,605.166666675,2.781874998535229,,,-0.4297066160448302,-1.383115999171001,0.4508215,-1.383115999171001,100,100,3,10,100,2,50,10,50,10,1,10,2,5,1,1,50,1.2000000000000002,1.7999999999999998,7.0,3.0,90.0,10.0,8.0,2.0,1.0,0.5,5,42.5,7.5
1599,3,3,0,4,5,4,2,5,4,5,5,5,5,2,3,3,1,2266.666667,2750.0,1916.666667,2466.666667,2350.0000002499996,11.14222222,16.667,210.9094535946169,2351.0000002499996,3.371252629171121,,,0.18475545590831066,-0.8019541038421597,0.4508215,-0.8019541038421597,100,100,3,10,100,2,50,10,50,10,1,10,2,5,1,1,50,1.2000000000000002,1.7999999999999998,7.0,3.0,90.0,10.0,8.0,2.0,1.0,0.5,5,42.5,7.5
1600,3,3,1,1,0,5,2,3,5,1,5,4,5,3,2,3,1,40533.33333,41600.0,40950.0,43683.33333,41691.666665,11.14222222,16.667,3741.773036097282,41692.666665,4.620059673510974,,,0.3231965026895729,0.4441315801655619,0.4508215,0.4441315801655619,100,100,3,10,100,2,50,10,50,10,1,10,2,5,1,1,50,1.2000000000000002,1.7999999999999998,7.0,3.0,90.0,10.0,8.0,2.0,1.0,0.5,5,42.5,7.5
1601,3,3,2,3,5,3,5,0,5,5,5,1,0,1,0,1,3,9733.333333,8516.666667,8916.666667,8566.666667,8933.333333499999,11.14222222,16.667,801.7550859347336,8934.333333499999,3.9510621516503837,,,-0.013042935639497877,-0.2242682075568412,0.4508215,-0.2242682075568412,100,100,3,10,100,2,50,10,50,10,1,10,2,5,1,1,50,1.2000000000000002,1.7999999999999998,7.0,3.0,90.0,10.0,8.0,2.0,1.0,0.5,5,42.5,7.5
1602,3,3,5,0,0,3,2,0,2,0,1,5,0,3,1,1,3,50.0,16.66666667,16.66666667,0.0,20.833333335,11.14222222,16.667,1.869764659477416,21.833333335,1.339120045305273,,,-1.1337063105989487,-2.602056130930423,0.4508215,-2.602056130930423,100,100,3,10,100,2,50,10,50,10,1,10,2,5,1,1,50,1.2000000000000002,1.7999999999999998,7.0,3.0,90.0,10.0,8.0,2.0,1.0,0.5,5,42.5,7.5
1603,3,3,0,0,3,4,5,1,1,5,0,5,2,1,0,3,0,2233.333333,1983.333333,1833.333333,1766.666667,1954.1666664999998,11.14222222,16.667,175.38392502999278,1955.1666664999998,3.2911837843692746,,,0.2549319536277963,-0.8814412866125966,0.4508215,-0.8814412866125966,100,100,3,10,100,2,50,10,50,10,1,10,2,5,1,1,50,1.2000000000000002,1.7999999999999998,7.0,3.0,90.0,10.0,8.0,2.0,1.0,0.5,5,42.5,7.5
1604,3,3,3,0,4,2,4,4,1,3,1,5,1,3,0,3,2,700.0,950.0,733.3333333,833.3333333,804.16666665,11.14222222,16.667,72.17291584855862,805.16666665,2.9058857870938866,,,0.2079605362667034,-1.2618360982513068,0.4508215,-1.2618360982513068,100,100,3,10,100,2,50,10,50,10,1,10,2,5,1,1,50,1.2000000000000002,1.7999999999999998,7.0,3.0,90.0,10.0,8.0,2.0,1.0,0.5,5,42.5,7.5
1605,3,3,0,1,0,3,3,3,3,5,5,2,2,5,3,1,1,47766.66667,41966.66667,42666.66667,48633.33333,45258.333334999996,11.14222222,16.667,4061.8767460733693,45259.333334999996,4.655708152555892,,,0.30080165072353005,0.4797672031438582,0.4508215,0.4797672031438582,100,100,3,10,100,2,50,10,50,10,1,10,2,5,1,1,50,1.2000000000000002,1.7999999999999998,7.0,3.0,90.0,10.0,8.0,2.0,1.0,0.5,5,42.5,7.5
1606,3,3,1,2,2,5,0,1,0,5,2,1,2,5,1,2,1,16316.66667,16750.0,13416.66667,17300.0,15945.833335,11.14222222,16.667,1431.1178703991059,15946.833335,4.202674455313319,,,0.17442649013727163,0.027009660330192913,0.4508215,0.027009660330192913,100,100,3,10,100,2,50,10,50,10,1,10,2,5,1,1,50,1.2000000000000002,1.7999999999999998,7.0,3.0,90.0,10.0,8.0,2.0,1.0,0.5,5,42.5,7.5
1607,3,3,0,0,4,5,1,0,2,2,5,4,3,5,1,3,0,27750.0,24266.66667,25816.66667,26783.33333,26154.1666675,11.14222222,16.667,2347.3025533949544,26155.1666675,4.417557491809257,,,0.39976033763910657,0.2417262981821476,0.4508215,0.2417262981821476,100,100,3,10,100,2,50,10,50,10,1,10,2,5,1,1,50,1.2000000000000002,1.7999999999999998,7.0,3.0,90.0,10.0,8.0,2.0,1.0,0.5,5,42.5,7.5
1608,3,3,3,4,1,5,1,2,5,3,3,3,3,1,2,3,0,33.33333333,16.66666667,66.66666667,33.33333333,37.5,11.14222222,16.667,3.365576386790103,38.5,1.5854607295085006,,,-0.6965642831882595,-2.4423564758872467,0.4508215,-2.4423564758872467,100,100,3,10,100,2,50,10,50,10,1,10,2,5,1,1,50,1.2000000000000002,1.7999999999999998,7.0,3.0,90.0,10.0,8.0,2.0,1.0,0.5,5,42.5,7.5
1609,3,3,4,1,2,5,5,0,3,3,4,4,3,1,3,2,0,366.6666667,150.0,250.0,150.0,229.166666675,11.14222222,16.667,20.567411253354088,230.166666675,2.3620424282107115,,,-0.4688916277812325,-1.7854499002369468,0.4508215,-1.7854499002369468,100,100,3,10,100,2,50,10,50,10,1,10,2,5,1,1,50,1.2000000000000002,1.7999999999999998,7.0,3.0,90.0,10.0,8.0,2.0,1.0,0.5,5,42.5,7.5
1610,3,3,2,2,0,5,4,0,0,0,2,4,0,4,1,1,3,90150.0,76716.66667,88733.33333,83233.33333,84708.3333325,11.14222222,16.667,7602.463104752186,84709.3333325,4.927931263831183,,,0.15350197042427016,0.7519203201581066,0.4508215,0.7519203201581066,100,100,3,10,100,2,50,10,50,10,1,10,2,5,1,1,50,1.2000000000000002,1.7999999999999998,7.0,3.0,90.0,10.0,8.0,2.0,1.0,0.5,5,42.5,7.5
1611,3,3,4,4,5,3,0,0,3,0,1,3,0,3,3,3,3,16.66666667,0.0,0.0,0.0,4.1666666675,11.14222222,16.667,0.3739529319403576,5.1666666675,0.7132104435206765,,,0.30408074974006627,-2.8573255477577755,0.4508215,-2.8573255477577755,100,100,3,10,100,2,50,10,50,10,1,10,2,5,1,1,50,1.2000000000000002,1.7999999999999998,7.0,3.0,90.0,10.0,8.0,2.0,1.0,0.5,5,42.5,7.5
1612,3,3,3,2,0,3,5,1,0,0,0,3,1,5,2,0,0,5366.666667,4716.666667,5016.666667,4250.0,4837.50000025,11.14222222,16.667,434.15935391836047,4838.50000025,3.684710745408533,,,-0.05906916777093363,-0.48997654556008635,0.4508215,-0.48997654556008635,100,100,3,10,100,2,50,10,50,10,1,10,2,5,1,1,50,1.2000000000000002,1.7999999999999998,7.0,3.0,90.0,10.0,8.0,2.0,1.0,0.5,5,42.5,7.5
1613,3,3,4,2,5,2,0,5,0,5,5,3,5,0,2,1,1,183.3333333,150.0,266.6666667,100.0,175.0,11.14222222,16.667,15.706023138353812,176.0,2.24551266781415,,,-1.1950610419273544,-1.8935439137916188,0.4508215,-1.8935439137916188,100,100,3,10,100,2,50,10,50,10,1,10,2,5,1,1,50,1.2000000000000002,1.7999999999999998,7.0,3.0,90.0,10.0,8.0,2.0,1.0,0.5,5,42.5,7.5
1614,3,3,3,2,5,2,4,0,5,5,0,2,1,5,2,0,1,16.66666667,16.66666667,0.0,16.66666667,12.500000002500002,11.14222222,16.667,1.1218587958210728,13.500000002500002,1.130333768575431,,,-0.4935005543425488,-2.71119949737866,0.4508215,-2.71119949737866,100,100,3,10,100,2,50,10,50,10,1,10,2,5,1,1,50,1.2000000000000002,1.7999999999999998,7.0,3.0,90.0,10.0,8.0,2.0,1.0,0.5,5,42.5,7.5
1615,3,3,1,3,5,5,0,4,0,2,4,5,0,4,3,3,0,1116.666667,716.6666667,950.0,866.6666667,912.5000001,11.14222222,16.667,81.89569208753403,913.5000001,2.9607085517360985,,,0.18885000573503863,-1.2079974818717034,0.4508215,-1.2079974818717034,100,100,3,10,100,2,50,10,50,10,1,10,2,5,1,1,50,1.2000000000000002,1.7999999999999998,7.0,3.0,90.0,10.0,8.0,2.0,1.0,0.5,5,42.5,7.5
1616,3,3,1,0,0,3,0,2,4,0,1,2,1,5,1,3,1,16766.66667,18783.33333,17083.33333,18333.33333,17741.666665,11.14222222,16.667,1592.291583734003,17742.666665,4.249018893447205,,,0.05786165342444782,0.07331095272207391,0.4508215,0.07331095272207391,100,100,3,10,100,2,50,10,50,10,1,10,2,5,1,1,50,1.2000000000000002,1.7999999999999998,7.0,3.0,90.0,10.0,8.0,2.0,1.0,0.5,5,42.5,7.5
1617,3,3,0,0,0,5,0,0,0,5,5,5,0,1,3,3,0,3650.0,3266.666667,3716.666667,4016.666667,3662.5000002499996,11.14222222,16.667,328.7046271322705,3663.5000002499996,3.5638961959046607,,,0.13030544602689131,-0.6103417578130317,0.4508215,-0.6103417578130317,100,100,3,10,100,2,50,10,50,10,1,10,2,5,1,1,50,1.2000000000000002,1.7999999999999998,7.0,3.0,90.0,10.0,8.0,2.0,1.0,0.5,5,42.5,7.5
1618,3,3,1,2,4,5,5,3,1,5,2,5,5,1,0,1,0,2116.666667,2050.0,2333.333333,2466.666667,2241.66666675,11.14222222,16.667,201.1866773511541,2242.66666675,3.350764728086331,,,0.410059059848892,-0.8223031501103729,0.4508215,-0.8223031501103729,100,100,3,10,100,2,50,10,50,10,1,10,2,5,1,1,50,1.2000000000000002,1.7999999999999998,7.0,3.0,90.0,10.0,8.0,2.0,1.0,0.5,5,42.5,7.5
1619,3,3,5,3,0,1,3,3,3,0,0,1,2,1,0,2,3,0.0,0.0,0.0,16.66666667,4.1666666675,11.14222222,16.667,0.3739529319403576,5.1666666675,0.7132104435206765,,,-0.5212287184321311,-2.8573255477577755,0.4508215,-2.8573255477577755,100,100,3,10,100,2,50,10,50,10,1,10,2,5,1,1,50,1.2000000000000002,1.7999999999999998,7.0,3.0,90.0,10.0,8.0,2.0,1.0,0.5,5,42.5,7.5
1620,3,4,1,1,0,3,3,0,0,0,1,3,0,2,1,0,3,683.3333333,600.0,416.6666667,316.6666667,504.166666675,9.020277778,16.667,55.89258768778018,505.166666675,2.7034346859911427,,,-1.11486270710799,-1.4593922098039027,0.4508215,-1.4593922098039027,100,100,3,10,100,2,50,10,50,10,1,10,2,5,1,1,50,1.2000000000000002,1.7999999999999998,7.0,3.0,90.0,10.0,8.0,2.0,1.0,0.5,5,42.5,7.5
1621,3,4,3,0,3,3,1,3,0,3,3,1,3,1,2,1,3,1466.666667,1250.0,1983.333333,1066.666667,1441.6666667499999,9.020277778,16.667,159.82508546091026,1442.6666667499999,3.159165997403937,,,-0.5293176282175063,-1.0122343571248962,0.4508215,-1.0122343571248962,100,100,3,10,100,2,50,10,50,10,1,10,2,5,1,1,50,1.2000000000000002,1.7999999999999998,7.0,3.0,90.0,10.0,8.0,2.0,1.0,0.5,5,42.5,7.5
1622,3,4,1,0,0,3,3,0,0,0,1,3,0,2,1,1,3,3650.0,3133.333333,3366.666667,2533.333333,3170.83333325,9.020277778,16.667,351.522803541982,3171.83333325,3.5013103588626193,,,-0.8254984866022927,-0.6726410202086097,0.4508215,-0.6726410202086097,100,100,3,10,100,2,50,10,50,10,1,10,2,5,1,1,50,1.2000000000000002,1.7999999999999998,7.0,3.0,90.0,10.0,8.0,2.0,1.0,0.5,5,42.5,7.5
1623,3,4,2,0,0,3,3,0,0,0,1,3,0,3,1,1,3,17466.66667,17133.33333,17333.33333,19150.0,17770.8333325,9.020277778,16.667,1970.0982353162292,17771.8333325,4.249732231694932,,,-0.2905689563276921,0.07402366215488376,0.4508215,0.07402366215488376,100,100,3,10,100,2,50,10,50,10,1,10,2,5,1,1,50,1.2000000000000002,1.7999999999999998,7.0,3.0,90.0,10.0,8.0,2.0,1.0,0.5,5,42.5,7.5
1624,3,4,1,1,0,3,2,0,0,0,1,3,0,3,1,0,3,6566.666667,4583.333333,2133.333333,2683.333333,3991.6666665000002,9.020277778,16.667,442.52147935349313,3992.6666665000002,3.6012630540103987,,,-0.8074450955500256,-0.5731273926315685,0.4508215,-0.5731273926315685,100,100,3,10,100,2,50,10,50,10,1,10,2,5,1,1,50,1.2000000000000002,1.7999999999999998,7.0,3.0,90.0,10.0,8.0,2.0,1.0,0.5,5,42.5,7.5
1625,3,4,1,1,0,3,3,0,0,0,2,3,0,3,1,1,3,39966.66667,39433.33333,39183.33333,37366.66667,38987.5,9.020277778,16.667,4322.2061403794605,38988.5,4.590936526948588,,,-0.18738956355095482,0.4150197481870478,0.4508215,0.4150197481870478,100,100,3,10,100,2,50,10,50,10,1,10,2,5,1,1,50,1.2000000000000002,1.7999999999999998,7.0,3.0,90.0,10.0,8.0,2.0,1.0,0.5,5,42.5,7.5
1626,3,4,2,1,0,3,3,0,0,0,1,3,0,3,1,1,3,14483.33333,12600.0,11833.33333,11166.66667,12520.8333325,9.020277778,16.667,1388.0762478332626,12521.8333325,4.0976679189621725,,,-0.3419695926183399,-0.07788030150952673,0.4508215,-0.07788030150952673,100,100,3,10,100,2,50,10,50,10,1,10,2,5,1,1,50,1.2000000000000002,1.7999999999999998,7.0,3.0,90.0,10.0,8.0,2.0,1.0,0.5,5,42.5,7.5
1627,3,4,1,1,0,3,3,0,0,0,0,3,0,3,1,1,3,12016.66667,15000.0,12916.66667,13016.66667,13237.500002499999,9.020277778,16.667,1467.5268687163482,13238.500002499999,4.121838779851287,,,-0.46518091843016407,-0.053738820655794835,0.4508215,-0.053738820655794835,100,100,3,10,100,2,50,10,50,10,1,10,2,5,1,1,50,1.2000000000000002,1.7999999999999998,7.0,3.0,90.0,10.0,8.0,2.0,1.0,0.5,5,42.5,7.5
1628,3,4,1,0,1,3,3,0,0,0,1,3,0,3,1,1,3,25583.33333,26550.0,21750.0,17266.66667,22787.5,9.020277778,16.667,2526.252579003449,22788.5,4.357715739697173,,,-0.2693444824685418,0.1819229537233922,0.4508215,0.1819229537233922,100,100,3,10,100,2,50,10,50,10,1,10,2,5,1,1,50,1.2000000000000002,1.7999999999999998,7.0,3.0,90.0,10.0,8.0,2.0,1.0,0.5,5,42.5,7.5
1629,3,4,1,1,0,3,3,0,0,0,1,3,0,3,2,1,3,39266.66667,42833.33333,35133.33333,36183.33333,38354.166665,9.020277778,16.667,4251.993963926905,38355.166665,4.583823874229261,,,-0.28248234788973026,0.407909975956451,0.4508215,0.407909975956451,100,100,3,10,100,2,50,10,50,10,1,10,2,5,1,1,50,1.2000000000000002,1.7999999999999998,7.0,3.0,90.0,10.0,8.0,2.0,1.0,0.5,5,42.5,7.5
1630,3,4,1,1,1,3,3,0,0,0,1,3,0,3,1,0,3,15450.0,13850.0,6950.0,5800.0,10512.5,9.020277778,16.667,1165.4297416027978,10513.5,4.021747319039226,,,-0.17020444320632944,-0.15369724509843782,0.4508215,-0.15369724509843782,100,100,3,10,100,2,50,10,50,10,1,10,2,5,1,1,50,1.2000000000000002,1.7999999999999998,7.0,3.0,90.0,10.0,8.0,2.0,1.0,0.5,5,42.5,7.5
1631,3,4,1,1,0,3,3,1,0,0,1,3,0,3,1,1,3,51066.66667,63500.0,70866.66667,53466.66667,59725.000002500004,9.020277778,16.667,6621.192991214333,59726.000002500004,4.77616342994861,,,0.03926484206355507,0.6001860777240842,0.4508215,0.6001860777240842,100,100,3,10,100,2,50,10,50,10,1,10,2,5,1,1,50,1.2000000000000002,1.7999999999999998,7.0,3.0,90.0,10.0,8.0,2.0,1.0,0.5,5,42.5,7.5
1632,3,4,1,1,0,3,3,0,0,0,1,3,0,3,1,1,2,43983.33333,48933.33333,46250.0,47883.33333,46762.499997499996,9.020277778,16.667,5184.152988231844,46763.499997499996,4.669907008322062,,,0.02115279746725207,0.4939612249499419,0.4508215,0.4939612249499419,100,100,3,10,100,2,50,10,50,10,1,10,2,5,1,1,50,1.2000000000000002,1.7999999999999998,7.0,3.0,90.0,10.0,8.0,2.0,1.0,0.5,5,42.5,7.5
1633,3,4,0,1,0,3,3,0,0,0,1,3,0,3,1,0,3,34766.66667,27983.33333,17650.0,12116.66667,23129.1666675,9.020277778,16.667,2564.130200503455,23130.1666675,4.364178762148691,,,-0.09001209038911107,0.1883815687797013,0.4508215,0.1883815687797013,100,100,3,10,100,2,50,10,50,10,1,10,2,5,1,1,50,1.2000000000000002,1.7999999999999998,7.0,3.0,90.0,10.0,8.0,2.0,1.0,0.5,5,42.5,7.5
1634,3,4,1,1,0,3,3,0,1,0,1,3,0,3,1,0,3,14900.0,9200.0,5733.333333,5450.0,8820.83333325,9.020277778,16.667,977.8893234046035,8821.83333325,3.94555884859841,,,-0.3478114761493658,-0.22976181587407665,0.4508215,-0.22976181587407665,100,100,3,10,100,2,50,10,50,10,1,10,2,5,1,1,50,1.2000000000000002,1.7999999999999998,7.0,3.0,90.0,10.0,8.0,2.0,1.0,0.5,5,42.5,7.5
1635,3,4,1,0,0,3,3,0,0,0,0,3,0,4,0,0,3,6966.666667,5533.333333,7133.333333,6366.666667,6500.0,9.020277778,16.667,720.5986511693875,6501.0,3.8129801660394804,,,-0.25955883469996177,-0.3620657298289071,0.4508215,-0.3620657298289071,100,100,3,10,100,2,50,10,50,10,1,10,2,5,1,1,50,1.2000000000000002,1.7999999999999998,7.0,3.0,90.0,10.0,8.0,2.0,1.0,0.5,5,42.5,7.5
1636,3,4,0,3,3,3,5,0,0,2,3,2,1,3,2,1,3,18366.66667,19533.33333,17816.66667,19116.66667,18708.333335,9.020277778,16.667,2074.030733358198,18709.333335,4.272058312668953,,,-0.004756989300056524,0.0963305750855772,0.4508215,0.0963305750855772,100,100,3,10,100,2,50,10,50,10,1,10,2,5,1,1,50,1.2000000000000002,1.7999999999999998,7.0,3.0,90.0,10.0,8.0,2.0,1.0,0.5,5,42.5,7.5
1637,3,4,1,2,0,3,3,0,0,0,1,3,0,3,1,1,3,31133.33333,29050.0,29850.0,28866.66667,29725.0,9.020277778,16.667,3295.3530624630835,29726.0,4.473136473456477,,,0.23466766264261363,0.2972740477197624,0.4508215,0.2972740477197624,100,100,3,10,100,2,50,10,50,10,1,10,2,5,1,1,50,1.2000000000000002,1.7999999999999998,7.0,3.0,90.0,10.0,8.0,2.0,1.0,0.5,5,42.5,7.5
1638,3,4,1,2,0,3,3,0,0,0,1,3,0,3,1,0,3,16983.33333,14700.0,11650.0,8416.666667,12937.49999925,9.020277778,16.667,1434.268469071308,12938.49999925,4.111883930134152,,,0.17713547860383594,-0.06368176757408418,0.4508215,-0.06368176757408418,100,100,3,10,100,2,50,10,50,10,1,10,2,5,1,1,50,1.2000000000000002,1.7999999999999998,7.0,3.0,90.0,10.0,8.0,2.0,1.0,0.5,5,42.5,7.5
1639,3,4,1,1,0,3,3,0,0,0,1,3,0,3,1,1,3,46116.66667,59683.33333,47433.33333,54933.33333,52041.666665,9.020277778,16.667,5769.408431293211,52042.666665,4.716359541698601,,,0.054674676221308616,0.540399003609631,0.4508215,0.540399003609631,100,100,3,10,100,2,50,10,50,10,1,10,2,5,1,1,50,1.2000000000000002,1.7999999999999998,7.0,3.0,90.0,10.0,8.0,2.0,1.0,0.5,5,42.5,7.5
1640,3,4,1,1,0,3,3,0,0,0,1,3,1,3,1,1,3,45216.66667,54600.0,63316.66667,59150.0,55570.833335,9.020277778,16.667,6160.656545470744,55571.833335,4.744854724554684,,,0.04390695810048051,0.5688858860186006,0.4508215,0.5688858860186006,100,100,3,10,100,2,50,10,50,10,1,10,2,5,1,1,50,1.2000000000000002,1.7999999999999998,7.0,3.0,90.0,10.0,8.0,2.0,1.0,0.5,5,42.5,7.5
1641,3,4,1,1,0,3,3,0,0,1,1,3,0,3,1,1,3,48583.33333,57966.66667,56583.33333,53083.33333,54054.166665,9.020277778,16.667,5992.516859828349,54055.166665,4.732837210719683,,,0.06272592524343956,0.5568718065310059,0.4508215,0.5568718065310059,100,100,3,10,100,2,50,10,50,10,1,10,2,5,1,1,50,1.2000000000000002,1.7999999999999998,7.0,3.0,90.0,10.0,8.0,2.0,1.0,0.5,5,42.5,7.5
1642,3,4,3,0,0,2,0,4,0,1,1,1,3,0,3,3,1,283.3333333,300.0,383.3333333,366.6666667,333.333333325,9.020277778,16.667,36.95377698212167,334.333333325,2.5241796782899306,,,0.13357985810933792,-1.6320228011021505,0.4508215,-1.6320228011021505,100,100,3,10,100,2,50,10,50,10,1,10,2,5,1,1,50,1.2000000000000002,1.7999999999999998,7.0,3.0,90.0,10.0,8.0,2.0,1.0,0.5,5,42.5,7.5
1643,3,4,1,1,0,3,3,0,0,0,1,3,1,3,1,0,3,4100.0,3250.0,2850.0,2400.0,3150.0,9.020277778,16.667,349.2131924897801,3151.0,3.4984484031739997,,,-0.8737390203848703,-0.6754888627712897,0.4508215,-0.6754888627712897,100,100,3,10,100,2,50,10,50,10,1,10,2,5,1,1,50,1.2000000000000002,1.7999999999999998,7.0,3.0,90.0,10.0,8.0,2.0,1.0,0.5,5,42.5,7.5
1644,3,4,0,4,5,4,2,3,0,5,5,5,5,2,1,3,1,1800.0,1816.666667,1616.666667,1150.0,1595.8333335,9.020277778,16.667,176.9162073248073,1596.8333335,3.2032595898275735,,,-0.21916919925917044,-0.9685914459268598,0.4508215,-0.9685914459268598,100,100,3,10,100,2,50,10,50,10,1,10,2,5,1,1,50,1.2000000000000002,1.7999999999999998,7.0,3.0,90.0,10.0,8.0,2.0,1.0,0.5,5,42.5,7.5
1645,3,4,1,0,0,3,3,0,1,0,1,3,0,3,1,1,3,33833.33333,31783.33333,35700.0,33266.66667,33645.8333325,9.020277778,16.667,3730.021864133772,33646.8333325,4.526944196912574,,,-0.19566912920759716,0.351055111653612,0.4508215,0.351055111653612,100,100,3,10,100,2,50,10,50,10,1,10,2,5,1,1,50,1.2000000000000002,1.7999999999999998,7.0,3.0,90.0,10.0,8.0,2.0,1.0,0.5,5,42.5,7.5
1646,3,4,1,0,0,3,3,0,0,0,1,3,0,3,0,1,3,4750.0,4516.666667,5483.333333,4366.666667,4779.16666675,9.020277778,16.667,529.8247775036535,4780.16666675,3.679443039120063,,,-0.5461041993527256,-0.49522714694440834,0.4508215,-0.49522714694440834,100,100,3,10,100,2,50,10,50,10,1,10,2,5,1,1,50,1.2000000000000002,1.7999999999999998,7.0,3.0,90.0,10.0,8.0,2.0,1.0,0.5,5,42.5,7.5
1647,3,4,0,1,0,3,3,0,0,0,1,3,0,3,1,1,3,51483.33333,53133.33333,63450.0,59300.0,56841.666665,9.020277778,16.667,6301.542819849066,56842.666665,4.754674443828422,,,-0.02411697093315812,0.5787028687099315,0.4508215,0.5787028687099315,100,100,3,10,100,2,50,10,50,10,1,10,2,5,1,1,50,1.2000000000000002,1.7999999999999998,7.0,3.0,90.0,10.0,8.0,2.0,1.0,0.5,5,42.5,7.5
1648,3,4,1,1,0,3,3,0,0,0,1,3,0,3,2,0,3,49283.33333,52666.66667,54400.0,55583.33333,52983.3333325,9.020277778,16.667,5873.8028513627,52984.3333325,4.724147474260069,,,0.05517969148148261,0.5481846132696911,0.4508215,0.5481846132696911,100,100,3,10,100,2,50,10,50,10,1,10,2,5,1,1,50,1.2000000000000002,1.7999999999999998,7.0,3.0,90.0,10.0,8.0,2.0,1.0,0.5,5,42.5,7.5
1649,3,4,1,0,0,3,3,0,0,0,1,3,0,3,1,2,3,44216.66667,50800.0,48483.33333,47350.0,47712.5,9.020277778,16.667,5289.471252910677,47713.5,4.678641275182585,,,-0.16190545457275363,0.5026925957911765,0.4508215,0.5026925957911765,100,100,3,10,100,2,50,10,50,10,1,10,2,5,1,1,50,1.2000000000000002,1.7999999999999998,7.0,3.0,90.0,10.0,8.0,2.0,1.0,0.5,5,42.5,7.5
1650,3,4,1,0,0,3,3,0,0,0,0,3,0,3,1,1,3,38983.33333,42966.66667,41166.66667,43516.66667,41658.333335,9.020277778,16.667,4618.298278640882,41659.333335,4.619712315749812,,,-0.10537757054793229,0.4437843529353912,0.4508215,0.4437843529353912,100,100,3,10,100,2,50,10,50,10,1,10,2,5,1,1,50,1.2000000000000002,1.7999999999999998,7.0,3.0,90.0,10.0,8.0,2.0,1.0,0.5,5,42.5,7.5
1651,3,4,1,1,0,3,3,0,0,1,1,3,0,3,1,0,3,5566.666667,4750.0,3233.333333,4233.333333,4445.833333250001,9.020277778,16.667,492.87100050213115,4446.833333250001,3.648050852451798,,,-0.6919430630251804,-0.5265129975032454,0.4508215,-0.5265129975032454,100,100,3,10,100,2,50,10,50,10,1,10,2,5,1,1,50,1.2000000000000002,1.7999999999999998,7.0,3.0,90.0,10.0,8.0,2.0,1.0,0.5,5,42.5,7.5
1652,3,4,0,0,4,5,1,0,2,2,5,4,3,5,1,3,0,2633.333333,2500.0,3050.0,2300.0,2620.83333325,9.020277778,16.667,290.5490715199569,2621.83333325,3.4186050806605395,,,-0.5991920735096108,-0.754898735876519,0.4508215,-0.754898735876519,100,100,3,10,100,2,50,10,50,10,1,10,2,5,1,1,50,1.2000000000000002,1.7999999999999998,7.0,3.0,90.0,10.0,8.0,2.0,1.0,0.5,5,42.5,7.5
1653,3,4,1,0,0,3,3,0,0,0,1,3,1,3,1,1,3,27783.33333,29183.33333,25283.33333,28833.33333,27770.83333,9.020277778,16.667,3078.7115445304416,27771.83333,4.443604550215565,,,-0.357222378122791,0.26775822180897907,0.4508215,0.26775822180897907,100,100,3,10,100,2,50,10,50,10,1,10,2,5,1,1,50,1.2000000000000002,1.7999999999999998,7.0,3.0,90.0,10.0,8.0,2.0,1.0,0.5,5,42.5,7.5
1654,3,4,1,0,0,3,3,0,0,0,1,3,0,3,1,0,3,8166.666667,6966.666667,3833.333333,5466.666667,6108.333333500001,9.020277778,16.667,677.1779632327859,6109.333333500001,3.7859938214735265,,,-0.6414305525465642,-0.38898514237222037,0.4508215,-0.38898514237222037,100,100,3,10,100,2,50,10,50,10,1,10,2,5,1,1,50,1.2000000000000002,1.7999999999999998,7.0,3.0,90.0,10.0,8.0,2.0,1.0,0.5,5,42.5,7.5
1655,3,4,1,1,0,3,3,0,0,0,1,3,0,3,0,1,3,4233.333333,3750.0,3733.333333,2766.666667,3620.8333332499997,9.020277778,16.667,401.4104024690934,3621.8333332499997,3.5589284614072954,,,-0.5593723553646672,-0.6152882172737782,0.4508215,-0.6152882172737782,100,100,3,10,100,2,50,10,50,10,1,10,2,5,1,1,50,1.2000000000000002,1.7999999999999998,7.0,3.0,90.0,10.0,8.0,2.0,1.0,0.5,5,42.5,7.5
1656,3,4,1,1,1,3,3,0,0,0,1,3,0,3,1,1,3,38400.0,33850.0,37350.0,35866.66667,36366.6666675,9.020277778,16.667,4031.65706894265,36367.6666675,4.560715437817521,,,0.018116231144799322,0.384811230258639,0.4508215,0.384811230258639,100,100,3,10,100,2,50,10,50,10,1,10,2,5,1,1,50,1.2000000000000002,1.7999999999999998,7.0,3.0,90.0,10.0,8.0,2.0,1.0,0.5,5,42.5,7.5
1657,3,4,1,1,0,2,3,0,0,0,1,3,0,3,1,0,3,2983.333333,2600.0,2333.333333,2716.666667,2658.33333325,9.020277778,16.667,294.70637143054955,2659.33333325,3.424772777240549,,,-0.43910759997295257,-0.7487674185942743,0.4508215,-0.7487674185942743,100,100,3,10,100,2,50,10,50,10,1,10,2,5,1,1,50,1.2000000000000002,1.7999999999999998,7.0,3.0,90.0,10.0,8.0,2.0,1.0,0.5,5,42.5,7.5
1658,3,4,1,1,0,3,3,0,0,0,1,3,0,3,1,0,3,14516.66667,11066.66667,9400.0,8500.0,10870.833335,9.020277778,16.667,1205.1550520443407,10871.833335,4.0363027860492515,,,-0.3010416549118107,-0.13916307767705471,0.4508215,-0.13916307767705471,100,100,3,10,100,2,50,10,50,10,1,10,2,5,1,1,50,1.2000000000000002,1.7999999999999998,7.0,3.0,90.0,10.0,8.0,2.0,1.0,0.5,5,42.5,7.5
1659,3,4,1,0,0,3,3,0,0,0,1,2,0,3,1,1,3,25983.33333,25216.66667,25700.0,24450.0,25337.5,9.020277778,16.667,2808.948972923747,25338.5,4.403780901746924,,,-0.3576881623741617,0.2279580875085021,0.4508215,0.2279580875085021,100,100,3,10,100,2,50,10,50,10,1,10,2,5,1,1,50,1.2000000000000002,1.7999999999999998,7.0,3.0,90.0,10.0,8.0,2.0,1.0,0.5,5,42.5,7.5
1660,3,4,1,3,5,5,0,4,0,2,4,5,0,4,3,3,0,416.6666667,366.6666667,483.3333333,383.3333333,412.5,9.020277778,16.667,45.73029901651882,413.5,2.6164755138885654,,,-0.1553830321124945,-1.5434649387461437,0.4508215,-1.5434649387461437,100,100,3,10,100,2,50,10,50,10,1,10,2,5,1,1,50,1.2000000000000002,1.7999999999999998,7.0,3.0,90.0,10.0,8.0,2.0,1.0,0.5,5,42.5,7.5
1661,3,4,1,1,0,3,3,0,0,0,0,3,0,3,1,0,3,4350.0,2950.0,2366.666667,2433.333333,3025.0,9.020277778,16.667,335.35552612113804,3026.0,3.4808689236871677,,,-0.7673616752609096,-0.6929795930529181,0.4508215,-0.6929795930529181,100,100,3,10,100,2,50,10,50,10,1,10,2,5,1,1,50,1.2000000000000002,1.7999999999999998,7.0,3.0,90.0,10.0,8.0,2.0,1.0,0.5,5,42.5,7.5
1662,3,4,1,0,0,3,3,0,0,0,2,3,0,3,1,1,3,32683.33333,31883.33333,28500.0,32216.66667,31320.8333325,9.020277778,16.667,3472.269269677029,31321.8333325,4.49584717429542,,,-0.3658087247712478,0.3199730925185825,0.4508215,0.3199730925185825,100,100,3,10,100,2,50,10,50,10,1,10,2,5,1,1,50,1.2000000000000002,1.7999999999999998,7.0,3.0,90.0,10.0,8.0,2.0,1.0,0.5,5,42.5,7.5
1663,3,4,1,2,4,5,5,3,1,5,2,5,5,1,0,1,0,1333.333333,1600.0,1716.666667,1600.0,1562.5,9.020277778,16.667,173.22082960802584,1563.5,3.194097885578952,,,0.25339221734151307,-0.9776631991275662,0.4508215,-0.9776631991275662,100,100,3,10,100,2,50,10,50,10,1,10,2,5,1,1,50,1.2000000000000002,1.7999999999999998,7.0,3.0,90.0,10.0,8.0,2.0,1.0,0.5,5,42.5,7.5
1664,3,4,1,1,0,3,3,0,0,0,1,3,0,3,0,1,3,4416.666667,4300.0,4183.333333,3866.666667,4191.66666675,9.020277778,16.667,464.6937455710358,4192.66666675,3.6224903356814986,,,-0.495810481090464,-0.5519810925764831,0.4508215,-0.5519810925764831,100,100,3,10,100,2,50,10,50,10,1,10,2,5,1,1,50,1.2000000000000002,1.7999999999999998,7.0,3.0,90.0,10.0,8.0,2.0,1.0,0.5,5,42.5,7.5
1665,3,4,1,1,0,3,3,0,0,0,1,3,1,3,1,0,3,5416.666667,4150.0,3300.0,3433.333333,4075.0000000000005,9.020277778,16.667,451.75992361773143,4076.0000000000005,3.610234175334389,,,-0.7619532482244811,-0.5641909775999332,0.4508215,-0.5641909775999332,100,100,3,10,100,2,50,10,50,10,1,10,2,5,1,1,50,1.2000000000000002,1.7999999999999998,7.0,3.0,90.0,10.0,8.0,2.0,1.0,0.5,5,42.5,7.5
1666,3,4,3,0,0,3,1,0,0,0,0,1,3,1,2,0,3,83.33333333,116.6666667,16.66666667,33.33333333,62.500000007500006,9.020277778,16.667,6.928833185152494,63.500000007500006,1.8027737253432703,,,-0.8861437263108878,-2.2775470711688195,0.4508215,-2.2775470711688195,100,100,3,10,100,2,50,10,50,10,1,10,2,5,1,1,50,1.2000000000000002,1.7999999999999998,7.0,3.0,90.0,10.0,8.0,2.0,1.0,0.5,5,42.5,7.5
1667,3,4,0,5,5,3,4,5,0,5,1,3,5,2,0,3,3,366.6666667,383.3333333,283.3333333,216.6666667,312.5,9.020277778,16.667,34.644165921605165,313.5,2.496237545166735,,,0.06934055403106809,-1.6586749696851881,0.4508215,-1.6586749696851881,100,100,3,10,100,2,50,10,50,10,1,10,2,5,1,1,50,1.2000000000000002,1.7999999999999998,7.0,3.0,90.0,10.0,8.0,2.0,1.0,0.5,5,42.5,7.5
1668,3,4,2,0,0,4,3,0,0,0,1,3,0,3,1,2,3,23616.66667,24616.66667,26516.66667,22850.0,24400.000002499997,9.020277778,16.667,2705.0164754360844,24401.000002499997,4.3874076249726786,,,-0.5294430222057294,0.21159512122420523,0.4508215,0.21159512122420523,100,100,3,10,100,2,50,10,50,10,1,10,2,5,1,1,50,1.2000000000000002,1.7999999999999998,7.0,3.0,90.0,10.0,8.0,2.0,1.0,0.5,5,42.5,7.5
1669,3,4,1,1,0,3,3,0,0,0,1,3,0,3,1,2,3,40266.66667,41166.66667,39733.33333,39300.0,40116.6666675,9.020277778,16.667,4447.387060001912,40117.6666675,4.603335665552317,,,-0.10589100067863022,0.4274139767625768,0.4508215,0.4274139767625768,100,100,3,10,100,2,50,10,50,10,1,10,2,5,1,1,50,1.2000000000000002,1.7999999999999998,7.0,3.0,90.0,10.0,8.0,2.0,1.0,0.5,5,42.5,7.5
1670,3,4,1,1,0,3,3,0,0,0,2,3,0,3,0,0,3,7466.666667,6433.333333,7016.666667,6066.666667,6745.833333500001,9.020277778,16.667,747.8520617128605,6746.833333500001,3.8290999819449363,,,0.04289965306911325,-0.3459839595233538,0.4508215,-0.3459839595233538,100,100,3,10,100,2,50,10,50,10,1,10,2,5,1,1,50,1.2000000000000002,1.7999999999999998,7.0,3.0,90.0,10.0,8.0,2.0,1.0,0.5,5,42.5,7.5
1671,3,4,2,1,0,3,3,0,0,0,1,3,0,3,1,1,3,23300.0,22883.33333,24466.66667,22916.66667,23391.6666675,9.020277778,16.667,2593.2312998776033,23392.6666675,4.369079732410582,,,-0.07055777916993033,0.19327924029806154,0.4508215,0.19327924029806154,100,100,3,10,100,2,50,10,50,10,1,10,2,5,1,1,50,1.2000000000000002,1.7999999999999998,7.0,3.0,90.0,10.0,8.0,2.0,1.0,0.5,5,42.5,7.5
1672,3,4,1,1,0,3,3,0,0,0,0,3,0,3,1,0,3,7533.333333,5866.666667,4983.333333,5300.0,5920.83333325,9.020277778,16.667,656.3914636521074,5921.83333325,3.772456180245375,,,-0.4757744187027022,-0.40248761204740974,0.4508215,-0.40248761204740974,100,100,3,10,100,2,50,10,50,10,1,10,2,5,1,1,50,1.2000000000000002,1.7999999999999998,7.0,3.0,90.0,10.0,8.0,2.0,1.0,0.5,5,42.5,7.5
1673,3,4,1,4,1,3,2,3,0,0,4,5,5,2,1,2,3,3250.0,3416.666667,3450.0,3283.333333,3350.0,9.020277778,16.667,371.3854586796074,3351.0,3.5251744278352715,,,0.824526698044822,-0.6488910969932496,0.4508215,-0.6488910969932496,100,100,3,10,100,2,50,10,50,10,1,10,2,5,1,1,50,1.2000000000000002,1.7999999999999998,7.0,3.0,90.0,10.0,8.0,2.0,1.0,0.5,5,42.5,7.5
1674,3,4,1,0,0,3,3,0,0,0,1,3,0,3,2,1,3,38150.0,39850.0,41983.33333,40700.0,40170.8333325,9.020277778,16.667,4453.392048576888,40171.8333325,4.603921652195193,,,-0.3765381448063936,0.4279997348058457,0.4508215,0.4279997348058457,100,100,3,10,100,2,50,10,50,10,1,10,2,5,1,1,50,1.2000000000000002,1.7999999999999998,7.0,3.0,90.0,10.0,8.0,2.0,1.0,0.5,5,42.5,7.5
1675,3,4,2,0,1,3,3,0,0,0,1,3,0,3,1,0,3,18383.33333,18633.33333,14566.66667,14983.33333,16641.666665,9.020277778,16.667,1844.9173156937784,16642.666665,4.221222914809672,,,0.18895497943788264,0.04554029766159446,0.4508215,0.04554029766159446,100,100,3,10,100,2,50,10,50,10,1,10,2,5,1,1,50,1.2000000000000002,1.7999999999999998,7.0,3.0,90.0,10.0,8.0,2.0,1.0,0.5,5,42.5,7.5
1676,3,4,1,2,0,3,3,1,0,0,1,3,1,3,0,1,3,4016.666667,3650.0,3933.333333,4116.666667,3929.1666667500003,9.020277778,16.667,435.5926461968875,3930.1666667500003,3.5944109679110645,,,-0.23273997683182746,-0.5799524850668196,0.4508215,-0.5799524850668196,100,100,3,10,100,2,50,10,50,10,1,10,2,5,1,1,50,1.2000000000000002,1.7999999999999998,7.0,3.0,90.0,10.0,8.0,2.0,1.0,0.5,5,42.5,7.5
1677,3,4,1,0,0,3,3,0,0,0,1,3,0,3,1,1,3,41766.66667,61383.33333,43183.33333,44533.33333,47716.666665,9.020277778,16.667,5289.933174938195,47717.666665,4.678679199053408,,,-0.09370566471559538,0.5027305072141118,0.4508215,0.5027305072141118,100,100,3,10,100,2,50,10,50,10,1,10,2,5,1,1,50,1.2000000000000002,1.7999999999999998,7.0,3.0,90.0,10.0,8.0,2.0,1.0,0.5,5,42.5,7.5
1678,3,4,1,1,0,3,3,0,0,0,1,3,0,3,1,0,3,33266.66667,35600.0,22666.66667,20083.33333,27904.1666675,9.020277778,16.667,3093.493055785582,27905.1666675,4.4456846207447915,,,0.10834017978372934,0.2698371223664215,0.4508215,0.2698371223664215,100,100,3,10,100,2,50,10,50,10,1,10,2,5,1,1,50,1.2000000000000002,1.7999999999999998,7.0,3.0,90.0,10.0,8.0,2.0,1.0,0.5,5,42.5,7.5
1679,3,4,1,1,0,3,3,0,0,0,1,3,0,3,0,0,3,4700.0,4300.0,4066.666667,4066.666667,4283.3333335,9.020277778,16.667,474.8560342506117,4284.3333335,3.631883252838617,,,-0.03507515424129082,-0.5426227697930239,0.4508215,-0.5426227697930239,100,100,3,10,100,2,50,10,50,10,1,10,2,5,1,1,50,1.2000000000000002,1.7999999999999998,7.0,3.0,90.0,10.0,8.0,2.0,1.0,0.5,5,42.5,7.5
1680,3,4,1,0,0,3,3,0,0,0,0,3,0,4,0,1,3,4983.333333,4666.666667,4883.333333,4116.666667,4662.5,9.020277778,16.667,516.8909555503491,4663.5,3.668711981098873,,,-0.7916424320375817,-0.5059227135676662,0.4508215,-0.5059227135676662,100,100,3,10,100,2,50,10,50,10,1,10,2,5,1,1,50,1.2000000000000002,1.7999999999999998,7.0,3.0,90.0,10.0,8.0,2.0,1.0,0.5,5,42.5,7.5
1681,3,4,0,1,3,3,5,0,0,1,1,2,0,3,1,1,3,22233.33333,23733.33333,23033.33333,21183.33333,22545.83333,9.020277778,16.667,2499.4610903212033,22546.83333,4.353085554467654,,,-0.3458439184982538,0.17729596654605986,0.4508215,0.17729596654605986,100,100,3,10,100,2,50,10,50,10,1,10,2,5,1,1,50,1.2000000000000002,1.7999999999999998,7.0,3.0,90.0,10.0,8.0,2.0,1.0,0.5,5,42.5,7.5
1682,3,4,1,0,0,3,3,0,0,0,1,3,0,3,1,2,3,32983.33333,30216.66667,31866.66667,31450.0,31629.1666675,9.020277778,16.667,3506.451513571116,31630.1666675,4.500101480331305,,,-0.3404452494240333,0.3242252820174847,0.4508215,0.3242252820174847,100,100,3,10,100,2,50,10,50,10,1,10,2,5,1,1,50,1.2000000000000002,1.7999999999999998,7.0,3.0,90.0,10.0,8.0,2.0,1.0,0.5,5,42.5,7.5
1683,3,4,1,2,0,3,3,0,0,0,0,3,0,3,1,1,3,35533.33333,37233.33333,37700.0,35816.66667,36570.8333325,9.020277778,16.667,4054.291257159996,36571.8333325,4.563146731905754,,,0.42671327801231573,0.38724148033294986,0.4508215,0.38724148033294986,100,100,3,10,100,2,50,10,50,10,1,10,2,5,1,1,50,1.2000000000000002,1.7999999999999998,7.0,3.0,90.0,10.0,8.0,2.0,1.0,0.5,5,42.5,7.5
1684,3,4,1,1,5,3,2,0,0,5,1,3,0,3,0,3,1,900.0,1283.333333,1450.0,1200.0,1208.3333332500001,9.020277778,16.667,133.95744155430154,1209.3333332500001,3.0825460236384687,,,-0.5383371918835662,-1.0879550522093206,0.4508215,-1.0879550522093206,100,100,3,10,100,2,50,10,50,10,1,10,2,5,1,1,50,1.2000000000000002,1.7999999999999998,7.0,3.0,90.0,10.0,8.0,2.0,1.0,0.5,5,42.5,7.5
1685,3,4,1,1,0,3,3,0,0,0,1,3,0,5,2,0,3,23666.66667,24750.0,24316.66667,25466.66667,24550.000002499997,9.020277778,16.667,2721.645675078455,24551.000002499997,4.39006918634586,,,-0.9536586462243726,0.21425498002063703,0.4508215,0.21425498002063703,100,100,3,10,100,2,50,10,50,10,1,10,2,5,1,1,50,1.2000000000000002,1.7999999999999998,7.0,3.0,90.0,10.0,8.0,2.0,1.0,0.5,5,42.5,7.5
1686,3,4,1,0,0,3,3,0,0,0,1,3,0,3,1,1,3,40783.33333,54050.0,59033.33333,45066.66667,49733.3333325,9.020277778,16.667,5513.5035257780055,49734.3333325,4.696656300784692,,,-0.07572856298431141,0.5207018289286341,0.4508215,0.5207018289286341,100,100,3,10,100,2,50,10,50,10,1,10,2,5,1,1,50,1.2000000000000002,1.7999999999999998,7.0,3.0,90.0,10.0,8.0,2.0,1.0,0.5,5,42.5,7.5
1687,3,4,2,0,0,2,3,0,0,0,1,1,0,3,3,1,1,2416.666667,2450.0,2033.333333,1916.666667,2204.16666675,9.020277778,16.667,244.35685030962688,2205.16666675,3.343441419071175,,,-0.6266129044699711,-0.8295752265395109,0.4508215,-0.8295752265395109,100,100,3,10,100,2,50,10,50,10,1,10,2,5,1,1,50,1.2000000000000002,1.7999999999999998,7.0,3.0,90.0,10.0,8.0,2.0,1.0,0.5,5,42.5,7.5
1688,3,4,1,1,0,3,3,1,0,0,1,3,0,3,1,0,3,15050.0,13016.66667,12016.66667,9333.333333,12354.16666825,9.020277778,16.667,1369.5993596096548,12355.16666825,4.091848608306537,,,-0.28826960054995965,-0.08369229141354982,0.4508215,-0.08369229141354982,100,100,3,10,100,2,50,10,50,10,1,10,2,5,1,1,50,1.2000000000000002,1.7999999999999998,7.0,3.0,90.0,10.0,8.0,2.0,1.0,0.5,5,42.5,7.5
1689,3,4,0,4,5,5,2,3,0,5,4,5,5,4,1,3,1,633.3333333,383.3333333,350.0,433.3333333,449.99999997500004,9.020277778,16.667,49.88759892433991,450.99999997500004,2.6541765418538867,,,-0.08464114810720291,-1.5070841679101379,0.4508215,-1.5070841679101379,100,100,3,10,100,2,50,10,50,10,1,10,2,5,1,1,50,1.2000000000000002,1.7999999999999998,7.0,3.0,90.0,10.0,8.0,2.0,1.0,0.5,5,42.5,7.5
1690,3,4,1,0,1,3,3,0,1,0,1,3,0,3,0,1,3,5350.0,5383.333333,5333.333333,4866.666667,5233.33333325,9.020277778,16.667,580.1742986245761,5234.33333325,3.7188613759617817,,,-0.34947662478932306,-0.455931928082366,0.4508215,-0.455931928082366,100,100,3,10,100,2,50,10,50,10,1,10,2,5,1,1,50,1.2000000000000002,1.7999999999999998,7.0,3.0,90.0,10.0,8.0,2.0,1.0,0.5,5,42.5,7.5
1691,3,4,0,5,5,4,3,0,0,0,1,3,0,3,1,1,3,50.0,0.0,16.66666667,33.33333333,25.0,9.020277778,16.667,2.7715332737284135,26.0,1.414973347970818,,,0.08366235276850831,-2.5562990264253296,0.4508215,-2.5562990264253296,100,100,3,10,100,2,50,10,50,10,1,10,2,5,1,1,50,1.2000000000000002,1.7999999999999998,7.0,3.0,90.0,10.0,8.0,2.0,1.0,0.5,5,42.5,7.5
1692,3,4,0,1,1,3,3,0,0,0,1,3,0,2,1,1,3,38550.0,36533.33333,39650.0,40066.66667,38700.0,9.020277778,16.667,4290.333507731584,38701.0,4.587722186953561,,,0.3501120494545633,0.41180670409999354,0.4508215,0.41180670409999354,100,100,3,10,100,2,50,10,50,10,1,10,2,5,1,1,50,1.2000000000000002,1.7999999999999998,7.0,3.0,90.0,10.0,8.0,2.0,1.0,0.5,5,42.5,7.5
1693,3,4,1,1,0,3,3,0,0,0,1,3,0,3,2,0,3,42550.0,46750.0,40450.0,39400.0,42287.5,9.020277778,16.667,4688.0485325116115,42288.5,4.626222280718519,,,-0.04274550206006733,0.4502918888388491,0.4508215,0.4502918888388491,100,100,3,10,100,2,50,10,50,10,1,10,2,5,1,1,50,1.2000000000000002,1.7999999999999998,7.0,3.0,90.0,10.0,8.0,2.0,1.0,0.5,5,42.5,7.5
1694,3,4,1,2,0,3,3,0,0,0,2,3,0,3,1,0,3,32800.0,36983.33333,25033.33333,23383.33333,29549.999997499996,9.020277778,16.667,3275.952329269831,29550.999997499996,4.470572181868642,,,0.3773636407743526,0.29471111091587837,0.4508215,0.29471111091587837,100,100,3,10,100,2,50,10,50,10,1,10,2,5,1,1,50,1.2000000000000002,1.7999999999999998,7.0,3.0,90.0,10.0,8.0,2.0,1.0,0.5,5,42.5,7.5
1695,3,4,1,3,0,3,3,0,0,0,1,3,0,3,1,0,3,6683.333333,6266.666667,6050.0,5900.0,6225.0,9.020277778,16.667,690.1117851583749,6226.0,3.7942091163464964,,,0.5745727106186469,-0.3807906642105434,0.4508215,-0.3807906642105434,100,100,3,10,100,2,50,10,50,10,1,10,2,5,1,1,50,1.2000000000000002,1.7999999999999998,7.0,3.0,90.0,10.0,8.0,2.0,1.0,0.5,5,42.5,7.5
1696,3,4,0,3,5,5,3,0,0,1,1,3,0,3,1,0,3,8016.666667,7850.0,8383.333333,6933.333333,7795.83333325,9.020277778,16.667,864.2564591817385,7796.83333325,3.8919182507496646,,,0.20563198068626454,-0.2833012101782846,0.4508215,-0.2833012101782846,100,100,3,10,100,2,50,10,50,10,1,10,2,5,1,1,50,1.2000000000000002,1.7999999999999998,7.0,3.0,90.0,10.0,8.0,2.0,1.0,0.5,5,42.5,7.5
1697,3,4,0,0,0,0,3,0,2,0,0,0,3,5,0,3,0,16.66666667,33.33333333,16.66666667,0.0,16.6666666675,9.020277778,16.667,1.84768884924466,17.6666666675,1.2471546149016122,,,-0.33994293415621857,-2.653208170841382,0.4508215,-2.653208170841382,100,100,3,10,100,2,50,10,50,10,1,10,2,5,1,1,50,1.2000000000000002,1.7999999999999998,7.0,3.0,90.0,10.0,8.0,2.0,1.0,0.5,5,42.5,7.5
1698,3,4,1,3,3,3,5,0,0,0,4,3,1,3,1,1,3,23216.66667,29016.66667,24416.66667,22383.33333,24758.333334999996,9.020277778,16.667,2744.741785600474,24759.333334999996,4.393738946776649,,,0.2132138866603137,0.21792240997402923,0.4508215,0.21792240997402923,100,100,3,10,100,2,50,10,50,10,1,10,2,5,1,1,50,1.2000000000000002,1.7999999999999998,7.0,3.0,90.0,10.0,8.0,2.0,1.0,0.5,5,42.5,7.5
1699,3,4,1,0,0,3,3,0,0,0,1,3,0,3,1,1,3,32016.66667,35200.0,37766.66667,34433.33333,34854.1666675,9.020277778,16.667,3863.979305882081,34855.1666675,4.542267163750262,,,-0.23011770001874154,0.3663710712531044,0.4508215,0.3663710712531044,100,100,3,10,100,2,50,10,50,10,1,10,2,5,1,1,50,1.2000000000000002,1.7999999999999998,7.0,3.0,90.0,10.0,8.0,2.0,1.0,0.5,5,42.5,7.5
1700,3,4,1,1,0,3,2,0,0,0,1,3,0,3,1,0,3,21450.0,20700.0,13050.0,10083.33333,16320.8333325,9.020277778,16.667,1809.3493054399814,16321.8333325,4.212768938821645,,,-0.1959392107387794,0.03709435037165941,0.4508215,0.03709435037165941,100,100,3,10,100,2,50,10,50,10,1,10,2,5,1,1,50,1.2000000000000002,1.7999999999999998,7.0,3.0,90.0,10.0,8.0,2.0,1.0,0.5,5,42.5,7.5
1701,3,4,1,2,4,5,5,3,0,5,2,5,5,2,1,1,3,10333.33333,10600.0,9983.333333,12800.0,10929.16666575,9.020277778,16.667,1211.621962729982,10930.16666575,4.0386267842245145,,,-0.8074481092077734,-0.13684241479202275,0.4508215,-0.13684241479202275,100,100,3,10,100,2,50,10,50,10,1,10,2,5,1,1,50,1.2000000000000002,1.7999999999999998,7.0,3.0,90.0,10.0,8.0,2.0,1.0,0.5,5,42.5,7.5
1702,3,4,1,0,0,2,3,0,0,0,0,3,0,4,1,0,3,783.3333333,733.3333333,583.3333333,716.6666667,704.16666665,9.020277778,16.667,78.06485387483596,705.16666665,2.8482917749373864,,,-1.3747136151275172,-1.3182561968187616,0.4508215,-1.3182561968187616,100,100,3,10,100,2,50,10,50,10,1,10,2,5,1,1,50,1.2000000000000002,1.7999999999999998,7.0,3.0,90.0,10.0,8.0,2.0,1.0,0.5,5,42.5,7.5
1703,3,4,1,1,0,3,3,0,0,3,1,1,0,3,2,0,3,39450.0,33316.66667,29400.0,26850.0,32254.1666675,9.020277778,16.667,3575.739845414326,32255.1666675,4.508599290303501,,,0.025632254915423758,0.33271892582508633,0.4508215,0.33271892582508633,100,100,3,10,100,2,50,10,50,10,1,10,2,5,1,1,50,1.2000000000000002,1.7999999999999998,7.0,3.0,90.0,10.0,8.0,2.0,1.0,0.5,5,42.5,7.5
1704,3,4,1,0,0,3,3,0,0,0,1,2,1,3,0,0,3,4933.333333,4166.666667,4783.333333,4266.666667,4537.5,9.020277778,16.667,503.033289181707,4538.5,3.656912339781423,,,-0.07939089439977298,-0.5176823070302493,0.4508215,-0.5176823070302493,100,100,3,10,100,2,50,10,50,10,1,10,2,5,1,1,50,1.2000000000000002,1.7999999999999998,7.0,3.0,90.0,10.0,8.0,2.0,1.0,0.5,5,42.5,7.5
1705,3,4,1,3,5,5,0,3,0,2,4,5,5,2,3,3,0,433.3333333,466.6666667,466.6666667,416.6666667,445.83333335,9.020277778,16.667,49.425676716671056,446.83333335,2.650145563615435,,,-0.15176042752337215,-1.5109792089600604,0.4508215,-1.5109792089600604,100,100,3,10,100,2,50,10,50,10,1,10,2,5,1,1,50,1.2000000000000002,1.7999999999999998,7.0,3.0,90.0,10.0,8.0,2.0,1.0,0.5,5,42.5,7.5
1706,3,4,1,0,1,3,3,0,0,0,0,3,1,3,1,1,3,13866.66667,13550.0,14033.33333,12566.66667,13504.1666675,9.020277778,16.667,1497.0898901180158,13505.1666675,4.130499948192401,,,-0.4680232418270096,-0.045087788897334675,0.4508215,-0.045087788897334675,100,100,3,10,100,2,50,10,50,10,1,10,2,5,1,1,50,1.2000000000000002,1.7999999999999998,7.0,3.0,90.0,10.0,8.0,2.0,1.0,0.5,5,42.5,7.5
1707,3,4,1,2,4,3,5,0,0,0,2,2,0,3,1,1,3,19150.0,18166.66667,20616.66667,18100.0,19008.333335,9.020277778,16.667,2107.289132642939,19009.333335,4.278966886249575,,,-0.02608706460246335,0.10323341403416443,0.4508215,0.10323341403416443,100,100,3,10,100,2,50,10,50,10,1,10,2,5,1,1,50,1.2000000000000002,1.7999999999999998,7.0,3.0,90.0,10.0,8.0,2.0,1.0,0.5,5,42.5,7.5
1708,3,4,1,0,0,5,3,3,0,0,2,5,0,3,0,2,3,4650.0,4533.333333,4733.333333,5016.666667,4733.33333325,9.020277778,16.667,524.7436331500078,4734.33333325,3.675258832320296,,,-0.7909874870338354,-0.4993976189616292,0.4508215,-0.4993976189616292,100,100,3,10,100,2,50,10,50,10,1,10,2,5,1,1,50,1.2000000000000002,1.7999999999999998,7.0,3.0,90.0,10.0,8.0,2.0,1.0,0.5,5,42.5,7.5
1709,3,4,1,1,0,3,3,0,0,0,1,3,0,3,1,0,3,8833.333333,8350.0,5650.0,5333.333333,7041.6666665,9.020277778,16.667,780.6485387483596,7042.6666665,3.8477371334689274,,,-0.48960730749213477,-0.3273890742730796,0.4508215,-0.3273890742730796,100,100,3,10,100,2,50,10,50,10,1,10,2,5,1,1,50,1.2000000000000002,1.7999999999999998,7.0,3.0,90.0,10.0,8.0,2.0,1.0,0.5,5,42.5,7.5
1710,3,5,2,1,0,3,2,0,1,0,1,3,0,3,1,1,3,19566.66667,13650.0,17450.0,18400.0,17266.6666675,12.48083333,16.667,1383.454630869588,17267.6666675,4.237233656508284,,,-0.1560036789273731,0.06153625534663443,0.4508215,0.06153625534663443,100,100,3,10,100,2,50,10,50,10,1,10,2,5,1,1,50,1.2000000000000002,1.7999999999999998,7.0,3.0,90.0,10.0,8.0,2.0,1.0,0.5,5,42.5,7.5
1711,3,5,3,0,3,3,1,3,0,3,3,1,3,1,2,1,3,13200.0,11700.0,17050.0,16600.0,14637.5,12.48083333,16.667,1172.7982910256524,14638.5,4.165496577057198,,,0.4770129514357544,-0.010130122571596269,0.4508215,-0.010130122571596269,100,100,3,10,100,2,50,10,50,10,1,10,2,5,1,1,50,1.2000000000000002,1.7999999999999998,7.0,3.0,90.0,10.0,8.0,2.0,1.0,0.5,5,42.5,7.5
1712,3,5,1,1,0,3,2,0,2,0,1,3,0,3,1,1,3,29200.0,37400.0,18350.0,23933.33333,27220.8333325,12.48083333,16.667,2181.010883870204,27221.8333325,4.434917370660712,,,-0.1303128354992804,0.25907598950025224,0.4508215,0.25907598950025224,100,100,3,10,100,2,50,10,50,10,1,10,2,5,1,1,50,1.2000000000000002,1.7999999999999998,7.0,3.0,90.0,10.0,8.0,2.0,1.0,0.5,5,42.5,7.5
1713,3,5,2,0,0,4,3,0,0,0,1,3,0,3,1,2,3,30950.0,34866.66667,34683.33333,39600.0,35025.0,12.48083333,16.667,2806.3029986796564,35026.0,4.544390543337748,,,-0.37246010384065986,0.3684934991618447,0.4508215,0.3684934991618447,100,100,3,10,100,2,50,10,50,10,1,10,2,5,1,1,50,1.2000000000000002,1.7999999999999998,7.0,3.0,90.0,10.0,8.0,2.0,1.0,0.5,5,42.5,7.5
1714,3,5,1,1,0,3,3,0,2,0,1,3,0,3,1,1,3,30266.66667,30033.33333,26950.0,25616.66667,28216.6666675,12.48083333,16.667,2260.7998938401015,28217.6666675,4.450521098882348,,,-0.1617849675809877,0.2746709016956255,0.4508215,0.2746709016956255,100,100,3,10,100,2,50,10,50,10,1,10,2,5,1,1,50,1.2000000000000002,1.7999999999999998,7.0,3.0,90.0,10.0,8.0,2.0,1.0,0.5,5,42.5,7.5
1715,3,5,1,1,0,3,3,0,0,0,2,3,0,3,1,1,3,35716.66667,34216.66667,28700.0,33133.33333,32941.6666675,12.48083333,16.667,2639.3803840260084,32942.6666675,4.517758751849671,,,-0.2605673386498717,0.3418739871337291,0.4508215,0.3418739871337291,100,100,3,10,100,2,50,10,50,10,1,10,2,5,1,1,50,1.2000000000000002,1.7999999999999998,7.0,3.0,90.0,10.0,8.0,2.0,1.0,0.5,5,42.5,7.5
1716,3,5,2,1,0,3,3,0,0,0,1,3,0,3,1,1,3,19550.0,13683.33333,19866.66667,19500.0,18150.0,12.48083333,16.667,1454.229819444276,18151.0,4.258900556783608,,,-0.18073695479690421,0.08318399647000477,0.4508215,0.08318399647000477,100,100,3,10,100,2,50,10,50,10,1,10,2,5,1,1,50,1.2000000000000002,1.7999999999999998,7.0,3.0,90.0,10.0,8.0,2.0,1.0,0.5,5,42.5,7.5
1717,3,5,1,1,0,3,1,0,1,0,1,3,0,3,1,1,3,13700.0,18700.0,6916.666667,16283.33333,13899.99999925,12.48083333,16.667,1113.7076853545323,13900.99999925,4.143046043314157,,,-0.5278192075605572,-0.032556023576864976,0.4508215,-0.032556023576864976,100,100,3,10,100,2,50,10,50,10,1,10,2,5,1,1,50,1.2000000000000002,1.7999999999999998,7.0,3.0,90.0,10.0,8.0,2.0,1.0,0.5,5,42.5,7.5
1718,3,5,1,0,1,3,3,0,0,0,1,3,0,3,1,1,3,52183.33333,32416.66667,42316.66667,46533.33333,43362.5,12.48083333,16.667,3474.3273027907667,43363.5,4.637124328173823,,,0.010064106008108809,0.461189949047185,0.4508215,0.461189949047185,100,100,3,10,100,2,50,10,50,10,1,10,2,5,1,1,50,1.2000000000000002,1.7999999999999998,7.0,3.0,90.0,10.0,8.0,2.0,1.0,0.5,5,42.5,7.5
1719,3,5,1,1,0,3,3,0,0,0,1,3,0,3,2,1,3,78500.0,50216.66667,62750.0,66400.0,64466.6666675,12.48083333,16.667,5165.2533899753635,64467.6666675,4.80934195170998,,,-0.05696427040901142,0.6333562225325287,0.4508215,0.6333562225325287,100,100,3,10,100,2,50,10,50,10,1,10,2,5,1,1,50,1.2000000000000002,1.7999999999999998,7.0,3.0,90.0,10.0,8.0,2.0,1.0,0.5,5,42.5,7.5
1720,3,5,1,1,0,3,2,0,1,0,1,3,1,3,1,1,3,46500.0,49050.0,71866.66667,78183.33333,61400.0,12.48083333,16.667,4919.54330104014,61401.0,4.7881754442836,,,0.0694486373664498,0.6121949851128389,0.4508215,0.6121949851128389,100,100,3,10,100,2,50,10,50,10,1,10,2,5,1,1,50,1.2000000000000002,1.7999999999999998,7.0,3.0,90.0,10.0,8.0,2.0,1.0,0.5,5,42.5,7.5
1721,3,5,1,1,0,3,3,1,0,0,1,3,0,3,1,1,3,71583.33333,45833.33333,67283.33333,72133.33333,64208.333329999994,12.48083333,16.667,5144.554985416186,64209.333329999994,4.807598160765189,,,0.07069957288013384,0.6316128561141884,0.4508215,0.6316128561141884,100,100,3,10,100,2,50,10,50,10,1,10,2,5,1,1,50,1.2000000000000002,1.7999999999999998,7.0,3.0,90.0,10.0,8.0,2.0,1.0,0.5,5,42.5,7.5
1722,3,5,1,0,0,3,3,0,0,0,1,3,0,3,1,1,3,66450.0,55150.0,44116.66667,66000.0,57929.1666675,12.48083333,16.667,4641.450224982694,57930.1666675,4.76290477798415,,,-0.00948008578485382,0.5869309563904069,0.4508215,0.5869309563904069,100,100,3,10,100,2,50,10,50,10,1,10,2,5,1,1,50,1.2000000000000002,1.7999999999999998,7.0,3.0,90.0,10.0,8.0,2.0,1.0,0.5,5,42.5,7.5
1723,3,5,1,2,0,3,2,0,1,0,1,3,0,3,1,1,3,53166.66667,55633.33333,35716.66667,49633.33333,48537.5,12.48083333,16.667,3888.9630777562834,48538.5,4.68608635106908,,,0.42238454043526996,0.5101352486682169,0.4508215,0.5101352486682169,100,100,3,10,100,2,50,10,50,10,1,10,2,5,1,1,50,1.2000000000000002,1.7999999999999998,7.0,3.0,90.0,10.0,8.0,2.0,1.0,0.5,5,42.5,7.5
1724,3,5,1,1,0,3,3,0,1,1,1,3,0,3,1,1,3,36000.0,49333.33333,31883.33333,38050.0,38816.666665,12.48083333,16.667,3110.1021573372777,38817.666665,4.5890294263390325,,,-0.08256330525746858,0.4131134152959044,0.4508215,0.4131134152959044,100,100,3,10,100,2,50,10,50,10,1,10,2,5,1,1,50,1.2000000000000002,1.7999999999999998,7.0,3.0,90.0,10.0,8.0,2.0,1.0,0.5,5,42.5,7.5
1725,3,5,1,1,0,3,3,0,1,0,1,3,0,3,1,1,3,27683.33333,28250.0,16883.33333,27250.0,25016.666665,12.48083333,16.667,2004.4067574292335,25017.666665,4.398246801689536,,,-0.27706986000795997,0.22242742898279286,0.4508215,0.22242742898279286,100,100,3,10,100,2,50,10,50,10,1,10,2,5,1,1,50,1.2000000000000002,1.7999999999999998,7.0,3.0,90.0,10.0,8.0,2.0,1.0,0.5,5,42.5,7.5
1726,3,5,0,1,3,3,5,0,0,1,1,2,0,3,1,1,3,49850.0,54600.0,44266.66667,48116.66667,49208.333335,12.48083333,16.667,3942.712159829796,49209.333335,4.692047481455703,,,-0.0068819915102045215,0.5160944687100592,0.4508215,0.5160944687100592,100,100,3,10,100,2,50,10,50,10,1,10,2,5,1,1,50,1.2000000000000002,1.7999999999999998,7.0,3.0,90.0,10.0,8.0,2.0,1.0,0.5,5,42.5,7.5
1727,3,5,1,2,0,3,3,0,0,0,1,3,0,3,1,1,3,67366.66667,68466.66667,44833.33333,63416.66667,61020.833335,12.48083333,16.667,4889.163385294562,61021.833335,4.785485251410506,,,0.5470164405966429,0.6095054806200932,0.4508215,0.6095054806200932,100,100,3,10,100,2,50,10,50,10,1,10,2,5,1,1,50,1.2000000000000002,1.7999999999999998,7.0,3.0,90.0,10.0,8.0,2.0,1.0,0.5,5,42.5,7.5
1728,3,5,1,2,0,3,3,0,0,0,0,3,0,3,1,1,3,67966.66667,56400.0,57933.33333,62716.66667,61254.1666675,12.48083333,16.667,4907.85871807648,61255.1666675,4.787142725861902,,,0.6507092719684637,0.6111625304444114,0.4508215,0.6111625304444114,100,100,3,10,100,2,50,10,50,10,1,10,2,5,1,1,50,1.2000000000000002,1.7999999999999998,7.0,3.0,90.0,10.0,8.0,2.0,1.0,0.5,5,42.5,7.5
1729,3,5,1,1,0,3,3,0,0,0,1,3,0,3,1,1,3,44416.66667,51400.0,49416.66667,45083.33333,47579.1666675,12.48083333,16.667,3812.1786750516603,47580.1666675,4.677425958984324,,,0.015741093507031678,0.5014776790764425,0.4508215,0.5014776790764425,100,100,3,10,100,2,50,10,50,10,1,10,2,5,1,1,50,1.2000000000000002,1.7999999999999998,7.0,3.0,90.0,10.0,8.0,2.0,1.0,0.5,5,42.5,7.5
1730,3,5,0,1,0,3,3,0,1,0,1,3,0,3,1,1,3,72466.66667,62333.33333,54133.33333,65150.0,63520.8333325,12.48083333,16.667,5089.470522758756,63521.8333325,4.802923023970336,,,-0.012315622082632594,0.6269388659277982,0.4508215,0.6269388659277982,100,100,3,10,100,2,50,10,50,10,1,10,2,5,1,1,50,1.2000000000000002,1.7999999999999998,7.0,3.0,90.0,10.0,8.0,2.0,1.0,0.5,5,42.5,7.5
1731,3,5,1,1,0,3,3,0,0,1,1,3,0,3,1,1,3,65100.0,52200.0,54000.0,64033.33333,58833.3333325,12.48083333,16.667,4713.894639637817,58834.3333325,4.76963083671119,,,0.09951955123494649,0.5936552105775176,0.4508215,0.5936552105775176,100,100,3,10,100,2,50,10,50,10,1,10,2,5,1,1,50,1.2000000000000002,1.7999999999999998,7.0,3.0,90.0,10.0,8.0,2.0,1.0,0.5,5,42.5,7.5
1732,3,5,2,0,0,2,3,0,0,0,1,1,0,3,3,1,1,5533.333333,6100.0,6133.333333,7533.333333,6324.999999749999,12.48083333,16.667,506.77705827115625,6325.999999749999,3.801129187562541,,,-0.16892513597860503,-0.3738878255222865,0.4508215,-0.3738878255222865,100,100,3,10,100,2,50,10,50,10,1,10,2,5,1,1,50,1.2000000000000002,1.7999999999999998,7.0,3.0,90.0,10.0,8.0,2.0,1.0,0.5,5,42.5,7.5
1733,3,5,1,1,0,3,3,1,1,0,1,3,0,3,1,1,3,35400.0,21333.33333,19366.66667,31933.33333,27008.3333325,12.48083333,16.667,2163.9847771687214,27009.3333325,4.4315138646913494,,,-0.3501050333452502,0.25567444891297525,0.4508215,0.25567444891297525,100,100,3,10,100,2,50,10,50,10,1,10,2,5,1,1,50,1.2000000000000002,1.7999999999999998,7.0,3.0,90.0,10.0,8.0,2.0,1.0,0.5,5,42.5,7.5
1734,3,5,1,2,0,3,3,0,1,0,1,3,0,3,1,1,3,18250.0,25250.0,24666.66667,24116.66667,23070.833335000003,12.48083333,16.667,1848.50103554744,23071.833335000003,4.36308210581884,,,0.047578164915735854,0.18728565569423658,0.4508215,0.18728565569423658,100,100,3,10,100,2,50,10,50,10,1,10,2,5,1,1,50,1.2000000000000002,1.7999999999999998,7.0,3.0,90.0,10.0,8.0,2.0,1.0,0.5,5,42.5,7.5
1735,3,5,1,1,0,3,3,0,1,0,1,3,0,3,1,2,3,46866.66667,43666.66667,46466.66667,58750.0,48937.5000025,12.48083333,16.667,3921.01221998291,48938.5000025,4.689650653805706,,,-0.09081372107893415,0.5136984060143867,0.4508215,0.5136984060143867,100,100,3,10,100,2,50,10,50,10,1,10,2,5,1,1,50,1.2000000000000002,1.7999999999999998,7.0,3.0,90.0,10.0,8.0,2.0,1.0,0.5,5,42.5,7.5
1736,3,5,1,1,0,3,3,0,1,0,2,3,0,3,1,1,3,45116.66667,65100.0,47233.33333,67800.0,56312.5,12.48083333,16.667,4511.918275892881,56313.5,4.7506125204763165,,,-0.013971363035795825,0.5746420698473718,0.4508215,0.5746420698473718,100,100,3,10,100,2,50,10,50,10,1,10,2,5,1,1,50,1.2000000000000002,1.7999999999999998,7.0,3.0,90.0,10.0,8.0,2.0,1.0,0.5,5,42.5,7.5
1737,3,5,1,1,0,3,3,0,1,0,1,3,1,3,1,1,3,63900.0,64433.33333,66800.0,69883.33333,66254.166665,12.48083333,16.667,5308.472993205174,66255.166665,4.821219750784056,,,0.08946461988221976,0.6452311748496152,0.4508215,0.6452311748496152,100,100,3,10,100,2,50,10,50,10,1,10,2,5,1,1,50,1.2000000000000002,1.7999999999999998,7.0,3.0,90.0,10.0,8.0,2.0,1.0,0.5,5,42.5,7.5
1738,3,5,1,1,0,3,2,0,1,0,1,3,0,3,2,1,3,48200.0,53866.66667,61400.0,69166.66667,58158.333335,12.48083333,16.667,4659.811712668709,58159.333335,4.764619419677148,,,-0.09321982974303378,0.5886451354039656,0.4508215,0.5886451354039656,100,100,3,10,100,2,50,10,50,10,1,10,2,5,1,1,50,1.2000000000000002,1.7999999999999998,7.0,3.0,90.0,10.0,8.0,2.0,1.0,0.5,5,42.5,7.5
1739,3,5,1,0,0,3,3,0,0,0,1,3,0,3,1,2,3,73033.33333,60433.33333,66900.0,66116.66667,66620.8333325,12.48083333,16.667,5337.851373462737,66621.8333325,4.823616579649558,,,-0.016930150105780584,0.6476274386443309,0.4508215,0.6476274386443309,100,100,3,10,100,2,50,10,50,10,1,10,2,5,1,1,50,1.2000000000000002,1.7999999999999998,7.0,3.0,90.0,10.0,8.0,2.0,1.0,0.5,5,42.5,7.5
1740,3,5,1,1,0,3,2,0,0,0,1,3,0,3,1,1,3,35416.66667,59616.66667,61300.0,63083.33333,54854.1666675,12.48083333,16.667,4395.072445655358,54855.1666675,4.739217538920944,,,0.07412880548727951,0.5632502995447094,0.4508215,0.5632502995447094,100,100,3,10,100,2,50,10,50,10,1,10,2,5,1,1,50,1.2000000000000002,1.7999999999999998,7.0,3.0,90.0,10.0,8.0,2.0,1.0,0.5,5,42.5,7.5
1741,3,5,1,1,0,3,3,0,1,0,1,3,0,3,2,1,3,22000.0,26633.33333,26866.66667,36283.33333,27945.8333325,12.48083333,16.667,2239.099953792909,27946.8333325,4.446332604918888,,,-0.41162610664499244,0.27048474321316807,0.4508215,0.27048474321316807,100,100,3,10,100,2,50,10,50,10,1,10,2,5,1,1,50,1.2000000000000002,1.7999999999999998,7.0,3.0,90.0,10.0,8.0,2.0,1.0,0.5,5,42.5,7.5
1742,3,5,1,1,0,3,2,0,1,0,1,3,0,3,1,0,3,15183.33333,20316.66667,21433.33333,17150.0,18520.8333325,12.48083333,16.667,1483.9420447977411,18521.8333325,4.267683971912968,,,-0.07181019730431348,0.09195991277053006,0.4508215,0.09195991277053006,100,100,3,10,100,2,50,10,50,10,1,10,2,5,1,1,50,1.2000000000000002,1.7999999999999998,7.0,3.0,90.0,10.0,8.0,2.0,1.0,0.5,5,42.5,7.5
1743,3,5,1,0,0,3,3,0,0,0,1,3,1,3,1,1,3,33983.33333,51500.0,42700.0,49600.0,44445.8333325,12.48083333,16.667,3561.1270623786145,44446.8333325,4.647840824581568,,,-0.15298610375678834,0.47190262238590164,0.4508215,0.47190262238590164,100,100,3,10,100,2,50,10,50,10,1,10,2,5,1,1,50,1.2000000000000002,1.7999999999999998,7.0,3.0,90.0,10.0,8.0,2.0,1.0,0.5,5,42.5,7.5
1744,3,5,1,1,0,2,2,0,1,0,1,3,0,3,1,1,3,4100.0,5450.0,5000.0,4616.666667,4791.66666675,12.48083333,16.667,383.92201386363683,4792.66666675,3.680577224563405,,,-0.5110849501285695,-0.49409666183297907,0.4508215,-0.49409666183297907,100,100,3,10,100,2,50,10,50,10,1,10,2,5,1,1,50,1.2000000000000002,1.7999999999999998,7.0,3.0,90.0,10.0,8.0,2.0,1.0,0.5,5,42.5,7.5
1745,3,5,1,1,2,3,3,0,0,0,1,3,0,3,1,1,3,31200.0,55516.66667,52966.66667,61250.0,50233.333335,12.48083333,16.667,4024.8380862722415,50234.333335,4.7010006430670925,,,0.27349023518582527,0.5250448099321418,0.4508215,0.5250448099321418,100,100,3,10,100,2,50,10,50,10,1,10,2,5,1,1,50,1.2000000000000002,1.7999999999999998,7.0,3.0,90.0,10.0,8.0,2.0,1.0,0.5,5,42.5,7.5
1746,3,5,1,1,0,3,2,0,1,0,1,3,0,3,1,1,2,38950.0,54950.0,45233.33333,48666.66667,46950.0,12.48083333,16.667,3761.7680453393255,46951.0,4.67164484665233,,,-0.038078353804291254,0.4956984824163015,0.4508215,0.4956984824163015,100,100,3,10,100,2,50,10,50,10,1,10,2,5,1,1,50,1.2000000000000002,1.7999999999999998,7.0,3.0,90.0,10.0,8.0,2.0,1.0,0.5,5,42.5,7.5
1747,3,5,1,1,0,3,2,0,1,0,2,3,0,3,1,1,3,37766.66667,62616.66667,48750.0,58166.66667,51825.000002500004,12.48083333,16.667,4152.36696398541,51826.000002500004,4.714547690724946,,,-0.05766949253279918,0.5385876990527485,0.4508215,0.5385876990527485,100,100,3,10,100,2,50,10,50,10,1,10,2,5,1,1,50,1.2000000000000002,1.7999999999999998,7.0,3.0,90.0,10.0,8.0,2.0,1.0,0.5,5,42.5,7.5
1748,3,5,1,1,0,3,3,0,0,3,1,1,0,3,2,0,3,90000.0,105083.3333,81683.33333,92016.66667,92195.833325,12.48083333,16.667,7386.993391169659,92196.833325,4.964716004642606,,,0.4817489692545296,0.7886985389414117,0.4508215,0.7886985389414117,100,100,3,10,100,2,50,10,50,10,1,10,2,5,1,1,50,1.2000000000000002,1.7999999999999998,7.0,3.0,90.0,10.0,8.0,2.0,1.0,0.5,5,42.5,7.5
1749,3,5,1,0,0,3,3,0,0,0,1,2,0,3,1,1,3,30900.0,36383.33333,23750.0,30700.0,30433.3333325,12.48083333,16.667,2438.4055557690876,30434.3333325,4.483363792923672,,,-0.278105271197413,0.30749604265550895,0.4508215,0.30749604265550895,100,100,3,10,100,2,50,10,50,10,1,10,2,5,1,1,50,1.2000000000000002,1.7999999999999998,7.0,3.0,90.0,10.0,8.0,2.0,1.0,0.5,5,42.5,7.5
1750,3,5,2,0,3,3,1,3,0,3,3,2,3,1,2,1,3,6733.333333,6550.0,5450.0,5250.0,5995.83333325,12.48083333,16.667,480.4032851586842,5996.83333325,3.777921978893528,,,-0.19476816136898156,-0.3970361456025029,0.4508215,-0.3970361456025029,100,100,3,10,100,2,50,10,50,10,1,10,2,5,1,1,50,1.2000000000000002,1.7999999999999998,7.0,3.0,90.0,10.0,8.0,2.0,1.0,0.5,5,42.5,7.5
1751,3,5,1,1,0,3,2,0,1,0,0,3,0,3,1,1,3,26533.33333,25366.66667,19416.66667,20650.0,22991.6666675,12.48083333,16.667,1842.157976121295,22992.6666675,4.361589343249225,,,-0.21513086236746304,0.18579390784353003,0.4508215,0.18579390784353003,100,100,3,10,100,2,50,10,50,10,1,10,2,5,1,1,50,1.2000000000000002,1.7999999999999998,7.0,3.0,90.0,10.0,8.0,2.0,1.0,0.5,5,42.5,7.5
1752,3,5,1,1,0,3,3,0,1,0,1,3,0,3,1,1,2,16400.0,21233.33333,15800.0,15833.33333,17316.666665,12.48083333,16.667,1387.460773422571,17317.666665,4.238489375973466,,,-0.44006649625472427,0.06279083816951334,0.4508215,0.06279083816951334,100,100,3,10,100,2,50,10,50,10,1,10,2,5,1,1,50,1.2000000000000002,1.7999999999999998,7.0,3.0,90.0,10.0,8.0,2.0,1.0,0.5,5,42.5,7.5
1753,3,5,1,0,0,5,3,3,0,0,2,5,0,3,0,2,3,9616.666667,9533.333333,9700.0,9783.333333,9658.33333325,12.48083333,16.667,773.853241837178,9659.33333325,3.984947153363534,,,-0.48129916599059763,-0.19044027040570036,0.4508215,-0.19044027040570036,100,100,3,10,100,2,50,10,50,10,1,10,2,5,1,1,50,1.2000000000000002,1.7999999999999998,7.0,3.0,90.0,10.0,8.0,2.0,1.0,0.5,5,42.5,7.5
1754,3,5,1,1,0,2,3,0,1,0,1,3,0,3,1,1,3,5150.0,6200.0,3116.666667,5450.0,4979.166666749999,12.48083333,16.667,398.9450491884743,4980.166666749999,3.6972438771449885,,,-0.5246268560716154,-0.47748328868408224,0.4508215,-0.47748328868408224,100,100,3,10,100,2,50,10,50,10,1,10,2,5,1,1,50,1.2000000000000002,1.7999999999999998,7.0,3.0,90.0,10.0,8.0,2.0,1.0,0.5,5,42.5,7.5
1755,3,5,2,0,0,3,2,0,1,0,2,3,0,3,2,2,1,22000.0,23333.33333,18250.0,19033.33333,20654.166665,12.48083333,16.667,1654.8708022046794,20655.166665,4.315028703616541,,,-0.28760416548875956,0.13926673323721933,0.4508215,0.13926673323721933,100,100,3,10,100,2,50,10,50,10,1,10,2,5,1,1,50,1.2000000000000002,1.7999999999999998,7.0,3.0,90.0,10.0,8.0,2.0,1.0,0.5,5,42.5,7.5
1756,3,5,1,2,0,3,2,0,0,3,2,3,0,3,2,1,3,27450.0,38066.66667,25783.33333,33066.66667,31091.6666675,12.48083333,16.667,2491.153102154278,31092.6666675,4.492657970975832,,,-0.1762882962498642,0.31678548948820306,0.4508215,0.31678548948820306,100,100,3,10,100,2,50,10,50,10,1,10,2,5,1,1,50,1.2000000000000002,1.7999999999999998,7.0,3.0,90.0,10.0,8.0,2.0,1.0,0.5,5,42.5,7.5
1757,3,5,1,0,0,2,3,1,2,0,1,3,0,3,1,1,3,3100.0,3866.666667,2916.666667,3666.666667,3387.5000002499996,12.48083333,16.667,271.4161715554293,3388.5000002499996,3.530007490008086,,,-0.6774403655872403,-0.6440804016772042,0.4508215,-0.6440804016772042,100,100,3,10,100,2,50,10,50,10,1,10,2,5,1,1,50,1.2000000000000002,1.7999999999999998,7.0,3.0,90.0,10.0,8.0,2.0,1.0,0.5,5,42.5,7.5
1758,3,5,2,0,0,4,3,5,0,0,1,4,3,3,1,2,3,26666.66667,39350.0,34800.0,40050.0,35216.6666675,12.48083333,16.667,2821.659879300704,35217.6666675,4.5467605785762295,,,-0.044527783432393164,0.3708624776511007,0.4508215,0.3708624776511007,100,100,3,10,100,2,50,10,50,10,1,10,2,5,1,1,50,1.2000000000000002,1.7999999999999998,7.0,3.0,90.0,10.0,8.0,2.0,1.0,0.5,5,42.5,7.5
1759,3,5,1,1,0,2,3,0,2,0,1,3,0,3,1,1,3,3816.666667,4450.0,5900.0,5116.666667,4820.8333335,12.48083333,16.667,386.25893047639954,4821.8333335,3.6832121949273326,,,-0.4685549635455648,-0.49147025108820597,0.4508215,-0.49147025108820597,100,100,3,10,100,2,50,10,50,10,1,10,2,5,1,1,50,1.2000000000000002,1.7999999999999998,7.0,3.0,90.0,10.0,8.0,2.0,1.0,0.5,5,42.5,7.5
1760,3,5,1,1,0,3,3,1,0,0,2,3,0,3,1,1,3,33100.0,25733.33333,27516.66667,27300.0,28412.5,12.48083333,16.667,2276.4906195570516,28413.5,4.453524733795567,,,-0.3609215874416076,0.2776728756047424,0.4508215,0.2776728756047424,100,100,3,10,100,2,50,10,50,10,1,10,2,5,1,1,50,1.2000000000000002,1.7999999999999998,7.0,3.0,90.0,10.0,8.0,2.0,1.0,0.5,5,42.5,7.5
1761,3,5,1,1,0,3,3,0,1,0,1,3,1,3,1,1,3,23500.0,30450.0,25950.0,27666.66667,26891.6666675,12.48083333,16.667,2154.6371108779163,26892.6666675,4.429633868848779,,,-0.302121262053058,0.25379554530723086,0.4508215,0.25379554530723086,100,100,3,10,100,2,50,10,50,10,1,10,2,5,1,1,50,1.2000000000000002,1.7999999999999998,7.0,3.0,90.0,10.0,8.0,2.0,1.0,0.5,5,42.5,7.5
1762,3,5,1,0,0,3,1,0,1,0,1,3,0,3,1,1,3,23516.66667,25883.33333,22766.66667,26000.0,24541.6666675,12.48083333,16.667,1966.3484014732855,24542.6666675,4.389921748939507,,,-0.38817243454950123,0.21410763665608928,0.4508215,0.21410763665608928,100,100,3,10,100,2,50,10,50,10,1,10,2,5,1,1,50,1.2000000000000002,1.7999999999999998,7.0,3.0,90.0,10.0,8.0,2.0,1.0,0.5,5,42.5,7.5
1763,3,5,1,1,0,3,4,0,0,1,0,3,0,3,1,1,3,20633.33333,27183.33333,21500.0,25050.0,23591.666665,12.48083333,16.667,1890.231688960468,23592.666665,4.372777031705495,,,-0.2701918664913947,0.19697407551840904,0.4508215,0.19697407551840904,100,100,3,10,100,2,50,10,50,10,1,10,2,5,1,1,50,1.2000000000000002,1.7999999999999998,7.0,3.0,90.0,10.0,8.0,2.0,1.0,0.5,5,42.5,7.5
1764,3,5,1,2,0,3,4,0,1,0,1,3,0,3,1,1,3,47566.66667,47633.33333,35050.0,46233.33333,44120.8333325,12.48083333,16.667,3535.0871344822294,44121.8333325,4.6446535497710135,,,0.23812689707442392,0.46871647478713274,0.4508215,0.46871647478713274,100,100,3,10,100,2,50,10,50,10,1,10,2,5,1,1,50,1.2000000000000002,1.7999999999999998,7.0,3.0,90.0,10.0,8.0,2.0,1.0,0.5,5,42.5,7.5
1765,3,5,1,1,0,2,2,0,1,0,1,3,1,3,1,1,3,3666.666667,3033.333333,4333.333333,3616.666667,3662.4999999999995,12.48083333,16.667,293.44995667849366,3663.4999999999995,3.5638961958750244,,,-0.6922305992811868,-0.6103417578425421,0.4508215,-0.6103417578425421,100,100,3,10,100,2,50,10,50,10,1,10,2,5,1,1,50,1.2000000000000002,1.7999999999999998,7.0,3.0,90.0,10.0,8.0,2.0,1.0,0.5,5,42.5,7.5
1766,3,5,0,1,0,2,3,0,1,0,1,3,0,3,1,1,3,2400.0,4250.0,4216.666667,4400.0,3816.6666667500003,12.48083333,16.667,305.8022301744815,3817.6666667500003,3.581798006008702,,,-0.7722577645436388,-0.5925146356475548,0.4508215,-0.5925146356475548,100,100,3,10,100,2,50,10,50,10,1,10,2,5,1,1,50,1.2000000000000002,1.7999999999999998,7.0,3.0,90.0,10.0,8.0,2.0,1.0,0.5,5,42.5,7.5
1767,3,5,1,0,0,3,2,0,3,0,1,3,0,3,1,1,3,48116.66667,56900.0,41800.0,47583.33333,48600.0,12.48083333,16.667,3893.9707561978958,48601.0,4.6866452052708105,,,0.33585171914879464,0.5106939226600868,0.4508215,0.5106939226600868,100,100,3,10,100,2,50,10,50,10,1,10,2,5,1,1,50,1.2000000000000002,1.7999999999999998,7.0,3.0,90.0,10.0,8.0,2.0,1.0,0.5,5,42.5,7.5
1768,3,5,1,1,0,3,2,0,1,0,1,3,0,3,1,1,2,54566.66667,37633.33333,36133.33333,45350.0,43420.8333325,12.48083333,16.667,3479.0011359361692,43421.8333325,4.637708156045613,,,-0.07201504441100859,0.46177356620289156,0.4508215,0.46177356620289156,100,100,3,10,100,2,50,10,50,10,1,10,2,5,1,1,50,1.2000000000000002,1.7999999999999998,7.0,3.0,90.0,10.0,8.0,2.0,1.0,0.5,5,42.5,7.5
1769,3,5,1,1,0,3,2,0,1,1,1,3,0,3,1,1,3,45866.66667,31083.33333,42433.33333,43766.66667,40787.5,12.48083333,16.667,3268.010950996331,40788.5,4.610537734400176,,,-0.05460415525263951,0.43461325728659245,0.4508215,0.43461325728659245,100,100,3,10,100,2,50,10,50,10,1,10,2,5,1,1,50,1.2000000000000002,1.7999999999999998,7.0,3.0,90.0,10.0,8.0,2.0,1.0,0.5,5,42.5,7.5
1770,3,5,1,1,0,3,3,0,0,0,1,3,0,3,1,1,3,32983.33333,40433.33333,31550.0,38450.0,35854.166665,12.48083333,16.667,2872.738199204844,35855.166665,4.55455174556655,,,-0.10713311991074281,0.3786502110661174,0.4508215,0.3786502110661174,100,100,3,10,100,2,50,10,50,10,1,10,2,5,1,1,50,1.2000000000000002,1.7999999999999998,7.0,3.0,90.0,10.0,8.0,2.0,1.0,0.5,5,42.5,7.5
1771,3,5,0,1,3,3,1,0,1,1,1,3,0,3,1,1,3,27916.66667,38416.66667,34733.33333,35383.33333,34112.5,12.48083333,16.667,2733.1908934321136,34113.5,4.532926279733033,,,0.05343031248664332,0.35703442940701074,0.4508215,0.35703442940701074,100,100,3,10,100,2,50,10,50,10,1,10,2,5,1,1,50,1.2000000000000002,1.7999999999999998,7.0,3.0,90.0,10.0,8.0,2.0,1.0,0.5,5,42.5,7.5
1772,3,5,1,0,0,3,3,1,0,0,1,3,0,3,0,1,3,15250.0,17166.66667,13850.0,13700.0,14991.6666675,12.48083333,16.667,1201.1751355948923,14992.6666675,4.175878885415319,,,-0.09121750483820801,0.00024121738597099698,0.4508215,0.00024121738597099698,100,100,3,10,100,2,50,10,50,10,1,10,2,5,1,1,50,1.2000000000000002,1.7999999999999998,7.0,3.0,90.0,10.0,8.0,2.0,1.0,0.5,5,42.5,7.5
1773,3,5,0,1,0,3,3,0,0,0,0,3,0,3,1,0,3,37600.0,52350.0,33833.33333,35300.0,39770.8333325,12.48083333,16.667,3186.552714945998,39771.8333325,4.599575610795809,,,0.20134880857647186,0.42365539620273207,0.4508215,0.42365539620273207,100,100,3,10,100,2,50,10,50,10,1,10,2,5,1,1,50,1.2000000000000002,1.7999999999999998,7.0,3.0,90.0,10.0,8.0,2.0,1.0,0.5,5,42.5,7.5
1774,3,5,1,1,0,3,3,0,0,0,1,3,1,3,1,1,3,49150.0,67333.33333,44183.33333,44700.0,51341.666665,12.48083333,16.667,4113.640917036427,51342.666665,4.710478421558225,,,0.009530655104021513,0.5345196654319969,0.4508215,0.5345196654319969,100,100,3,10,100,2,50,10,50,10,1,10,2,5,1,1,50,1.2000000000000002,1.7999999999999998,7.0,3.0,90.0,10.0,8.0,2.0,1.0,0.5,5,42.5,7.5
1775,3,5,1,2,0,3,3,0,1,0,1,3,0,3,1,1,3,36950.0,62233.33333,40416.66667,41716.66667,45329.1666675,12.48083333,16.667,3631.9022511536095,45330.1666675,4.656387315852037,,,0.34088337494893217,0.4804461316053576,0.4508215,0.4804461316053576,100,100,3,10,100,2,50,10,50,10,1,10,2,5,1,1,50,1.2000000000000002,1.7999999999999998,7.0,3.0,90.0,10.0,8.0,2.0,1.0,0.5,5,42.5,7.5
1776,3,5,2,0,0,4,3,0,0,1,1,3,0,3,1,2,3,90466.66667,113583.3333,63916.66667,83233.33333,87799.9999925,12.48083333,16.667,7034.786674176347,87800.9999925,4.943499462247236,,,0.055287084684695564,0.7674856907448616,0.4508215,0.7674856907448616,100,100,3,10,100,2,50,10,50,10,1,10,2,5,1,1,50,1.2000000000000002,1.7999999999999998,7.0,3.0,90.0,10.0,8.0,2.0,1.0,0.5,5,42.5,7.5
1777,3,5,2,0,0,5,3,0,0,0,2,1,0,3,3,2,3,88450.0,93566.66667,103900.0,86950.0,93216.6666675,12.48083333,16.667,7468.785473117123,93217.6666675,4.969498227902384,,,0.06939387949216336,0.7934799541527807,0.4508215,0.7934799541527807,100,100,3,10,100,2,50,10,50,10,1,10,2,5,1,1,50,1.2000000000000002,1.7999999999999998,7.0,3.0,90.0,10.0,8.0,2.0,1.0,0.5,5,42.5,7.5
1778,3,5,1,1,0,2,3,1,1,0,1,2,0,3,1,0,3,3383.333333,3600.0,3316.666667,3816.666667,3529.16666675,12.48083333,16.667,282.7669093430639,3530.16666675,3.5477952098470715,,,-0.36624088009571754,-0.6263728998457513,0.4508215,-0.6263728998457513,100,100,3,10,100,2,50,10,50,10,1,10,2,5,1,1,50,1.2000000000000002,1.7999999999999998,7.0,3.0,90.0,10.0,8.0,2.0,1.0,0.5,5,42.5,7.5
1779,3,5,1,2,0,3,3,1,0,0,1,3,0,3,1,1,3,25250.0,22366.66667,21416.66667,24200.0,23308.333335,12.48083333,16.667,1867.5302136255673,23309.333335,4.367529852539405,,,0.03648336958644993,0.19173039960031185,0.4508215,0.19173039960031185,100,100,3,10,100,2,50,10,50,10,1,10,2,5,1,1,50,1.2000000000000002,1.7999999999999998,7.0,3.0,90.0,10.0,8.0,2.0,1.0,0.5,5,42.5,7.5
1780,3,5,1,1,0,3,3,3,0,3,1,3,0,1,1,1,3,14083.33333,12100.0,12316.66667,12900.0,12850.0,12.48083333,16.667,1029.5786875955341,12851.0,4.10893692358826,,,0.2547891682472154,-0.06662519785243652,0.4508215,-0.06662519785243652,100,100,3,10,100,2,50,10,50,10,1,10,2,5,1,1,50,1.2000000000000002,1.7999999999999998,7.0,3.0,90.0,10.0,8.0,2.0,1.0,0.5,5,42.5,7.5
1781,3,5,0,1,0,3,4,0,0,0,2,3,0,3,1,1,3,42366.66667,41550.0,39916.66667,49650.0,43370.833335,12.48083333,16.667,3474.9949933831867,43371.833335,4.637207780240665,,,-0.21604194437695146,0.46127337097702603,0.4508215,0.46127337097702603,100,100,3,10,100,2,50,10,50,10,1,10,2,5,1,1,50,1.2000000000000002,1.7999999999999998,7.0,3.0,90.0,10.0,8.0,2.0,1.0,0.5,5,42.5,7.5
1782,3,5,1,1,0,3,3,0,1,0,2,3,1,3,1,1,3,39750.0,38833.33333,52933.33333,44016.66667,43883.3333325,12.48083333,16.667,3516.057956404102,43884.3333325,4.6423095051714585,,,-0.16683654651260316,0.4663732644758004,0.4508215,0.4663732644758004,100,100,3,10,100,2,50,10,50,10,1,10,2,5,1,1,50,1.2000000000000002,1.7999999999999998,7.0,3.0,90.0,10.0,8.0,2.0,1.0,0.5,5,42.5,7.5
1783,3,5,1,1,0,3,2,0,1,0,1,3,0,3,2,1,3,53866.66667,58583.33333,60233.33333,54266.66667,56737.5,12.48083333,16.667,4545.970489295846,56738.5,4.753877850135655,,,-0.1039613992845263,0.5779064947155311,0.4508215,0.5779064947155311,100,100,3,10,100,2,50,10,50,10,1,10,2,5,1,1,50,1.2000000000000002,1.7999999999999998,7.0,3.0,90.0,10.0,8.0,2.0,1.0,0.5,5,42.5,7.5
1784,3,5,1,0,0,3,3,0,2,0,2,3,0,3,1,1,3,34883.33333,54933.33333,40300.0,43550.0,43416.666665,12.48083333,16.667,3478.667290639959,43417.666665,4.637666480063954,,,0.0069440541645846565,0.46173190525361096,0.4508215,0.46173190525361096,100,100,3,10,100,2,50,10,50,10,1,10,2,5,1,1,50,1.2000000000000002,1.7999999999999998,7.0,3.0,90.0,10.0,8.0,2.0,1.0,0.5,5,42.5,7.5
1785,3,5,1,0,0,3,2,0,1,0,0,3,0,3,1,1,3,57700.0,53650.0,53000.0,44450.0,52200.0,12.48083333,16.667,4182.413034434777,52201.0,4.717678822740233,,,0.03632562888047808,0.5417178882147676,0.4508215,0.5417178882147676,100,100,3,10,100,2,50,10,50,10,1,10,2,5,1,1,50,1.2000000000000002,1.7999999999999998,7.0,3.0,90.0,10.0,8.0,2.0,1.0,0.5,5,42.5,7.5
1786,3,5,1,0,0,3,2,0,1,0,1,3,0,3,2,1,3,45083.33333,43633.33333,35683.33333,31566.66667,38991.666665000004,12.48083333,16.667,3124.1236569737935,38992.666665000004,4.590982937119057,,,-0.3475726874104925,0.41506613971670614,0.4508215,0.41506613971670614,100,100,3,10,100,2,50,10,50,10,1,10,2,5,1,1,50,1.2000000000000002,1.7999999999999998,7.0,3.0,90.0,10.0,8.0,2.0,1.0,0.5,5,42.5,7.5
1787,3,5,1,1,0,3,2,3,1,3,3,3,3,1,2,1,3,9500.0,8600.0,8333.333333,6600.0,8258.33333325,12.48083333,16.667,661.6812447450575,8259.33333325,3.9169449938851,,,-0.5204716757025634,-0.2583232391180598,0.4508215,-0.2583232391180598,100,100,3,10,100,2,50,10,50,10,1,10,2,5,1,1,50,1.2000000000000002,1.7999999999999998,7.0,3.0,90.0,10.0,8.0,2.0,1.0,0.5,5,42.5,7.5
1788,3,5,1,0,0,3,2,0,1,0,1,3,1,3,1,1,3,41533.33333,39566.66667,35200.0,29133.33333,36358.3333325,12.48083333,16.667,2913.133472033954,36359.3333325,4.560615911605187,,,-0.22455285742288922,0.38471174690812204,0.4508215,0.38471174690812204,100,100,3,10,100,2,50,10,50,10,1,10,2,5,1,1,50,1.2000000000000002,1.7999999999999998,7.0,3.0,90.0,10.0,8.0,2.0,1.0,0.5,5,42.5,7.5
1789,3,5,1,0,5,3,2,0,0,4,2,1,0,1,2,1,3,17316.66667,17166.66667,20300.0,21600.0,19095.833335,12.48083333,16.667,1530.0126866608834,19096.833335,4.280961357867964,,,0.001383931924157089,0.10522624697692032,0.4508215,0.10522624697692032,100,100,3,10,100,2,50,10,50,10,1,10,2,5,1,1,50,1.2000000000000002,1.7999999999999998,7.0,3.0,90.0,10.0,8.0,2.0,1.0,0.5,5,42.5,7.5
1790,3,5,1,2,2,3,3,0,0,0,1,3,0,3,1,1,2,49433.33333,44383.33333,44533.33333,37633.33333,43995.83333,12.48083333,16.667,3525.0717773986976,43996.83333,4.643421419286228,,,0.4918831195501534,0.46748478227884294,0.4508215,0.46748478227884294,100,100,3,10,100,2,50,10,50,10,1,10,2,5,1,1,50,1.2000000000000002,1.7999999999999998,7.0,3.0,90.0,10.0,8.0,2.0,1.0,0.5,5,42.5,7.5
1791,3,5,1,2,0,3,3,0,2,0,0,3,0,3,1,1,3,48416.66667,51433.33333,50533.33333,44583.33333,48741.666665,12.48083333,16.667,3905.321493865346,48742.666665,4.687909285337303,,,0.41929995630448147,0.5119575959615944,0.4508215,0.5119575959615944,100,100,3,10,100,2,50,10,50,10,1,10,2,5,1,1,50,1.2000000000000002,1.7999999999999998,7.0,3.0,90.0,10.0,8.0,2.0,1.0,0.5,5,42.5,7.5
1792,3,5,1,1,0,5,3,0,1,0,2,3,0,3,1,1,2,219983.3333,221816.6667,121350.0,164050.0,181800.0,12.48083333,16.667,14566.3350509625,181801.0,5.259596267737915,,,0.12067682025683801,1.083542433110526,0.4508215,1.083542433110526,100,100,3,10,100,2,50,10,50,10,1,10,2,5,1,1,50,1.2000000000000002,1.7999999999999998,7.0,3.0,90.0,10.0,8.0,2.0,1.0,0.5,5,42.5,7.5
1793,3,5,1,1,0,3,3,0,2,3,1,3,1,3,1,0,3,43183.33333,38500.0,34266.66667,36983.33333,38233.3333325,12.48083333,16.667,3063.36382528233,38234.3333325,4.582453522077174,,,0.4852824658749535,0.40654018420919474,0.4508215,0.40654018420919474,100,100,3,10,100,2,50,10,50,10,1,10,2,5,1,1,50,1.2000000000000002,1.7999999999999998,7.0,3.0,90.0,10.0,8.0,2.0,1.0,0.5,5,42.5,7.5
1794,3,5,0,2,0,3,3,0,0,0,0,5,0,3,1,1,3,27983.33333,26350.0,24900.0,14233.33333,23366.666664999997,12.48083333,16.667,1872.2040465706625,23367.666664999997,4.368615348887453,,,0.1239954504438936,0.19281516774902085,0.4508215,0.19281516774902085,100,100,3,10,100,2,50,10,50,10,1,10,2,5,1,1,50,1.2000000000000002,1.7999999999999998,7.0,3.0,90.0,10.0,8.0,2.0,1.0,0.5,5,42.5,7.5
1795,3,5,1,0,3,3,1,3,0,3,1,2,3,1,1,3,3,3683.333333,3783.333333,5100.0,3183.333333,3937.4999997500004,12.48083333,16.667,315.4837418015581,3938.4999997500004,3.595330849777768,,,-0.6018731284990126,-0.5790362517567497,0.4508215,-0.5790362517567497,100,100,3,10,100,2,50,10,50,10,1,10,2,5,1,1,50,1.2000000000000002,1.7999999999999998,7.0,3.0,90.0,10.0,8.0,2.0,1.0,0.5,5,42.5,7.5
1796,3,5,1,1,0,3,3,0,1,0,1,3,0,3,1,2,3,20783.33333,19583.33333,21600.0,21366.66667,20833.3333325,12.48083333,16.667,1669.2261471374043,20834.3333325,4.318779608241882,,,-0.46168476664275815,0.14301480717989432,0.4508215,0.14301480717989432,100,100,3,10,100,2,50,10,50,10,1,10,2,5,1,1,50,1.2000000000000002,1.7999999999999998,7.0,3.0,90.0,10.0,8.0,2.0,1.0,0.5,5,42.5,7.5
1797,3,5,1,2,0,3,2,0,1,0,1,3,0,3,1,1,2,17150.0,14700.0,17866.66667,16116.66667,16458.333335,12.48083333,16.667,1318.688656424835,16459.333335,4.216412240670041,,,-0.10622817185434386,0.04073417304124033,0.4508215,0.04073417304124033,100,100,3,10,100,2,50,10,50,10,1,10,2,5,1,1,50,1.2000000000000002,1.7999999999999998,7.0,3.0,90.0,10.0,8.0,2.0,1.0,0.5,5,42.5,7.5
1798,3,5,2,0,0,5,0,0,0,0,2,4,0,3,0,1,3,8250.0,6816.666667,8183.333333,7016.666667,7566.66666675,12.48083333,16.667,606.2629366712328,7567.66666675,3.878961994432413,,,-0.8546738028349754,-0.29623109368757305,0.4508215,-0.29623109368757305,100,100,3,10,100,2,50,10,50,10,1,10,2,5,1,1,50,1.2000000000000002,1.7999999999999998,7.0,3.0,90.0,10.0,8.0,2.0,1.0,0.5,5,42.5,7.5
1799,3,5,1,2,2,2,3,0,1,0,1,3,0,3,1,0,3,3733.333333,3416.666667,3283.333333,3166.666667,3400.0,12.48083333,16.667,272.4177072237211,3401.0,3.531606631932722,,,0.3019586524360718,-0.6424886060133793,0.4508215,-0.6424886060133793,100,100,3,10,100,2,50,10,50,10,1,10,2,5,1,1,50,1.2000000000000002,1.7999999999999998,7.0,3.0,90.0,10.0,8.0,2.0,1.0,0.5,5,42.5,7.5
1800,3,6,1,1,0,3,3,0,1,0,3,3,0,3,1,1,2,38266.66667,45800.0,76116.66667,65083.33333,56316.6666675,11.01694444,16.667,5111.822699497975,56317.6666675,4.7506446529802675,,,-0.2231216390735815,0.5746741934145442,0.4508215,0.5746741934145442,100,100,3,10,100,2,50,10,50,10,1,10,2,5,1,1,50,1.2000000000000002,1.7999999999999998,7.0,3.0,90.0,10.0,8.0,2.0,1.0,0.5,5,42.5,7.5
1801,3,6,1,2,0,3,2,0,0,3,2,3,0,3,2,1,3,26316.66667,26950.0,42116.66667,23316.66667,29675.000002499997,11.01694444,16.667,2693.5780754922275,29676.000002499997,4.4724053624455085,,,-0.19654090478018738,0.2965433221598811,0.4508215,0.2965433221598811,100,100,3,10,100,2,50,10,50,10,1,10,2,5,1,1,50,1.2000000000000002,1.7999999999999998,7.0,3.0,90.0,10.0,8.0,2.0,1.0,0.5,5,42.5,7.5
1802,3,6,1,1,0,3,2,0,2,0,1,3,0,3,1,1,3,37516.66667,24183.33333,36983.33333,23483.33333,30541.666664999997,11.01694444,16.667,2772.2447754306727,30542.666664999997,4.484906952410506,,,-0.08032325374948712,0.3090384095709373,0.4508215,0.3090384095709373,100,100,3,10,100,2,50,10,50,10,1,10,2,5,1,1,50,1.2000000000000002,1.7999999999999998,7.0,3.0,90.0,10.0,8.0,2.0,1.0,0.5,5,42.5,7.5
1803,3,6,2,0,0,4,3,5,0,0,1,4,3,3,1,2,3,29116.66667,24116.66667,42783.33333,20250.0,29066.6666675,11.01694444,16.667,2638.3601030032974,29067.6666675,4.463410171292262,,,-0.12787819071636086,0.287552926845905,0.4508215,0.287552926845905,100,100,3,10,100,2,50,10,50,10,1,10,2,5,1,1,50,1.2000000000000002,1.7999999999999998,7.0,3.0,90.0,10.0,8.0,2.0,1.0,0.5,5,42.5,7.5
1804,3,6,1,1,0,3,3,0,2,0,2,3,0,3,1,1,2,30150.0,36466.66667,31666.66667,45666.66667,35987.500002500004,11.01694444,16.667,3266.55908981783,35988.500002500004,4.556163745674502,,,-0.1747945742646939,0.38026150841891443,0.4508215,0.38026150841891443,100,100,3,10,100,2,50,10,50,10,1,10,2,5,1,1,50,1.2000000000000002,1.7999999999999998,7.0,3.0,90.0,10.0,8.0,2.0,1.0,0.5,5,42.5,7.5
1805,3,6,1,1,0,3,3,0,1,1,2,3,0,3,1,1,2,38166.66667,42250.0,49416.66667,29833.33333,39916.6666675,11.01694444,16.667,3623.2066781213616,39917.6666675,4.601165147268497,,,-0.14834209820559519,0.42524430791217444,0.4508215,0.42524430791217444,100,100,3,10,100,2,50,10,50,10,1,10,2,5,1,1,50,1.2000000000000002,1.7999999999999998,7.0,3.0,90.0,10.0,8.0,2.0,1.0,0.5,5,42.5,7.5
1806,3,6,1,1,0,3,3,0,1,0,1,3,1,3,1,1,3,23300.0,31016.66667,36050.0,37100.0,31866.6666675,11.01694444,16.667,2892.514057872475,31867.6666675,4.503350265841888,,,-0.2284048650599484,0.32747246513977674,0.4508215,0.32747246513977674,100,100,3,10,100,2,50,10,50,10,1,10,2,5,1,1,50,1.2000000000000002,1.7999999999999998,7.0,3.0,90.0,10.0,8.0,2.0,1.0,0.5,5,42.5,7.5
1807,3,6,1,0,0,3,1,0,1,0,1,3,0,3,1,1,3,30133.33333,41733.33333,34366.66667,36033.33333,35566.666665,11.01694444,16.667,3228.360355151251,35567.666665,4.5510553752292555,,,-0.22703880825975276,0.3751553739697085,0.4508215,0.3751553739697085,100,100,3,10,100,2,50,10,50,10,1,10,2,5,1,1,50,1.2000000000000002,1.7999999999999998,7.0,3.0,90.0,10.0,8.0,2.0,1.0,0.5,5,42.5,7.5
1808,3,6,1,0,1,3,3,0,0,0,1,3,0,3,1,1,3,30516.66667,39583.33333,55900.0,55483.33333,45370.8333325,11.01694444,16.667,4118.277402558999,45371.8333325,4.65678632808907,,,0.02972610592335556,0.4808450060468244,0.4508215,0.4808450060468244,100,100,3,10,100,2,50,10,50,10,1,10,2,5,1,1,50,1.2000000000000002,1.7999999999999998,7.0,3.0,90.0,10.0,8.0,2.0,1.0,0.5,5,42.5,7.5
1809,3,6,1,1,0,3,3,0,0,0,1,3,0,3,2,1,3,75966.66667,58983.33333,62400.0,65800.0,65787.5,11.01694444,16.667,5971.483323555728,65788.5,4.818149984449331,,,-0.048156237669660484,0.6421621368045625,0.4508215,0.6421621368045625,100,100,3,10,100,2,50,10,50,10,1,10,2,5,1,1,50,1.2000000000000002,1.7999999999999998,7.0,3.0,90.0,10.0,8.0,2.0,1.0,0.5,5,42.5,7.5
1810,3,6,1,1,0,3,2,0,1,0,1,3,1,3,1,1,3,64466.66667,62233.33333,108866.6667,83950.0,79879.166675,11.01694444,16.667,7250.573615037674,79880.166675,4.902438962382406,,,0.18371215546525566,0.7264328737109489,0.4508215,0.7264328737109489,100,100,3,10,100,2,50,10,50,10,1,10,2,5,1,1,50,1.2000000000000002,1.7999999999999998,7.0,3.0,90.0,10.0,8.0,2.0,1.0,0.5,5,42.5,7.5
1811,3,6,1,1,0,3,3,1,0,0,1,3,0,3,1,1,3,65883.33333,81250.0,97866.66667,98183.33333,85795.8333325,11.01694444,16.667,7787.625125982754,85796.8333325,4.93347125880907,,,0.19657267092401476,0.7574592972079216,0.4508215,0.7574592972079216,100,100,3,10,100,2,50,10,50,10,1,10,2,5,1,1,50,1.2000000000000002,1.7999999999999998,7.0,3.0,90.0,10.0,8.0,2.0,1.0,0.5,5,42.5,7.5
1812,3,6,1,0,0,3,2,0,3,0,1,3,0,3,1,1,3,76550.0,74283.33333,98016.66667,84766.66667,83404.1666675,11.01694444,16.667,7570.53528968328,83405.1666675,4.921192954542823,,,0.5703994684208071,0.7451832666050049,0.4508215,0.7451832666050049,100,100,3,10,100,2,50,10,50,10,1,10,2,5,1,1,50,1.2000000000000002,1.7999999999999998,7.0,3.0,90.0,10.0,8.0,2.0,1.0,0.5,5,42.5,7.5
1813,3,6,1,1,0,3,3,0,1,0,2,3,0,3,1,0,2,71500.0,56800.0,76283.33333,81916.66667,71625.0,11.01694444,16.667,6501.348934823166,71626.0,4.855070698381383,,,0.3325852446997626,0.6790744236556288,0.4508215,0.6790744236556288,100,100,3,10,100,2,50,10,50,10,1,10,2,5,1,1,50,1.2000000000000002,1.7999999999999998,7.0,3.0,90.0,10.0,8.0,2.0,1.0,0.5,5,42.5,7.5
1814,3,6,1,1,0,3,3,0,1,1,1,3,0,3,1,1,3,46333.33333,50566.66667,57433.33333,58783.33333,53279.166665,11.01694444,16.667,4836.111042872792,53280.166665,4.72656557467532,,,0.054972843078818556,0.5506020008710253,0.4508215,0.5506020008710253,100,100,3,10,100,2,50,10,50,10,1,10,2,5,1,1,50,1.2000000000000002,1.7999999999999998,7.0,3.0,90.0,10.0,8.0,2.0,1.0,0.5,5,42.5,7.5
1815,3,6,1,1,0,3,3,0,0,0,1,3,0,3,1,1,3,34416.66667,34183.33333,40550.0,35466.66667,36154.1666675,11.01694444,16.667,3281.687301265904,36155.1666675,4.558170367878159,,,-0.103514497599134,0.38226725946603257,0.4508215,0.38226725946603257,100,100,3,10,100,2,50,10,50,10,1,10,2,5,1,1,50,1.2000000000000002,1.7999999999999998,7.0,3.0,90.0,10.0,8.0,2.0,1.0,0.5,5,42.5,7.5
1816,3,6,0,1,3,3,5,0,0,1,1,2,0,3,1,1,3,24416.66667,27100.0,31000.0,31233.33333,28437.5,11.01694444,16.667,2581.2511041400876,28438.5,4.453906685626547,,,-0.24502278733936134,0.2780546170387673,0.4508215,0.2780546170387673,100,100,3,10,100,2,50,10,50,10,1,10,2,5,1,1,50,1.2000000000000002,1.7999999999999998,7.0,3.0,90.0,10.0,8.0,2.0,1.0,0.5,5,42.5,7.5
1817,3,6,1,2,0,3,3,0,0,0,1,3,0,3,1,1,3,59133.33333,63400.0,55650.0,51933.33333,57529.166665,11.01694444,16.667,5221.880438656365,57530.166665,4.759895632179245,,,0.5214268213653819,0.5839226270022264,0.4508215,0.5839226270022264,100,100,3,10,100,2,50,10,50,10,1,10,2,5,1,1,50,1.2000000000000002,1.7999999999999998,7.0,3.0,90.0,10.0,8.0,2.0,1.0,0.5,5,42.5,7.5
1818,3,6,1,2,0,3,3,0,0,0,0,3,0,3,1,1,3,72050.0,75550.0,106116.6667,96366.66667,87520.8333425,11.01694444,16.667,7944.202116943779,87521.8333425,4.942116406363578,,,0.8056829524701392,0.7661028819995911,0.4508215,0.7661028819995911,100,100,3,10,100,2,50,10,50,10,1,10,2,5,1,1,50,1.2000000000000002,1.7999999999999998,7.0,3.0,90.0,10.0,8.0,2.0,1.0,0.5,5,42.5,7.5
1819,3,6,1,1,0,3,3,0,0,0,1,3,0,3,1,1,3,92116.66667,88183.33333,114400.0,115333.3333,102508.333325,11.01694444,16.667,9304.60654342739,102509.333325,5.010763409069931,,,0.349078543592638,0.8347385202805366,0.4508215,0.8347385202805366,100,100,3,10,100,2,50,10,50,10,1,10,2,5,1,1,50,1.2000000000000002,1.7999999999999998,7.0,3.0,90.0,10.0,8.0,2.0,1.0,0.5,5,42.5,7.5
1820,3,6,1,1,0,3,3,0,0,0,2,3,0,3,1,1,2,88700.0,99783.33333,140716.6667,112183.3333,110345.8333325,11.01694444,16.667,10016.010694567867,110346.8333325,5.042759874552913,,,0.24001447949084298,0.8667302720800905,0.4508215,0.8667302720800905,100,100,3,10,100,2,50,10,50,10,1,10,2,5,1,1,50,1.2000000000000002,1.7999999999999998,7.0,3.0,90.0,10.0,8.0,2.0,1.0,0.5,5,42.5,7.5
1821,3,6,2,0,0,4,3,0,0,1,1,3,0,3,1,2,3,67100.0,62916.66667,89050.0,66150.0,71304.1666675,11.01694444,16.667,6472.227127570048,71305.1666675,4.853120999331387,,,-0.03509137823115349,0.6771251519350018,0.4508215,0.6771251519350018,100,100,3,10,100,2,50,10,50,10,1,10,2,5,1,1,50,1.2000000000000002,1.7999999999999998,7.0,3.0,90.0,10.0,8.0,2.0,1.0,0.5,5,42.5,7.5
1822,3,6,2,0,0,5,3,0,0,0,2,1,0,3,3,2,3,89333.33333,83483.33333,117666.6667,106083.3333,99141.666665,11.01694444,16.667,8999.01666972553,99142.666665,4.996260596053087,,,0.09615624764286679,0.820237960873744,0.4508215,0.820237960873744,100,100,3,10,100,2,50,10,50,10,1,10,2,5,1,1,50,1.2000000000000002,1.7999999999999998,7.0,3.0,90.0,10.0,8.0,2.0,1.0,0.5,5,42.5,7.5
1823,3,6,0,1,0,3,3,0,1,0,2,3,0,3,1,1,2,49300.0,37783.33333,52416.66667,48366.66667,46966.6666675,11.01694444,16.667,4263.130028774113,46967.6666675,4.671798985165147,,,-0.19419772835642846,0.4958525695211758,0.4508215,0.4958525695211758,100,100,3,10,100,2,50,10,50,10,1,10,2,5,1,1,50,1.2000000000000002,1.7999999999999998,7.0,3.0,90.0,10.0,8.0,2.0,1.0,0.5,5,42.5,7.5
1824,3,6,1,2,0,3,3,1,0,0,1,3,0,3,1,1,3,30183.33333,25700.0,33600.0,26666.66667,29037.5,11.01694444,16.667,2635.7126658977686,29038.5,4.462974178882469,,,0.13192769592951414,0.28711716942021503,0.4508215,0.28711716942021503,100,100,3,10,100,2,50,10,50,10,1,10,2,5,1,1,50,1.2000000000000002,1.7999999999999998,7.0,3.0,90.0,10.0,8.0,2.0,1.0,0.5,5,42.5,7.5
1825,3,6,1,1,0,3,3,0,1,0,2,3,0,2,1,1,2,26933.33333,20283.33333,26966.66667,316.6666667,18624.999999174997,11.01694444,16.667,1690.5776461531286,18625.999999174997,4.270119598599666,,,-0.17885805513707087,0.09439348673976251,0.4508215,0.09439348673976251,100,100,3,10,100,2,50,10,50,10,1,10,2,5,1,1,50,1.2000000000000002,1.7999999999999998,7.0,3.0,90.0,10.0,8.0,2.0,1.0,0.5,5,42.5,7.5
1826,3,6,1,0,0,3,3,0,1,0,2,3,0,3,1,1,2,112116.6667,98516.66667,116150.0,72750.0,99883.3333425,11.01694444,16.667,9066.337212325998,99884.3333425,4.999497375348438,,,0.17709391438049948,0.8234742306592486,0.4508215,0.8234742306592486,100,100,3,10,100,2,50,10,50,10,1,10,2,5,1,1,50,1.2000000000000002,1.7999999999999998,7.0,3.0,90.0,10.0,8.0,2.0,1.0,0.5,5,42.5,7.5
1827,3,6,1,1,0,3,3,0,1,0,1,3,1,3,1,1,3,88833.33333,96066.66667,105100.0,84900.0,93725.0,11.01694444,16.667,8507.349792897749,93726.0,4.971860082778998,,,0.24010495187716163,0.7958414132185907,0.4508215,0.7958414132185907,100,100,3,10,100,2,50,10,50,10,1,10,2,5,1,1,50,1.2000000000000002,1.7999999999999998,7.0,3.0,90.0,10.0,8.0,2.0,1.0,0.5,5,42.5,7.5
1828,3,6,1,1,0,3,3,1,1,0,2,3,0,3,1,1,2,91216.66667,91833.33333,104050.0,64783.33333,87970.8333325,11.01694444,16.667,7985.048287354348,87971.8333325,4.944343642759593,,,0.041294994532599105,0.7683297207967987,0.4508215,0.7683297207967987,100,100,3,10,100,2,50,10,50,10,1,10,2,5,1,1,50,1.2000000000000002,1.7999999999999998,7.0,3.0,90.0,10.0,8.0,2.0,1.0,0.5,5,42.5,7.5
1829,3,6,1,0,0,3,3,0,0,0,1,3,0,3,1,2,3,68966.66667,56833.33333,54916.66667,49966.66667,57670.833335,11.01694444,16.667,5234.739418818382,57671.833335,4.760963757455955,,,-0.07958297229938349,0.5849904618363195,0.4508215,0.5849904618363195,100,100,3,10,100,2,50,10,50,10,1,10,2,5,1,1,50,1.2000000000000002,1.7999999999999998,7.0,3.0,90.0,10.0,8.0,2.0,1.0,0.5,5,42.5,7.5
1830,3,6,1,1,0,3,3,0,1,0,2,3,0,3,0,1,2,16183.33333,13633.33333,18783.33333,11016.66667,14904.166664999999,11.01694444,16.667,1352.8403221211124,14905.166664999999,4.173336836543434,,,-0.11012199822010427,-0.0022981701017009463,0.4508215,-0.0022981701017009463,100,100,3,10,100,2,50,10,50,10,1,10,2,5,1,1,50,1.2000000000000002,1.7999999999999998,7.0,3.0,90.0,10.0,8.0,2.0,1.0,0.5,5,42.5,7.5
1831,3,6,2,1,0,3,3,0,1,0,2,3,0,3,1,1,2,31966.66667,21983.33333,33900.0,25250.0,28275.0,11.01694444,16.667,2566.501097830716,28276.0,4.451417972989262,,,-0.18799061533229988,0.27556727863008607,0.4508215,0.27556727863008607,100,100,3,10,100,2,50,10,50,10,1,10,2,5,1,1,50,1.2000000000000002,1.7999999999999998,7.0,3.0,90.0,10.0,8.0,2.0,1.0,0.5,5,42.5,7.5
1832,3,6,1,1,0,3,3,0,1,0,2,3,0,3,1,1,1,49450.0,38766.66667,51350.0,29866.66667,42358.333335,11.01694444,16.667,3844.8349781275656,42359.333335,4.626949116421068,,,0.027072443113487665,0.45101845558881787,0.4508215,0.45101845558881787,100,100,3,10,100,2,50,10,50,10,1,10,2,5,1,1,50,1.2000000000000002,1.7999999999999998,7.0,3.0,90.0,10.0,8.0,2.0,1.0,0.5,5,42.5,7.5
1833,3,6,1,0,0,3,3,0,0,0,1,3,1,3,1,1,3,56100.0,37416.66667,56166.66667,41733.33333,47854.1666675,11.01694444,16.667,4343.687755540683,47855.1666675,4.679928833106638,,,-0.12089809523171802,0.5039797317026904,0.4508215,0.5039797317026904,100,100,3,10,100,2,50,10,50,10,1,10,2,5,1,1,50,1.2000000000000002,1.7999999999999998,7.0,3.0,90.0,10.0,8.0,2.0,1.0,0.5,5,42.5,7.5
1834,3,6,1,1,0,3,3,0,1,0,2,3,0,3,1,1,2,69916.66667,53266.66667,69600.0,60900.0,63420.833335,11.01694444,16.667,5756.662718996158,63421.833335,4.80223879202355,,,-0.0029342612042668748,0.6262548028310428,0.4508215,0.6262548028310428,100,100,3,10,100,2,50,10,50,10,1,10,2,5,1,1,50,1.2000000000000002,1.7999999999999998,7.0,3.0,90.0,10.0,8.0,2.0,1.0,0.5,5,42.5,7.5
1835,3,6,1,1,0,3,3,0,0,0,1,3,0,3,3,1,3,76116.66667,60066.66667,78633.33333,78550.0,73341.6666675,11.01694444,16.667,6657.169514372173,73342.6666675,4.865356696433501,,,0.1331918097364353,0.6893581987312987,0.4508215,0.6893581987312987,100,100,3,10,100,2,50,10,50,10,1,10,2,5,1,1,50,1.2000000000000002,1.7999999999999998,7.0,3.0,90.0,10.0,8.0,2.0,1.0,0.5,5,42.5,7.5
1836,3,6,1,1,0,3,2,0,1,0,1,3,0,3,1,1,2,51383.33333,44400.0,44866.66667,40350.0,45250.0,11.01694444,16.667,4107.309449225107,45251.0,4.65562818110328,,,-0.05409501935334138,0.479687259367184,0.4508215,0.479687259367184,100,100,3,10,100,2,50,10,50,10,1,10,2,5,1,1,50,1.2000000000000002,1.7999999999999998,7.0,3.0,90.0,10.0,8.0,2.0,1.0,0.5,5,42.5,7.5
1837,3,6,1,1,0,5,3,0,1,0,2,3,0,3,1,1,2,139816.6667,99633.33333,149300.0,124366.6667,128279.1666825,11.01694444,16.667,11643.806264171375,128280.1666825,5.108159515562943,,,-0.030759931918133532,0.9321212941385815,0.4508215,0.9321212941385815,100,100,3,10,100,2,50,10,50,10,1,10,2,5,1,1,50,1.2000000000000002,1.7999999999999998,7.0,3.0,90.0,10.0,8.0,2.0,1.0,0.5,5,42.5,7.5
1838,3,6,1,1,0,3,3,0,0,3,1,1,0,3,2,0,3,40800.0,36583.33333,37000.0,32116.66667,36625.0,11.01694444,16.667,3324.4244989584427,36626.0,4.5637894910701,,,0.08082245568202318,0.38788396446722556,0.4508215,0.38788396446722556,100,100,3,10,100,2,50,10,50,10,1,10,2,5,1,1,50,1.2000000000000002,1.7999999999999998,7.0,3.0,90.0,10.0,8.0,2.0,1.0,0.5,5,42.5,7.5
1839,3,6,0,2,0,3,3,0,0,0,0,5,0,3,1,1,3,25366.66667,24733.33333,25866.66667,23566.66667,24883.333335000003,11.01694444,16.667,2258.6419919351074,24884.333335000003,4.395926010247449,,,0.15130611180388964,0.22010809388297284,0.4508215,0.22010809388297284,100,100,3,10,100,2,50,10,50,10,1,10,2,5,1,1,50,1.2000000000000002,1.7999999999999998,7.0,3.0,90.0,10.0,8.0,2.0,1.0,0.5,5,42.5,7.5
1840,3,6,1,1,0,3,3,0,1,0,2,3,1,3,1,1,2,38466.66667,28200.0,29666.66667,32216.66667,32137.500002500004,11.01694444,16.667,2917.0974018727106,32138.500002500004,4.507025603110612,,,-0.3021797201677936,0.3311460040186436,0.4508215,0.3311460040186436,100,100,3,10,100,2,50,10,50,10,1,10,2,5,1,1,50,1.2000000000000002,1.7999999999999998,7.0,3.0,90.0,10.0,8.0,2.0,1.0,0.5,5,42.5,7.5
1841,3,6,1,1,0,3,2,0,1,0,2,3,0,3,1,1,2,30783.33333,30216.66667,31566.66667,28350.0,30229.1666675,11.01694444,16.667,2743.879378908804,30230.1666675,4.480440541573319,,,-0.3853691358020459,0.30457430043424955,0.4508215,0.30457430043424955,100,100,3,10,100,2,50,10,50,10,1,10,2,5,1,1,50,1.2000000000000002,1.7999999999999998,7.0,3.0,90.0,10.0,8.0,2.0,1.0,0.5,5,42.5,7.5
1842,3,6,1,1,0,3,3,0,1,0,2,3,0,3,2,1,2,44250.0,31483.33333,45700.0,33633.33333,38766.666665,11.01694444,16.667,3518.8220178588826,38767.666665,4.5884696626267605,,,-0.3996549170017012,0.4125538775613974,0.4508215,0.4125538775613974,100,100,3,10,100,2,50,10,50,10,1,10,2,5,1,1,50,1.2000000000000002,1.7999999999999998,7.0,3.0,90.0,10.0,8.0,2.0,1.0,0.5,5,42.5,7.5
1843,3,6,1,0,0,5,3,3,0,0,2,5,0,3,0,2,3,21800.0,16000.0,22133.33333,19600.0,19883.3333325,11.01694444,16.667,1804.7956437275088,19884.3333325,4.298511034855816,,,-0.1677352844983151,0.12276182461045326,0.4508215,0.12276182461045326,100,100,3,10,100,2,50,10,50,10,1,10,2,5,1,1,50,1.2000000000000002,1.7999999999999998,7.0,3.0,90.0,10.0,8.0,2.0,1.0,0.5,5,42.5,7.5
1844,3,6,1,1,0,3,3,0,1,0,2,2,0,3,1,1,2,46366.66667,35833.33333,44316.66667,37600.0,41029.1666675,11.01694444,16.667,3724.1874905470618,41030.1666675,4.613103281106044,,,-0.20135906478102683,0.4371778218384333,0.4508215,0.4371778218384333,100,100,3,10,100,2,50,10,50,10,1,10,2,5,1,1,50,1.2000000000000002,1.7999999999999998,7.0,3.0,90.0,10.0,8.0,2.0,1.0,0.5,5,42.5,7.5
1845,3,6,0,1,0,1,3,1,0,0,3,5,1,3,1,0,3,1383.333333,933.3333333,883.3333333,683.3333333,970.833333225,11.01694444,16.667,88.12183255641435,971.833333225,2.9875917909889886,,,-0.27765948975307,-1.1815540082075588,0.4508215,-1.1815540082075588,100,100,3,10,100,2,50,10,50,10,1,10,2,5,1,1,50,1.2000000000000002,1.7999999999999998,7.0,3.0,90.0,10.0,8.0,2.0,1.0,0.5,5,42.5,7.5
1846,3,6,2,2,0,1,2,0,2,0,2,1,1,3,2,0,3,3700.0,2833.333333,3466.666667,2550.0,3137.5,11.01694444,16.667,284.7885833578734,3138.5,3.4967221329867297,,,0.3074318736842594,-0.6772065753708384,0.4508215,-0.6772065753708384,100,100,3,10,100,2,50,10,50,10,1,10,2,5,1,1,50,1.2000000000000002,1.7999999999999998,7.0,3.0,90.0,10.0,8.0,2.0,1.0,0.5,5,42.5,7.5
1847,3,6,1,1,0,3,2,0,0,0,1,3,0,3,1,1,3,29866.66667,22850.0,30983.33333,29683.33333,28345.8333325,11.01694444,16.667,2572.9305876848007,28346.8333325,4.4525045502470935,,,-0.21258418318657135,0.27665325492864357,0.4508215,0.27665325492864357,100,100,3,10,100,2,50,10,50,10,1,10,2,5,1,1,50,1.2000000000000002,1.7999999999999998,7.0,3.0,90.0,10.0,8.0,2.0,1.0,0.5,5,42.5,7.5
1848,3,6,2,0,0,4,3,5,0,0,0,4,0,3,1,2,3,18600.0,15466.66667,29916.66667,15883.33333,19966.666667499998,11.01694444,16.667,1812.3597496784687,19967.666667499998,4.300327318118831,,,-0.4857782456046946,0.12457668092191271,0.4508215,0.12457668092191271,100,100,3,10,100,2,50,10,50,10,1,10,2,5,1,1,50,1.2000000000000002,1.7999999999999998,7.0,3.0,90.0,10.0,8.0,2.0,1.0,0.5,5,42.5,7.5
1849,3,6,1,1,0,3,2,0,1,0,2,3,1,3,1,1,2,34050.0,32133.33333,28766.66667,35683.33333,32658.3333325,11.01694444,16.667,2964.373062818133,32659.3333325,4.5140073153372215,,,-0.3646423042775302,0.33812434161627064,0.4508215,0.33812434161627064,100,100,3,10,100,2,50,10,50,10,1,10,2,5,1,1,50,1.2000000000000002,1.7999999999999998,7.0,3.0,90.0,10.0,8.0,2.0,1.0,0.5,5,42.5,7.5
1850,3,6,1,1,1,3,3,0,0,0,2,3,0,3,1,1,3,43350.0,42566.66667,39733.33333,43416.66667,42266.6666675,11.01694444,16.667,3836.5144616722787,42267.6666675,4.626008273819104,,,-0.040083212576816685,0.4500779612146504,0.4508215,0.4500779612146504,100,100,3,10,100,2,50,10,50,10,1,10,2,5,1,1,50,1.2000000000000002,1.7999999999999998,7.0,3.0,90.0,10.0,8.0,2.0,1.0,0.5,5,42.5,7.5
1851,3,6,2,1,0,3,3,0,1,0,1,3,1,3,1,2,3,22700.0,20566.66667,23283.33333,24233.33333,22695.8333325,11.01694444,16.667,2060.0842144666385,22696.8333325,4.355965268551909,,,-0.23699145818558165,0.18017368761827032,0.4508215,0.18017368761827032,100,100,3,10,100,2,50,10,50,10,1,10,2,5,1,1,50,1.2000000000000002,1.7999999999999998,7.0,3.0,90.0,10.0,8.0,2.0,1.0,0.5,5,42.5,7.5
1852,3,6,1,0,0,5,1,0,2,0,1,3,0,3,1,1,1,31066.66667,23766.66667,31500.0,27133.33333,28366.6666675,11.01694444,16.667,2574.821614286003,28367.6666675,4.45282361513657,,,-0.6076591656306896,0.27697214363637324,0.4508215,0.27697214363637324,100,100,3,10,100,2,50,10,50,10,1,10,2,5,1,1,50,1.2000000000000002,1.7999999999999998,7.0,3.0,90.0,10.0,8.0,2.0,1.0,0.5,5,42.5,7.5
1853,3,6,1,0,0,3,1,0,3,0,1,3,0,3,1,1,3,32500.0,34116.66667,28000.0,35100.0,32429.1666675,11.01694444,16.667,2943.571772020301,32430.1666675,4.5109491806368816,,,0.16328470332806955,0.3350676784017539,0.4508215,0.3350676784017539,100,100,3,10,100,2,50,10,50,10,1,10,2,5,1,1,50,1.2000000000000002,1.7999999999999998,7.0,3.0,90.0,10.0,8.0,2.0,1.0,0.5,5,42.5,7.5
1854,3,6,1,1,0,3,3,0,0,0,0,3,0,4,1,1,3,94633.33333,75933.33333,59200.0,78616.66667,77095.8333325,11.01694444,16.667,6997.93248049638,77096.8333325,4.887036540249859,,,0.018112674781720628,0.7110335260689811,0.4508215,0.7110335260689811,100,100,3,10,100,2,50,10,50,10,1,10,2,5,1,1,50,1.2000000000000002,1.7999999999999998,7.0,3.0,90.0,10.0,8.0,2.0,1.0,0.5,5,42.5,7.5
1855,3,6,1,0,0,4,2,5,1,0,0,4,3,3,1,1,3,121466.6667,86116.66667,74033.33333,75050.0,89166.666675,11.01694444,16.667,8093.593206411778,89167.666675,4.950207402243182,,,0.025768712716812914,0.774192443198738,0.4508215,0.774192443198738,100,100,3,10,100,2,50,10,50,10,1,10,2,5,1,1,50,1.2000000000000002,1.7999999999999998,7.0,3.0,90.0,10.0,8.0,2.0,1.0,0.5,5,42.5,7.5
1856,3,6,1,1,0,3,3,0,0,0,1,3,0,3,1,1,3,69016.66667,42900.0,39566.66667,41700.0,48295.833335,11.01694444,16.667,4383.777516354617,48296.833335,4.683918656419827,,,0.022233790942534526,0.5079682552181269,0.4508215,0.5079682552181269,100,100,3,10,100,2,50,10,50,10,1,10,2,5,1,1,50,1.2000000000000002,1.7999999999999998,7.0,3.0,90.0,10.0,8.0,2.0,1.0,0.5,5,42.5,7.5
1857,3,6,2,0,0,4,3,0,0,1,0,3,0,3,1,1,3,85566.66667,59000.0,57833.33333,60650.0,65762.5,11.01694444,16.667,5969.214091815825,65763.5,4.817984918738763,,,0.04715469442264997,0.6419971104011697,0.4508215,0.6419971104011697,100,100,3,10,100,2,50,10,50,10,1,10,2,5,1,1,50,1.2000000000000002,1.7999999999999998,7.0,3.0,90.0,10.0,8.0,2.0,1.0,0.5,5,42.5,7.5
1858,3,6,1,0,0,3,1,0,1,0,2,3,0,3,1,1,3,74366.66667,45200.0,63583.33333,64116.66667,61816.6666675,11.01694444,16.667,5611.053682276717,61817.6666675,4.7911126084181035,,,-0.10781719899916986,0.6151314025227842,0.4508215,0.6151314025227842,100,100,3,10,100,2,50,10,50,10,1,10,2,5,1,1,50,1.2000000000000002,1.7999999999999998,7.0,3.0,90.0,10.0,8.0,2.0,1.0,0.5,5,42.5,7.5
1859,3,6,0,2,0,3,3,0,1,1,1,3,0,3,1,1,3,40200.0,32666.66667,42700.0,38250.0,38454.1666675,11.01694444,16.667,3490.456621337014,38455.1666675,4.584954697959064,,,0.09435224934674569,0.4090403385657184,0.4508215,0.4090403385657184,100,100,3,10,100,2,50,10,50,10,1,10,2,5,1,1,50,1.2000000000000002,1.7999999999999998,7.0,3.0,90.0,10.0,8.0,2.0,1.0,0.5,5,42.5,7.5
1860,3,6,1,2,0,3,3,0,1,0,1,3,0,3,1,0,3,29183.33333,23650.0,44733.33333,20633.33333,29549.999997500003,11.01694444,16.667,2682.231916338865,29550.999997500003,4.470572181868642,,,0.5163945126825769,0.2947111109158785,0.4508215,0.2947111109158785,100,100,3,10,100,2,50,10,50,10,1,10,2,5,1,1,50,1.2000000000000002,1.7999999999999998,7.0,3.0,90.0,10.0,8.0,2.0,1.0,0.5,5,42.5,7.5
1861,3,6,2,0,3,3,5,0,1,0,1,3,1,3,1,1,3,37916.66667,31350.0,33066.66667,34400.0,34183.333335,11.01694444,16.667,3102.796199179162,34184.333335,4.53382711468058,,,0.20305213785274123,0.35793485125450797,0.4508215,0.35793485125450797,100,100,3,10,100,2,50,10,50,10,1,10,2,5,1,1,50,1.2000000000000002,1.7999999999999998,7.0,3.0,90.0,10.0,8.0,2.0,1.0,0.5,5,42.5,7.5
1862,3,6,2,2,0,3,3,5,0,0,1,3,4,3,1,1,3,38483.33333,39500.0,45783.33333,37666.66667,40358.3333325,11.01694444,16.667,3663.296438708372,40359.3333325,4.605943983818396,,,0.7179245218375789,0.4300212798600208,0.4508215,0.4300212798600208,100,100,3,10,100,2,50,10,50,10,1,10,2,5,1,1,50,1.2000000000000002,1.7999999999999998,7.0,3.0,90.0,10.0,8.0,2.0,1.0,0.5,5,42.5,7.5
1863,3,6,1,0,0,5,3,0,2,0,0,3,1,3,1,1,3,178533.3333,134000.0,193133.3333,177933.3333,170899.99997499998,11.01694444,16.667,15512.46817171023,170900.99997499998,5.232744603869678,,,-0.024693837708268163,1.0566931560485264,0.4508215,1.0566931560485264,100,100,3,10,100,2,50,10,50,10,1,10,2,5,1,1,50,1.2000000000000002,1.7999999999999998,7.0,3.0,90.0,10.0,8.0,2.0,1.0,0.5,5,42.5,7.5
1864,3,6,2,1,0,3,3,5,0,0,1,3,3,3,1,1,3,68233.33333,73266.66667,80983.33333,71450.0,73483.3333325,11.01694444,16.667,6670.028494080342,73484.3333325,4.866194758506162,,,0.6788045842846229,0.6901960819931792,0.4508215,0.6901960819931792,100,100,3,10,100,2,50,10,50,10,1,10,2,5,1,1,50,1.2000000000000002,1.7999999999999998,7.0,3.0,90.0,10.0,8.0,2.0,1.0,0.5,5,42.5,7.5
1865,3,6,1,1,0,5,3,3,1,0,1,5,0,3,1,1,2,105533.3333,94000.0,79966.66667,83433.33333,90733.333325,11.01694444,16.667,8235.7983939329,90734.333325,4.957771652574578,,,-0.03411205958001151,0.7817553762077935,0.4508215,0.7817553762077935,100,100,3,10,100,2,50,10,50,10,1,10,2,5,1,1,50,1.2000000000000002,1.7999999999999998,7.0,3.0,90.0,10.0,8.0,2.0,1.0,0.5,5,42.5,7.5
1866,3,6,2,0,0,3,3,0,0,0,3,3,0,3,1,1,3,72616.66667,83600.0,89783.33333,87366.66667,83341.6666675,11.01694444,16.667,7564.862210333522,83342.6666675,4.9208673922149995,,,0.09374849238159833,0.7448577654429196,0.4508215,0.7448577654429196,100,100,3,10,100,2,50,10,50,10,1,10,2,5,1,1,50,1.2000000000000002,1.7999999999999998,7.0,3.0,90.0,10.0,8.0,2.0,1.0,0.5,5,42.5,7.5
1867,3,6,2,1,0,4,3,0,0,0,1,1,0,3,1,2,3,47816.66667,51983.33333,57216.66667,52866.66667,52470.833335,11.01694444,16.667,4762.73921691848,52471.833335,4.719926238457235,,,0.1623401571488623,0.5439646313621872,0.4508215,0.5439646313621872,100,100,3,10,100,2,50,10,50,10,1,10,2,5,1,1,50,1.2000000000000002,1.7999999999999998,7.0,3.0,90.0,10.0,8.0,2.0,1.0,0.5,5,42.5,7.5
1868,3,6,1,1,0,3,3,0,1,0,2,3,0,3,1,1,3,38866.66667,40400.0,41250.0,42166.66667,40670.833335,11.01694444,16.667,3691.6618356840877,40671.833335,4.609293749226045,,,-0.15529013428606753,0.43336975043234394,0.4508215,0.43336975043234394,100,100,3,10,100,2,50,10,50,10,1,10,2,5,1,1,50,1.2000000000000002,1.7999999999999998,7.0,3.0,90.0,10.0,8.0,2.0,1.0,0.5,5,42.5,7.5
1869,3,6,1,0,0,3,3,1,0,0,1,3,0,3,1,1,3,26566.66667,33133.33333,34516.66667,28816.66667,30758.333335000003,11.01694444,16.667,2791.9114508124,30759.333335000003,4.487976918513389,,,-0.3422577179320516,0.31210680727516743,0.4508215,0.31210680727516743,100,100,3,10,100,2,50,10,50,10,1,10,2,5,1,1,50,1.2000000000000002,1.7999999999999998,7.0,3.0,90.0,10.0,8.0,2.0,1.0,0.5,5,42.5,7.5
1870,3,6,1,3,0,3,3,0,1,0,0,5,1,3,1,1,2,21850.0,21983.33333,19350.0,21150.0,21083.3333325,11.01694444,16.667,1913.7187672428709,21084.3333325,4.323959873570289,,,0.7095489581547061,0.1481912030857514,0.4508215,0.1481912030857514,100,100,3,10,100,2,50,10,50,10,1,10,2,5,1,1,50,1.2000000000000002,1.7999999999999998,7.0,3.0,90.0,10.0,8.0,2.0,1.0,0.5,5,42.5,7.5
1871,3,6,1,0,0,3,3,1,1,0,2,3,1,3,0,2,2,13600.0,15200.0,15200.0,13966.66667,14491.6666675,11.01694444,16.667,1315.39799863963,14492.6666675,4.161148303513008,,,-0.38613253691412286,-0.01447372398298321,0.4508215,-0.01447372398298321,100,100,3,10,100,2,50,10,50,10,1,10,2,5,1,1,50,1.2000000000000002,1.7999999999999998,7.0,3.0,90.0,10.0,8.0,2.0,1.0,0.5,5,42.5,7.5
1872,3,6,1,1,0,3,3,0,0,0,1,3,1,3,1,1,3,57650.0,72333.33333,74600.0,73200.0,69445.8333325,11.01694444,16.667,6303.547568085947,69446.8333325,4.841652447372759,,,0.1407046809185557,0.6656591528166158,0.4508215,0.6656591528166158,100,100,3,10,100,2,50,10,50,10,1,10,2,5,1,1,50,1.2000000000000002,1.7999999999999998,7.0,3.0,90.0,10.0,8.0,2.0,1.0,0.5,5,42.5,7.5
1873,3,6,1,1,0,3,4,1,0,0,2,4,0,3,1,2,3,70116.66667,60700.0,71350.0,66750.0,67229.1666675,11.01694444,16.667,6102.342353965797,67230.1666675,4.827564187897381,,,-0.035197241320394035,0.6515741229828372,0.4508215,0.6515741229828372,100,100,3,10,100,2,50,10,50,10,1,10,2,5,1,1,50,1.2000000000000002,1.7999999999999998,7.0,3.0,90.0,10.0,8.0,2.0,1.0,0.5,5,42.5,7.5
1874,3,6,1,0,1,3,4,0,0,0,1,3,0,3,1,1,3,48733.33333,56300.0,78466.66667,62050.0,61387.5,11.01694444,16.667,5572.098537332735,61388.5,4.788087021722346,,,0.13076732315136397,0.6121065851099122,0.4508215,0.6121065851099122,100,100,3,10,100,2,50,10,50,10,1,10,2,5,1,1,50,1.2000000000000002,1.7999999999999998,7.0,3.0,90.0,10.0,8.0,2.0,1.0,0.5,5,42.5,7.5
1875,3,6,1,2,0,3,3,0,1,0,0,3,0,3,0,1,3,8866.666667,9533.333333,10733.33333,10450.0,9895.8333325,11.01694444,16.667,898.2375636361111,9896.8333325,3.9954962565957084,,,0.2607568567010534,-0.17990804416226186,0.4508215,-0.17990804416226186,100,100,3,10,100,2,50,10,50,10,1,10,2,5,1,1,50,1.2000000000000002,1.7999999999999998,7.0,3.0,90.0,10.0,8.0,2.0,1.0,0.5,5,42.5,7.5
1876,3,6,2,1,0,3,3,0,1,0,2,3,0,3,1,1,2,27150.0,25850.0,29550.0,26183.33333,27183.3333325,11.01694444,16.667,2467.411311779294,27184.3333325,4.434318686847875,,,-0.2050899014736869,0.2584776502874481,0.4508215,0.2584776502874481,100,100,3,10,100,2,50,10,50,10,1,10,2,5,1,1,50,1.2000000000000002,1.7999999999999998,7.0,3.0,90.0,10.0,8.0,2.0,1.0,0.5,5,42.5,7.5
1877,3,6,2,1,0,3,3,0,1,0,2,4,1,3,1,1,2,26966.66667,18200.0,27733.33333,18566.66667,22866.6666675,11.01694444,16.667,2075.5906315072607,22867.6666675,4.3592218530576945,,,-0.23330368481955865,0.1834280341394582,0.4508215,0.1834280341394582,100,100,3,10,100,2,50,10,50,10,1,10,2,5,1,1,50,1.2000000000000002,1.7999999999999998,7.0,3.0,90.0,10.0,8.0,2.0,1.0,0.5,5,42.5,7.5
1878,3,6,1,0,0,3,3,0,1,1,2,3,1,3,3,1,2,28716.66667,61416.66667,55766.66667,43666.66667,47391.66667,11.01694444,16.667,4301.706968579393,47392.66667,4.675711146080349,,,-0.11610180107401114,0.4997634317485746,0.4508215,0.4997634317485746,100,100,3,10,100,2,50,10,50,10,1,10,2,5,1,1,50,1.2000000000000002,1.7999999999999998,7.0,3.0,90.0,10.0,8.0,2.0,1.0,0.5,5,42.5,7.5
1879,3,6,1,2,0,3,3,0,0,0,0,3,0,3,1,1,3,36166.66667,34816.66667,31316.66667,33383.33333,33920.833334999996,11.01694444,16.667,3078.969265910176,33921.833334999996,4.530479316042157,,,0.39404586214871795,0.3545885921641993,0.4508215,0.3545885921641993,100,100,3,10,100,2,50,10,50,10,1,10,2,5,1,1,50,1.2000000000000002,1.7999999999999998,7.0,3.0,90.0,10.0,8.0,2.0,1.0,0.5,5,42.5,7.5
1880,3,6,1,2,0,1,3,0,2,1,1,1,0,3,3,0,3,1500.0,1266.666667,1350.0,1066.666667,1295.8333334999998,11.01694444,16.667,117.62184520011974,1296.8333334999998,3.1128841649874817,,,-0.03083806877826678,-1.0579918366255412,0.4508215,-1.0579918366255412,100,100,3,10,100,2,50,10,50,10,1,10,2,5,1,1,50,1.2000000000000002,1.7999999999999998,7.0,3.0,90.0,10.0,8.0,2.0,1.0,0.5,5,42.5,7.5
1881,3,6,1,1,0,3,3,0,1,0,2,3,0,3,1,1,2,31533.33333,55766.66667,53016.66667,42983.33333,45825.0,11.01694444,16.667,4159.501779242884,45826.0,4.661111950769952,,,-0.14406110245786508,0.485169143004391,0.4508215,0.485169143004391,100,100,3,10,100,2,50,10,50,10,1,10,2,5,1,1,50,1.2000000000000002,1.7999999999999998,7.0,3.0,90.0,10.0,8.0,2.0,1.0,0.5,5,42.5,7.5
1882,3,6,1,1,0,3,2,0,1,0,2,3,0,3,1,1,3,51350.0,52266.66667,44283.33333,47533.33333,48858.3333325,11.01694444,16.667,4434.835230275519,48859.3333325,4.688947536890554,,,-0.08326964636719136,0.5129955143027773,0.4508215,0.5129955143027773,100,100,3,10,100,2,50,10,50,10,1,10,2,5,1,1,50,1.2000000000000002,1.7999999999999998,7.0,3.0,90.0,10.0,8.0,2.0,1.0,0.5,5,42.5,7.5
1883,3,6,1,1,0,3,3,0,1,3,2,1,0,3,2,0,3,35016.66667,39750.0,37700.0,35883.33333,37087.5,11.01694444,16.667,3366.4052861466553,37088.5,4.569239269163173,,,-0.04682986990856719,0.3933314269335538,0.4508215,0.3933314269335538,100,100,3,10,100,2,50,10,50,10,1,10,2,5,1,1,50,1.2000000000000002,1.7999999999999998,7.0,3.0,90.0,10.0,8.0,2.0,1.0,0.5,5,42.5,7.5
1884,3,6,0,2,0,3,3,0,1,0,1,5,0,3,1,2,3,18200.0,18583.33333,49933.33333,35200.0,30479.166665,11.01694444,16.667,2766.5716960809145,30480.166665,4.484017337388427,,,0.14849883008274656,0.3081492511141969,0.4508215,0.3081492511141969,100,100,3,10,100,2,50,10,50,10,1,10,2,5,1,1,50,1.2000000000000002,1.7999999999999998,7.0,3.0,90.0,10.0,8.0,2.0,1.0,0.5,5,42.5,7.5
1885,3,6,1,1,0,3,3,0,1,0,2,3,0,3,1,0,2,27833.33333,18866.66667,25916.66667,22666.66667,23820.833335000003,11.01694444,16.667,2162.1996429892138,23821.833335000003,4.3769751818585565,,,-0.1455102718230643,0.20116945310173273,0.4508215,0.20116945310173273,100,100,3,10,100,2,50,10,50,10,1,10,2,5,1,1,50,1.2000000000000002,1.7999999999999998,7.0,3.0,90.0,10.0,8.0,2.0,1.0,0.5,5,42.5,7.5
1886,3,6,0,1,0,2,2,0,1,0,2,3,0,3,2,1,2,8083.333333,7300.0,7783.333333,8800.0,7991.666666499999,11.01694444,16.667,725.3977461739836,7992.666666499999,3.902691701132226,,,-0.7804460605922641,-0.272549099367026,0.4508215,-0.272549099367026,100,100,3,10,100,2,50,10,50,10,1,10,2,5,1,1,50,1.2000000000000002,1.7999999999999998,7.0,3.0,90.0,10.0,8.0,2.0,1.0,0.5,5,42.5,7.5
1887,3,6,1,1,3,3,3,1,1,1,2,2,0,3,0,1,2,12850.0,13350.0,17933.33333,16383.33333,15129.166665,11.01694444,16.667,1373.2634077802431,15130.166665,4.179843711981625,,,-0.1068101197473057,0.004201923938041841,0.4508215,0.004201923938041841,100,100,3,10,100,2,50,10,50,10,1,10,2,5,1,1,50,1.2000000000000002,1.7999999999999998,7.0,3.0,90.0,10.0,8.0,2.0,1.0,0.5,5,42.5,7.5
1888,3,6,2,0,0,4,2,3,0,0,2,5,3,3,1,2,3,47200.0,27266.66667,59066.66667,40516.66667,43512.500002500004,11.01694444,16.667,3949.5978435287457,43513.500002500004,4.638624017115723,,,-0.09642059661001756,0.462689097288964,0.4508215,0.462689097288964,100,100,3,10,100,2,50,10,50,10,1,10,2,5,1,1,50,1.2000000000000002,1.7999999999999998,7.0,3.0,90.0,10.0,8.0,2.0,1.0,0.5,5,42.5,7.5
1889,3,6,1,1,0,4,3,0,0,1,0,3,0,3,1,2,3,20850.0,27100.0,24183.33333,32866.66667,26250.0,11.01694444,16.667,2382.6933268985426,26251.0,4.4191458519785405,,,-0.5172083044895519,0.2433137092255629,0.4508215,0.2433137092255629,100,100,3,10,100,2,50,10,50,10,1,10,2,5,1,1,50,1.2000000000000002,1.7999999999999998,7.0,3.0,90.0,10.0,8.0,2.0,1.0,0.5,5,42.5,7.5
1890,3,7,1,1,0,3,3,0,1,0,3,3,0,3,1,1,2,58516.66667,61883.33333,52583.33333,72100.0,61270.8333325,8.755,16.667,6998.381876927469,61271.8333325,4.787260875178965,,,-0.1865054168748843,0.6112806495547095,0.4508215,0.6112806495547095,100,100,3,10,100,2,50,10,50,10,1,10,2,5,1,1,50,1.2000000000000002,1.7999999999999998,7.0,3.0,90.0,10.0,8.0,2.0,1.0,0.5,5,42.5,7.5
1891,3,7,1,0,0,3,3,0,2,1,0,3,1,3,1,1,3,22600.0,35083.33333,34033.33333,33400.0,31279.166665,8.755,16.667,3572.720350085665,31280.166665,4.495269058374287,,,-0.16486509945389116,0.31939526581548233,0.4508215,0.31939526581548233,100,100,3,10,100,2,50,10,50,10,1,10,2,5,1,1,50,1.2000000000000002,1.7999999999999998,7.0,3.0,90.0,10.0,8.0,2.0,1.0,0.5,5,42.5,7.5
1892,3,7,1,0,0,3,3,0,2,0,0,3,1,3,1,0,3,21200.0,22300.0,20083.33333,15083.33333,19666.666665,8.755,16.667,2246.335427184466,19667.666665,4.293752839094538,,,0.09447181888909029,0.11800739549210712,0.4508215,0.11800739549210712,100,100,3,10,100,2,50,10,50,10,1,10,2,5,1,1,50,1.2000000000000002,1.7999999999999998,7.0,3.0,90.0,10.0,8.0,2.0,1.0,0.5,5,42.5,7.5
1893,3,7,1,1,0,2,3,0,1,0,2,3,0,3,1,2,2,7733.333333,13050.0,10300.0,12200.0,10820.83333325,8.755,16.667,1235.960403569389,10821.83333325,4.034300841090999,,,-0.3942593073109313,-0.14116213521698465,0.4508215,-0.14116213521698465,100,100,3,10,100,2,50,10,50,10,1,10,2,5,1,1,50,1.2000000000000002,1.7999999999999998,7.0,3.0,90.0,10.0,8.0,2.0,1.0,0.5,5,42.5,7.5
1894,3,7,1,1,1,3,3,0,1,0,2,3,0,3,1,1,2,34933.33333,45800.0,45883.33333,43016.66667,42408.3333325,8.755,16.667,4843.898724443175,42409.3333325,4.62746144547805,,,-0.11894422406435456,0.45153059533775436,0.4508215,0.45153059533775436,100,100,3,10,100,2,50,10,50,10,1,10,2,5,1,1,50,1.2000000000000002,1.7999999999999998,7.0,3.0,90.0,10.0,8.0,2.0,1.0,0.5,5,42.5,7.5
1895,3,7,1,1,1,3,3,0,0,0,2,3,0,3,1,1,3,35683.33333,41783.33333,57750.0,53300.0,47129.166665,8.755,16.667,5383.114410622501,47130.166665,4.67329897554495,,,0.007207489149029023,0.4973520605786824,0.4508215,0.4973520605786824,100,100,3,10,100,2,50,10,50,10,1,10,2,5,1,1,50,1.2000000000000002,1.7999999999999998,7.0,3.0,90.0,10.0,8.0,2.0,1.0,0.5,5,42.5,7.5
1896,3,7,1,0,0,3,3,0,2,0,1,3,1,3,1,1,3,38233.33333,48350.0,39983.33333,43133.33333,42424.999997499996,8.755,16.667,4845.802398343802,42425.999997499996,4.627632087602039,,,-0.03136051043914456,0.45170117445820307,0.4508215,0.45170117445820307,100,100,3,10,100,2,50,10,50,10,1,10,2,5,1,1,50,1.2000000000000002,1.7999999999999998,7.0,3.0,90.0,10.0,8.0,2.0,1.0,0.5,5,42.5,7.5
1897,3,7,1,0,0,3,1,0,1,0,1,3,0,3,1,1,3,34850.0,43283.33333,44166.66667,43250.0,41387.5,8.755,16.667,4727.2986864648765,41388.5,4.616879687006523,,,-0.16121449648248554,0.44095279254919895,0.4508215,0.44095279254919895,100,100,3,10,100,2,50,10,50,10,1,10,2,5,1,1,50,1.2000000000000002,1.7999999999999998,7.0,3.0,90.0,10.0,8.0,2.0,1.0,0.5,5,42.5,7.5
1898,3,7,1,0,1,3,3,0,0,0,1,3,0,3,1,1,3,35416.66667,45850.0,47183.33333,46250.0,43675.0,8.755,16.667,4988.577955454026,43676.0,4.640242857318623,,,0.013182635152908517,0.46430735592374534,0.4508215,0.46430735592374534,100,100,3,10,100,2,50,10,50,10,1,10,2,5,1,1,50,1.2000000000000002,1.7999999999999998,7.0,3.0,90.0,10.0,8.0,2.0,1.0,0.5,5,42.5,7.5
1899,3,7,1,1,0,3,3,0,0,0,0,3,0,4,1,1,3,83900.0,110033.3333,101366.6667,115050.0,102587.5,8.755,16.667,11717.589948600798,102588.5,5.011098679816123,,,0.1421748143479844,0.835073739813268,0.4508215,0.835073739813268,100,100,3,10,100,2,50,10,50,10,1,10,2,5,1,1,50,1.2000000000000002,1.7999999999999998,7.0,3.0,90.0,10.0,8.0,2.0,1.0,0.5,5,42.5,7.5
1900,3,7,1,0,0,4,2,5,1,0,0,4,3,3,1,1,3,89033.33333,107733.3333,102150.0,103616.6667,100633.3333325,8.755,16.667,11494.384161336378,100634.3333325,5.002746173891003,,,0.0783074843646343,0.8267225216036956,0.4508215,0.8267225216036956,100,100,3,10,100,2,50,10,50,10,1,10,2,5,1,1,50,1.2000000000000002,1.7999999999999998,7.0,3.0,90.0,10.0,8.0,2.0,1.0,0.5,5,42.5,7.5
1901,3,7,1,1,0,3,3,0,1,0,2,3,0,2,1,2,2,21033.33333,25150.0,25900.0,27333.33333,24854.166664999997,8.755,16.667,2838.8539880068524,24855.166664999997,4.395416679623365,,,-0.15804568724185408,0.2195990839159502,0.4508215,0.2195990839159502,100,100,3,10,100,2,50,10,50,10,1,10,2,5,1,1,50,1.2000000000000002,1.7999999999999998,7.0,3.0,90.0,10.0,8.0,2.0,1.0,0.5,5,42.5,7.5
1902,3,7,2,0,0,4,3,0,0,1,0,3,0,3,1,1,3,78116.66667,79983.33333,69866.66667,83066.66667,77758.333335,8.755,16.667,8881.591471730439,77759.333335,4.890752528536378,,,0.11992230422026484,0.714748762595695,0.4508215,0.714748762595695,100,100,3,10,100,2,50,10,50,10,1,10,2,5,1,1,50,1.2000000000000002,1.7999999999999998,7.0,3.0,90.0,10.0,8.0,2.0,1.0,0.5,5,42.5,7.5
1903,3,7,1,0,0,3,1,0,1,0,2,3,0,3,1,1,3,85900.0,103350.0,82033.33333,108550.0,94958.3333325,8.755,16.667,10846.18313335237,94959.3333325,4.977537656967671,,,0.0786078495503979,0.8015180446915076,0.4508215,0.8015180446915076,100,100,3,10,100,2,50,10,50,10,1,10,2,5,1,1,50,1.2000000000000002,1.7999999999999998,7.0,3.0,90.0,10.0,8.0,2.0,1.0,0.5,5,42.5,7.5
1904,3,7,1,1,0,3,3,0,1,1,1,3,0,3,1,1,3,52633.33333,71666.66667,63150.0,72700.0,65037.5,8.755,16.667,7428.612221587664,65038.5,4.813170516453862,,,0.14157778485736117,0.6371838611677524,0.4508215,0.6371838611677524,100,100,3,10,100,2,50,10,50,10,1,10,2,5,1,1,50,1.2000000000000002,1.7999999999999998,7.0,3.0,90.0,10.0,8.0,2.0,1.0,0.5,5,42.5,7.5
1905,3,7,1,2,0,3,3,0,1,0,2,3,0,3,1,2,2,33033.33333,39016.66667,39416.66667,42300.0,38441.6666675,8.755,16.667,4390.824290976585,38442.6666675,4.584813505916683,,,0.12411800624977509,0.4088992040322345,0.4508215,0.4088992040322345,100,100,3,10,100,2,50,10,50,10,1,10,2,5,1,1,50,1.2000000000000002,1.7999999999999998,7.0,3.0,90.0,10.0,8.0,2.0,1.0,0.5,5,42.5,7.5
1906,3,7,0,1,0,3,3,0,1,0,2,3,0,3,1,2,2,48650.0,48383.33333,46816.66667,51733.33333,48895.8333325,8.755,16.667,5584.90386436322,48896.8333325,4.689280734159347,,,-0.18286509285339037,0.5133286048053255,0.4508215,0.5133286048053255,100,100,3,10,100,2,50,10,50,10,1,10,2,5,1,1,50,1.2000000000000002,1.7999999999999998,7.0,3.0,90.0,10.0,8.0,2.0,1.0,0.5,5,42.5,7.5
1907,3,7,1,2,0,3,3,0,0,0,1,3,0,3,1,1,3,54850.0,45100.0,56216.66667,60266.66667,54108.333335,8.755,16.667,6180.277936607653,54109.333335,4.733272183152423,,,0.4948033723385601,0.5573066529937527,0.4508215,0.5573066529937527,100,100,3,10,100,2,50,10,50,10,1,10,2,5,1,1,50,1.2000000000000002,1.7999999999999998,7.0,3.0,90.0,10.0,8.0,2.0,1.0,0.5,5,42.5,7.5
1908,3,7,1,0,0,5,3,0,2,0,0,3,1,3,1,1,3,125716.6667,124800.0,135016.6667,153950.0,134870.83335,8.755,16.667,15405.006664762992,134871.83335,5.129921261029126,,,-0.12751718054882044,0.9538804476174364,0.4508215,0.9538804476174364,100,100,3,10,100,2,50,10,50,10,1,10,2,5,1,1,50,1.2000000000000002,1.7999999999999998,7.0,3.0,90.0,10.0,8.0,2.0,1.0,0.5,5,42.5,7.5
1909,3,7,1,1,0,3,3,0,0,0,1,3,0,3,1,1,3,86866.66667,137366.6667,109683.3333,118516.6667,113108.3333425,8.755,16.667,12919.284219588806,113109.3333425,5.053498442696496,,,0.39181357721920307,0.8774673344724591,0.4508215,0.8774673344724591,100,100,3,10,100,2,50,10,50,10,1,10,2,5,1,1,50,1.2000000000000002,1.7999999999999998,7.0,3.0,90.0,10.0,8.0,2.0,1.0,0.5,5,42.5,7.5
1910,3,7,1,1,0,3,3,0,0,0,2,3,0,3,1,1,2,96083.33333,104716.6667,100950.0,105566.6667,101829.1666825,8.755,16.667,11630.972779268988,101830.1666825,5.007876454650731,,,0.20513105958866085,0.8318520084905231,0.4508215,0.8318520084905231,100,100,3,10,100,2,50,10,50,10,1,10,2,5,1,1,50,1.2000000000000002,1.7999999999999998,7.0,3.0,90.0,10.0,8.0,2.0,1.0,0.5,5,42.5,7.5
1911,3,7,1,1,0,3,3,0,1,0,2,3,0,3,1,2,2,100250.0,78533.33333,76083.33333,88250.0,85779.166665,8.755,16.667,9797.734627641346,85780.166665,4.933386885708365,,,0.12232485669693194,0.7573749395129179,0.4508215,0.7573749395129179,100,100,3,10,100,2,50,10,50,10,1,10,2,5,1,1,50,1.2000000000000002,1.7999999999999998,7.0,3.0,90.0,10.0,8.0,2.0,1.0,0.5,5,42.5,7.5
1912,3,7,2,0,0,5,3,0,0,0,2,1,0,3,3,2,3,95983.33333,87550.0,84400.0,91200.0,89783.3333325,8.755,16.667,10255.092328098228,89784.3333325,4.953200562270551,,,0.053096213860330366,0.7771850792196734,0.4508215,0.7771850792196734,100,100,3,10,100,2,50,10,50,10,1,10,2,5,1,1,50,1.2000000000000002,1.7999999999999998,7.0,3.0,90.0,10.0,8.0,2.0,1.0,0.5,5,42.5,7.5
1913,3,7,1,1,0,3,3,0,1,0,2,3,0,3,1,2,1,43250.0,47883.33333,46716.66667,58683.33333,49133.3333325,8.755,16.667,5612.031220159908,49134.3333325,4.691385067806773,,,0.17042948130196134,0.5154322660504775,0.4508215,0.5154322660504775,100,100,3,10,100,2,50,10,50,10,1,10,2,5,1,1,50,1.2000000000000002,1.7999999999999998,7.0,3.0,90.0,10.0,8.0,2.0,1.0,0.5,5,42.5,7.5
1914,3,7,1,0,0,3,3,1,2,0,0,3,1,3,1,1,3,34966.66667,38416.66667,40266.66667,34933.33333,37145.833334999996,8.755,16.667,4242.813630496858,37146.833334999996,4.5699217972687975,,,-0.2518898775569909,0.3940136670722446,0.4508215,0.3940136670722446,100,100,3,10,100,2,50,10,50,10,1,10,2,5,1,1,50,1.2000000000000002,1.7999999999999998,7.0,3.0,90.0,10.0,8.0,2.0,1.0,0.5,5,42.5,7.5
1915,3,7,1,1,0,3,3,0,0,0,2,3,0,3,1,2,2,79516.66667,72766.66667,90833.33333,70716.66667,78458.333335,8.755,16.667,8961.545783552256,78459.333335,4.894644613630876,,,0.14361615521867943,0.7186400671703478,0.4508215,0.7186400671703478,100,100,3,10,100,2,50,10,50,10,1,10,2,5,1,1,50,1.2000000000000002,1.7999999999999998,7.0,3.0,90.0,10.0,8.0,2.0,1.0,0.5,5,42.5,7.5
1916,3,7,1,1,0,3,3,0,1,0,2,3,0,3,1,2,3,107766.6667,100816.6667,112333.3333,115583.3333,109125.0,8.755,16.667,12464.30611079383,109126.0,5.037928236484458,,,0.18264531460234235,0.8618993237373545,0.4508215,0.8618993237373545,100,100,3,10,100,2,50,10,50,10,1,10,2,5,1,1,50,1.2000000000000002,1.7999999999999998,7.0,3.0,90.0,10.0,8.0,2.0,1.0,0.5,5,42.5,7.5
1917,3,7,1,1,0,3,3,0,1,0,1,3,1,3,1,1,3,106200.0,98583.33333,108733.3333,130900.0,111104.1666575,8.755,16.667,12690.36740805254,111105.1666575,5.04573425514851,,,0.3139791242466732,0.8697042318766671,0.4508215,0.8697042318766671,100,100,3,10,100,2,50,10,50,10,1,10,2,5,1,1,50,1.2000000000000002,1.7999999999999998,7.0,3.0,90.0,10.0,8.0,2.0,1.0,0.5,5,42.5,7.5
1918,3,7,1,1,0,3,3,0,1,0,3,3,0,3,1,2,2,111466.6667,149566.6667,120566.6667,101233.3333,120708.33335,8.755,16.667,13787.359605939462,120709.33335,5.0817408514203946,,,0.1165342584000717,0.9057059562757881,0.4508215,0.9057059562757881,100,100,3,10,100,2,50,10,50,10,1,10,2,5,1,1,50,1.2000000000000002,1.7999999999999998,7.0,3.0,90.0,10.0,8.0,2.0,1.0,0.5,5,42.5,7.5
1919,3,7,1,0,1,3,4,0,0,0,1,3,0,3,1,1,3,109833.3333,105266.6667,99433.33333,108566.6667,105775.0000075,8.755,16.667,12081.667619360363,105776.0000075,5.024387139847683,,,0.367067441276701,0.8483602015056193,0.4508215,0.8483602015056193,100,100,3,10,100,2,50,10,50,10,1,10,2,5,1,1,50,1.2000000000000002,1.7999999999999998,7.0,3.0,90.0,10.0,8.0,2.0,1.0,0.5,5,42.5,7.5
1920,3,7,1,1,0,3,3,0,2,0,2,3,0,3,1,2,2,84766.66667,81683.33333,86950.0,72583.33333,81495.8333325,8.755,16.667,9308.490386350655,81496.8333325,4.911140733979979,,,0.11668752582367681,0.735132955931378,0.4508215,0.735132955931378,100,100,3,10,100,2,50,10,50,10,1,10,2,5,1,1,50,1.2000000000000002,1.7999999999999998,7.0,3.0,90.0,10.0,8.0,2.0,1.0,0.5,5,42.5,7.5
1921,3,7,1,1,0,3,3,1,1,0,2,3,0,3,1,2,2,65983.33333,60616.66667,47400.0,53366.66667,56841.6666675,8.755,16.667,6492.480487435751,56842.6666675,4.754674443847522,,,-0.1867031346754171,0.578702868729027,0.4508215,0.578702868729027,100,100,3,10,100,2,50,10,50,10,1,10,2,5,1,1,50,1.2000000000000002,1.7999999999999998,7.0,3.0,90.0,10.0,8.0,2.0,1.0,0.5,5,42.5,7.5
1922,3,7,1,1,0,3,3,0,1,0,2,3,0,3,1,1,1,49366.66667,53300.0,47416.66667,43316.66667,48350.000002500004,8.755,16.667,5522.558538263849,48351.000002500004,4.6844054606543155,,,0.08452878734673508,0.5084549016779104,0.4508215,0.5084549016779104,100,100,3,10,100,2,50,10,50,10,1,10,2,5,1,1,50,1.2000000000000002,1.7999999999999998,7.0,3.0,90.0,10.0,8.0,2.0,1.0,0.5,5,42.5,7.5
1923,3,7,1,0,0,3,3,0,0,0,1,3,1,3,1,1,3,72000.0,71733.33333,69583.33333,61650.0,68741.666665,8.755,16.667,7851.703788121073,68742.666665,4.837226375276206,,,0.03639944693784969,0.6612340841067376,0.4508215,0.6612340841067376,100,100,3,10,100,2,50,10,50,10,1,10,2,5,1,1,50,1.2000000000000002,1.7999999999999998,7.0,3.0,90.0,10.0,8.0,2.0,1.0,0.5,5,42.5,7.5
1924,3,7,1,1,0,3,3,0,1,0,2,2,0,3,1,2,2,79416.66667,79683.33333,78733.33333,68083.33333,76479.166665,8.755,16.667,8735.48448486579,76480.166665,4.883548825680321,,,0.03828908855399238,0.707546522953176,0.4508215,0.707546522953176,100,100,3,10,100,2,50,10,50,10,1,10,2,5,1,1,50,1.2000000000000002,1.7999999999999998,7.0,3.0,90.0,10.0,8.0,2.0,1.0,0.5,5,42.5,7.5
1925,3,7,1,1,0,3,3,0,0,2,1,3,0,3,1,1,3,82600.0,100416.6667,76966.66667,71483.33333,82866.666675,8.755,16.667,9465.067581382067,82867.666675,4.918385110480741,,,0.28609235726144444,0.7423759515831749,0.4508215,0.7423759515831749,100,100,3,10,100,2,50,10,50,10,1,10,2,5,1,1,50,1.2000000000000002,1.7999999999999998,7.0,3.0,90.0,10.0,8.0,2.0,1.0,0.5,5,42.5,7.5
1926,3,7,1,1,0,3,2,0,1,0,1,3,0,3,1,1,2,69583.33333,91250.0,78550.0,74183.33333,78391.666665,8.755,16.667,8953.931086807537,78392.666665,4.89427543799204,,,0.18455223753541894,0.718270965266246,0.4508215,0.718270965266246,100,100,3,10,100,2,50,10,50,10,1,10,2,5,1,1,50,1.2000000000000002,1.7999999999999998,7.0,3.0,90.0,10.0,8.0,2.0,1.0,0.5,5,42.5,7.5
1927,3,7,1,1,0,3,2,0,1,0,2,3,0,3,1,2,2,84233.33333,75966.66667,77600.0,87750.0,81387.5,8.755,16.667,9296.116504854368,81388.5,4.910563044454647,,,0.1068242319386572,0.7345553775139473,0.4508215,0.7345553775139473,100,100,3,10,100,2,50,10,50,10,1,10,2,5,1,1,50,1.2000000000000002,1.7999999999999998,7.0,3.0,90.0,10.0,8.0,2.0,1.0,0.5,5,42.5,7.5
1928,3,7,2,1,0,3,3,0,1,0,2,3,0,3,1,2,2,64450.0,65466.66667,63533.33333,64066.66667,64379.1666675,8.755,16.667,7353.41709508852,64380.1666675,4.8087520966534445,,,0.16371467025581232,0.6327665108857031,0.4508215,0.6327665108857031,100,100,3,10,100,2,50,10,50,10,1,10,2,5,1,1,50,1.2000000000000002,1.7999999999999998,7.0,3.0,90.0,10.0,8.0,2.0,1.0,0.5,5,42.5,7.5
1929,3,7,1,0,0,3,3,0,2,0,0,3,1,2,1,1,3,2383.333333,2350.0,2583.333333,2000.0,2329.1666665000002,8.755,16.667,266.03845419760137,2330.1666665000002,3.3673869852975264,,,-0.9054011561224917,-0.8057940442353295,0.4508215,-0.8057940442353295,100,100,3,10,100,2,50,10,50,10,1,10,2,5,1,1,50,1.2000000000000002,1.7999999999999998,7.0,3.0,90.0,10.0,8.0,2.0,1.0,0.5,5,42.5,7.5
1930,3,7,1,0,0,3,3,0,2,0,0,3,1,3,1,2,3,33550.0,44050.0,37900.0,34400.0,37475.0,8.755,16.667,4280.411193603654,37476.0,4.573753230277823,,,-0.30681098178932054,0.3978434919235142,0.4508215,0.3978434919235142,100,100,3,10,100,2,50,10,50,10,1,10,2,5,1,1,50,1.2000000000000002,1.7999999999999998,7.0,3.0,90.0,10.0,8.0,2.0,1.0,0.5,5,42.5,7.5
1931,3,7,1,1,0,3,3,0,1,0,1,3,0,3,1,2,2,34933.33333,30866.66667,29416.66667,33533.33333,32187.5,8.755,16.667,3676.4705882352937,32188.5,4.507700738819774,,,-0.19119278400917317,0.33182081102584154,0.4508215,0.33182081102584154,100,100,3,10,100,2,50,10,50,10,1,10,2,5,1,1,50,1.2000000000000002,1.7999999999999998,7.0,3.0,90.0,10.0,8.0,2.0,1.0,0.5,5,42.5,7.5
1932,3,7,1,1,0,3,3,0,1,0,2,3,0,3,1,3,2,32366.66667,30916.66667,30733.33333,33216.66667,31808.333335000003,8.755,16.667,3633.162002855511,31809.333335000003,4.502554567190836,,,-0.037597813841639294,0.3266771578415327,0.4508215,0.3266771578415327,100,100,3,10,100,2,50,10,50,10,1,10,2,5,1,1,50,1.2000000000000002,1.7999999999999998,7.0,3.0,90.0,10.0,8.0,2.0,1.0,0.5,5,42.5,7.5
1933,3,7,2,0,0,4,2,3,0,0,2,5,3,3,1,2,3,45333.33333,49733.33333,36916.66667,42933.33333,43729.166665,8.755,16.667,4994.764896059394,43730.166665,4.640781132536988,,,-0.09426348118875261,0.46484543824638674,0.4508215,0.46484543824638674,100,100,3,10,100,2,50,10,50,10,1,10,2,5,1,1,50,1.2000000000000002,1.7999999999999998,7.0,3.0,90.0,10.0,8.0,2.0,1.0,0.5,5,42.5,7.5
1934,3,7,1,1,0,3,3,0,1,1,2,3,0,3,1,2,2,49183.33333,46716.66667,53316.66667,48816.66667,49508.333335,8.755,16.667,5654.863887492861,49509.333335,4.694687078404195,,,-0.06648608833654812,0.5187332280925845,0.4508215,0.5187332280925845,100,100,3,10,100,2,50,10,50,10,1,10,2,5,1,1,50,1.2000000000000002,1.7999999999999998,7.0,3.0,90.0,10.0,8.0,2.0,1.0,0.5,5,42.5,7.5
1935,3,7,1,0,0,4,3,0,1,0,3,4,0,3,1,3,2,53233.33333,56850.0,53350.0,50116.66667,53387.5,8.755,16.667,6097.944031981724,53388.5,4.7274477191183655,,,-0.0637064464685606,0.5514838862594064,0.4508215,0.5514838862594064,100,100,3,10,100,2,50,10,50,10,1,10,2,5,1,1,50,1.2000000000000002,1.7999999999999998,7.0,3.0,90.0,10.0,8.0,2.0,1.0,0.5,5,42.5,7.5
1936,3,7,1,0,0,3,3,0,1,1,0,3,1,3,1,1,3,36300.0,33600.0,36366.66667,35366.66667,35408.333335,8.755,16.667,4044.3556065105654,35409.333335,4.5491177502075235,,,-0.2050311153887332,0.37321860397076534,0.4508215,0.37321860397076534,100,100,3,10,100,2,50,10,50,10,1,10,2,5,1,1,50,1.2000000000000002,1.7999999999999998,7.0,3.0,90.0,10.0,8.0,2.0,1.0,0.5,5,42.5,7.5
1937,3,7,1,0,0,3,3,0,2,0,0,3,1,3,1,0,3,27016.66667,34166.66667,33200.0,27733.33333,30529.1666675,8.755,16.667,3487.0550162764134,30530.1666675,4.484729175165939,,,0.28544815496049125,0.30886072348991306,0.4508215,0.30886072348991306,100,100,3,10,100,2,50,10,50,10,1,10,2,5,1,1,50,1.2000000000000002,1.7999999999999998,7.0,3.0,90.0,10.0,8.0,2.0,1.0,0.5,5,42.5,7.5
1938,3,7,1,0,0,2,3,5,1,0,2,4,0,3,1,2,2,5083.333333,4266.666667,2566.666667,5483.333333,4350.0,8.755,16.667,496.8589377498572,4351.0,3.638589083292717,,,-0.4780297567034002,-0.5359411849673301,0.4508215,-0.5359411849673301,100,100,3,10,100,2,50,10,50,10,1,10,2,5,1,1,50,1.2000000000000002,1.7999999999999998,7.0,3.0,90.0,10.0,8.0,2.0,1.0,0.5,5,42.5,7.5
1939,3,7,1,1,1,3,3,0,0,0,2,3,0,3,1,1,2,49133.33333,54316.66667,46150.0,56950.0,51637.5,8.755,16.667,5898.058252427184,51638.5,4.71297361835069,,,-0.030037456900414483,0.5370141032396223,0.4508215,0.5370141032396223,100,100,3,10,100,2,50,10,50,10,1,10,2,5,1,1,50,1.2000000000000002,1.7999999999999998,7.0,3.0,90.0,10.0,8.0,2.0,1.0,0.5,5,42.5,7.5
1940,3,7,1,2,0,3,4,0,1,0,2,3,0,3,1,2,2,32083.33333,38066.66667,40083.33333,38550.0,37195.8333325,8.755,16.667,4248.524652484294,37196.8333325,4.570505968786207,,,0.033300537003857045,0.3945975924795948,0.4508215,0.3945975924795948,100,100,3,10,100,2,50,10,50,10,1,10,2,5,1,1,50,1.2000000000000002,1.7999999999999998,7.0,3.0,90.0,10.0,8.0,2.0,1.0,0.5,5,42.5,7.5
1941,3,7,1,1,0,3,3,1,2,0,1,3,1,3,1,1,3,37050.0,37116.66667,34716.66667,34900.0,35945.833335,8.755,16.667,4105.749095945174,35946.833335,4.555660638092771,,,-0.25201967067173214,0.3797586198882668,0.4508215,0.3797586198882668,100,100,3,10,100,2,50,10,50,10,1,10,2,5,1,1,50,1.2000000000000002,1.7999999999999998,7.0,3.0,90.0,10.0,8.0,2.0,1.0,0.5,5,42.5,7.5
1942,3,7,2,1,0,3,1,0,1,0,1,3,0,3,1,2,3,24950.0,31850.0,32416.66667,29283.33333,29625.0,8.755,16.667,3383.780696744717,29626.0,4.471673018500091,,,0.10746374464050934,0.2958113649663031,0.4508215,0.2958113649663031,100,100,3,10,100,2,50,10,50,10,1,10,2,5,1,1,50,1.2000000000000002,1.7999999999999998,7.0,3.0,90.0,10.0,8.0,2.0,1.0,0.5,5,42.5,7.5
1943,3,7,1,2,1,4,3,0,0,0,1,3,0,3,1,1,3,28966.66667,29633.33333,32400.0,33233.33333,31058.3333325,8.755,16.667,3547.4966684751566,31059.3333325,4.492192129656424,,,0.08573027255546695,0.31631988290491714,0.4508215,0.31631988290491714,100,100,3,10,100,2,50,10,50,10,1,10,2,5,1,1,50,1.2000000000000002,1.7999999999999998,7.0,3.0,90.0,10.0,8.0,2.0,1.0,0.5,5,42.5,7.5
1944,3,7,1,1,0,3,3,0,0,0,1,3,1,3,1,1,3,56466.66667,60700.0,61516.66667,57216.66667,58975.000002500004,8.755,16.667,6736.150771273557,58976.000002500004,4.77067531355739,,,0.06972754710318618,0.5946994096979368,0.4508215,0.5946994096979368,100,100,3,10,100,2,50,10,50,10,1,10,2,5,1,1,50,1.2000000000000002,1.7999999999999998,7.0,3.0,90.0,10.0,8.0,2.0,1.0,0.5,5,42.5,7.5
1945,3,7,1,0,0,4,3,5,1,0,2,4,3,3,1,3,3,40116.66667,43283.33333,42383.33333,43733.33333,42379.166665,8.755,16.667,4840.567294688749,42380.166665,4.627162660292367,,,-0.04188144249670067,0.4512319205274977,0.4508215,0.4512319205274977,100,100,3,10,100,2,50,10,50,10,1,10,2,5,1,1,50,1.2000000000000002,1.7999999999999998,7.0,3.0,90.0,10.0,8.0,2.0,1.0,0.5,5,42.5,7.5
1946,3,7,1,1,0,3,3,0,1,0,2,3,0,2,1,2,2,31133.33333,31250.0,36766.66667,33083.33333,33058.3333325,8.755,16.667,3775.937559394631,33059.3333325,4.519294091433378,,,-0.03416827543184109,0.3434085981697807,0.4508215,0.3434085981697807,100,100,3,10,100,2,50,10,50,10,1,10,2,5,1,1,50,1.2000000000000002,1.7999999999999998,7.0,3.0,90.0,10.0,8.0,2.0,1.0,0.5,5,42.5,7.5
1947,3,7,2,0,0,4,1,0,0,1,0,3,0,3,1,1,3,88266.66667,99633.33333,113166.6667,92850.0,98479.166675,8.755,16.667,11248.334286122215,98480.166675,4.993348774955464,,,0.15874220592793176,0.8173266013888808,0.4508215,0.8173266013888808,100,100,3,10,100,2,50,10,50,10,1,10,2,5,1,1,50,1.2000000000000002,1.7999999999999998,7.0,3.0,90.0,10.0,8.0,2.0,1.0,0.5,5,42.5,7.5
1948,3,7,1,0,0,3,1,0,1,0,2,3,0,3,1,2,3,72900.0,84466.66667,74733.33333,77350.0,77362.5,8.755,16.667,8836.379211878926,77363.5,4.888536109424251,,,0.014206879690275898,0.7125327911001489,0.4508215,0.7125327911001489,100,100,3,10,100,2,50,10,50,10,1,10,2,5,1,1,50,1.2000000000000002,1.7999999999999998,7.0,3.0,90.0,10.0,8.0,2.0,1.0,0.5,5,42.5,7.5
1949,3,7,1,1,0,3,3,0,1,1,1,3,0,3,1,1,3,45350.0,51750.0,53950.0,48783.33333,49958.3333325,8.755,16.667,5706.2630876641915,49959.3333325,4.698616634426912,,,0.027023902830411117,0.5226615466239763,0.4508215,0.5226615466239763,100,100,3,10,100,2,50,10,50,10,1,10,2,5,1,1,50,1.2000000000000002,1.7999999999999998,7.0,3.0,90.0,10.0,8.0,2.0,1.0,0.5,5,42.5,7.5
1950,3,7,1,2,0,3,3,0,1,0,1,3,0,3,1,2,2,20933.33333,30433.33333,27150.0,29683.33333,27049.999997500003,8.755,16.667,3089.6630494003425,27050.999997500003,4.432183324354558,,,0.1110265205947174,0.2563435207741725,0.4508215,0.2563435207741725,100,100,3,10,100,2,50,10,50,10,1,10,2,5,1,1,50,1.2000000000000002,1.7999999999999998,7.0,3.0,90.0,10.0,8.0,2.0,1.0,0.5,5,42.5,7.5
1951,3,7,0,1,0,3,3,5,1,0,2,4,0,3,1,2,3,51733.33333,67500.0,52800.0,67266.66667,59825.0,8.755,16.667,6833.238149628783,59826.0,4.7768899666394615,,,0.2691832495391422,0.6009124240429947,0.4508215,0.6009124240429947,100,100,3,10,100,2,50,10,50,10,1,10,2,5,1,1,50,1.2000000000000002,1.7999999999999998,7.0,3.0,90.0,10.0,8.0,2.0,1.0,0.5,5,42.5,7.5
1952,3,7,1,2,0,3,3,1,0,0,1,3,0,3,1,1,3,64933.33333,69383.33333,69616.66667,68166.66667,68025.0,8.755,16.667,7769.845802398629,68026.0,4.832674934741244,,,0.5016284517882896,0.6566836860969718,0.4508215,0.6566836860969718,100,100,3,10,100,2,50,10,50,10,1,10,2,5,1,1,50,1.2000000000000002,1.7999999999999998,7.0,3.0,90.0,10.0,8.0,2.0,1.0,0.5,5,42.5,7.5
1953,3,7,1,0,0,2,3,0,2,0,0,3,1,3,1,1,3,4550.0,5016.666667,4216.666667,5316.666667,4775.000000250001,8.755,16.667,545.4026270988007,4776.000000250001,3.679064318144046,,,-0.46695955483427154,-0.4956046301792276,0.4508215,-0.4956046301792276,100,100,3,10,100,2,50,10,50,10,1,10,2,5,1,1,50,1.2000000000000002,1.7999999999999998,7.0,3.0,90.0,10.0,8.0,2.0,1.0,0.5,5,42.5,7.5
1954,3,7,1,1,0,3,3,0,0,0,1,3,0,3,1,1,3,68116.66667,103066.6667,75416.66667,81950.0,82137.50001,8.755,16.667,9381.781840091377,82138.50001,4.914546767627348,,,0.25286190215005533,0.7385383374865785,0.4508215,0.7385383374865785,100,100,3,10,100,2,50,10,50,10,1,10,2,5,1,1,50,1.2000000000000002,1.7999999999999998,7.0,3.0,90.0,10.0,8.0,2.0,1.0,0.5,5,42.5,7.5
1955,3,7,1,1,0,4,2,0,0,0,2,3,0,3,1,1,3,136566.6667,146450.0,169433.3333,128600.0,145262.5,8.755,16.667,16591.94745859509,145263.5,5.16215650390616,,,0.07006652062696617,0.9861120819758126,0.4508215,0.9861120819758126,100,100,3,10,100,2,50,10,50,10,1,10,2,5,1,1,50,1.2000000000000002,1.7999999999999998,7.0,3.0,90.0,10.0,8.0,2.0,1.0,0.5,5,42.5,7.5
1956,3,7,1,1,0,3,3,0,1,0,2,3,0,3,1,2,2,55283.33333,87900.0,79733.33333,87716.66667,77658.3333325,8.755,16.667,8870.169426898914,77659.3333325,4.890193658019721,,,0.0791316290082884,0.7141900047303964,0.4508215,0.7141900047303964,100,100,3,10,100,2,50,10,50,10,1,10,2,5,1,1,50,1.2000000000000002,1.7999999999999998,7.0,3.0,90.0,10.0,8.0,2.0,1.0,0.5,5,42.5,7.5
1957,3,7,1,0,0,5,3,0,0,0,2,1,0,3,3,2,3,109366.6667,129716.6667,138883.3333,114650.0,123154.166675,8.755,16.667,14066.723777841233,123155.166675,5.09045263632432,,,0.059111664890610705,0.9144166218765777,0.4508215,0.9144166218765777,100,100,3,10,100,2,50,10,50,10,1,10,2,5,1,1,50,1.2000000000000002,1.7999999999999998,7.0,3.0,90.0,10.0,8.0,2.0,1.0,0.5,5,42.5,7.5
1958,3,7,1,1,0,3,3,0,1,0,2,3,0,3,1,2,1,37800.0,42400.0,50000.0,49050.0,44812.5,8.755,16.667,5118.503712164477,44813.5,4.651408864272936,,,0.1304532777681242,0.4754694099759701,0.4508215,0.4754694099759701,100,100,3,10,100,2,50,10,50,10,1,10,2,5,1,1,50,1.2000000000000002,1.7999999999999998,7.0,3.0,90.0,10.0,8.0,2.0,1.0,0.5,5,42.5,7.5
1959,3,7,1,0,0,3,3,1,2,0,0,3,1,3,1,1,3,29600.0,36300.0,35900.0,40366.66667,35541.6666675,8.755,16.667,4059.5849991433465,35542.6666675,4.550750008599671,,,-0.2710616662261174,0.3748501418373767,0.4508215,0.3748501418373767,100,100,3,10,100,2,50,10,50,10,1,10,2,5,1,1,50,1.2000000000000002,1.7999999999999998,7.0,3.0,90.0,10.0,8.0,2.0,1.0,0.5,5,42.5,7.5
1960,3,7,1,1,0,3,3,0,0,0,2,3,1,3,1,2,2,55716.66667,83783.33333,77016.66667,72333.33333,72212.5,8.755,16.667,8248.14391776128,72213.5,4.858618394625632,,,0.11631331601117267,0.6826213472293716,0.4508215,0.6826213472293716,100,100,3,10,100,2,50,10,50,10,1,10,2,5,1,1,50,1.2000000000000002,1.7999999999999998,7.0,3.0,90.0,10.0,8.0,2.0,1.0,0.5,5,42.5,7.5
1961,3,7,1,1,0,3,3,0,1,0,2,3,0,3,1,2,3,56566.66667,86966.66667,87483.33333,77350.0,77091.6666675,8.755,16.667,8805.444507995431,77092.6666675,4.887013068358221,,,0.0317301464761055,0.711010058946272,0.4508215,0.711010058946272,100,100,3,10,100,2,50,10,50,10,1,10,2,5,1,1,50,1.2000000000000002,1.7999999999999998,7.0,3.0,90.0,10.0,8.0,2.0,1.0,0.5,5,42.5,7.5
1962,3,7,1,1,0,3,3,3,1,0,1,3,1,3,1,1,3,106350.0,86200.0,86750.0,91316.66667,92654.1666675,8.755,16.667,10583.000190462591,92655.1666675,4.966869641600114,,,0.1498596962887273,0.7908518108993527,0.4508215,0.7908518108993527,100,100,3,10,100,2,50,10,50,10,1,10,2,5,1,1,50,1.2000000000000002,1.7999999999999998,7.0,3.0,90.0,10.0,8.0,2.0,1.0,0.5,5,42.5,7.5
1963,3,7,1,0,0,3,3,3,1,0,1,3,0,3,1,1,3,62633.33333,89716.66667,75983.33333,100866.6667,82300.0000075,8.755,16.667,9400.342662193032,82301.0000075,4.915405112187976,,,0.11273718464910498,0.7393965185204259,0.4508215,0.7393965185204259,100,100,3,10,100,2,50,10,50,10,1,10,2,5,1,1,50,1.2000000000000002,1.7999999999999998,7.0,3.0,90.0,10.0,8.0,2.0,1.0,0.5,5,42.5,7.5
1964,3,7,1,0,0,3,4,0,0,0,1,3,0,3,1,1,3,75516.66667,101083.3333,82300.0,108916.6667,91954.1666675,8.755,16.667,10503.045878640776,91955.1666675,4.963576135881289,,,0.1853406926402812,0.7875588640993161,0.4508215,0.7875588640993161,100,100,3,10,100,2,50,10,50,10,1,10,2,5,1,1,50,1.2000000000000002,1.7999999999999998,7.0,3.0,90.0,10.0,8.0,2.0,1.0,0.5,5,42.5,7.5
1965,3,7,1,0,0,3,3,1,2,0,1,3,1,3,1,1,2,44100.0,65650.0,60616.66667,73766.66667,61033.333335,8.755,16.667,6971.254521416333,61034.333335,4.785574205228914,,,0.015335391114907893,0.6095944116083266,0.4508215,0.6095944116083266,100,100,3,10,100,2,50,10,50,10,1,10,2,5,1,1,50,1.2000000000000002,1.7999999999999998,7.0,3.0,90.0,10.0,8.0,2.0,1.0,0.5,5,42.5,7.5
1966,3,7,1,1,0,3,3,1,1,0,2,3,0,3,1,2,2,58983.33333,48283.33333,49200.0,46316.66667,50695.8333325,8.755,16.667,5790.500666190747,50696.8333325,4.70498083291969,,,-0.23639674560324941,0.5290237645041831,0.4508215,0.5290237645041831,100,100,3,10,100,2,50,10,50,10,1,10,2,5,1,1,50,1.2000000000000002,1.7999999999999998,7.0,3.0,90.0,10.0,8.0,2.0,1.0,0.5,5,42.5,7.5
1967,3,7,1,1,0,3,4,0,1,0,2,3,0,3,1,1,1,41733.33333,49600.0,39066.66667,51416.66667,45454.1666675,8.755,16.667,5191.7951647629925,45455.1666675,4.657583254503117,,,0.13212594822081414,0.48164165762745587,0.4508215,0.48164165762745587,100,100,3,10,100,2,50,10,50,10,1,10,2,5,1,1,50,1.2000000000000002,1.7999999999999998,7.0,3.0,90.0,10.0,8.0,2.0,1.0,0.5,5,42.5,7.5
1968,3,7,1,0,0,3,3,0,0,0,1,3,1,3,1,1,3,46900.0,61500.0,45150.0,58533.33333,53020.8333325,8.755,16.667,6056.063201884636,53021.8333325,4.724454740228891,,,-0.076372188109465,0.5484917884416479,0.4508215,0.5484917884416479,100,100,3,10,100,2,50,10,50,10,1,10,2,5,1,1,50,1.2000000000000002,1.7999999999999998,7.0,3.0,90.0,10.0,8.0,2.0,1.0,0.5,5,42.5,7.5
1969,3,7,1,1,0,3,3,0,1,0,2,2,0,3,1,2,3,66450.0,72316.66667,59883.33333,74450.0,68275.0,8.755,16.667,7798.400913763563,68276.0,4.834268069724279,,,-0.06049257379061679,0.6582764549230141,0.4508215,0.6582764549230141,100,100,3,10,100,2,50,10,50,10,1,10,2,5,1,1,50,1.2000000000000002,1.7999999999999998,7.0,3.0,90.0,10.0,8.0,2.0,1.0,0.5,5,42.5,7.5
1970,3,7,1,1,0,4,3,0,2,2,0,4,0,3,1,1,3,64016.66667,64700.0,77783.33333,75416.66667,70479.1666675,8.755,16.667,8050.161812392917,70480.1666675,4.84806692240016,,,0.08719961518668384,0.6720721917132769,0.4508215,0.6720721917132769,100,100,3,10,100,2,50,10,50,10,1,10,2,5,1,1,50,1.2000000000000002,1.7999999999999998,7.0,3.0,90.0,10.0,8.0,2.0,1.0,0.5,5,42.5,7.5
1971,3,7,1,2,0,3,2,0,1,0,2,3,0,3,1,1,2,57666.66667,54866.66667,66583.33333,57733.33333,59212.5,8.755,16.667,6763.278126784694,59213.5,4.772420732180846,,,0.266323653013135,0.5964443657033213,0.4508215,0.5964443657033213,100,100,3,10,100,2,50,10,50,10,1,10,2,5,1,1,50,1.2000000000000002,1.7999999999999998,7.0,3.0,90.0,10.0,8.0,2.0,1.0,0.5,5,42.5,7.5
1972,3,7,1,1,1,3,2,0,1,0,2,3,0,3,1,2,3,60333.33333,59366.66667,52900.0,67416.66667,60004.1666675,8.755,16.667,6853.7026462021695,60005.1666675,4.77818864635998,,,0.09260181037561743,0.602210764267084,0.4508215,0.602210764267084,100,100,3,10,100,2,50,10,50,10,1,10,2,5,1,1,50,1.2000000000000002,1.7999999999999998,7.0,3.0,90.0,10.0,8.0,2.0,1.0,0.5,5,42.5,7.5
1973,3,7,2,1,0,3,4,0,1,0,2,3,0,3,1,1,2,49716.66667,50666.66667,48200.0,49850.0,49608.333335,8.755,16.667,5666.285932038835,49609.333335,4.695563390896775,,,0.06219030407818593,0.5196092636472515,0.4508215,0.5196092636472515,100,100,3,10,100,2,50,10,50,10,1,10,2,5,1,1,50,1.2000000000000002,1.7999999999999998,7.0,3.0,90.0,10.0,8.0,2.0,1.0,0.5,5,42.5,7.5
1974,3,7,1,0,0,3,1,0,2,0,0,3,1,2,1,1,3,2550.0,3133.333333,2900.0,3216.666667,2950.0,8.755,16.667,336.950314106225,2951.0,3.4699692094999595,,,-0.8184489173901337,-0.7038224583333008,0.4508215,-0.7038224583333008,100,100,3,10,100,2,50,10,50,10,1,10,2,5,1,1,50,1.2000000000000002,1.7999999999999998,7.0,3.0,90.0,10.0,8.0,2.0,1.0,0.5,5,42.5,7.5
1975,3,7,1,1,0,3,3,0,2,0,2,3,1,3,1,2,3,41700.0,53166.66667,53000.0,51016.66667,49720.833335,8.755,16.667,5679.135732153055,49721.833335,4.696547133497262,,,-0.19211475715502768,0.5205926960238935,0.4508215,0.5205926960238935,100,100,3,10,100,2,50,10,50,10,1,10,2,5,1,1,50,1.2000000000000002,1.7999999999999998,7.0,3.0,90.0,10.0,8.0,2.0,1.0,0.5,5,42.5,7.5
1976,3,7,1,1,0,3,3,0,1,0,3,3,0,3,1,2,2,57566.66667,48550.0,67050.0,71500.0,61166.6666675,8.755,16.667,6986.483914049114,61167.6666675,4.786521913998589,,,-0.17868467902173357,0.6105418774366598,0.4508215,0.6105418774366598,100,100,3,10,100,2,50,10,50,10,1,10,2,5,1,1,50,1.2000000000000002,1.7999999999999998,7.0,3.0,90.0,10.0,8.0,2.0,1.0,0.5,5,42.5,7.5
1977,3,7,1,1,0,3,3,0,1,0,1,3,0,3,1,3,2,23400.0,21316.66667,28900.0,27666.66667,25320.833335000003,8.755,16.667,2892.1568629354656,25321.833335000003,4.403495145991844,,,-0.03893740367528942,0.2276725083874126,0.4508215,0.2276725083874126,100,100,3,10,100,2,50,10,50,10,1,10,2,5,1,1,50,1.2000000000000002,1.7999999999999998,7.0,3.0,90.0,10.0,8.0,2.0,1.0,0.5,5,42.5,7.5
1978,3,7,1,0,0,4,2,0,0,0,2,3,0,3,1,2,3,39116.66667,65200.0,73450.0,50916.66667,57170.833335,8.755,16.667,6530.078050828098,57171.833335,4.757182119002935,,,-0.4658154185635013,0.5812098548989061,0.4508215,0.5812098548989061,100,100,3,10,100,2,50,10,50,10,1,10,2,5,1,1,50,1.2000000000000002,1.7999999999999998,7.0,3.0,90.0,10.0,8.0,2.0,1.0,0.5,5,42.5,7.5
1979,3,7,1,1,0,3,2,0,1,0,3,3,0,3,1,2,2,50983.33333,47800.0,54650.0,53066.66667,51625.0,8.755,16.667,5896.6304968589375,51626.0,4.712868477066893,,,-0.274484195377104,0.536908993849629,0.4508215,0.536908993849629,100,100,3,10,100,2,50,10,50,10,1,10,2,5,1,1,50,1.2000000000000002,1.7999999999999998,7.0,3.0,90.0,10.0,8.0,2.0,1.0,0.5,5,42.5,7.5
1980,3,8,1,1,0,3,3,0,1,0,3,3,0,3,1,1,2,97716.66667,84666.66667,65566.66667,80983.33333,82233.333335,7.589722222,16.667,10834.827801290776,82234.333335,4.915053175992997,,,-0.05871311606085161,0.7390446493351897,0.4508215,0.7390446493351897,100,100,3,10,100,2,50,10,50,10,1,10,2,5,1,1,50,1.2000000000000002,1.7999999999999998,7.0,3.0,90.0,10.0,8.0,2.0,1.0,0.5,5,42.5,7.5
1981,3,8,1,0,0,3,3,0,1,1,0,3,1,3,1,1,3,51683.33333,49900.0,40633.33333,55633.33333,49462.499997499996,7.589722222,16.667,6517.0369284563785,49463.499997499996,4.694284843441,,,-0.059864022155256436,0.5183311204334469,0.4508215,0.5183311204334469,100,100,3,10,100,2,50,10,50,10,1,10,2,5,1,1,50,1.2000000000000002,1.7999999999999998,7.0,3.0,90.0,10.0,8.0,2.0,1.0,0.5,5,42.5,7.5
1982,3,8,2,0,0,3,3,0,2,0,0,3,1,3,1,1,3,26400.0,55233.33333,44383.33333,43616.66667,42408.3333325,7.589722222,16.667,5587.600190369655,42409.3333325,4.62746144547805,,,0.2632469640988129,0.45153059533775436,0.4508215,0.45153059533775436,100,100,3,10,100,2,50,10,50,10,1,10,2,5,1,1,50,1.2000000000000002,1.7999999999999998,7.0,3.0,90.0,10.0,8.0,2.0,1.0,0.5,5,42.5,7.5
1983,3,8,1,0,0,3,3,0,2,0,0,3,1,3,2,1,3,90050.0,57000.0,68650.0,68000.0,70925.0,7.589722222,16.667,9344.87428201427,70926.0,4.850805467716678,,,0.038097560877274894,0.674810130329683,0.4508215,0.674810130329683,100,100,3,10,100,2,50,10,50,10,1,10,2,5,1,1,50,1.2000000000000002,1.7999999999999998,7.0,3.0,90.0,10.0,8.0,2.0,1.0,0.5,5,42.5,7.5
1984,3,8,1,1,0,3,3,0,0,0,3,3,0,3,1,1,3,137966.6667,133166.6667,123516.6667,84616.66667,119816.6666925,7.589722222,16.667,15786.699853809223,119817.6666925,5.078520857964757,,,0.1415774846165565,0.9024863822452331,0.4508215,0.9024863822452331,100,100,3,10,100,2,50,10,50,10,1,10,2,5,1,1,50,1.2000000000000002,1.7999999999999998,7.0,3.0,90.0,10.0,8.0,2.0,1.0,0.5,5,42.5,7.5
1985,3,8,1,1,0,3,3,0,0,0,0,3,0,3,1,3,3,20133.33333,27833.33333,21100.0,26783.33333,23962.499997500003,7.589722222,16.667,3157.2301721452914,23963.499997500003,4.37955024938469,,,-0.054651776275777664,0.20374283319035344,0.4508215,0.20374283319035344,100,100,3,10,100,2,50,10,50,10,1,10,2,5,1,1,50,1.2000000000000002,1.7999999999999998,7.0,3.0,90.0,10.0,8.0,2.0,1.0,0.5,5,42.5,7.5
1986,3,8,1,0,0,3,3,0,2,0,1,3,1,3,1,1,3,70166.66667,64316.66667,54016.66667,48566.66667,59266.666670000006,7.589722222,16.667,7808.8057687020855,59267.666670000006,4.772817829680545,,,0.11382523163936131,0.596841358212789,0.4508215,0.596841358212789,100,100,3,10,100,2,50,10,50,10,1,10,2,5,1,1,50,1.2000000000000002,1.7999999999999998,7.0,3.0,90.0,10.0,8.0,2.0,1.0,0.5,5,42.5,7.5
1987,3,8,1,0,0,3,1,0,1,0,1,3,0,3,1,1,3,33033.33333,57100.0,51033.33333,18500.0,39916.666665,7.589722222,16.667,5259.305347077826,39917.666665,4.601165147241297,,,-0.17692903624771095,0.4252443078849857,0.4508215,0.4252443078849857,100,100,3,10,100,2,50,10,50,10,1,10,2,5,1,1,50,1.2000000000000002,1.7999999999999998,7.0,3.0,90.0,10.0,8.0,2.0,1.0,0.5,5,42.5,7.5
1988,3,8,1,0,1,3,3,0,0,0,1,3,0,3,1,1,3,43916.66667,60700.0,65233.33333,65050.0,58725.0,7.589722222,16.667,7737.437324092887,58726.0,4.768830420780154,,,0.14177019861443974,0.5928550079290005,0.4508215,0.5928550079290005,100,100,3,10,100,2,50,10,50,10,1,10,2,5,1,1,50,1.2000000000000002,1.7999999999999998,7.0,3.0,90.0,10.0,8.0,2.0,1.0,0.5,5,42.5,7.5
1989,3,8,1,1,0,3,3,0,0,0,0,3,0,4,1,1,3,110966.6667,116033.3333,138833.3333,135316.6667,125287.5,7.589722222,16.667,16507.521136522566,125288.5,5.097911209735191,,,0.22898734426705225,0.9218742546760171,0.4508215,0.9218742546760171,100,100,3,10,100,2,50,10,50,10,1,10,2,5,1,1,50,1.2000000000000002,1.7999999999999998,7.0,3.0,90.0,10.0,8.0,2.0,1.0,0.5,5,42.5,7.5
1990,3,8,1,0,0,4,2,5,1,0,0,4,3,3,1,1,3,139450.0,124983.3333,125633.3333,102500.0,123141.66665,7.589722222,16.667,16224.792297806971,123142.66665,5.090408553988618,,,0.16596986446224893,0.9143725451483139,0.4508215,0.9143725451483139,100,100,3,10,100,2,50,10,50,10,1,10,2,5,1,1,50,1.2000000000000002,1.7999999999999998,7.0,3.0,90.0,10.0,8.0,2.0,1.0,0.5,5,42.5,7.5
1991,3,8,1,1,0,3,3,0,1,0,1,3,0,3,1,3,3,30966.66667,39200.0,40333.33333,41400.0,37975.0,7.589722222,16.667,5003.476924349551,37976.0,4.579509218710304,,,-0.02930424559890632,0.4035970909090926,0.4508215,0.4035970909090926,100,100,3,10,100,2,50,10,50,10,1,10,2,5,1,1,50,1.2000000000000002,1.7999999999999998,7.0,3.0,90.0,10.0,8.0,2.0,1.0,0.5,5,42.5,7.5
1992,3,8,2,0,0,4,1,0,0,1,0,3,0,3,1,1,3,113483.3333,116150.0,108666.6667,121500.0,114950.0,7.589722222,16.667,15145.48182893959,114951.0,5.060512753705279,,,0.22590618467774615,0.8844806818512366,0.4508215,0.8844806818512366,100,100,3,10,100,2,50,10,50,10,1,10,2,5,1,1,50,1.2000000000000002,1.7999999999999998,7.0,3.0,90.0,10.0,8.0,2.0,1.0,0.5,5,42.5,7.5
1993,3,8,1,0,0,3,1,0,1,0,2,3,0,3,1,2,3,99916.66667,102233.3333,129583.3333,133666.6667,116349.9999925,7.589722222,16.667,15329.941806729275,116350.9999925,5.065770120234338,,,0.1914408905003624,0.8897373362548846,0.4508215,0.8897373362548846,100,100,3,10,100,2,50,10,50,10,1,10,2,5,1,1,50,1.2000000000000002,1.7999999999999998,7.0,3.0,90.0,10.0,8.0,2.0,1.0,0.5,5,42.5,7.5
1994,3,8,1,1,0,3,3,0,1,1,1,3,0,3,1,1,3,68516.66667,84366.66667,72833.33333,81550.0,76816.6666675,7.589722222,16.667,10121.143359480911,76817.6666675,4.885461111357935,,,0.21386837976143358,0.7094584178391746,0.4508215,0.7094584178391746,100,100,3,10,100,2,50,10,50,10,1,10,2,5,1,1,50,1.2000000000000002,1.7999999999999998,7.0,3.0,90.0,10.0,8.0,2.0,1.0,0.5,5,42.5,7.5
1995,3,8,1,2,0,3,3,0,1,0,2,3,0,3,1,2,2,34066.66667,42116.66667,44516.66667,45083.33333,41445.833334999996,7.589722222,16.667,5460.783955289266,41446.833334999996,4.617491354725341,,,0.15679585505843274,0.4415642289807788,0.4508215,0.4415642289807788,100,100,3,10,100,2,50,10,50,10,1,10,2,5,1,1,50,1.2000000000000002,1.7999999999999998,7.0,3.0,90.0,10.0,8.0,2.0,1.0,0.5,5,42.5,7.5
1996,3,8,0,1,0,3,3,0,1,0,2,3,0,3,1,2,2,60383.33333,60750.0,90616.66667,69683.33333,70358.3333325,7.589722222,16.667,9270.211909542004,70359.3333325,4.847321715785592,,,-0.02482411122714545,0.6713271508556278,0.4508215,0.6713271508556278,100,100,3,10,100,2,50,10,50,10,1,10,2,5,1,1,50,1.2000000000000002,1.7999999999999998,7.0,3.0,90.0,10.0,8.0,2.0,1.0,0.5,5,42.5,7.5
1997,3,8,1,2,0,3,3,1,0,0,1,3,0,3,1,1,3,69500.0,80883.33333,85750.0,98516.66667,83662.5,7.589722222,16.667,11023.130696073584,83663.5,4.922536029009751,,,0.5914895460567964,0.7465260892229664,0.4508215,0.7465260892229664,100,100,3,10,100,2,50,10,50,10,1,10,2,5,1,1,50,1.2000000000000002,1.7999999999999998,7.0,3.0,90.0,10.0,8.0,2.0,1.0,0.5,5,42.5,7.5
1998,3,8,0,1,0,3,3,0,0,0,1,3,0,3,1,3,3,35550.0,39983.33333,43883.33333,42566.66667,40495.8333325,7.589722222,16.667,5335.614683646323,40496.8333325,4.607421064696406,,,0.009824396775002242,0.43149778854898907,0.4508215,0.43149778854898907,100,100,3,10,100,2,50,10,50,10,1,10,2,5,1,1,50,1.2000000000000002,1.7999999999999998,7.0,3.0,90.0,10.0,8.0,2.0,1.0,0.5,5,42.5,7.5
1999,3,8,1,1,0,3,3,0,0,0,1,3,0,3,1,1,3,99316.66667,105616.6667,125250.0,116066.6667,111562.5000175,7.589722222,16.667,14699.154561166759,111563.5000175,5.047522130678656,,,0.3858372652013635,0.8714918558511336,0.4508215,0.8714918558511336,100,100,3,10,100,2,50,10,50,10,1,10,2,5,1,1,50,1.2000000000000002,1.7999999999999998,7.0,3.0,90.0,10.0,8.0,2.0,1.0,0.5,5,42.5,7.5
2000,3,8,1,1,0,4,2,0,0,0,2,3,0,3,1,1,3,118200.0,139416.6667,183800.0,146033.3333,146862.5,7.589722222,16.667,19350.18116661714,146863.5,5.166913873950606,,,0.07482389067141249,0.990868941781815,0.4508215,0.990868941781815,100,100,3,10,100,2,50,10,50,10,1,10,2,5,1,1,50,1.2000000000000002,1.7999999999999998,7.0,3.0,90.0,10.0,8.0,2.0,1.0,0.5,5,42.5,7.5
2001,3,8,1,1,0,3,3,0,0,0,1,3,0,2,1,1,3,49133.33333,49466.66667,70066.66667,51566.66667,55058.333335,7.589722222,16.667,7254.327856084745,55059.333335,4.740830948599563,,,0.49959739363933675,0.56486324940877,0.4508215,0.56486324940877,100,100,3,10,100,2,50,10,50,10,1,10,2,5,1,1,50,1.2000000000000002,1.7999999999999998,7.0,3.0,90.0,10.0,8.0,2.0,1.0,0.5,5,42.5,7.5
2002,3,8,1,0,0,5,3,0,0,0,2,1,0,3,3,2,3,99950.0,92183.33333,99800.0,123200.0,103783.3333325,7.589722222,16.667,13674.193902863499,103784.3333325,5.016131799940561,,,-0.015209171493149043,0.8401060958479227,0.4508215,0.8401060958479227,100,100,3,10,100,2,50,10,50,10,1,10,2,5,1,1,50,1.2000000000000002,1.7999999999999998,7.0,3.0,90.0,10.0,8.0,2.0,1.0,0.5,5,42.5,7.5
2003,3,8,1,0,0,3,3,0,0,0,1,3,0,3,1,3,3,26183.33333,29666.66667,29083.33333,30733.33333,28916.666664999997,7.589722222,16.667,3809.976942394612,28917.666664999997,4.461163247287878,,,-0.17074672469121932,0.28530721637952383,0.4508215,0.28530721637952383,100,100,3,10,100,2,50,10,50,10,1,10,2,5,1,1,50,1.2000000000000002,1.7999999999999998,7.0,3.0,90.0,10.0,8.0,2.0,1.0,0.5,5,42.5,7.5
2004,3,8,1,0,0,3,3,1,2,0,0,3,1,3,1,1,3,47016.66667,65116.66667,63133.33333,58566.66667,58458.333335,7.589722222,16.667,7702.302090259556,58459.333335,4.766853858394294,,,-0.05495781643149478,0.5908789739135581,0.4508215,0.5908789739135581,100,100,3,10,100,2,50,10,50,10,1,10,2,5,1,1,50,1.2000000000000002,1.7999999999999998,7.0,3.0,90.0,10.0,8.0,2.0,1.0,0.5,5,42.5,7.5
2005,3,8,1,1,0,2,3,0,0,0,1,3,0,3,1,3,3,11366.66667,14400.0,12766.66667,12233.33333,12691.6666675,7.589722222,16.667,1672.2175458162637,12692.6666675,4.103552874838142,,,0.015713751035037582,-0.0720026500006926,0.4508215,-0.0720026500006926,100,100,3,10,100,2,50,10,50,10,1,10,2,5,1,1,50,1.2000000000000002,1.7999999999999998,7.0,3.0,90.0,10.0,8.0,2.0,1.0,0.5,5,42.5,7.5
2006,3,8,1,1,1,3,3,0,0,0,1,3,0,3,1,3,3,34916.66667,44966.66667,40433.33333,39533.33333,39962.5,7.589722222,16.667,5265.344215650268,39963.5,4.601663516694151,,,0.18816529245482272,0.4257424819252097,0.4508215,0.4257424819252097,100,100,3,10,100,2,50,10,50,10,1,10,2,5,1,1,50,1.2000000000000002,1.7999999999999998,7.0,3.0,90.0,10.0,8.0,2.0,1.0,0.5,5,42.5,7.5
2007,3,8,1,1,0,3,3,3,1,0,1,3,1,3,1,1,3,90750.0,151950.0,90500.0,99800.0,108250.0,7.589722222,16.667,14262.709073359812,108251.0,5.034431916965135,,,0.21742197165374755,0.8584035081309076,0.4508215,0.8584035081309076,100,100,3,10,100,2,50,10,50,10,1,10,2,5,1,1,50,1.2000000000000002,1.7999999999999998,7.0,3.0,90.0,10.0,8.0,2.0,1.0,0.5,5,42.5,7.5
2008,3,8,1,1,0,3,3,0,0,1,1,3,0,3,1,3,3,33150.0,42816.66667,37700.0,40450.0,38529.1666675,7.589722222,16.667,5076.4923327255865,38530.1666675,4.58580088761718,,,0.0858507334301315,0.4098861839538935,0.4508215,0.4098861839538935,100,100,3,10,100,2,50,10,50,10,1,10,2,5,1,1,50,1.2000000000000002,1.7999999999999998,7.0,3.0,90.0,10.0,8.0,2.0,1.0,0.5,5,42.5,7.5
2009,3,8,1,0,0,3,4,0,0,0,1,3,0,3,1,1,3,128766.6667,105850.0,81383.33333,123283.3333,109820.8333325,7.589722222,16.667,14469.677561343035,109821.8333325,5.04068868941472,,,0.26245324617371235,0.8646593816683322,0.4508215,0.8646593816683322,100,100,3,10,100,2,50,10,50,10,1,10,2,5,1,1,50,1.2000000000000002,1.7999999999999998,7.0,3.0,90.0,10.0,8.0,2.0,1.0,0.5,5,42.5,7.5
2010,3,8,1,1,0,3,3,0,2,0,2,3,0,3,1,2,2,56016.66667,91766.66667,71183.33333,75633.33333,73650.0,7.589722222,16.667,9703.912454992613,73651.0,4.867178647872928,,,0.07272543971662593,0.6911797618749005,0.4508215,0.6911797618749005,100,100,3,10,100,2,50,10,50,10,1,10,2,5,1,1,50,1.2000000000000002,1.7999999999999998,7.0,3.0,90.0,10.0,8.0,2.0,1.0,0.5,5,42.5,7.5
2011,3,8,1,1,0,3,3,1,1,0,2,3,0,3,1,2,2,48466.66667,52483.33333,54016.66667,52583.33333,51887.5,7.589722222,16.667,6836.547963454571,51888.5,4.7150711162308925,,,-0.22630646229204654,0.5391109664702383,0.4508215,0.5391109664702383,100,100,3,10,100,2,50,10,50,10,1,10,2,5,1,1,50,1.2000000000000002,1.7999999999999998,7.0,3.0,90.0,10.0,8.0,2.0,1.0,0.5,5,42.5,7.5
2012,3,8,1,1,0,3,4,0,1,0,2,3,0,3,1,1,1,56300.0,66683.33333,57083.33333,70100.0,62541.666665,7.589722222,16.667,8240.3103612558,62542.666665,4.796176394546898,,,0.27071908826459534,0.6201939130655866,0.4508215,0.6201939130655866,100,100,3,10,100,2,50,10,50,10,1,10,2,5,1,1,50,1.2000000000000002,1.7999999999999998,7.0,3.0,90.0,10.0,8.0,2.0,1.0,0.5,5,42.5,7.5
2013,3,8,1,0,0,3,3,0,0,0,1,3,1,3,1,1,3,73216.66667,96500.0,83466.66667,83433.33333,84154.1666675,7.589722222,16.667,11087.911283968464,84155.1666675,4.925080784439038,,,0.1242538561006814,0.7490703695982023,0.4508215,0.7490703695982023,100,100,3,10,100,2,50,10,50,10,1,10,2,5,1,1,50,1.2000000000000002,1.7999999999999998,7.0,3.0,90.0,10.0,8.0,2.0,1.0,0.5,5,42.5,7.5
2014,3,8,1,1,0,3,3,0,0,0,1,3,0,2,1,3,3,13700.0,15000.0,16116.66667,15866.66667,15170.833335,7.589722222,16.667,1998.8654250118616,15171.833335,4.181038063263063,,,-0.07567194413162692,0.0053950414662057525,0.4508215,0.0053950414662057525,100,100,3,10,100,2,50,10,50,10,1,10,2,5,1,1,50,1.2000000000000002,1.7999999999999998,7.0,3.0,90.0,10.0,8.0,2.0,1.0,0.5,5,42.5,7.5
2015,3,8,3,1,0,3,3,0,0,0,1,3,0,3,1,1,3,61266.66667,68766.66667,58516.66667,69016.66667,64391.666670000006,7.589722222,16.667,8484.061048156764,64392.666670000006,4.808836410743395,,,0.696187057672156,0.6328508044646888,0.4508215,0.6328508044646888,100,100,3,10,100,2,50,10,50,10,1,10,2,5,1,1,50,1.2000000000000002,1.7999999999999998,7.0,3.0,90.0,10.0,8.0,2.0,1.0,0.5,5,42.5,7.5
2016,3,8,1,1,0,3,2,0,1,0,1,3,0,3,1,1,2,82133.33333,86516.66667,89516.66667,92566.66667,87683.333335,7.589722222,16.667,11552.90414724746,87684.333335,4.942922004381345,,,0.23319880392472392,0.7669083359692949,0.4508215,0.7669083359692949,100,100,3,10,100,2,50,10,50,10,1,10,2,5,1,1,50,1.2000000000000002,1.7999999999999998,7.0,3.0,90.0,10.0,8.0,2.0,1.0,0.5,5,42.5,7.5
2017,3,8,1,1,0,3,3,0,0,0,1,3,0,3,1,3,2,20433.33333,23216.66667,21300.0,22633.33333,21895.8333325,7.589722222,16.667,2884.9321084547064,21896.8333325,4.340381312755172,,,0.04296224932839898,0.16460067663614905,0.4508215,0.16460067663614905,100,100,3,10,100,2,50,10,50,10,1,10,2,5,1,1,50,1.2000000000000002,1.7999999999999998,7.0,3.0,90.0,10.0,8.0,2.0,1.0,0.5,5,42.5,7.5
2018,3,8,1,1,0,3,3,0,0,0,1,3,0,3,1,1,1,56583.33333,63833.33333,59366.66667,55666.66667,58862.5,7.589722222,16.667,7755.553929151427,58863.5,4.769846081506296,,,0.37990807490990885,0.5938703980845206,0.4508215,0.5938703980845206,100,100,3,10,100,2,50,10,50,10,1,10,2,5,1,1,50,1.2000000000000002,1.7999999999999998,7.0,3.0,90.0,10.0,8.0,2.0,1.0,0.5,5,42.5,7.5
2019,3,8,1,0,0,3,3,0,3,0,0,3,1,3,1,1,3,33416.66667,33366.66667,36583.33333,37316.66667,35170.833335,7.589722222,16.667,4634.007978981343,35171.833335,4.546195006546184,,,0.026379827651100918,0.3702971572744089,0.4508215,0.3702971572744089,100,100,3,10,100,2,50,10,50,10,1,10,2,5,1,1,50,1.2000000000000002,1.7999999999999998,7.0,3.0,90.0,10.0,8.0,2.0,1.0,0.5,5,42.5,7.5
2020,3,8,1,1,0,3,3,0,2,0,2,3,1,3,1,2,3,54183.33333,64750.0,61600.0,65533.33333,61516.666665,7.589722222,16.667,8105.259305364865,61517.666665,4.788999854528539,,,-0.09966203612375057,0.613019185255411,0.4508215,0.613019185255411,100,100,3,10,100,2,50,10,50,10,1,10,2,5,1,1,50,1.2000000000000002,1.7999999999999998,7.0,3.0,90.0,10.0,8.0,2.0,1.0,0.5,5,42.5,7.5
2021,3,8,1,1,0,3,3,0,1,0,3,3,0,3,1,2,2,77766.66667,88050.0,88450.0,96083.33333,87587.5,7.589722222,16.667,11540.277422290093,87588.5,4.942447088880427,,,-0.022759504139895803,0.7664335053551504,0.4508215,0.7664335053551504,100,100,3,10,100,2,50,10,50,10,1,10,2,5,1,1,50,1.2000000000000002,1.7999999999999998,7.0,3.0,90.0,10.0,8.0,2.0,1.0,0.5,5,42.5,7.5
2022,3,8,1,1,0,3,3,2,0,0,1,3,0,3,1,1,3,43733.33333,46583.33333,45283.33333,45850.0,45362.4999975,7.589722222,16.667,5976.832704892636,45363.4999975,4.656706554944834,,,-0.09315233587977634,0.4807652604414612,0.4508215,0.4807652604414612,100,100,3,10,100,2,50,10,50,10,1,10,2,5,1,1,50,1.2000000000000002,1.7999999999999998,7.0,3.0,90.0,10.0,8.0,2.0,1.0,0.5,5,42.5,7.5
2023,3,8,2,0,0,4,2,3,0,0,2,5,3,3,1,2,3,75133.33333,70816.66667,62466.66667,63200.0,67904.1666675,7.589722222,16.667,8946.85795886826,67905.1666675,4.831902819491391,,,0.09685820576564996,0.6559117487893584,0.4508215,0.6559117487893584,100,100,3,10,100,2,50,10,50,10,1,10,2,5,1,1,50,1.2000000000000002,1.7999999999999998,7.0,3.0,90.0,10.0,8.0,2.0,1.0,0.5,5,42.5,7.5
2024,3,8,1,1,0,3,3,0,1,1,2,3,0,3,1,2,2,57600.0,55383.33333,53566.66667,64833.33333,57845.8333325,7.589722222,16.667,7621.600849214848,57846.8333325,4.762279589668698,,,0.001106422927954931,0.5863059372308076,0.4508215,0.5863059372308076,100,100,3,10,100,2,50,10,50,10,1,10,2,5,1,1,50,1.2000000000000002,1.7999999999999998,7.0,3.0,90.0,10.0,8.0,2.0,1.0,0.5,5,42.5,7.5
2025,3,8,1,1,0,3,3,0,1,0,3,3,0,3,1,1,2,92183.33333,100866.6667,95300.0,114450.0,100700.0000075,7.589722222,16.667,13267.942760224512,100701.0000075,5.00303378332008,,,0.029267491266231183,0.8270100862788191,0.4508215,0.8270100862788191,100,100,3,10,100,2,50,10,50,10,1,10,2,5,1,1,50,1.2000000000000002,1.7999999999999998,7.0,3.0,90.0,10.0,8.0,2.0,1.0,0.5,5,42.5,7.5
2026,3,8,1,0,0,3,3,0,1,1,0,3,1,3,1,2,3,48266.66667,52016.66667,51833.33333,60133.33333,53062.5,7.589722222,16.667,6991.3625885002775,53063.5,4.724795892094782,,,-0.17976629060057903,0.5488328395726225,0.4508215,0.5488328395726225,100,100,3,10,100,2,50,10,50,10,1,10,2,5,1,1,50,1.2000000000000002,1.7999999999999998,7.0,3.0,90.0,10.0,8.0,2.0,1.0,0.5,5,42.5,7.5
2027,3,8,2,0,0,3,1,0,2,0,1,3,1,3,1,1,3,63366.66667,53266.66667,56600.0,53216.66667,56612.500002500004,7.589722222,16.667,7459.100392159255,56613.500002500004,4.7529200049956195,,,0.3830296706523333,0.5769489142805705,0.4508215,0.5769489142805705,100,100,3,10,100,2,50,10,50,10,1,10,2,5,1,1,50,1.2000000000000002,1.7999999999999998,7.0,3.0,90.0,10.0,8.0,2.0,1.0,0.5,5,42.5,7.5
2028,3,8,1,1,0,3,3,0,1,0,0,4,1,3,2,1,3,47766.66667,39616.66667,38316.66667,46933.33333,43158.333334999996,7.589722222,16.667,5686.418036472903,43159.333334999996,4.635074727689119,,,-0.21727067725090876,0.459141090553558,0.4508215,0.459141090553558,100,100,3,10,100,2,50,10,50,10,1,10,2,5,1,1,50,1.2000000000000002,1.7999999999999998,7.0,3.0,90.0,10.0,8.0,2.0,1.0,0.5,5,42.5,7.5
2029,3,8,1,1,0,3,2,0,0,0,3,3,0,3,1,1,3,97216.66667,134850.0,109416.6667,120200.0,115420.8333425,7.589722222,16.667,15207.517477772062,115421.8333425,5.062287968293625,,,0.06300213515081765,0.8862556550171756,0.4508215,0.8862556550171756,100,100,3,10,100,2,50,10,50,10,1,10,2,5,1,1,50,1.2000000000000002,1.7999999999999998,7.0,3.0,90.0,10.0,8.0,2.0,1.0,0.5,5,42.5,7.5
2030,3,8,1,1,0,3,2,0,1,0,0,3,0,3,1,3,3,25483.33333,25066.66667,22800.0,23683.33333,24258.3333325,7.589722222,16.667,3196.208322642351,24259.3333325,4.384878861905873,,,-0.018315814670828878,0.20906798547298794,0.4508215,0.20906798547298794,100,100,3,10,100,2,50,10,50,10,1,10,2,5,1,1,50,1.2000000000000002,1.7999999999999998,7.0,3.0,90.0,10.0,8.0,2.0,1.0,0.5,5,42.5,7.5
2031,3,8,1,0,0,3,3,0,2,0,1,3,1,3,3,1,3,73516.66667,84400.0,78833.33333,100150.0,84225.0,7.589722222,16.667,11097.244080403974,84226.0,4.925446175983271,,,0.31274835627512587,0.7494356931594771,0.4508215,0.7494356931594771,100,100,3,10,100,2,50,10,50,10,1,10,2,5,1,1,50,1.2000000000000002,1.7999999999999998,7.0,3.0,90.0,10.0,8.0,2.0,1.0,0.5,5,42.5,7.5
2032,3,8,1,0,0,3,1,0,0,0,2,5,0,3,1,1,3,68383.33333,97983.33333,79250.0,66266.66667,77970.8333325,7.589722222,16.667,10273.213044146638,77971.8333325,4.891937745799842,,,0.17463646856527504,0.7159337414343546,0.4508215,0.7159337414343546,100,100,3,10,100,2,50,10,50,10,1,10,2,5,1,1,50,1.2000000000000002,1.7999999999999998,7.0,3.0,90.0,10.0,8.0,2.0,1.0,0.5,5,42.5,7.5
2033,3,8,1,0,1,3,3,0,0,0,1,3,1,3,1,1,3,76083.33333,69450.0,68300.0,77133.33333,72741.666665,7.589722222,16.667,9584.233063780235,72742.666665,4.861789217761677,,,0.2209962966024488,0.6857914850963142,0.4508215,0.6857914850963142,100,100,3,10,100,2,50,10,50,10,1,10,2,5,1,1,50,1.2000000000000002,1.7999999999999998,7.0,3.0,90.0,10.0,8.0,2.0,1.0,0.5,5,42.5,7.5
2034,3,8,1,1,0,3,3,0,0,0,2,3,0,3,1,3,3,43333.33333,52133.33333,43966.66667,44283.33333,45929.166665,7.589722222,16.667,6051.495077364901,45930.166665,4.662098021328189,,,0.09438430271819609,0.48615487694205134,0.4508215,0.48615487694205134,100,100,3,10,100,2,50,10,50,10,1,10,2,5,1,1,50,1.2000000000000002,1.7999999999999998,7.0,3.0,90.0,10.0,8.0,2.0,1.0,0.5,5,42.5,7.5
2035,3,8,1,0,0,3,2,5,1,0,0,4,3,3,1,1,3,119450.0,103350.0,92983.33333,100233.3333,104004.1666575,7.589722222,16.667,13703.290267465602,104005.1666575,5.017054914251736,,,0.4428705870860261,0.8410290709772604,0.4508215,0.8410290709772604,100,100,3,10,100,2,50,10,50,10,1,10,2,5,1,1,50,1.2000000000000002,1.7999999999999998,7.0,3.0,90.0,10.0,8.0,2.0,1.0,0.5,5,42.5,7.5
2036,3,8,1,1,0,4,3,2,1,0,1,3,1,3,1,3,3,38800.0,42883.33333,38700.0,40050.0,40108.3333325,7.589722222,16.667,5284.558796663165,40109.3333325,4.603245443521844,,,-0.5364149110837948,0.4273237899560738,0.4508215,0.4273237899560738,100,100,3,10,100,2,50,10,50,10,1,10,2,5,1,1,50,1.2000000000000002,1.7999999999999998,7.0,3.0,90.0,10.0,8.0,2.0,1.0,0.5,5,42.5,7.5
2037,3,8,2,0,0,3,1,0,1,1,2,3,0,3,1,1,3,111716.6667,168433.3333,100450.0,123133.3333,125933.333325,7.589722222,16.667,16592.61428039652,125934.333325,5.100144147429984,,,0.47323706298162804,0.9241069138990993,0.4508215,0.9241069138990993,100,100,3,10,100,2,50,10,50,10,1,10,2,5,1,1,50,1.2000000000000002,1.7999999999999998,7.0,3.0,90.0,10.0,8.0,2.0,1.0,0.5,5,42.5,7.5
2038,3,8,1,0,0,3,1,1,1,0,2,3,0,3,1,2,3,102550.0,128483.3333,93066.66667,101450.0,106387.4999925,7.589722222,16.667,14017.311422033226,106388.4999925,5.026894685668406,,,0.07426691942892116,0.8508673770463248,0.4508215,0.8508673770463248,100,100,3,10,100,2,50,10,50,10,1,10,2,5,1,1,50,1.2000000000000002,1.7999999999999998,7.0,3.0,90.0,10.0,8.0,2.0,1.0,0.5,5,42.5,7.5
2039,3,8,1,1,0,3,3,0,1,1,1,3,0,3,1,1,3,59433.33333,64150.0,67950.0,71183.33333,65679.166665,7.589722222,16.667,8653.698349409762,65680.166665,4.817434246145458,,,0.1458415145489571,0.6414465690478692,0.4508215,0.6414465690478692,100,100,3,10,100,2,50,10,50,10,1,10,2,5,1,1,50,1.2000000000000002,1.7999999999999998,7.0,3.0,90.0,10.0,8.0,2.0,1.0,0.5,5,42.5,7.5
2040,3,8,1,2,0,3,3,0,1,0,1,3,0,3,1,2,2,33433.33333,33000.0,36400.0,38450.0,35320.8333325,7.589722222,16.667,4653.77154780672,35321.8333325,4.548043236964559,,,0.22688643320471868,0.3721445665282878,0.4508215,0.3721445665282878,100,100,3,10,100,2,50,10,50,10,1,10,2,5,1,1,50,1.2000000000000002,1.7999999999999998,7.0,3.0,90.0,10.0,8.0,2.0,1.0,0.5,5,42.5,7.5
2041,3,8,0,1,0,3,3,0,1,0,2,3,0,3,1,2,2,70083.33333,77216.66667,80416.66667,80033.33333,76937.5,7.589722222,16.667,10137.064012301345,76938.5,4.886143715008578,,,0.013997887995841118,0.710140882410169,0.4508215,0.710140882410169,100,100,3,10,100,2,50,10,50,10,1,10,2,5,1,1,50,1.2000000000000002,1.7999999999999998,7.0,3.0,90.0,10.0,8.0,2.0,1.0,0.5,5,42.5,7.5
2042,3,8,1,2,0,3,3,1,0,0,1,3,0,3,1,1,3,74266.66667,87950.0,83000.0,86316.66667,82883.333335,7.589722222,16.667,10920.469934294784,82884.333335,4.918472448654564,,,0.587425965701609,0.7424632732495822,0.4508215,0.7424632732495822,100,100,3,10,100,2,50,10,50,10,1,10,2,5,1,1,50,1.2000000000000002,1.7999999999999998,7.0,3.0,90.0,10.0,8.0,2.0,1.0,0.5,5,42.5,7.5
2043,3,8,1,2,0,3,4,0,0,0,1,3,0,3,1,2,3,56650.0,79200.0,63466.66667,79200.0,69629.1666675,7.589722222,16.667,9174.139004148128,69630.1666675,4.842797434708668,,,0.4436642000672144,0.6668038822450821,0.4508215,0.6668038822450821,100,100,3,10,100,2,50,10,50,10,1,10,2,5,1,1,50,1.2000000000000002,1.7999999999999998,7.0,3.0,90.0,10.0,8.0,2.0,1.0,0.5,5,42.5,7.5
2044,3,8,3,1,0,3,3,0,0,0,1,3,0,3,1,0,3,68650.0,125033.3333,104116.6667,115133.3333,103233.333325,7.589722222,16.667,13601.72748164116,103234.333325,5.0138241575027305,,,1.2249949535326317,0.837798802639786,0.4508215,0.837798802639786,100,100,3,10,100,2,50,10,50,10,1,10,2,5,1,1,50,1.2000000000000002,1.7999999999999998,7.0,3.0,90.0,10.0,8.0,2.0,1.0,0.5,5,42.5,7.5
2045,3,8,1,1,0,4,2,0,0,0,2,3,0,3,1,1,3,149100.0,148716.6667,120016.6667,147783.3333,141404.166675,7.589722222,16.667,18631.00684569428,141405.166675,5.150465278042554,,,0.05837529476336023,0.9744221340233017,0.4508215,0.9744221340233017,100,100,3,10,100,2,50,10,50,10,1,10,2,5,1,1,50,1.2000000000000002,1.7999999999999998,7.0,3.0,90.0,10.0,8.0,2.0,1.0,0.5,5,42.5,7.5
2046,3,8,1,1,0,3,3,0,0,0,1,3,0,2,1,2,3,47116.66667,58550.0,43216.66667,48816.66667,49425.000002500004,7.589722222,16.667,6512.096036826472,49426.000002500004,4.693955464858228,,,0.30658437179948184,0.5180018461841002,0.4508215,0.5180018461841002,100,100,3,10,100,2,50,10,50,10,1,10,2,5,1,1,50,1.2000000000000002,1.7999999999999998,7.0,3.0,90.0,10.0,8.0,2.0,1.0,0.5,5,42.5,7.5
2047,3,8,1,0,0,5,3,0,0,0,2,3,0,3,2,2,3,105900.0,128433.3333,95550.0,116516.6667,111600.0,7.589722222,16.667,14704.095451149702,111601.0,5.047668086111741,,,-0.38961476390422334,0.8716377907938367,0.4508215,0.8716377907938367,100,100,3,10,100,2,50,10,50,10,1,10,2,5,1,1,50,1.2000000000000002,1.7999999999999998,7.0,3.0,90.0,10.0,8.0,2.0,1.0,0.5,5,42.5,7.5
2048,3,8,1,0,0,3,3,0,0,0,1,3,1,3,1,3,3,28633.33333,36033.33333,33950.0,34250.0,33216.666665,7.589722222,16.667,4376.53259149805,33217.666665,4.521369122693791,,,-0.14782275061286487,0.3454826488705448,0.4508215,0.3454826488705448,100,100,3,10,100,2,50,10,50,10,1,10,2,5,1,1,50,1.2000000000000002,1.7999999999999998,7.0,3.0,90.0,10.0,8.0,2.0,1.0,0.5,5,42.5,7.5
2049,3,8,1,0,0,3,3,1,1,0,0,3,0,3,1,1,3,58583.33333,72650.0,62566.66667,83933.33333,69433.3333325,7.589722222,16.667,9148.336566420916,69434.3333325,4.8415742700191435,,,0.010850139884689192,0.6655809930971888,0.4508215,0.6655809930971888,100,100,3,10,100,2,50,10,50,10,1,10,2,5,1,1,50,1.2000000000000002,1.7999999999999998,7.0,3.0,90.0,10.0,8.0,2.0,1.0,0.5,5,42.5,7.5
2050,3,8,1,1,0,2,3,0,0,0,1,3,0,3,1,1,3,8666.666667,13516.66667,10000.0,14250.0,11608.333334250001,7.589722222,16.667,1529.4806574872302,11609.333334250001,4.064807281102102,,,-0.1505246354038441,-0.11069828500655608,0.4508215,-0.11069828500655608,100,100,3,10,100,2,50,10,50,10,1,10,2,5,1,1,50,1.2000000000000002,1.7999999999999998,7.0,3.0,90.0,10.0,8.0,2.0,1.0,0.5,5,42.5,7.5
2051,3,8,1,1,1,3,4,0,0,0,1,3,0,3,1,2,3,58916.66667,84050.0,66316.66667,103350.0,78158.333335,7.589722222,16.667,10297.917505919495,78159.333335,4.892980846384136,,,0.1483473679027565,0.7169766327203533,0.4508215,0.7169766327203533,100,100,3,10,100,2,50,10,50,10,1,10,2,5,1,1,50,1.2000000000000002,1.7999999999999998,7.0,3.0,90.0,10.0,8.0,2.0,1.0,0.5,5,42.5,7.5
2052,3,8,1,1,0,3,3,0,1,0,1,3,1,3,1,1,3,106783.3333,109083.3333,90783.33333,119966.6667,106654.1666575,7.589722222,16.667,14052.446655866557,106655.1666575,5.027981898664887,,,0.29622676776305035,0.8519544301612264,0.4508215,0.8519544301612264,100,100,3,10,100,2,50,10,50,10,1,10,2,5,1,1,50,1.2000000000000002,1.7999999999999998,7.0,3.0,90.0,10.0,8.0,2.0,1.0,0.5,5,42.5,7.5
2053,3,8,1,1,0,3,3,0,2,1,1,3,0,3,1,3,3,36050.0,38850.0,38100.0,39833.33333,38208.3333325,7.589722222,16.667,5034.220254036064,38209.3333325,4.582169460286098,,,-0.07452484442105867,0.4062562388063852,0.4508215,0.4062562388063852,100,100,3,10,100,2,50,10,50,10,1,10,2,5,1,1,50,1.2000000000000002,1.7999999999999998,7.0,3.0,90.0,10.0,8.0,2.0,1.0,0.5,5,42.5,7.5
2054,3,8,1,0,0,3,4,0,0,0,1,3,1,3,1,1,3,105016.6667,125883.3333,93133.33333,113400.0,109358.3333325,7.589722222,16.667,14408.739889782491,109359.3333325,5.038855854057031,,,0.2409860184354704,0.8628268082949436,0.4508215,0.8628268082949436,100,100,3,10,100,2,50,10,50,10,1,10,2,5,1,1,50,1.2000000000000002,1.7999999999999998,7.0,3.0,90.0,10.0,8.0,2.0,1.0,0.5,5,42.5,7.5
2055,3,8,1,1,0,3,3,0,0,0,1,3,1,3,1,1,2,69516.66667,77383.33333,80533.33333,77816.66667,76312.5,7.589722222,16.667,10054.7158074898,76313.5,4.882601372252252,,,0.23511415854189188,0.7065992637834365,0.4508215,0.7065992637834365,100,100,3,10,100,2,50,10,50,10,1,10,2,5,1,1,50,1.2000000000000002,1.7999999999999998,7.0,3.0,90.0,10.0,8.0,2.0,1.0,0.5,5,42.5,7.5
2056,3,8,1,1,0,3,3,1,0,0,2,3,0,3,1,2,2,47933.33333,58950.0,59733.33333,58250.0,56216.666665,7.589722222,16.667,7406.946528562952,56217.666665,4.749872816092759,,,-0.10038267789960553,0.5739025713752695,0.4508215,0.5739025713752695,100,100,3,10,100,2,50,10,50,10,1,10,2,5,1,1,50,1.2000000000000002,1.7999999999999998,7.0,3.0,90.0,10.0,8.0,2.0,1.0,0.5,5,42.5,7.5
2057,3,8,1,1,0,3,3,2,1,0,1,3,0,3,1,1,1,50216.66667,52066.66667,47333.33333,47066.66667,49170.833335,7.589722222,16.667,6478.607766759978,49171.833335,4.69171640093671,,,-0.017211586717057692,0.5157634936052965,0.4508215,0.5157634936052965,100,100,3,10,100,2,50,10,50,10,1,10,2,5,1,1,50,1.2000000000000002,1.7999999999999998,7.0,3.0,90.0,10.0,8.0,2.0,1.0,0.5,5,42.5,7.5
2058,3,8,1,0,0,3,3,0,0,0,1,3,1,3,1,1,3,78383.33333,89950.0,99966.66667,80783.33333,87270.8333325,7.589722222,16.667,11498.554331742445,87271.8333325,4.940874099351907,,,0.1400471710135509,0.7648607976477284,0.4508215,0.7648607976477284,100,100,3,10,100,2,50,10,50,10,1,10,2,5,1,1,50,1.2000000000000002,1.7999999999999998,7.0,3.0,90.0,10.0,8.0,2.0,1.0,0.5,5,42.5,7.5
2059,3,8,1,1,0,3,3,5,1,0,1,3,3,2,1,3,3,17400.0,15533.33333,15933.33333,16133.33333,16249.999997500001,7.589722222,16.667,2141.0533247708104,16250.999997500001,4.210880090240055,,,-0.36297746068176995,0.03520731706009783,0.4508215,0.03520731706009783,100,100,3,10,100,2,50,10,50,10,1,10,2,5,1,1,50,1.2000000000000002,1.7999999999999998,7.0,3.0,90.0,10.0,8.0,2.0,1.0,0.5,5,42.5,7.5
2060,3,8,3,1,0,3,3,5,0,0,1,3,0,3,1,1,3,58466.66667,68616.66667,65033.33333,59333.33333,62862.5,7.589722222,16.667,8282.582439945323,62863.5,4.798398557215623,,,0.7426584084579773,0.6224155206407515,0.4508215,0.6224155206407515,100,100,3,10,100,2,50,10,50,10,1,10,2,5,1,1,50,1.2000000000000002,1.7999999999999998,7.0,3.0,90.0,10.0,8.0,2.0,1.0,0.5,5,42.5,7.5
2061,3,8,1,1,0,3,2,0,2,0,1,4,1,3,0,2,3,10500.0,11300.0,11500.0,11783.33333,11270.8333325,7.589722222,16.667,1485.01262665842,11271.8333325,4.051994558586867,,,-0.21249233784967725,-0.12349348294094843,0.4508215,-0.12349348294094843,100,100,3,10,100,2,50,10,50,10,1,10,2,5,1,1,50,1.2000000000000002,1.7999999999999998,7.0,3.0,90.0,10.0,8.0,2.0,1.0,0.5,5,42.5,7.5
2062,3,8,1,1,0,5,3,0,0,0,1,3,0,3,1,2,2,74816.66667,81533.33333,81833.33333,80550.0,79683.3333325,7.589722222,16.667,10498.847125330274,79684.3333325,4.901372943528354,,,0.0005322883333196415,0.7253670641522619,0.4508215,0.7253670641522619,100,100,3,10,100,2,50,10,50,10,1,10,2,5,1,1,50,1.2000000000000002,1.7999999999999998,7.0,3.0,90.0,10.0,8.0,2.0,1.0,0.5,5,42.5,7.5
2063,3,8,1,1,0,3,3,0,0,0,1,3,0,3,1,3,1,23866.66667,27900.0,28700.0,26166.66667,26658.333335000003,7.589722222,16.667,3512.4254294480825,26659.333335000003,4.425849284892137,,,0.5568665508965576,0.2500131744949463,0.4508215,0.2500131744949463,100,100,3,10,100,2,50,10,50,10,1,10,2,5,1,1,50,1.2000000000000002,1.7999999999999998,7.0,3.0,90.0,10.0,8.0,2.0,1.0,0.5,5,42.5,7.5
2064,3,8,1,0,0,3,3,0,3,0,0,4,1,3,1,1,3,41116.66667,39983.33333,39316.66667,43216.66667,40908.333335,7.589722222,16.667,5389.964499151337,40909.333335,4.611822402224116,,,0.18555400271404743,0.4358974325833046,0.4508215,0.4358974325833046,100,100,3,10,100,2,50,10,50,10,1,10,2,5,1,1,50,1.2000000000000002,1.7999999999999998,7.0,3.0,90.0,10.0,8.0,2.0,1.0,0.5,5,42.5,7.5
2065,3,8,1,1,0,3,3,0,0,0,3,3,1,3,1,2,3,88033.33333,105250.0,74566.66667,106233.3333,93520.833325,7.589722222,16.667,12322.03637886973,93521.833325,4.970913011788588,,,-0.004605029970215391,0.7948945006843846,0.4508215,0.7948945006843846,100,100,3,10,100,2,50,10,50,10,1,10,2,5,1,1,50,1.2000000000000002,1.7999999999999998,7.0,3.0,90.0,10.0,8.0,2.0,1.0,0.5,5,42.5,7.5
2066,3,8,2,1,0,3,3,0,1,0,3,3,0,3,1,2,2,73066.66667,74650.0,85533.33333,70883.33333,76033.3333325,7.589722222,16.667,10017.933609230844,76034.3333325,4.881009742410525,,,0.048677960309483126,0.7050079612321252,0.4508215,0.7050079612321252,100,100,3,10,100,2,50,10,50,10,1,10,2,5,1,1,50,1.2000000000000002,1.7999999999999998,7.0,3.0,90.0,10.0,8.0,2.0,1.0,0.5,5,42.5,7.5
2067,3,8,1,1,0,4,3,2,1,0,1,4,0,3,1,1,3,33750.0,47783.33333,38433.33333,38550.0,39629.166665,7.589722222,16.667,5221.425172864515,39630.166665,4.598025898767135,,,-0.4201779265685426,0.4221062954889459,0.4508215,0.4221062954889459,100,100,3,10,100,2,50,10,50,10,1,10,2,5,1,1,50,1.2000000000000002,1.7999999999999998,7.0,3.0,90.0,10.0,8.0,2.0,1.0,0.5,5,42.5,7.5
2068,3,8,2,1,0,3,2,0,1,0,2,5,3,3,1,2,3,44366.66667,51733.33333,31316.66667,53766.66667,45295.833335,7.589722222,16.667,5968.048896928392,45296.833335,4.656067841897904,,,0.03477299944594936,0.48012676807017174,0.4508215,0.48012676807017174,100,100,3,10,100,2,50,10,50,10,1,10,2,5,1,1,50,1.2000000000000002,1.7999999999999998,7.0,3.0,90.0,10.0,8.0,2.0,1.0,0.5,5,42.5,7.5
2069,3,8,1,1,0,3,3,0,1,1,2,3,0,3,1,2,2,46533.33333,59566.66667,59800.0,55866.66667,55441.6666675,7.589722222,16.667,7304.834754926029,55442.6666675,4.743844110693368,,,-0.01732905604737489,0.5678755573242487,0.4508215,0.5678755573242487,100,100,3,10,100,2,50,10,50,10,1,10,2,5,1,1,50,1.2000000000000002,1.7999999999999998,7.0,3.0,90.0,10.0,8.0,2.0,1.0,0.5,5,42.5,7.5
2070,3,9,1,1,0,3,3,0,1,0,3,3,0,3,1,1,2,129350.0,167216.6667,212383.3333,153933.3333,165720.833325,9.261111111,16.667,17894.271145085717,165721.833325,5.219379729106868,,,0.2456134370530192,1.0433295254143173,0.4508215,1.0433295254143173,100,100,3,10,100,2,50,10,50,10,1,10,2,5,1,1,50,1.2000000000000002,1.7999999999999998,7.0,3.0,90.0,10.0,8.0,2.0,1.0,0.5,5,42.5,7.5
2071,3,9,1,0,0,3,3,0,1,1,0,3,1,3,1,2,3,119550.0,118850.0,147983.3333,107583.3333,123491.66665,9.261111111,16.667,13334.433111737666,123492.66665,5.091641168705002,,,0.18707898600964068,0.9156050032857744,0.4508215,0.9156050032857744,100,100,3,10,100,2,50,10,50,10,1,10,2,5,1,1,50,1.2000000000000002,1.7999999999999998,7.0,3.0,90.0,10.0,8.0,2.0,1.0,0.5,5,42.5,7.5
2072,3,9,2,0,0,3,1,0,2,0,1,3,1,3,1,1,3,97816.66667,90200.0,67800.0,100000.0,88954.1666675,9.261111111,16.667,9605.12897441038,88955.1666675,4.949171177715282,,,0.579280843371996,0.7731564009236069,0.4508215,0.7731564009236069,100,100,3,10,100,2,50,10,50,10,1,10,2,5,1,1,50,1.2000000000000002,1.7999999999999998,7.0,3.0,90.0,10.0,8.0,2.0,1.0,0.5,5,42.5,7.5
2073,3,9,1,0,0,3,3,0,2,0,0,3,1,3,2,1,3,131366.6667,142916.6667,155050.0,122733.3333,138016.666675,9.261111111,16.667,14902.819437191394,138017.666675,5.139934680954795,,,0.3272267741153918,0.9638927178020207,0.4508215,0.9638927178020207,100,100,3,10,100,2,50,10,50,10,1,10,2,5,1,1,50,1.2000000000000002,1.7999999999999998,7.0,3.0,90.0,10.0,8.0,2.0,1.0,0.5,5,42.5,7.5
2074,3,9,1,1,0,3,2,0,0,0,3,3,0,3,1,1,3,134400.0,183750.0,138066.6667,126216.6667,145608.33335,9.261111111,16.667,15722.555490890492,145609.33335,5.163189213524344,,,0.1639033803815364,0.9871446803582108,0.4508215,0.9871446803582108,100,100,3,10,100,2,50,10,50,10,1,10,2,5,1,1,50,1.2000000000000002,1.7999999999999998,7.0,3.0,90.0,10.0,8.0,2.0,1.0,0.5,5,42.5,7.5
2075,3,9,2,0,3,3,1,3,0,3,3,1,3,0,2,1,3,3133.333333,3166.666667,3383.333333,3783.333333,3366.6666665000002,9.261111111,16.667,363.5272945274569,3367.6666665000002,3.5273290982480687,,,0.2123989741128529,-0.6467464287598742,0.4508215,-0.6467464287598742,100,100,3,10,100,2,50,10,50,10,1,10,2,5,1,1,50,1.2000000000000002,1.7999999999999998,7.0,3.0,90.0,10.0,8.0,2.0,1.0,0.5,5,42.5,7.5
2076,3,9,1,0,0,3,3,0,2,0,1,3,1,3,3,1,3,104600.0,111600.0,107316.6667,118216.6667,110433.33335,9.261111111,16.667,11924.415118919309,110434.33335,5.043104113849473,,,0.4304062941413287,0.8670744625279886,0.4508215,0.8670744625279886,100,100,3,10,100,2,50,10,50,10,1,10,2,5,1,1,50,1.2000000000000002,1.7999999999999998,7.0,3.0,90.0,10.0,8.0,2.0,1.0,0.5,5,42.5,7.5
2077,3,9,1,0,0,3,1,0,0,0,2,5,0,3,1,1,3,131650.0,130133.3333,127433.3333,108500.0,124429.16665,9.261111111,16.667,13435.66286578807,124430.16665,5.094925682777517,,,0.3776244055429503,0.9188891022898679,0.4508215,0.9188891022898679,100,100,3,10,100,2,50,10,50,10,1,10,2,5,1,1,50,1.2000000000000002,1.7999999999999998,7.0,3.0,90.0,10.0,8.0,2.0,1.0,0.5,5,42.5,7.5
2078,3,9,1,0,1,3,3,0,0,0,1,3,1,3,1,1,3,106316.6667,126016.6667,137033.3333,162883.3333,133062.5,9.261111111,16.667,14367.876424887438,133063.5,5.1240589426084195,,,0.4832660214491913,0.9480188147128225,0.4508215,0.9480188147128225,100,100,3,10,100,2,50,10,50,10,1,10,2,5,1,1,50,1.2000000000000002,1.7999999999999998,7.0,3.0,90.0,10.0,8.0,2.0,1.0,0.5,5,42.5,7.5
2079,3,9,1,1,0,3,3,0,0,0,0,3,0,4,1,1,3,208833.3333,262316.6667,190933.3333,234016.6667,224025.0,9.261111111,16.667,24189.8620278847,224026.0,5.350298424589791,,,0.4813745591216527,1.1742375363559832,0.4508215,1.1742375363559832,100,100,3,10,100,2,50,10,50,10,1,10,2,5,1,1,50,1.2000000000000002,1.7999999999999998,7.0,3.0,90.0,10.0,8.0,2.0,1.0,0.5,5,42.5,7.5
2080,3,9,1,0,0,4,2,5,1,0,0,4,3,3,1,1,3,199016.6667,247333.3333,222850.0,222783.3333,222995.833325,9.261111111,16.667,24078.734252538437,222996.833325,5.348298695876666,,,0.4238600063502975,1.17223794780422,0.4508215,1.17223794780422,100,100,3,10,100,2,50,10,50,10,1,10,2,5,1,1,50,1.2000000000000002,1.7999999999999998,7.0,3.0,90.0,10.0,8.0,2.0,1.0,0.5,5,42.5,7.5
2081,3,9,1,3,0,3,3,0,0,0,1,3,1,3,1,1,3,983.3333333,1150.0,1133.333333,933.3333333,1049.9999999000001,9.261111111,16.667,113.37732452565541,1050.9999999000001,3.02160271598692,,,-0.5420385575838229,-1.1480623997791484,0.4508215,-1.1480623997791484,100,100,3,10,100,2,50,10,50,10,1,10,2,5,1,1,50,1.2000000000000002,1.7999999999999998,7.0,3.0,90.0,10.0,8.0,2.0,1.0,0.5,5,42.5,7.5
2082,3,9,2,0,0,3,1,0,1,1,2,3,0,3,1,1,3,140100.0,154316.6667,132950.0,144450.0,142954.166675,9.261111111,16.667,15435.962808523525,142955.166675,5.1551998562165195,,,0.5282927717681636,0.979156190535673,0.4508215,0.979156190535673,100,100,3,10,100,2,50,10,50,10,1,10,2,5,1,1,50,1.2000000000000002,1.7999999999999998,7.0,3.0,90.0,10.0,8.0,2.0,1.0,0.5,5,42.5,7.5
2083,3,9,1,0,0,3,1,1,1,0,2,3,0,3,1,2,3,121500.0,162500.0,161600.0,161050.0,151662.5,9.261111111,16.667,16376.274745247465,151663.5,5.180881074155801,,,0.22825330791631604,1.0048346758625133,0.4508215,1.0048346758625133,100,100,3,10,100,2,50,10,50,10,1,10,2,5,1,1,50,1.2000000000000002,1.7999999999999998,7.0,3.0,90.0,10.0,8.0,2.0,1.0,0.5,5,42.5,7.5
2084,3,9,1,1,0,3,3,0,1,1,1,3,0,3,1,1,3,131966.6667,151466.6667,127183.3333,168150.0,144691.666675,9.261111111,16.667,15623.575286030275,144692.666675,5.160446520730048,,,0.4888537891335467,0.9844022835688752,0.4508215,0.9844022835688752,100,100,3,10,100,2,50,10,50,10,1,10,2,5,1,1,50,1.2000000000000002,1.7999999999999998,7.0,3.0,90.0,10.0,8.0,2.0,1.0,0.5,5,42.5,7.5
2085,3,9,2,0,3,3,1,3,0,3,3,1,3,1,2,0,3,4533.333333,5066.666667,6100.0,5283.333333,5245.83333325,9.261111111,16.667,566.4367126552662,5246.83333325,3.719897268963071,,,0.2834325501100774,-0.4548991227100788,0.4508215,-0.4548991227100788,100,100,3,10,100,2,50,10,50,10,1,10,2,5,1,1,50,1.2000000000000002,1.7999999999999998,7.0,3.0,90.0,10.0,8.0,2.0,1.0,0.5,5,42.5,7.5
2086,3,9,0,1,0,3,3,0,1,0,2,3,0,3,1,2,2,113466.6667,157633.3333,141766.6667,140850.0,138429.166675,9.261111111,16.667,14947.360528973571,138430.166675,5.141230741803387,,,0.2690849147906498,0.9651886317649307,0.4508215,0.9651886317649307,100,100,3,10,100,2,50,10,50,10,1,10,2,5,1,1,50,1.2000000000000002,1.7999999999999998,7.0,3.0,90.0,10.0,8.0,2.0,1.0,0.5,5,42.5,7.5
2087,3,9,1,2,0,3,3,1,0,0,1,3,0,3,1,1,3,109450.0,123433.3333,131366.6667,130583.3333,123708.333325,9.261111111,16.667,13357.828433573579,123709.333325,5.092402466473384,,,0.7613559835204295,0.9163662045683144,0.4508215,0.9163662045683144,100,100,3,10,100,2,50,10,50,10,1,10,2,5,1,1,50,1.2000000000000002,1.7999999999999998,7.0,3.0,90.0,10.0,8.0,2.0,1.0,0.5,5,42.5,7.5
2088,3,9,1,3,1,3,3,0,0,0,1,3,0,3,1,1,3,650.0,950.0,950.0,1033.333333,895.83333325,9.261111111,16.667,96.73065386138849,896.83333325,2.9527117416224957,,,-0.4834172649490913,-1.2158582273204734,0.4508215,-1.2158582273204734,100,100,3,10,100,2,50,10,50,10,1,10,2,5,1,1,50,1.2000000000000002,1.7999999999999998,7.0,3.0,90.0,10.0,8.0,2.0,1.0,0.5,5,42.5,7.5
2089,3,9,1,1,0,3,3,0,0,0,1,3,0,3,1,1,3,153750.0,227016.6667,200583.3333,189766.6667,192779.166675,9.261111111,16.667,20815.986803789034,192780.166675,5.285062351420178,,,0.6233774859428856,1.1090063854929362,0.4508215,1.1090063854929362,100,100,3,10,100,2,50,10,50,10,1,10,2,5,1,1,50,1.2000000000000002,1.7999999999999998,7.0,3.0,90.0,10.0,8.0,2.0,1.0,0.5,5,42.5,7.5
2090,3,9,1,1,0,4,2,0,0,0,2,3,0,3,1,1,3,171483.3333,242866.6667,232400.0,254350.0,225275.0,9.261111111,16.667,24324.835033285242,225276.0,5.352714926198923,,,0.26062494291972893,1.1766538694509037,0.4508215,1.1766538694509037,100,100,3,10,100,2,50,10,50,10,1,10,2,5,1,1,50,1.2000000000000002,1.7999999999999998,7.0,3.0,90.0,10.0,8.0,2.0,1.0,0.5,5,42.5,7.5
2091,3,9,0,3,0,3,3,0,0,0,1,3,0,3,1,1,3,1233.333333,1366.666667,1566.666667,1800.0,1491.6666667499999,9.261111111,16.667,161.06778645364207,1492.6666667499999,3.173962834547595,,,-0.42580777081621246,-0.9975938342334569,0.4508215,-0.9975938342334569,100,100,3,10,100,2,50,10,50,10,1,10,2,5,1,1,50,1.2000000000000002,1.7999999999999998,7.0,3.0,90.0,10.0,8.0,2.0,1.0,0.5,5,42.5,7.5
2092,3,9,1,3,0,3,3,0,0,0,1,3,0,3,0,1,3,450.0,433.3333333,383.3333333,616.6666667,470.833333325,9.261111111,16.667,50.839832033303416,471.833333325,2.673788618973789,,,-0.2924711852813662,-1.488116342075159,0.4508215,-1.488116342075159,100,100,3,10,100,2,50,10,50,10,1,10,2,5,1,1,50,1.2000000000000002,1.7999999999999998,7.0,3.0,90.0,10.0,8.0,2.0,1.0,0.5,5,42.5,7.5
2093,3,9,1,3,0,3,3,0,0,0,1,3,0,2,1,1,3,350.0,433.3333333,366.6666667,266.6666667,354.166666675,9.261111111,16.667,38.2423515310527,355.166666675,2.550432199340748,,,-0.5821026054949527,-1.6069121037357281,0.4508215,-1.6069121037357281,100,100,3,10,100,2,50,10,50,10,1,10,2,5,1,1,50,1.2000000000000002,1.7999999999999998,7.0,3.0,90.0,10.0,8.0,2.0,1.0,0.5,5,42.5,7.5
2094,3,9,1,0,0,3,3,1,1,0,0,3,0,3,1,1,3,133500.0,158066.6667,151016.6667,140250.0,145708.33335,9.261111111,16.667,15733.353331322536,145709.33335,5.163487371211169,,,0.33276324107671496,0.9874428059788829,0.4508215,0.9874428059788829,100,100,3,10,100,2,50,10,50,10,1,10,2,5,1,1,50,1.2000000000000002,1.7999999999999998,7.0,3.0,90.0,10.0,8.0,2.0,1.0,0.5,5,42.5,7.5
2095,3,9,1,3,0,3,3,0,0,1,1,3,0,3,1,1,3,500.0,450.0,533.3333333,500.0,495.833333325,9.261111111,16.667,53.53929214131421,496.833333325,2.696210725641703,,,-0.854097659357647,-1.4663971068670871,0.4508215,-1.4663971068670871,100,100,3,10,100,2,50,10,50,10,1,10,2,5,1,1,50,1.2000000000000002,1.7999999999999998,7.0,3.0,90.0,10.0,8.0,2.0,1.0,0.5,5,42.5,7.5
2096,3,9,1,1,0,3,3,0,0,0,1,3,2,3,1,1,3,225266.6667,247800.0,244883.3333,258733.3333,244170.833325,9.261111111,16.667,26365.17696402358,244171.833325,5.387695564043539,,,0.638871942822548,1.2116321700912003,0.4508215,1.2116321700912003,100,100,3,10,100,2,50,10,50,10,1,10,2,5,1,1,50,1.2000000000000002,1.7999999999999998,7.0,3.0,90.0,10.0,8.0,2.0,1.0,0.5,5,42.5,7.5
2097,3,9,1,1,0,3,3,3,1,0,1,3,1,3,1,1,3,213250.0,238033.3333,186783.3333,196083.3333,208537.49997499998,9.261111111,16.667,22517.546488272554,208538.49997499998,5.319186245320154,,,0.5021763000087667,1.1431276125472645,0.4508215,1.1431276125472645,100,100,3,10,100,2,50,10,50,10,1,10,2,5,1,1,50,1.2000000000000002,1.7999999999999998,7.0,3.0,90.0,10.0,8.0,2.0,1.0,0.5,5,42.5,7.5
2098,3,9,1,3,0,3,3,0,0,0,1,3,0,3,1,1,2,583.3333333,616.6666667,450.0,550.0,550.0,9.261111111,16.667,59.38812237623741,551.0,2.741151598851785,,,-0.7540465802203786,-1.4227633369298025,0.4508215,-1.4227633369298025,100,100,3,10,100,2,50,10,50,10,1,10,2,5,1,1,50,1.2000000000000002,1.7999999999999998,7.0,3.0,90.0,10.0,8.0,2.0,1.0,0.5,5,42.5,7.5
2099,3,9,1,0,0,3,4,0,0,0,1,3,0,3,1,1,3,244866.6667,252033.3333,246783.3333,232116.6667,243950.0,9.261111111,16.667,26341.331733969302,243951.0,5.387302602704861,,,0.6090671594638533,1.2112392339762188,0.4508215,1.2112392339762188,100,100,3,10,100,2,50,10,50,10,1,10,2,5,1,1,50,1.2000000000000002,1.7999999999999998,7.0,3.0,90.0,10.0,8.0,2.0,1.0,0.5,5,42.5,7.5
2100,3,9,1,1,0,3,3,0,0,0,1,3,1,3,1,1,2,132050.0,147333.3333,144216.6667,129933.3333,138383.333325,9.261111111,16.667,14942.411516975915,138384.333325,5.141086925845957,,,0.4935997121355964,0.9650448320848967,0.4508215,0.9650448320848967,100,100,3,10,100,2,50,10,50,10,1,10,2,5,1,1,50,1.2000000000000002,1.7999999999999998,7.0,3.0,90.0,10.0,8.0,2.0,1.0,0.5,5,42.5,7.5
2101,3,9,1,3,0,3,3,0,0,0,1,3,0,3,2,1,3,716.6666667,733.3333333,1316.666667,833.3333333,900.000000075,9.261111111,16.667,97.18056389648687,901.000000075,2.954724791015214,,,-0.7457261122234398,-1.2138796619843104,0.4508215,-1.2138796619843104,100,100,3,10,100,2,50,10,50,10,1,10,2,5,1,1,50,1.2000000000000002,1.7999999999999998,7.0,3.0,90.0,10.0,8.0,2.0,1.0,0.5,5,42.5,7.5
2102,3,9,1,1,0,3,4,0,1,0,2,3,0,3,1,1,1,124233.3333,120533.3333,120833.3333,115166.6667,120191.66665,9.261111111,16.667,12978.104377480242,120192.66665,5.07987797073997,,,0.554420664457667,0.9038433178685317,0.4508215,0.9038433178685317,100,100,3,10,100,2,50,10,50,10,1,10,2,5,1,1,50,1.2000000000000002,1.7999999999999998,7.0,3.0,90.0,10.0,8.0,2.0,1.0,0.5,5,42.5,7.5
2103,3,9,1,0,0,3,3,0,0,0,1,3,1,3,1,1,3,182566.6667,190633.3333,170716.6667,164850.0,177191.666675,9.261111111,16.667,19132.873426444305,177192.666675,5.248445744139721,,,0.44761881580136453,1.0723928827840778,0.4508215,1.0723928827840778,100,100,3,10,100,2,50,10,50,10,1,10,2,5,1,1,50,1.2000000000000002,1.7999999999999998,7.0,3.0,90.0,10.0,8.0,2.0,1.0,0.5,5,42.5,7.5
2104,3,9,1,3,0,3,3,0,0,0,2,3,0,3,1,1,3,650.0,700.0,983.3333333,750.0,770.833333325,9.261111111,16.667,83.23335332943292,771.833333325,2.8875235306055607,,,-0.7865947736445755,-1.2798405127703256,0.4508215,-1.2798405127703256,100,100,3,10,100,2,50,10,50,10,1,10,2,5,1,1,50,1.2000000000000002,1.7999999999999998,7.0,3.0,90.0,10.0,8.0,2.0,1.0,0.5,5,42.5,7.5
2105,3,9,1,1,0,3,3,0,0,0,1,2,0,3,1,1,3,176433.3333,161233.3333,180766.6667,138450.0,164220.833325,9.261111111,16.667,17732.30353860507,164221.833325,5.215430896158685,,,0.595580962641721,1.0393810674473782,0.4508215,1.0393810674473782,100,100,3,10,100,2,50,10,50,10,1,10,2,5,1,1,50,1.2000000000000002,1.7999999999999998,7.0,3.0,90.0,10.0,8.0,2.0,1.0,0.5,5,42.5,7.5
2106,3,9,1,1,0,3,2,0,1,0,1,3,0,3,1,1,2,175150.0,176600.0,151216.6667,167533.3333,167625.0,9.261111111,16.667,18099.880024212358,167626.0,5.224341381721319,,,0.5146181812646979,1.0482907116774796,0.4508215,1.0482907116774796,100,100,3,10,100,2,50,10,50,10,1,10,2,5,1,1,50,1.2000000000000002,1.7999999999999998,7.0,3.0,90.0,10.0,8.0,2.0,1.0,0.5,5,42.5,7.5
2107,3,9,1,1,0,3,3,0,0,0,1,3,0,3,1,3,3,71533.33333,60650.0,56116.66667,47500.0,58950.0,9.261111111,16.667,6365.326934689446,58951.0,4.770491176535406,,,0.2905213333133787,0.5945153215894076,0.4508215,0.5945153215894076,100,100,3,10,100,2,50,10,50,10,1,10,2,5,1,1,50,1.2000000000000002,1.7999999999999998,7.0,3.0,90.0,10.0,8.0,2.0,1.0,0.5,5,42.5,7.5
2108,3,9,2,3,0,3,3,0,0,0,1,3,0,3,1,1,3,133.3333333,133.3333333,133.3333333,150.0,137.49999997499998,9.261111111,16.667,14.847030591359891,138.49999997499998,2.141449773322075,,,-1.1593122162590612,-1.9880998377566375,0.4508215,-1.9880998377566375,100,100,3,10,100,2,50,10,50,10,1,10,2,5,1,1,50,1.2000000000000002,1.7999999999999998,7.0,3.0,90.0,10.0,8.0,2.0,1.0,0.5,5,42.5,7.5
2109,3,9,2,0,3,3,1,3,0,3,3,1,3,1,2,1,2,5700.0,4050.0,3883.333333,4433.333333,4516.6666665,9.261111111,16.667,487.7024594959533,4517.6666665,3.6549141835918144,,,-0.49368376642128275,-0.5196735734876762,0.4508215,-0.5196735734876762,100,100,3,10,100,2,50,10,50,10,1,10,2,5,1,1,50,1.2000000000000002,1.7999999999999998,7.0,3.0,90.0,10.0,8.0,2.0,1.0,0.5,5,42.5,7.5
2110,3,9,1,1,0,3,3,0,0,0,3,3,1,3,1,2,3,179416.6667,152983.3333,133033.3333,152333.3333,154441.66665,9.261111111,16.667,16676.364725455027,154442.66665,5.188767291665958,,,0.21324924990715477,1.0127200861526562,0.4508215,1.0127200861526562,100,100,3,10,100,2,50,10,50,10,1,10,2,5,1,1,50,1.2000000000000002,1.7999999999999998,7.0,3.0,90.0,10.0,8.0,2.0,1.0,0.5,5,42.5,7.5
2111,3,9,1,1,0,3,3,0,1,0,3,3,0,3,1,2,2,176366.6667,160550.0,180216.6667,169733.3333,171716.666675,9.261111111,16.667,18541.69166278994,171717.666675,5.234814978589974,,,0.2696083855696507,1.058763341440449,0.4508215,1.058763341440449,100,100,3,10,100,2,50,10,50,10,1,10,2,5,1,1,50,1.2000000000000002,1.7999999999999998,7.0,3.0,90.0,10.0,8.0,2.0,1.0,0.5,5,42.5,7.5
2112,3,9,1,3,0,3,3,0,0,0,1,3,0,3,1,2,3,433.3333333,200.0,483.3333333,250.0,341.66666665,9.261111111,16.667,36.89262147434785,342.66666665,2.5348718599184714,,,-0.9741665101485406,-1.6218036455492402,0.4508215,-1.6218036455492402,100,100,3,10,100,2,50,10,50,10,1,10,2,5,1,1,50,1.2000000000000002,1.7999999999999998,7.0,3.0,90.0,10.0,8.0,2.0,1.0,0.5,5,42.5,7.5
2113,3,9,2,0,0,4,2,3,0,0,2,5,3,3,1,2,3,83100.0,66416.66667,65783.33333,70566.66667,71466.6666675,9.261111111,16.667,7716.856628856831,71467.6666675,4.854109603145362,,,0.11906498941962163,0.6781135388299662,0.4508215,0.6781135388299662,100,100,3,10,100,2,50,10,50,10,1,10,2,5,1,1,50,1.2000000000000002,1.7999999999999998,7.0,3.0,90.0,10.0,8.0,2.0,1.0,0.5,5,42.5,7.5
2114,3,9,1,1,0,3,3,0,1,1,2,3,0,3,1,2,2,102966.6667,103700.0,102366.6667,125700.0,108683.33335,9.261111111,16.667,11735.452911358554,108684.33335,5.0361669458341405,,,0.2749937790933972,0.8601382864289856,0.4508215,0.8601382864289856,100,100,3,10,100,2,50,10,50,10,1,10,2,5,1,1,50,1.2000000000000002,1.7999999999999998,7.0,3.0,90.0,10.0,8.0,2.0,1.0,0.5,5,42.5,7.5
2115,3,9,1,1,0,3,2,0,1,0,3,4,3,3,1,1,2,135716.6667,148683.3333,128966.6667,139966.6667,138333.33335,9.261111111,16.667,14937.012599459353,138334.33335,5.140929981511589,,,0.08124060697451352,0.9648879055199745,0.4508215,0.9648879055199745,100,100,3,10,100,2,50,10,50,10,1,10,2,5,1,1,50,1.2000000000000002,1.7999999999999998,7.0,3.0,90.0,10.0,8.0,2.0,1.0,0.5,5,42.5,7.5
2116,3,9,1,0,0,3,3,0,0,1,0,3,1,3,1,1,3,126550.0,104833.3333,105016.6667,118550.0,113737.5,9.261111111,16.667,12281.193761395096,113738.5,5.055907496414667,,,0.28438631450469565,0.879876055477508,0.4508215,0.879876055477508,100,100,3,10,100,2,50,10,50,10,1,10,2,5,1,1,50,1.2000000000000002,1.7999999999999998,7.0,3.0,90.0,10.0,8.0,2.0,1.0,0.5,5,42.5,7.5
2117,3,9,2,0,0,3,2,0,2,0,1,3,1,3,0,1,3,31466.66667,24016.66667,28366.66667,27416.66667,27816.66667,9.261111111,16.667,3003.599280539935,27817.66667,4.444320698810522,,,0.6434699512746938,0.2684739669614012,0.4508215,0.2684739669614012,100,100,3,10,100,2,50,10,50,10,1,10,2,5,1,1,50,1.2000000000000002,1.7999999999999998,7.0,3.0,90.0,10.0,8.0,2.0,1.0,0.5,5,42.5,7.5
2118,3,9,1,0,0,3,3,0,2,0,0,3,1,3,2,0,3,122000.0,127316.6667,94750.0,113650.0,114429.166675,9.261111111,16.667,12355.878825283215,114430.166675,5.058540530518475,,,0.5978715463153836,0.8825087280388285,0.4508215,0.8825087280388285,100,100,3,10,100,2,50,10,50,10,1,10,2,5,1,1,50,1.2000000000000002,1.7999999999999998,7.0,3.0,90.0,10.0,8.0,2.0,1.0,0.5,5,42.5,7.5
2119,3,9,1,1,0,3,3,0,0,0,3,3,0,3,1,1,3,177750.0,157233.3333,136533.3333,160316.6667,157958.333325,9.261111111,16.667,17056.088781548366,157959.333325,5.198545292107526,,,0.26160191875932526,1.022497105873813,0.4508215,1.022497105873813,100,100,3,10,100,2,50,10,50,10,1,10,2,5,1,1,50,1.2000000000000002,1.7999999999999998,7.0,3.0,90.0,10.0,8.0,2.0,1.0,0.5,5,42.5,7.5
2120,3,9,2,0,3,3,1,3,0,3,3,2,1,0,2,1,2,4300.0,3116.666667,3916.666667,4516.666667,3962.50000025,9.261111111,16.667,427.86442714670505,3963.50000025,3.5980788625568114,,,-0.2839689205906124,-0.5762990927755673,0.4508215,-0.5762990927755673,100,100,3,10,100,2,50,10,50,10,1,10,2,5,1,1,50,1.2000000000000002,1.7999999999999998,7.0,3.0,90.0,10.0,8.0,2.0,1.0,0.5,5,42.5,7.5
2121,3,9,1,0,0,3,3,0,1,0,1,3,1,3,3,1,3,155516.6667,162666.6667,105350.0,146883.3333,142604.166675,9.261111111,16.667,15398.170367011375,142605.166675,5.154135260563487,,,0.38824046642894494,0.9780917116860263,0.4508215,0.9780917116860263,100,100,3,10,100,2,50,10,50,10,1,10,2,5,1,1,50,1.2000000000000002,1.7999999999999998,7.0,3.0,90.0,10.0,8.0,2.0,1.0,0.5,5,42.5,7.5
2122,3,9,1,0,0,3,1,0,0,3,3,1,0,3,1,1,3,179383.3333,183650.0,166016.6667,165866.6667,173729.166675,9.261111111,16.667,18758.99820148481,173730.166675,5.2398752363110574,,,-0.09515771981033794,1.063823140199843,0.4508215,1.063823140199843,100,100,3,10,100,2,50,10,50,10,1,10,2,5,1,1,50,1.2000000000000002,1.7999999999999998,7.0,3.0,90.0,10.0,8.0,2.0,1.0,0.5,5,42.5,7.5
2123,3,9,1,0,1,3,3,0,1,0,1,3,1,3,1,1,3,139766.6667,123700.0,144250.0,138266.6667,136495.83335,9.261111111,16.667,14738.60228152056,136496.83335,5.135122576105173,,,0.5259586882417953,0.959081162170633,0.4508215,0.959081162170633,100,100,3,10,100,2,50,10,50,10,1,10,2,5,1,1,50,1.2000000000000002,1.7999999999999998,7.0,3.0,90.0,10.0,8.0,2.0,1.0,0.5,5,42.5,7.5
2124,3,9,1,2,0,3,3,0,0,0,0,3,0,4,1,1,3,125916.6667,145650.0,108116.6667,146066.6667,131437.50002500002,9.261111111,16.667,14192.411520566198,131438.50002500002,5.118722594290498,,,0.7255096809973978,0.9426830985017984,0.4508215,0.9426830985017984,100,100,3,10,100,2,50,10,50,10,1,10,2,5,1,1,50,1.2000000000000002,1.7999999999999998,7.0,3.0,90.0,10.0,8.0,2.0,1.0,0.5,5,42.5,7.5
2125,3,9,1,3,0,3,4,5,1,0,1,4,3,3,2,1,3,333.3333333,366.6666667,433.3333333,383.3333333,379.16666665,9.261111111,16.667,40.94181163636403,380.16666665,2.5799740348739655,,,-1.4531940887459789,-1.5785785297752106,0.4508215,-1.5785785297752106,100,100,3,10,100,2,50,10,50,10,1,10,2,5,1,1,50,1.2000000000000002,1.7999999999999998,7.0,3.0,90.0,10.0,8.0,2.0,1.0,0.5,5,42.5,7.5
2126,3,9,1,2,0,3,3,0,0,0,1,3,1,3,1,1,3,89483.33333,98316.66667,92350.0,110833.3333,97745.833325,9.261111111,16.667,10554.439111404372,97746.833325,4.990102696587031,,,0.7015501483886979,0.8140810412841277,0.4508215,0.8140810412841277,100,100,3,10,100,2,50,10,50,10,1,10,2,5,1,1,50,1.2000000000000002,1.7999999999999998,7.0,3.0,90.0,10.0,8.0,2.0,1.0,0.5,5,42.5,7.5
2127,3,9,2,0,0,3,1,0,1,1,2,1,0,3,2,1,3,136833.3333,152233.3333,131716.6667,141716.6667,140625.0,9.261111111,16.667,15184.463107560701,140626.0,5.148065623760773,,,0.12916394007942955,0.9720227463177211,0.4508215,0.9720227463177211,100,100,3,10,100,2,50,10,50,10,1,10,2,5,1,1,50,1.2000000000000002,1.7999999999999998,7.0,3.0,90.0,10.0,8.0,2.0,1.0,0.5,5,42.5,7.5
2128,3,9,2,0,0,3,1,1,1,2,2,3,0,3,1,2,3,92450.0,78800.0,87650.0,66966.66667,81466.6666675,9.261111111,16.667,8796.640672061149,81467.6666675,4.910985277769574,,,0.2594268860332667,0.7349775296055712,0.4508215,0.7349775296055712,100,100,3,10,100,2,50,10,50,10,1,10,2,5,1,1,50,1.2000000000000002,1.7999999999999998,7.0,3.0,90.0,10.0,8.0,2.0,1.0,0.5,5,42.5,7.5
2129,3,9,1,1,0,3,3,0,0,1,2,3,0,3,1,1,3,141650.0,140366.6667,105400.0,125016.6667,128108.33335,9.261111111,16.667,13832.93341528294,128109.33335,5.10758077123371,,,0.31845018539457204,0.9315426205305136,0.4508215,0.9315426205305136,100,100,3,10,100,2,50,10,50,10,1,10,2,5,1,1,50,1.2000000000000002,1.7999999999999998,7.0,3.0,90.0,10.0,8.0,2.0,1.0,0.5,5,42.5,7.5
2130,3,9,2,0,3,3,1,3,0,3,2,1,0,1,2,0,3,3966.666667,3616.666667,4333.333333,3583.333333,3875.0,9.261111111,16.667,418.4163167416727,3876.0,3.5883837683787276,,,0.02356803107622296,-0.5859555873385247,0.4508215,-0.5859555873385247,100,100,3,10,100,2,50,10,50,10,1,10,2,5,1,1,50,1.2000000000000002,1.7999999999999998,7.0,3.0,90.0,10.0,8.0,2.0,1.0,0.5,5,42.5,7.5
2131,3,9,0,2,0,3,3,0,1,0,2,3,0,3,1,1,3,79966.66667,83350.0,76400.0,83550.0,80816.6666675,9.261111111,16.667,8726.454709252866,80817.6666675,4.907506307526357,,,0.3786290842727009,0.7314992309583211,0.4508215,0.7314992309583211,100,100,3,10,100,2,50,10,50,10,1,10,2,5,1,1,50,1.2000000000000002,1.7999999999999998,7.0,3.0,90.0,10.0,8.0,2.0,1.0,0.5,5,42.5,7.5
2132,3,9,1,2,0,3,3,0,0,0,1,3,0,3,1,1,3,78416.66667,84100.0,73166.66667,85000.0,80170.833335,9.261111111,16.667,8656.71865655257,80171.833335,4.904021814970349,,,0.6655530041564859,0.7280154164776782,0.4508215,0.7280154164776782,100,100,3,10,100,2,50,10,50,10,1,10,2,5,1,1,50,1.2000000000000002,1.7999999999999998,7.0,3.0,90.0,10.0,8.0,2.0,1.0,0.5,5,42.5,7.5
2133,3,9,1,3,1,3,3,0,0,0,3,3,1,3,1,1,3,1233.333333,1066.666667,1533.333333,1550.0,1345.8333332500001,9.261111111,16.667,145.32093580558274,1346.8333332500001,3.129313856355341,,,-0.7276991325387896,-1.041754641884162,0.4508215,-1.041754641884162,100,100,3,10,100,2,50,10,50,10,1,10,2,5,1,1,50,1.2000000000000002,1.7999999999999998,7.0,3.0,90.0,10.0,8.0,2.0,1.0,0.5,5,42.5,7.5
2134,3,9,1,1,0,3,3,0,0,0,1,3,0,3,1,1,3,156933.3333,194300.0,166450.0,160783.3333,169616.66665,9.261111111,16.667,18314.937011017577,169617.66665,5.229471084530518,,,0.5677862190532252,1.0534199379086795,0.4508215,1.0534199379086795,100,100,3,10,100,2,50,10,50,10,1,10,2,5,1,1,50,1.2000000000000002,1.7999999999999998,7.0,3.0,90.0,10.0,8.0,2.0,1.0,0.5,5,42.5,7.5
2135,3,9,1,1,0,4,2,0,0,0,2,3,0,3,1,1,3,297516.6667,304216.6667,288683.3333,292533.3333,295737.5,9.261111111,16.667,31933.263347713655,295738.5,5.470907865781301,,,0.3788178825021076,1.2948396132378868,0.4508215,1.2948396132378868,100,100,3,10,100,2,50,10,50,10,1,10,2,5,1,1,50,1.2000000000000002,1.7999999999999998,7.0,3.0,90.0,10.0,8.0,2.0,1.0,0.5,5,42.5,7.5
2136,3,9,0,3,0,3,3,0,0,0,4,3,0,3,1,1,3,18816.66667,22283.33333,21200.0,24066.66667,21591.6666675,9.261111111,16.667,2331.4337133753024,21592.6666675,4.334306280475234,,,0.1939120633015028,0.15853001838228478,0.4508215,0.15853001838228478,100,100,3,10,100,2,50,10,50,10,1,10,2,5,1,1,50,1.2000000000000002,1.7999999999999998,7.0,3.0,90.0,10.0,8.0,2.0,1.0,0.5,5,42.5,7.5
2137,3,9,1,3,0,3,3,3,0,0,3,3,4,3,0,1,3,1083.333333,1233.333333,1066.666667,1533.333333,1229.1666665,9.261111111,16.667,132.72345529253417,1230.1666665,3.089963954884734,,,-0.18118947065382462,-1.0806311963017803,0.4508215,-1.0806311963017803,100,100,3,10,100,2,50,10,50,10,1,10,2,5,1,1,50,1.2000000000000002,1.7999999999999998,7.0,3.0,90.0,10.0,8.0,2.0,1.0,0.5,5,42.5,7.5
2138,3,9,1,3,0,3,3,0,0,0,1,3,0,2,1,1,3,916.6666667,833.3333333,1166.666667,866.6666667,945.833333425,9.261111111,16.667,102.12957409630629,946.833333425,2.976273538935661,,,-0.15626126590003997,-1.1926903704287923,0.4508215,-1.1926903704287923,100,100,3,10,100,2,50,10,50,10,1,10,2,5,1,1,50,1.2000000000000002,1.7999999999999998,7.0,3.0,90.0,10.0,8.0,2.0,1.0,0.5,5,42.5,7.5
2139,3,9,1,0,0,3,3,1,1,0,0,3,0,3,1,1,3,130100.0,131200.0,117083.3333,129616.6667,127000.0,9.261111111,16.667,13713.25734869482,127001.0,5.103807140584084,,,0.27308301044962935,0.9277694533270647,0.4508215,0.9277694533270647,100,100,3,10,100,2,50,10,50,10,1,10,2,5,1,1,50,1.2000000000000002,1.7999999999999998,7.0,3.0,90.0,10.0,8.0,2.0,1.0,0.5,5,42.5,7.5
2140,3,9,1,3,0,3,3,0,0,1,1,3,0,3,1,1,3,466.6666667,416.6666667,533.3333333,366.6666667,445.83333335,9.261111111,16.667,48.140371927992085,446.83333335,2.650145563615435,,,-0.900162821383915,-1.5109792089600604,0.4508215,-1.5109792089600604,100,100,3,10,100,2,50,10,50,10,1,10,2,5,1,1,50,1.2000000000000002,1.7999999999999998,7.0,3.0,90.0,10.0,8.0,2.0,1.0,0.5,5,42.5,7.5
2141,3,9,1,1,0,3,3,0,0,0,1,3,2,3,0,1,3,46433.33333,34283.33333,41133.33333,34083.33333,38983.33333,9.261111111,16.667,4209.3581280649,38984.33333,4.590890111762341,,,0.3496858136133607,0.41497335164561744,0.4508215,0.41497335164561744,100,100,3,10,100,2,50,10,50,10,1,10,2,5,1,1,50,1.2000000000000002,1.7999999999999998,7.0,3.0,90.0,10.0,8.0,2.0,1.0,0.5,5,42.5,7.5
2142,3,9,1,1,0,3,4,3,1,0,1,3,1,4,1,2,3,146766.6667,236333.3333,149383.3333,213416.6667,186475.0,9.261111111,16.667,20135.272945652494,186476.0,5.270622944786656,,,-0.07591751646638656,1.0945681719588922,0.4508215,1.0945681719588922,100,100,3,10,100,2,50,10,50,10,1,10,2,5,1,1,50,1.2000000000000002,1.7999999999999998,7.0,3.0,90.0,10.0,8.0,2.0,1.0,0.5,5,42.5,7.5
2143,3,9,1,3,0,3,3,0,0,0,2,3,0,3,1,1,2,450.0,333.3333333,533.3333333,450.0,441.66666665,9.261111111,16.667,47.69046190639101,442.66666665,2.646076820295985,,,-1.0578529224326085,-1.5149094997744372,0.4508215,-1.5149094997744372,100,100,3,10,100,2,50,10,50,10,1,10,2,5,1,1,50,1.2000000000000002,1.7999999999999998,7.0,3.0,90.0,10.0,8.0,2.0,1.0,0.5,5,42.5,7.5
2144,3,9,1,0,0,3,1,0,1,2,1,3,4,2,1,1,3,76483.33333,55233.33333,68800.0,74683.33333,68799.9999975,9.261111111,16.667,7428.9142169757515,68800.9999975,4.8375947505936505,,,-0.02738018349141491,0.6616023755232303,0.4508215,0.6616023755232303,100,100,3,10,100,2,50,10,50,10,1,10,2,5,1,1,50,1.2000000000000002,1.7999999999999998,7.0,3.0,90.0,10.0,8.0,2.0,1.0,0.5,5,42.5,7.5
2145,3,9,1,1,0,3,3,0,0,0,1,4,1,3,1,1,2,98783.33333,115850.0,103783.3333,149766.6667,117045.8333325,9.261111111,16.667,12638.422315598542,117046.8333325,5.068359668482666,,,0.4172131991506429,0.8923265368971853,0.4508215,0.8923265368971853,100,100,3,10,100,2,50,10,50,10,1,10,2,5,1,1,50,1.2000000000000002,1.7999999999999998,7.0,3.0,90.0,10.0,8.0,2.0,1.0,0.5,5,42.5,7.5
2146,3,9,1,1,0,3,3,0,0,0,1,3,1,3,2,1,3,92866.66667,90950.0,103000.0,109350.0,99041.6666675,9.261111111,16.667,10694.361127992734,99042.6666675,4.995822324965515,,,0.10813556468627361,0.8197997590678759,0.4508215,0.8197997590678759,100,100,3,10,100,2,50,10,50,10,1,10,2,5,1,1,50,1.2000000000000002,1.7999999999999998,7.0,3.0,90.0,10.0,8.0,2.0,1.0,0.5,5,42.5,7.5
2147,3,9,1,1,2,3,2,2,1,0,2,3,0,3,1,1,1,107100.0,87350.0,94650.0,93250.0,95587.5,9.261111111,16.667,10321.385722979261,95588.5,4.980405646596596,,,0.20096041742590742,0.8043855627776013,0.4508215,0.8043855627776013,100,100,3,10,100,2,50,10,50,10,1,10,2,5,1,1,50,1.2000000000000002,1.7999999999999998,7.0,3.0,90.0,10.0,8.0,2.0,1.0,0.5,5,42.5,7.5
2148,3,9,1,0,0,3,2,0,0,0,3,3,1,3,1,1,3,165066.6667,185133.3333,165466.6667,222133.3333,184450.0,9.261111111,16.667,19916.616676903617,184451.0,5.265881014094156,,,0.1671722933196289,1.0898266418143645,0.4508215,1.0898266418143645,100,100,3,10,100,2,50,10,50,10,1,10,2,5,1,1,50,1.2000000000000002,1.7999999999999998,7.0,3.0,90.0,10.0,8.0,2.0,1.0,0.5,5,42.5,7.5
2149,3,9,1,3,0,4,3,0,1,0,2,4,2,3,1,1,3,500.0,400.0,333.3333333,516.6666667,437.5,9.261111111,16.667,47.24055189018885,438.5,2.6419695977020594,,,-1.5142497668139137,-1.518875684078537,0.4508215,-1.518875684078537,100,100,3,10,100,2,50,10,50,10,1,10,2,5,1,1,50,1.2000000000000002,1.7999999999999998,7.0,3.0,90.0,10.0,8.0,2.0,1.0,0.5,5,42.5,7.5
2150,3,9,2,1,0,3,1,0,0,2,4,2,2,2,2,1,3,159633.3333,135216.6667,165200.0,158916.6667,154741.666675,9.261111111,16.667,16708.758249450613,154742.666675,5.189610076767791,,,-0.13925900014056758,1.0135627858520906,0.4508215,1.0135627858520906,100,100,3,10,100,2,50,10,50,10,1,10,2,5,1,1,50,1.2000000000000002,1.7999999999999998,7.0,3.0,90.0,10.0,8.0,2.0,1.0,0.5,5,42.5,7.5
2151,3,9,1,2,0,3,2,3,1,0,1,5,0,3,1,1,2,32650.0,42283.33333,50150.0,61716.66667,46700.0,9.261111111,16.667,5042.591481764159,46701.0,4.669326180134252,,,0.3688917800536631,0.4933805914197446,0.4508215,0.4933805914197446,100,100,3,10,100,2,50,10,50,10,1,10,2,5,1,1,50,1.2000000000000002,1.7999999999999998,7.0,3.0,90.0,10.0,8.0,2.0,1.0,0.5,5,42.5,7.5
2152,3,9,2,0,0,3,3,5,0,0,1,3,5,2,1,3,3,5283.333333,4433.333333,4683.333333,4883.333333,4820.833333,9.261111111,16.667,520.5458907920881,4821.833333,3.6832121948822985,,,-0.3371686015615025,-0.4914702511330943,0.4508215,-0.4914702511330943,100,100,3,10,100,2,50,10,50,10,1,10,2,5,1,1,50,1.2000000000000002,1.7999999999999998,7.0,3.0,90.0,10.0,8.0,2.0,1.0,0.5,5,42.5,7.5
2153,3,9,2,3,0,3,3,0,0,1,1,3,0,3,1,2,3,533.3333333,383.3333333,516.6666667,300.0,433.333333325,9.261111111,16.667,46.790641871287235,434.333333325,2.6378231609845897,,,-0.6929648491874647,-1.522878423588883,0.4508215,-1.522878423588883,100,100,3,10,100,2,50,10,50,10,1,10,2,5,1,1,50,1.2000000000000002,1.7999999999999998,7.0,3.0,90.0,10.0,8.0,2.0,1.0,0.5,5,42.5,7.5
2154,3,9,2,0,3,3,2,2,0,3,3,1,2,1,2,0,2,16150.0,12733.33333,15233.33333,13333.33333,14362.499997500001,9.261111111,16.667,1550.8398317822537,14363.499997500001,4.157260278652157,,,0.4574840463305345,-0.0183575314836296,0.4508215,-0.0183575314836296,100,100,3,10,100,2,50,10,50,10,1,10,2,5,1,1,50,1.2000000000000002,1.7999999999999998,7.0,3.0,90.0,10.0,8.0,2.0,1.0,0.5,5,42.5,7.5
2155,3,9,1,1,0,3,3,0,0,0,3,3,1,3,1,2,3,135900.0,141583.3333,128816.6667,140700.0,136750.0,9.261111111,16.667,14766.04679081903,136751.0,5.135930510821878,,,0.1604124690630746,0.9598890042500493,0.4508215,0.9598890042500493,100,100,3,10,100,2,50,10,50,10,1,10,2,5,1,1,50,1.2000000000000002,1.7999999999999998,7.0,3.0,90.0,10.0,8.0,2.0,1.0,0.5,5,42.5,7.5
2156,3,9,1,0,1,3,3,0,1,0,3,3,1,3,1,2,3,175033.3333,160950.0,162333.3333,156900.0,163804.16665,9.261111111,16.667,17687.31253590507,163805.16665,5.214327595911564,,,0.32184671162902223,1.0382778725804398,0.4508215,1.0382778725804398,100,100,3,10,100,2,50,10,50,10,1,10,2,5,1,1,50,1.2000000000000002,1.7999999999999998,7.0,3.0,90.0,10.0,8.0,2.0,1.0,0.5,5,42.5,7.5
2157,3,9,1,0,0,3,3,0,0,0,1,3,0,3,1,2,3,92266.66667,108400.0,111600.0,114933.3333,106799.9999925,9.261111111,16.667,11532.093580612263,106800.9999925,5.028575319070735,,,0.18802858931539657,0.8525477634695129,0.4508215,0.8525477634695129,100,100,3,10,100,2,50,10,50,10,1,10,2,5,1,1,50,1.2000000000000002,1.7999999999999998,7.0,3.0,90.0,10.0,8.0,2.0,1.0,0.5,5,42.5,7.5
2158,3,9,2,1,0,4,2,3,0,0,0,5,3,3,1,1,3,26316.66667,18933.33333,25483.33333,31833.33333,25641.666664999997,9.261111111,16.667,2768.746250603104,25642.666664999997,4.408963186902718,,,-0.4125966818684015,0.23313718941370176,0.4508215,0.23313718941370176,100,100,3,10,100,2,50,10,50,10,1,10,2,5,1,1,50,1.2000000000000002,1.7999999999999998,7.0,3.0,90.0,10.0,8.0,2.0,1.0,0.5,5,42.5,7.5
2159,3,9,1,1,0,3,3,0,1,1,2,3,0,3,1,1,3,105333.3333,84183.33333,105066.6667,91416.66667,96500.0,9.261111111,16.667,10419.916016921654,96501.0,4.984531813781427,,,0.22129378502966457,0.8085110569939438,0.4508215,0.8085110569939438,100,100,3,10,100,2,50,10,50,10,1,10,2,5,1,1,50,1.2000000000000002,1.7999999999999998,7.0,3.0,90.0,10.0,8.0,2.0,1.0,0.5,5,42.5,7.5
2160,3,10,1,1,0,3,3,0,1,0,3,3,0,3,1,1,2,124950.0,145966.6667,96083.33333,137400.0,126100.0000075,4.9975,16.667,25232.61630965483,126101.0000075,5.100718530633487,,,0.126952238579638,0.9246812257019336,0.4508215,0.9246812257019336,100,100,3,10,100,2,50,10,50,10,1,10,2,5,1,1,50,1.2000000000000002,1.7999999999999998,7.0,3.0,90.0,10.0,8.0,2.0,1.0,0.5,5,42.5,7.5
2161,3,10,1,0,0,3,3,0,0,1,0,3,1,3,1,1,3,107100.0,106483.3333,99433.33333,118766.6667,107945.8333325,4.9975,16.667,21599.966649824913,107946.8333325,5.033209906638818,,,0.2616887247288462,0.8571816748876481,0.4508215,0.8571816748876481,100,100,3,10,100,2,50,10,50,10,1,10,2,5,1,1,50,1.2000000000000002,1.7999999999999998,7.0,3.0,90.0,10.0,8.0,2.0,1.0,0.5,5,42.5,7.5
2162,3,10,2,0,0,3,1,0,2,0,1,3,1,3,1,1,3,74250.0,63216.66667,46650.0,78400.0,65629.1666675,4.9975,16.667,13132.399533266635,65630.1666675,4.81710350714712,,,0.447213172803834,0.6411159089534845,0.4508215,0.6411159089534845,100,100,3,10,100,2,50,10,50,10,1,10,2,5,1,1,50,1.2000000000000002,1.7999999999999998,7.0,3.0,90.0,10.0,8.0,2.0,1.0,0.5,5,42.5,7.5
2163,3,10,1,0,0,3,3,0,2,0,0,3,1,3,2,0,3,65316.66667,95033.33333,69616.66667,130366.6667,90083.3333425,4.9975,16.667,18025.67950825413,90084.3333425,4.954649268953446,,,0.4939802847503545,0.7786335335742792,0.4508215,0.7786335335742792,100,100,3,10,100,2,50,10,50,10,1,10,2,5,1,1,50,1.2000000000000002,1.7999999999999998,7.0,3.0,90.0,10.0,8.0,2.0,1.0,0.5,5,42.5,7.5
2164,3,10,1,1,0,3,3,0,0,0,3,3,0,3,1,1,3,102233.3333,117583.3333,102300.0,204666.6667,131695.833325,4.9975,16.667,26352.342836418215,131696.833325,5.119575332395249,,,0.18263195904704865,0.9435357350750249,0.4508215,0.9435357350750249,100,100,3,10,100,2,50,10,50,10,1,10,2,5,1,1,50,1.2000000000000002,1.7999999999999998,7.0,3.0,90.0,10.0,8.0,2.0,1.0,0.5,5,42.5,7.5
2165,3,10,1,1,0,3,2,0,0,0,2,3,1,3,1,1,3,76566.66667,139100.0,82450.0,123066.6667,105295.8333425,4.9975,16.667,21069.701519259634,105296.8333425,5.022415310572403,,,0.1750217840640529,0.846388664908175,0.4508215,0.846388664908175,100,100,3,10,100,2,50,10,50,10,1,10,2,5,1,1,50,1.2000000000000002,1.7999999999999998,7.0,3.0,90.0,10.0,8.0,2.0,1.0,0.5,5,42.5,7.5
2166,3,10,1,0,0,3,3,0,2,0,1,3,1,3,3,1,3,143266.6667,146433.3333,133583.3333,150816.6667,143525.0,4.9975,16.667,28719.359679839923,143526.0,5.156930581444335,,,0.5442327617361906,0.9808867264848786,0.4508215,0.9808867264848786,100,100,3,10,100,2,50,10,50,10,1,10,2,5,1,1,50,1.2000000000000002,1.7999999999999998,7.0,3.0,90.0,10.0,8.0,2.0,1.0,0.5,5,42.5,7.5
2167,3,10,1,0,0,3,1,0,0,3,3,1,0,3,1,1,3,119116.6667,150150.0,151000.0,146200.0,141616.666675,4.9975,16.667,28337.50208604302,141617.666675,5.151117434574619,,,-0.18391552154677626,0.9750742183618333,0.4508215,0.9750742183618333,100,100,3,10,100,2,50,10,50,10,1,10,2,5,1,1,50,1.2000000000000002,1.7999999999999998,7.0,3.0,90.0,10.0,8.0,2.0,1.0,0.5,5,42.5,7.5
2168,3,10,1,0,1,3,3,0,0,0,1,3,1,3,1,1,3,98066.66667,126916.6667,93300.0,120150.0,109608.3333425,4.9975,16.667,21932.6329849925,109609.3333425,5.0398475363250315,,,0.3990546151658032,0.8638183486752765,0.4508215,0.8638183486752765,100,100,3,10,100,2,50,10,50,10,1,10,2,5,1,1,50,1.2000000000000002,1.7999999999999998,7.0,3.0,90.0,10.0,8.0,2.0,1.0,0.5,5,42.5,7.5
2169,3,10,1,1,0,3,3,0,0,0,0,3,0,4,1,1,3,131383.3333,209133.3333,144950.0,203850.0,172329.16665,4.9975,16.667,34483.07486743372,172330.16665,5.236361307992849,,,0.36743744252471,1.0603095300246048,0.4508215,1.0603095300246048,100,100,3,10,100,2,50,10,50,10,1,10,2,5,1,1,50,1.2000000000000002,1.7999999999999998,7.0,3.0,90.0,10.0,8.0,2.0,1.0,0.5,5,42.5,7.5
2170,3,10,1,0,0,4,2,5,1,0,0,4,3,3,1,1,3,150166.6667,159833.3333,150450.0,152200.0,153162.5,4.9975,16.667,30647.82391195598,153163.5,5.185155282024821,,,0.26071659249845247,1.0091084444120986,0.4508215,1.0091084444120986,100,100,3,10,100,2,50,10,50,10,1,10,2,5,1,1,50,1.2000000000000002,1.7999999999999998,7.0,3.0,90.0,10.0,8.0,2.0,1.0,0.5,5,42.5,7.5
2171,3,10,1,2,0,3,3,0,0,0,1,3,1,3,1,1,3,40333.33333,54800.0,50400.0,57516.66667,50762.5,4.9975,16.667,10157.578789394698,50763.5,4.705551557833316,,,0.41699900963498315,0.5295943132151713,0.4508215,0.5295943132151713,100,100,3,10,100,2,50,10,50,10,1,10,2,5,1,1,50,1.2000000000000002,1.7999999999999998,7.0,3.0,90.0,10.0,8.0,2.0,1.0,0.5,5,42.5,7.5
2172,3,10,2,0,0,3,1,0,1,1,2,1,0,3,2,1,3,121600.0,146900.0,116316.6667,139350.0,131041.666675,4.9975,16.667,26221.444057028515,131042.666675,5.117412722255581,,,0.09851103857423826,0.9413733828159793,0.4508215,0.9413733828159793,100,100,3,10,100,2,50,10,50,10,1,10,2,5,1,1,50,1.2000000000000002,1.7999999999999998,7.0,3.0,90.0,10.0,8.0,2.0,1.0,0.5,5,42.5,7.5
2173,3,10,1,0,0,3,1,1,1,0,2,3,0,3,1,2,3,123600.0,144200.0,108216.6667,121466.6667,124370.83335,4.9975,16.667,24886.609974987496,124371.83335,5.094722036257269,,,0.1420942700177843,0.9186854814135323,0.4508215,0.9186854814135323,100,100,3,10,100,2,50,10,50,10,1,10,2,5,1,1,50,1.2000000000000002,1.7999999999999998,7.0,3.0,90.0,10.0,8.0,2.0,1.0,0.5,5,42.5,7.5
2174,3,10,1,1,0,3,3,0,0,1,2,3,0,3,1,1,3,101366.6667,140266.6667,100500.0,124733.3333,116716.666675,4.9975,16.667,23355.01084042021,116717.666675,5.067136596908862,,,0.2780060110697242,0.8911036292432197,0.4508215,0.8911036292432197,100,100,3,10,100,2,50,10,50,10,1,10,2,5,1,1,50,1.2000000000000002,1.7999999999999998,7.0,3.0,90.0,10.0,8.0,2.0,1.0,0.5,5,42.5,7.5
2175,3,10,0,1,0,3,2,0,0,0,2,3,0,3,1,1,3,116900.0,121966.6667,93066.66667,148833.3333,120191.6666675,4.9975,16.667,24050.358512756382,120192.6666675,5.079877970803203,,,0.16934141771801148,0.9038433179317565,0.4508215,0.9038433179317565,100,100,3,10,100,2,50,10,50,10,1,10,2,5,1,1,50,1.2000000000000002,1.7999999999999998,7.0,3.0,90.0,10.0,8.0,2.0,1.0,0.5,5,42.5,7.5
2176,3,10,0,1,0,3,3,0,1,0,2,3,0,3,1,2,2,87300.0,123933.3333,109116.6667,109183.3333,107383.333325,4.9975,16.667,21487.410370185095,107384.333325,5.030940925248042,,,0.1587950982353048,0.8549130236220615,0.4508215,0.8549130236220615,100,100,3,10,100,2,50,10,50,10,1,10,2,5,1,1,50,1.2000000000000002,1.7999999999999998,7.0,3.0,90.0,10.0,8.0,2.0,1.0,0.5,5,42.5,7.5
2177,3,10,1,2,0,3,3,1,0,0,1,3,0,3,1,1,3,36500.0,56400.0,40150.0,55350.0,47100.0,4.9975,16.667,9424.71235617809,47101.0,4.673030127720651,,,0.34198364476769605,0.49708330212267066,0.4508215,0.49708330212267066,100,100,3,10,100,2,50,10,50,10,1,10,2,5,1,1,50,1.2000000000000002,1.7999999999999998,7.0,3.0,90.0,10.0,8.0,2.0,1.0,0.5,5,42.5,7.5
2178,3,10,2,1,0,3,2,0,0,0,2,3,0,3,1,1,3,104100.0,145983.3333,114383.3333,123933.3333,122099.999975,4.9975,16.667,24432.216103051527,122100.999975,5.08671922071676,,,0.4797980696643789,0.9106836831962343,0.4508215,0.9106836831962343,100,100,3,10,100,2,50,10,50,10,1,10,2,5,1,1,50,1.2000000000000002,1.7999999999999998,7.0,3.0,90.0,10.0,8.0,2.0,1.0,0.5,5,42.5,7.5
2179,3,10,1,1,0,3,3,0,0,0,1,3,0,3,1,1,3,129133.3333,180083.3333,148000.0,146716.6667,150983.333325,4.9975,16.667,30211.772551275644,150984.333325,5.178931885680645,,,0.5172470202033521,1.002885689172228,0.4508215,1.002885689172228,100,100,3,10,100,2,50,10,50,10,1,10,2,5,1,1,50,1.2000000000000002,1.7999999999999998,7.0,3.0,90.0,10.0,8.0,2.0,1.0,0.5,5,42.5,7.5
2180,3,10,1,1,0,4,2,0,0,0,2,3,0,3,1,1,3,126066.6667,172950.0,162033.3333,146733.3333,151945.833325,4.9975,16.667,30404.368849424718,151946.833325,5.181691653518896,,,0.089601670239702,1.0056451715786279,0.4508215,1.0056451715786279,100,100,3,10,100,2,50,10,50,10,1,10,2,5,1,1,50,1.2000000000000002,1.7999999999999998,7.0,3.0,90.0,10.0,8.0,2.0,1.0,0.5,5,42.5,7.5
2181,3,10,1,1,0,3,2,0,0,1,2,3,0,3,1,1,3,124950.0,144783.3333,119783.3333,142483.3333,132999.99997499998,4.9975,16.667,26613.30664832416,133000.99997499998,5.123854906245221,,,0.2864660023007941,0.9478148023758386,0.4508215,0.9478148023758386,100,100,3,10,100,2,50,10,50,10,1,10,2,5,1,1,50,1.2000000000000002,1.7999999999999998,7.0,3.0,90.0,10.0,8.0,2.0,1.0,0.5,5,42.5,7.5
2182,3,10,1,1,0,3,2,1,0,0,2,3,0,3,1,1,3,113083.3333,118916.6667,145500.0,132050.0,127387.5,4.9975,16.667,25490.245122561282,127388.5,5.105130223823749,,,0.2598038451833169,0.9290923736179896,0.4508215,0.9290923736179896,100,100,3,10,100,2,50,10,50,10,1,10,2,5,1,1,50,1.2000000000000002,1.7999999999999998,7.0,3.0,90.0,10.0,8.0,2.0,1.0,0.5,5,42.5,7.5
2183,3,10,1,1,0,3,2,0,0,0,2,3,0,3,1,1,2,72016.66667,94666.66667,99716.66667,89966.66667,89091.66667,4.9975,16.667,17827.246957478743,89092.66667,4.9498419581802775,,,0.061220074840802496,0.7738270633610763,0.4508215,0.7738270633610763,100,100,3,10,100,2,50,10,50,10,1,10,2,5,1,1,50,1.2000000000000002,1.7999999999999998,7.0,3.0,90.0,10.0,8.0,2.0,1.0,0.5,5,42.5,7.5
2184,3,10,1,0,0,3,3,1,1,0,0,3,0,3,1,1,3,110016.6667,122850.0,111316.6667,136550.0,120183.33335,4.9975,16.667,24048.691015507757,120184.33335,5.079847858822378,,,0.24912372868792332,0.9038132098756241,0.4508215,0.9038132098756241,100,100,3,10,100,2,50,10,50,10,1,10,2,5,1,1,50,1.2000000000000002,1.7999999999999998,7.0,3.0,90.0,10.0,8.0,2.0,1.0,0.5,5,42.5,7.5
2185,3,10,1,1,0,3,2,0,0,0,2,2,0,3,1,1,3,135316.6667,159133.3333,139666.6667,160583.3333,148675.0,4.9975,16.667,29749.874937468736,148676.0,5.172240868261084,,,0.3619542364408428,0.996195371353809,0.4508215,0.996195371353809,100,100,3,10,100,2,50,10,50,10,1,10,2,5,1,1,50,1.2000000000000002,1.7999999999999998,7.0,3.0,90.0,10.0,8.0,2.0,1.0,0.5,5,42.5,7.5
2186,3,10,1,1,0,3,3,0,0,0,1,3,2,3,1,1,3,145683.3333,158733.3333,146483.3333,139366.6667,147566.66665,4.9975,16.667,29528.09737868935,147567.66665,5.168991210239345,,,0.42016758901835427,0.9929460570186258,0.4508215,0.9929460570186258,100,100,3,10,100,2,50,10,50,10,1,10,2,5,1,1,50,1.2000000000000002,1.7999999999999998,7.0,3.0,90.0,10.0,8.0,2.0,1.0,0.5,5,42.5,7.5
2187,3,10,1,1,0,3,4,3,1,0,1,3,1,4,1,2,3,99933.33333,161766.6667,105033.3333,160566.6667,131825.0000075,4.9975,16.667,26378.189096048027,131826.0000075,5.120001074493104,,,-0.22653938675993857,0.9439614265563214,0.4508215,0.9439614265563214,100,100,3,10,100,2,50,10,50,10,1,10,2,5,1,1,50,1.2000000000000002,1.7999999999999998,7.0,3.0,90.0,10.0,8.0,2.0,1.0,0.5,5,42.5,7.5
2188,3,10,1,0,0,3,2,0,0,0,2,3,0,3,1,1,3,151283.3333,191616.6667,150416.6667,136233.3333,157387.5,4.9975,16.667,31493.246623311657,157388.5,5.196972996326722,,,0.2724777992887546,1.0209249663063193,0.4508215,1.0209249663063193,100,100,3,10,100,2,50,10,50,10,1,10,2,5,1,1,50,1.2000000000000002,1.7999999999999998,7.0,3.0,90.0,10.0,8.0,2.0,1.0,0.5,5,42.5,7.5
2189,3,10,1,0,0,3,4,0,0,0,1,3,0,3,1,1,3,146116.6667,177316.6667,127166.6667,160150.0,152687.50002500002,4.9975,16.667,30552.776393196604,152688.50002500002,5.18380632871484,,,0.405570885473832,1.0077596292860789,0.4508215,1.0077596292860789,100,100,3,10,100,2,50,10,50,10,1,10,2,5,1,1,50,1.2000000000000002,1.7999999999999998,7.0,3.0,90.0,10.0,8.0,2.0,1.0,0.5,5,42.5,7.5
2190,3,10,1,1,0,3,3,0,0,0,1,3,1,3,1,1,2,92166.66667,114950.0,110350.0,109500.0,106741.6666675,4.9975,16.667,21359.01283991996,106742.6666675,5.0283380482381705,,,0.3808508345278101,0.8523105274474106,0.4508215,0.8523105274474106,100,100,3,10,100,2,50,10,50,10,1,10,2,5,1,1,50,1.2000000000000002,1.7999999999999998,7.0,3.0,90.0,10.0,8.0,2.0,1.0,0.5,5,42.5,7.5
2191,3,10,1,1,0,3,3,0,0,0,1,3,1,3,2,1,3,74183.33333,83366.66667,79350.0,88066.66667,81241.6666675,4.9975,16.667,16256.461564282143,81242.6666675,4.9097841700254,,,0.02209740974615837,0.7337766531209063,0.4508215,0.7337766531209063,100,100,3,10,100,2,50,10,50,10,1,10,2,5,1,1,50,1.2000000000000002,1.7999999999999998,7.0,3.0,90.0,10.0,8.0,2.0,1.0,0.5,5,42.5,7.5
2192,3,10,1,1,0,3,4,0,1,0,2,3,0,3,1,1,1,75683.33333,72383.33333,77716.66667,80600.0,76595.8333325,4.9975,16.667,15326.830081540771,76596.8333325,4.884210815394366,,,0.35875350911206283,0.7082083771893332,0.4508215,0.7082083771893332,100,100,3,10,100,2,50,10,50,10,1,10,2,5,1,1,50,1.2000000000000002,1.7999999999999998,7.0,3.0,90.0,10.0,8.0,2.0,1.0,0.5,5,42.5,7.5
2193,3,10,1,0,0,3,3,0,0,0,1,3,1,3,1,1,3,183083.3333,144833.3333,198733.3333,138933.3333,166395.8333,4.9975,16.667,33295.81456728365,166396.8333,5.2211450569701965,,,0.42031812863184026,1.0450946867416366,0.4508215,1.0450946867416366,100,100,3,10,100,2,50,10,50,10,1,10,2,5,1,1,50,1.2000000000000002,1.7999999999999998,7.0,3.0,90.0,10.0,8.0,2.0,1.0,0.5,5,42.5,7.5
2194,3,10,1,1,0,3,2,0,0,0,2,3,0,2,1,1,3,36566.66667,29416.66667,31050.0,25933.33333,30741.6666675,4.9975,16.667,6151.40903801901,30742.6666675,4.487741536187484,,,0.06393686785018815,0.31187154481064117,0.4508215,0.31187154481064117,100,100,3,10,100,2,50,10,50,10,1,10,2,5,1,1,50,1.2000000000000002,1.7999999999999998,7.0,3.0,90.0,10.0,8.0,2.0,1.0,0.5,5,42.5,7.5
2195,3,10,1,1,0,3,1,0,0,0,2,3,0,3,1,1,3,131966.6667,110166.6667,109083.3333,112750.0,115991.666675,4.9975,16.667,23209.938304152078,115992.666675,5.064430532991959,,,0.18113753321724957,0.8883979296459346,0.4508215,0.8883979296459346,100,100,3,10,100,2,50,10,50,10,1,10,2,5,1,1,50,1.2000000000000002,1.7999999999999998,7.0,3.0,90.0,10.0,8.0,2.0,1.0,0.5,5,42.5,7.5
2196,3,10,1,1,0,3,2,0,1,0,1,3,0,3,1,1,2,69383.33333,112150.0,85133.33333,95800.0,90616.666665,4.9975,16.667,18132.399532766383,90617.666665,4.957212875239311,,,0.24748967478269002,0.7811966954014282,0.4508215,0.7811966954014282,100,100,3,10,100,2,50,10,50,10,1,10,2,5,1,1,50,1.2000000000000002,1.7999999999999998,7.0,3.0,90.0,10.0,8.0,2.0,1.0,0.5,5,42.5,7.5
2197,3,10,1,1,1,3,2,0,0,0,2,3,0,3,1,1,3,96366.66667,118850.0,119600.0,99483.33333,108575.0,4.9975,16.667,21725.862931465734,108576.0,5.035733837965024,,,0.3611780846268733,0.8597052410151134,0.4508215,0.8597052410151134,100,100,3,10,100,2,50,10,50,10,1,10,2,5,1,1,50,1.2000000000000002,1.7999999999999998,7.0,3.0,90.0,10.0,8.0,2.0,1.0,0.5,5,42.5,7.5
2198,3,10,1,1,0,3,2,0,0,0,2,3,0,3,0,1,3,28033.33333,30283.33333,31600.0,29600.0,29879.166665,4.9975,16.667,5978.822744372187,29880.166665,4.47538301554925,,,0.24113232195281142,0.2995194094568389,0.4508215,0.2995194094568389,100,100,3,10,100,2,50,10,50,10,1,10,2,5,1,1,50,1.2000000000000002,1.7999999999999998,7.0,3.0,90.0,10.0,8.0,2.0,1.0,0.5,5,42.5,7.5
2199,3,10,2,1,0,3,2,0,0,0,2,3,0,3,1,1,3,44300.0,54900.0,47700.0,52716.66667,49904.1666675,4.9975,16.667,9985.826246623314,49905.1666675,4.698145510333375,,,0.09122435928099382,0.5221905703064235,0.4508215,0.5221905703064235,100,100,3,10,100,2,50,10,50,10,1,10,2,5,1,1,50,1.2000000000000002,1.7999999999999998,7.0,3.0,90.0,10.0,8.0,2.0,1.0,0.5,5,42.5,7.5
2200,3,10,1,1,0,3,3,0,0,0,3,3,1,3,1,2,3,126016.6667,147283.3333,119616.6667,105583.3333,124625.0,4.9975,16.667,24937.468734367187,124626.0,5.095608656116017,,,0.12009061435721335,0.9195719897135975,0.4508215,0.9195719897135975,100,100,3,10,100,2,50,10,50,10,1,10,2,5,1,1,50,1.2000000000000002,1.7999999999999998,7.0,3.0,90.0,10.0,8.0,2.0,1.0,0.5,5,42.5,7.5
2201,3,10,1,0,1,3,3,0,1,0,3,3,1,3,1,2,3,97950.0,130466.6667,105483.3333,119800.0,113425.0,4.9975,16.667,22696.348174087045,113426.0,5.054712616834395,,,0.16223173255185408,0.878681340690768,0.4508215,0.878681340690768,100,100,3,10,100,2,50,10,50,10,1,10,2,5,1,1,50,1.2000000000000002,1.7999999999999998,7.0,3.0,90.0,10.0,8.0,2.0,1.0,0.5,5,42.5,7.5
2202,3,10,1,0,0,3,3,0,0,0,1,3,0,3,1,2,3,98183.33333,122366.6667,97133.33333,60116.66667,94450.0000075,4.9975,16.667,18899.449726363182,94451.0000075,4.975206560409679,,,0.13465983065434006,0.7991873337030213,0.4508215,0.7991873337030213,100,100,3,10,100,2,50,10,50,10,1,10,2,5,1,1,50,1.2000000000000002,1.7999999999999998,7.0,3.0,90.0,10.0,8.0,2.0,1.0,0.5,5,42.5,7.5
2203,3,10,2,0,0,4,2,3,0,0,2,5,3,3,1,2,3,52616.66667,73383.33333,45750.0,32900.0,51162.5,4.9975,16.667,10237.618809404703,51163.5,4.708960246101656,,,-0.026084367624084948,0.5330019539091724,0.4508215,0.5330019539091724,100,100,3,10,100,2,50,10,50,10,1,10,2,5,1,1,50,1.2000000000000002,1.7999999999999998,7.0,3.0,90.0,10.0,8.0,2.0,1.0,0.5,5,42.5,7.5
2204,3,10,1,1,0,3,3,0,1,1,2,3,0,3,1,1,3,72533.33333,93983.33333,73816.66667,100016.6667,85087.5000075,4.9975,16.667,17026.013008004003,85088.5000075,4.929870867713575,,,0.1666328389618128,0.75385956617647,0.4508215,0.75385956617647,100,100,3,10,100,2,50,10,50,10,1,10,2,5,1,1,50,1.2000000000000002,1.7999999999999998,7.0,3.0,90.0,10.0,8.0,2.0,1.0,0.5,5,42.5,7.5
2205,3,10,1,1,0,3,3,0,1,0,3,3,0,3,1,1,2,65716.66667,104666.6667,57683.33333,114233.3333,85575.0,4.9975,16.667,17123.561780890446,85576.0,4.932351982796119,,,-0.04141430925773015,0.7563402258074603,0.4508215,0.7563402258074603,100,100,3,10,100,2,50,10,50,10,1,10,2,5,1,1,50,1.2000000000000002,1.7999999999999998,7.0,3.0,90.0,10.0,8.0,2.0,1.0,0.5,5,42.5,7.5
2206,3,10,1,0,0,3,3,0,0,1,0,3,0,3,1,1,3,80383.33333,119050.0,109383.3333,126500.0,108829.1666575,4.9975,16.667,21776.721692346175,108830.1666575,5.036749294231259,,,0.32518369588604656,0.8607205509481014,0.4508215,0.8607205509481014,100,100,3,10,100,2,50,10,50,10,1,10,2,5,1,1,50,1.2000000000000002,1.7999999999999998,7.0,3.0,90.0,10.0,8.0,2.0,1.0,0.5,5,42.5,7.5
2207,3,10,1,2,0,4,1,0,2,0,3,3,1,3,1,1,3,63783.33333,97133.33333,96983.33333,120466.6667,94591.6666725,4.9975,16.667,18927.79723311656,94592.6666725,4.9758574688847075,,,0.1248933772193288,0.7998381343077667,0.4508215,0.7998381343077667,100,100,3,10,100,2,50,10,50,10,1,10,2,5,1,1,50,1.2000000000000002,1.7999999999999998,7.0,3.0,90.0,10.0,8.0,2.0,1.0,0.5,5,42.5,7.5
2208,3,10,1,0,0,3,4,0,2,0,0,3,2,3,2,1,3,79400.0,118250.0,106250.0,127066.6667,107741.666675,4.9975,16.667,21559.112891445726,107742.666675,5.032387720308742,,,0.10781199519606766,0.8563596079823008,0.4508215,0.8563596079823008,100,100,3,10,100,2,50,10,50,10,1,10,2,5,1,1,50,1.2000000000000002,1.7999999999999998,7.0,3.0,90.0,10.0,8.0,2.0,1.0,0.5,5,42.5,7.5
2209,3,10,1,1,0,3,3,0,0,0,0,3,0,3,1,1,3,40000.0,72066.66667,39833.33333,75266.66667,56791.6666675,4.9975,16.667,11364.015341170587,56792.6666675,4.754292261213667,,,0.16727256293221604,0.5783207914498236,0.4508215,0.5783207914498236,100,100,3,10,100,2,50,10,50,10,1,10,2,5,1,1,50,1.2000000000000002,1.7999999999999998,7.0,3.0,90.0,10.0,8.0,2.0,1.0,0.5,5,42.5,7.5
2210,3,10,1,1,0,3,3,0,0,0,0,3,0,3,1,1,3,45050.0,55000.0,51400.0,69300.0,55187.5,4.9975,16.667,11043.021510755378,55188.5,4.7418485902860334,,,0.15482889200458239,0.5658806019489343,0.4508215,0.5658806019489343,100,100,3,10,100,2,50,10,50,10,1,10,2,5,1,1,50,1.2000000000000002,1.7999999999999998,7.0,3.0,90.0,10.0,8.0,2.0,1.0,0.5,5,42.5,7.5
2211,3,10,1,0,0,3,3,0,2,0,1,3,1,3,3,1,3,110150.0,120600.0,90966.66667,136200.0,114479.1666675,4.9975,16.667,22907.286976988496,114480.1666675,5.058730253025679,,,0.4460324333175345,0.8826984245797445,0.4508215,0.8826984245797445,100,100,3,10,100,2,50,10,50,10,1,10,2,5,1,1,50,1.2000000000000002,1.7999999999999998,7.0,3.0,90.0,10.0,8.0,2.0,1.0,0.5,5,42.5,7.5
2212,3,10,1,1,0,3,1,0,0,3,3,1,2,3,1,1,3,125533.3333,114516.6667,86416.66667,118516.6667,111245.8333425,4.9975,16.667,22260.296816908456,111246.8333425,5.046287657572505,,,-0.2409112541752867,0.8702575563257707,0.4508215,0.8702575563257707,100,100,3,10,100,2,50,10,50,10,1,10,2,5,1,1,50,1.2000000000000002,1.7999999999999998,7.0,3.0,90.0,10.0,8.0,2.0,1.0,0.5,5,42.5,7.5
2213,3,10,1,0,1,3,4,0,0,0,1,3,1,3,1,1,3,60300.0,91550.0,71466.66667,104383.3333,81924.9999925,4.9975,16.667,16393.1965967984,81925.9999925,4.9134217511050595,,,0.25117702572936373,0.7374135357857531,0.4508215,0.7374135357857531,100,100,3,10,100,2,50,10,50,10,1,10,2,5,1,1,50,1.2000000000000002,1.7999999999999998,7.0,3.0,90.0,10.0,8.0,2.0,1.0,0.5,5,42.5,7.5
2214,3,10,1,1,0,3,1,0,0,0,0,3,0,4,1,1,3,85183.33333,155250.0,85483.33333,130500.0,114104.166665,4.9975,16.667,22832.249457728867,114105.166665,5.057305309653078,,,0.2532438224078346,0.8812736765089827,0.4508215,0.8812736765089827,100,100,3,10,100,2,50,10,50,10,1,10,2,5,1,1,50,1.2000000000000002,1.7999999999999998,7.0,3.0,90.0,10.0,8.0,2.0,1.0,0.5,5,42.5,7.5
2215,3,10,1,0,0,4,2,5,1,0,0,4,3,3,1,1,3,87133.33333,152683.3333,86933.33333,142700.0,117362.49999,4.9975,16.667,23484.24211905953,117363.49999,5.069533052468479,,,0.14509436294211042,0.8934997640556775,0.4508215,0.8934997640556775,100,100,3,10,100,2,50,10,50,10,1,10,2,5,1,1,50,1.2000000000000002,1.7999999999999998,7.0,3.0,90.0,10.0,8.0,2.0,1.0,0.5,5,42.5,7.5
2216,3,10,1,2,0,3,3,0,1,0,1,4,1,3,1,1,2,30333.33333,48266.66667,44400.0,53716.66667,44179.1666675,4.9975,16.667,8840.253460230117,44180.1666675,4.645227349893022,,,0.29183311790510924,0.46929007136810635,0.4508215,0.46929007136810635,100,100,3,10,100,2,50,10,50,10,1,10,2,5,1,1,50,1.2000000000000002,1.7999999999999998,7.0,3.0,90.0,10.0,8.0,2.0,1.0,0.5,5,42.5,7.5
2217,3,10,2,0,0,3,1,0,1,0,2,1,0,3,1,1,3,108283.3333,114800.0,109083.3333,139683.3333,117962.499975,4.9975,16.667,23604.302146073038,117963.499975,5.071747649580672,,,0.36284652084418756,0.8957140663302701,0.4508215,0.8957140663302701,100,100,3,10,100,2,50,10,50,10,1,10,2,5,1,1,50,1.2000000000000002,1.7999999999999998,7.0,3.0,90.0,10.0,8.0,2.0,1.0,0.5,5,42.5,7.5
2218,3,10,1,0,0,3,1,1,1,0,2,3,0,3,1,2,3,65383.33333,104800.0,106966.6667,132233.3333,102345.8333325,4.9975,16.667,20479.406369684843,102346.8333325,5.010074409895478,,,0.05744664365599306,0.834049626476637,0.4508215,0.834049626476637,100,100,3,10,100,2,50,10,50,10,1,10,2,5,1,1,50,1.2000000000000002,1.7999999999999998,7.0,3.0,90.0,10.0,8.0,2.0,1.0,0.5,5,42.5,7.5
2219,3,10,1,1,0,3,2,0,0,1,2,3,0,3,1,1,3,84266.66667,87116.66667,87966.66667,127583.3333,96733.3333275,4.9975,16.667,19356.34483791896,96734.3333275,4.985580642937917,,,0.14819173899349014,0.8095597161053603,0.4508215,0.8095597161053603,100,100,3,10,100,2,50,10,50,10,1,10,2,5,1,1,50,1.2000000000000002,1.7999999999999998,7.0,3.0,90.0,10.0,8.0,2.0,1.0,0.5,5,42.5,7.5
2220,3,10,0,1,0,3,2,0,0,0,3,3,0,3,2,1,3,97716.66667,131133.3333,95150.0,125450.0,112362.4999925,4.9975,16.667,22483.741869434718,112363.4999925,5.050625258508854,,,-0.2180935109443416,0.8745945495191685,0.4508215,0.8745945495191685,100,100,3,10,100,2,50,10,50,10,1,10,2,5,1,1,50,1.2000000000000002,1.7999999999999998,7.0,3.0,90.0,10.0,8.0,2.0,1.0,0.5,5,42.5,7.5
2221,3,10,0,1,0,3,3,0,1,0,2,4,0,3,1,2,3,69900.0,96000.0,69050.0,97966.66667,83229.1666675,4.9975,16.667,16654.160413706853,83230.1666675,4.920280764303778,,,0.07634902929213894,0.7442712478614982,0.4508215,0.7442712478614982,100,100,3,10,100,2,50,10,50,10,1,10,2,5,1,1,50,1.2000000000000002,1.7999999999999998,7.0,3.0,90.0,10.0,8.0,2.0,1.0,0.5,5,42.5,7.5
2222,3,10,1,0,0,3,3,1,0,0,1,3,0,3,1,1,3,99933.33333,151750.0,93533.33333,124650.0,117466.666665,4.9975,16.667,23505.08587593797,117467.666665,5.069918342170542,,,0.23968370572510178,0.8938850023546048,0.4508215,0.8938850023546048,100,100,3,10,100,2,50,10,50,10,1,10,2,5,1,1,50,1.2000000000000002,1.7999999999999998,7.0,3.0,90.0,10.0,8.0,2.0,1.0,0.5,5,42.5,7.5
2223,3,10,2,1,0,3,2,0,0,0,2,3,0,3,1,2,3,62483.33333,98883.33333,65016.66667,92533.33333,79729.166665,4.9975,16.667,15953.81023811906,79730.166665,4.901622671927474,,,0.32982837328911696,0.7256167434752169,0.4508215,0.7256167434752169,100,100,3,10,100,2,50,10,50,10,1,10,2,5,1,1,50,1.2000000000000002,1.7999999999999998,7.0,3.0,90.0,10.0,8.0,2.0,1.0,0.5,5,42.5,7.5
2224,3,10,1,1,0,3,2,0,0,0,1,3,0,3,1,1,3,79100.0,124116.6667,77833.33333,97116.66667,94541.666675,4.9975,16.667,18917.79223111556,94542.666675,4.975627847870686,,,0.3105391144370211,0.7996085513286976,0.4508215,0.7996085513286976,100,100,3,10,100,2,50,10,50,10,1,10,2,5,1,1,50,1.2000000000000002,1.7999999999999998,7.0,3.0,90.0,10.0,8.0,2.0,1.0,0.5,5,42.5,7.5
2225,3,10,1,1,0,4,2,0,0,0,2,3,0,3,1,1,3,88166.66667,156000.0,89816.66667,116500.0,112620.833335,4.9975,16.667,22535.4343841921,112621.833335,5.051622592804256,,,-0.040467390474937304,0.875591744933746,0.4508215,0.875591744933746,100,100,3,10,100,2,50,10,50,10,1,10,2,5,1,1,50,1.2000000000000002,1.7999999999999998,7.0,3.0,90.0,10.0,8.0,2.0,1.0,0.5,5,42.5,7.5
2226,3,10,1,1,0,3,2,0,0,1,2,3,0,3,1,1,3,89633.33333,132650.0,99316.66667,113716.6667,108829.166675,4.9975,16.667,21776.721695847926,108830.166675,5.036749294301094,,,0.19936039035666742,0.8607205510179263,0.4508215,0.8607205510179263,100,100,3,10,100,2,50,10,50,10,1,10,2,5,1,1,50,1.2000000000000002,1.7999999999999998,7.0,3.0,90.0,10.0,8.0,2.0,1.0,0.5,5,42.5,7.5
2227,3,10,1,2,0,3,4,1,0,0,2,3,0,3,1,2,3,40800.0,56533.33333,47416.66667,56666.66667,50354.1666675,4.9975,16.667,10075.871269134568,50355.1666675,4.702044037750934,,,0.11490011764538455,0.5260878796955945,0.4508215,0.5260878796955945,100,100,3,10,100,2,50,10,50,10,1,10,2,5,1,1,50,1.2000000000000002,1.7999999999999998,7.0,3.0,90.0,10.0,8.0,2.0,1.0,0.5,5,42.5,7.5
2228,3,10,1,1,0,3,2,0,0,0,2,3,0,3,1,1,3,76883.33333,80683.33333,71400.0,92433.33333,80349.9999975,4.9975,16.667,16078.039019009506,80350.9999975,4.904991286086217,,,0.09379203171118444,0.7289846983899045,0.4508215,0.7289846983899045,100,100,3,10,100,2,50,10,50,10,1,10,2,5,1,1,50,1.2000000000000002,1.7999999999999998,7.0,3.0,90.0,10.0,8.0,2.0,1.0,0.5,5,42.5,7.5
2229,3,10,1,0,0,3,3,1,1,0,0,3,2,3,1,1,3,56716.66667,93583.33333,77233.33333,93766.66667,80325.0,4.9975,16.667,16073.03651825913,80326.0,4.90485614090614,,,-0.01820771987444747,0.728849579559669,0.4508215,0.728849579559669,100,100,3,10,100,2,50,10,50,10,1,10,2,5,1,1,50,1.2000000000000002,1.7999999999999998,7.0,3.0,90.0,10.0,8.0,2.0,1.0,0.5,5,42.5,7.5
2230,3,10,1,1,0,3,2,0,0,0,2,3,0,3,1,1,3,82466.66667,110866.6667,87066.66667,108266.6667,97166.666685,4.9975,16.667,19443.05486443222,97167.666685,4.987521774017317,,,0.17632251964228463,0.8115005335532534,0.4508215,0.8115005335532534,100,100,3,10,100,2,50,10,50,10,1,10,2,5,1,1,50,1.2000000000000002,1.7999999999999998,7.0,3.0,90.0,10.0,8.0,2.0,1.0,0.5,5,42.5,7.5
2231,3,10,1,1,0,3,3,0,0,0,2,3,2,3,1,1,3,72550.0,113100.0,63083.33333,104233.3333,88241.6666575,4.9975,16.667,17657.161912456228,88242.6666575,4.945678623833067,,,0.10396637965460798,0.7696644645292706,0.4508215,0.7696644645292706,100,100,3,10,100,2,50,10,50,10,1,10,2,5,1,1,50,1.2000000000000002,1.7999999999999998,7.0,3.0,90.0,10.0,8.0,2.0,1.0,0.5,5,42.5,7.5
2232,3,10,1,1,0,4,4,3,0,0,3,4,1,4,1,2,3,58100.0,118200.0,52900.0,100433.3333,82408.333325,4.9975,16.667,16489.911620810406,82409.333325,4.9159764007990665,,,-0.2318744607422376,0.7399676984719231,0.4508215,0.7399676984719231,100,100,3,10,100,2,50,10,50,10,1,10,2,5,1,1,50,1.2000000000000002,1.7999999999999998,7.0,3.0,90.0,10.0,8.0,2.0,1.0,0.5,5,42.5,7.5
2233,3,10,1,0,0,3,2,0,0,0,2,3,0,3,1,1,3,97333.33333,172266.6667,81050.0,173200.0,130962.5000075,4.9975,16.667,26205.602802901452,130963.5000075,5.1171502731054135,,,0.19265507606744592,0.9411109650490379,0.4508215,0.9411109650490379,100,100,3,10,100,2,50,10,50,10,1,10,2,5,1,1,50,1.2000000000000002,1.7999999999999998,7.0,3.0,90.0,10.0,8.0,2.0,1.0,0.5,5,42.5,7.5
2234,3,10,1,0,0,3,3,0,0,0,1,3,0,3,1,1,3,91216.66667,139250.0,85550.0,132966.6667,112245.8333425,4.9975,16.667,22460.396866933468,112246.8333425,5.050174097726343,,,0.2777892339573391,0.8741434516665432,0.4508215,0.8741434516665432,100,100,3,10,100,2,50,10,50,10,1,10,2,5,1,1,50,1.2000000000000002,1.7999999999999998,7.0,3.0,90.0,10.0,8.0,2.0,1.0,0.5,5,42.5,7.5
2235,3,10,1,1,0,3,2,0,0,0,1,3,0,3,1,1,2,78783.33333,103400.0,70650.0,110266.6667,90775.0000075,4.9975,16.667,18164.082042521262,90776.0000075,4.957971041890597,,,0.2528096386774994,0.7819547311093167,0.4508215,0.7819547311093167,100,100,3,10,100,2,50,10,50,10,1,10,2,5,1,1,50,1.2000000000000002,1.7999999999999998,7.0,3.0,90.0,10.0,8.0,2.0,1.0,0.5,5,42.5,7.5
2236,3,10,1,1,1,3,3,0,0,0,1,3,1,3,2,1,3,47533.33333,60333.33333,50150.0,72200.0,57554.166665,4.9975,16.667,11516.591628814407,57555.166665,4.760084315861243,,,0.021133278591980442,0.5841112593257657,0.4508215,0.5841112593257657,100,100,3,10,100,2,50,10,50,10,1,10,2,5,1,1,50,1.2000000000000002,1.7999999999999998,7.0,3.0,90.0,10.0,8.0,2.0,1.0,0.5,5,42.5,7.5
2237,3,10,2,1,0,3,3,0,2,0,2,3,0,3,3,1,1,50666.66667,68116.66667,60200.0,79100.0,64520.833335,4.9975,16.667,12910.621977988996,64521.833335,4.809706699013918,,,0.35682468235604237,0.6337208812539252,0.4508215,0.6337208812539252,100,100,3,10,100,2,50,10,50,10,1,10,2,5,1,1,50,1.2000000000000002,1.7999999999999998,7.0,3.0,90.0,10.0,8.0,2.0,1.0,0.5,5,42.5,7.5
2238,3,10,1,0,0,3,3,0,0,0,0,3,1,3,1,1,3,78466.66667,129166.6667,83800.0,114816.6667,101562.5000175,4.9975,16.667,20322.661334167085,101563.5000175,5.006737658843032,,,0.241329406943545,0.8307133880942461,0.4508215,0.8307133880942461,100,100,3,10,100,2,50,10,50,10,1,10,2,5,1,1,50,1.2000000000000002,1.7999999999999998,7.0,3.0,90.0,10.0,8.0,2.0,1.0,0.5,5,42.5,7.5
2239,3,10,1,1,0,3,2,0,0,0,2,3,1,2,1,1,3,53250.0,67550.0,55666.66667,74400.0,62716.6666675,4.9975,16.667,12549.608137568786,62717.6666675,4.797389892592848,,,0.35308814994446536,0.6214071076292856,0.4508215,0.6214071076292856,100,100,3,10,100,2,50,10,50,10,1,10,2,5,1,1,50,1.2000000000000002,1.7999999999999998,7.0,3.0,90.0,10.0,8.0,2.0,1.0,0.5,5,42.5,7.5
2240,3,10,1,1,0,3,1,0,0,0,2,3,0,3,2,1,3,81050.0,116966.6667,72483.33333,115500.0,96500.0000075,4.9975,16.667,19309.65482891446,96501.0000075,4.98453181381518,,,-0.15866358870427533,0.8085110570276913,0.4508215,0.8085110570276913,100,100,3,10,100,2,50,10,50,10,1,10,2,5,1,1,50,1.2000000000000002,1.7999999999999998,7.0,3.0,90.0,10.0,8.0,2.0,1.0,0.5,5,42.5,7.5
2241,3,10,1,1,0,3,2,0,0,0,1,3,0,3,1,1,3,72566.66667,100766.6667,76433.33333,105600.0,88841.666675,4.9975,16.667,17777.22194597299,88842.666675,4.948621585725788,,,0.2835328522921232,0.7726069057737948,0.4508215,0.7726069057737948,100,100,3,10,100,2,50,10,50,10,1,10,2,5,1,1,50,1.2000000000000002,1.7999999999999998,7.0,3.0,90.0,10.0,8.0,2.0,1.0,0.5,5,42.5,7.5
2242,3,10,1,1,0,3,2,0,0,0,1,3,0,3,1,1,3,77600.0,91200.0,90950.0,107466.6667,91804.166675,4.9975,16.667,18370.018344172087,91805.166675,4.962867123415844,,,0.2977783899821791,0.7868499725109855,0.4508215,0.7868499725109855,100,100,3,10,100,2,50,10,50,10,1,10,2,5,1,1,50,1.2000000000000002,1.7999999999999998,7.0,3.0,90.0,10.0,8.0,2.0,1.0,0.5,5,42.5,7.5
2243,3,10,1,1,0,3,2,0,1,0,2,3,0,3,0,1,3,24966.66667,31300.0,34933.33333,38450.0,32412.5,4.9975,16.667,6485.742871435718,32413.5,4.510725928552033,,,0.29347799929756757,0.33484453414551546,0.4508215,0.33484453414551546,100,100,3,10,100,2,50,10,50,10,1,10,2,5,1,1,50,1.2000000000000002,1.7999999999999998,7.0,3.0,90.0,10.0,8.0,2.0,1.0,0.5,5,42.5,7.5
2244,3,10,2,1,0,3,2,0,0,0,2,3,0,3,1,1,3,45883.33333,55366.66667,42666.66667,60950.0,51216.6666675,4.9975,16.667,10248.45756228114,51217.6666675,4.709419789350849,,,0.10249863829846806,0.533461356557064,0.4508215,0.533461356557064,100,100,3,10,100,2,50,10,50,10,1,10,2,5,1,1,50,1.2000000000000002,1.7999999999999998,7.0,3.0,90.0,10.0,8.0,2.0,1.0,0.5,5,42.5,7.5
2245,3,10,1,1,0,3,1,0,0,0,3,3,1,3,1,2,3,98766.66667,104033.3333,92983.33333,127900.0,105920.833325,4.9975,16.667,21194.764047023513,105921.833325,5.0249854890522005,,,0.003866283088380662,0.8489584621598438,0.4508215,0.8489584621598438,100,100,3,10,100,2,50,10,50,10,1,10,2,5,1,1,50,1.2000000000000002,1.7999999999999998,7.0,3.0,90.0,10.0,8.0,2.0,1.0,0.5,5,42.5,7.5
2246,3,10,1,0,1,4,2,0,1,0,3,3,1,3,1,2,3,73850.0,112583.3333,105200.0,120183.3333,102954.16665,4.9975,16.667,20601.133896948475,102955.16665,5.012648145915507,,,-0.20723832430388,0.8366229697405804,0.4508215,0.8366229697405804,100,100,3,10,100,2,50,10,50,10,1,10,2,5,1,1,50,1.2000000000000002,1.7999999999999998,7.0,3.0,90.0,10.0,8.0,2.0,1.0,0.5,5,42.5,7.5
2247,3,10,1,0,0,3,3,0,0,0,2,3,0,3,1,1,3,72983.33333,110333.3333,80483.33333,123466.6667,96816.666665,4.9975,16.667,19373.01984292146,96817.666665,4.985954611802847,,,0.12429871273617898,0.8099336244385206,0.4508215,0.8099336244385206,100,100,3,10,100,2,50,10,50,10,1,10,2,5,1,1,50,1.2000000000000002,1.7999999999999998,7.0,3.0,90.0,10.0,8.0,2.0,1.0,0.5,5,42.5,7.5
2248,3,10,2,1,0,3,2,0,0,0,2,2,0,3,1,2,3,39100.0,51216.66667,45950.0,60033.33333,49075.0,4.9975,16.667,9819.90995497749,49076.0,4.690869157789256,,,0.10015183732604438,0.5149165205815549,0.4508215,0.5149165205815549,100,100,3,10,100,2,50,10,50,10,1,10,2,5,1,1,50,1.2000000000000002,1.7999999999999998,7.0,3.0,90.0,10.0,8.0,2.0,1.0,0.5,5,42.5,7.5
2249,3,10,1,1,0,3,3,0,1,0,2,3,0,3,1,1,3,46533.33333,82300.0,69350.0,93383.33333,72891.666665,4.9975,16.667,14585.626146073037,72892.666665,4.862683838508329,,,0.09809995499621671,0.6866859134031528,0.4508215,0.6866859134031528,100,100,3,10,100,2,50,10,50,10,1,10,2,5,1,1,50,1.2000000000000002,1.7999999999999998,7.0,3.0,90.0,10.0,8.0,2.0,1.0,0.5,5,42.5,7.5
2250,3,11,1,2,0,3,2,0,0,0,2,3,0,3,1,1,2,15916.66667,19866.66667,17250.0,18050.0,17770.833335,7.118333333,16.667,2496.4879422850145,17771.833335,4.249732231756025,,,-0.21577371950676127,0.07402366221592305,0.4508215,0.07402366221592305,100,100,3,10,100,2,50,10,50,10,1,10,2,5,1,1,50,1.2000000000000002,1.7999999999999998,7.0,3.0,90.0,10.0,8.0,2.0,1.0,0.5,5,42.5,7.5
2251,3,11,1,0,0,3,3,0,0,1,0,3,0,3,1,1,3,42000.0,49216.66667,79800.0,67550.0,59641.6666675,7.118333333,16.667,8378.599860027094,59642.6666675,4.775557052840812,,,0.06399145449559906,0.5995798597471594,0.4508215,0.5995798597471594,100,100,3,10,100,2,50,10,50,10,1,10,2,5,1,1,50,1.2000000000000002,1.7999999999999998,7.0,3.0,90.0,10.0,8.0,2.0,1.0,0.5,5,42.5,7.5
2252,3,11,1,2,0,4,1,0,2,0,3,3,1,3,1,1,3,50650.0,63766.66667,57850.0,55750.0,57004.1666675,7.118333333,16.667,8008.077734043928,57005.1666675,4.755914219768913,,,-0.09504987189646563,0.5799423035240081,0.4508215,0.5799423035240081,100,100,3,10,100,2,50,10,50,10,1,10,2,5,1,1,50,1.2000000000000002,1.7999999999999998,7.0,3.0,90.0,10.0,8.0,2.0,1.0,0.5,5,42.5,7.5
2253,3,11,1,0,0,3,4,0,2,0,0,3,2,3,2,1,3,46133.33333,45916.66667,49616.66667,47450.0,47279.1666675,7.118333333,16.667,6641.88714629557,47280.1666675,4.67467899880907,,,-0.2498967263036045,0.4987316259758155,0.4508215,0.4987316259758155,100,100,3,10,100,2,50,10,50,10,1,10,2,5,1,1,50,1.2000000000000002,1.7999999999999998,7.0,3.0,90.0,10.0,8.0,2.0,1.0,0.5,5,42.5,7.5
2254,3,11,1,1,0,3,2,0,0,0,2,3,0,3,2,2,3,46383.33333,45066.66667,53416.66667,52100.0,49241.6666675,7.118333333,16.667,6917.583704491575,49242.6666675,4.692341563504234,,,-0.19517485970345572,0.5163884571918187,0.4508215,0.5163884571918187,100,100,3,10,100,2,50,10,50,10,1,10,2,5,1,1,50,1.2000000000000002,1.7999999999999998,7.0,3.0,90.0,10.0,8.0,2.0,1.0,0.5,5,42.5,7.5
2255,3,11,1,1,0,3,2,0,0,0,2,3,1,3,1,1,3,31883.33333,47366.66667,40566.66667,30850.0,37666.6666675,7.118333333,16.667,5291.500819845071,37667.6666675,4.575968718562313,,,-0.27142480794603685,0.4000580567572531,0.4508215,0.4000580567572531,100,100,3,10,100,2,50,10,50,10,1,10,2,5,1,1,50,1.2000000000000002,1.7999999999999998,7.0,3.0,90.0,10.0,8.0,2.0,1.0,0.5,5,42.5,7.5
2256,3,11,1,0,0,3,3,0,2,0,1,3,1,3,3,1,3,45633.33333,49416.66667,74600.0,41050.0,52675.0,7.118333333,16.667,7399.9063454647585,52676.0,4.721612788995079,,,0.10891496928693467,0.5456506794573074,0.4508215,0.5456506794573074,100,100,3,10,100,2,50,10,50,10,1,10,2,5,1,1,50,1.2000000000000002,1.7999999999999998,7.0,3.0,90.0,10.0,8.0,2.0,1.0,0.5,5,42.5,7.5
2257,3,11,1,2,1,3,2,0,0,0,2,3,0,3,1,1,3,16116.66667,23900.0,24666.66667,21150.0,21458.333335,7.118333333,16.667,3014.5165070482094,21459.333335,4.331616225857889,,,0.056633488755674755,0.15584192022239032,0.4508215,0.15584192022239032,100,100,3,10,100,2,50,10,50,10,1,10,2,5,1,1,50,1.2000000000000002,1.7999999999999998,7.0,3.0,90.0,10.0,8.0,2.0,1.0,0.5,5,42.5,7.5
2258,3,11,0,2,0,3,2,0,0,0,2,3,0,3,1,1,3,32316.66667,40066.66667,49583.33333,36633.33333,39650.0,7.118333333,16.667,5570.1240929791675,39651.0,4.598254144718071,,,0.12356591251713311,0.42233445126672053,0.4508215,0.42233445126672053,100,100,3,10,100,2,50,10,50,10,1,10,2,5,1,1,50,1.2000000000000002,1.7999999999999998,7.0,3.0,90.0,10.0,8.0,2.0,1.0,0.5,5,42.5,7.5
2259,3,11,1,1,0,3,2,0,1,0,2,3,0,3,1,2,3,53033.33333,71983.33333,78416.66667,74233.33333,69416.666665,7.118333333,16.667,9751.814563556629,69417.666665,4.841470011646749,,,0.04651363066199199,0.6654767582469245,0.4508215,0.6654767582469245,100,100,3,10,100,2,50,10,50,10,1,10,2,5,1,1,50,1.2000000000000002,1.7999999999999998,7.0,3.0,90.0,10.0,8.0,2.0,1.0,0.5,5,42.5,7.5
2260,3,11,1,1,0,3,2,0,0,0,3,3,0,3,1,2,3,92616.66667,105666.6667,115333.3333,107033.3333,105162.4999925,7.118333333,16.667,14773.472254379465,105163.4999925,5.021865031619708,,,0.07189458800052062,0.8458384678705763,0.4508215,0.8458384678705763,100,100,3,10,100,2,50,10,50,10,1,10,2,5,1,1,50,1.2000000000000002,1.7999999999999998,7.0,3.0,90.0,10.0,8.0,2.0,1.0,0.5,5,42.5,7.5
2261,3,11,1,2,0,3,2,0,0,0,2,3,0,3,2,1,3,35216.66667,43083.33333,37883.33333,42533.33333,39679.166665,7.118333333,16.667,5574.221493822253,39680.166665,4.598573487613638,,,-0.021546059850814814,0.4226536680789219,0.4508215,0.4226536680789219,100,100,3,10,100,2,50,10,50,10,1,10,2,5,1,1,50,1.2000000000000002,1.7999999999999998,7.0,3.0,90.0,10.0,8.0,2.0,1.0,0.5,5,42.5,7.5
2262,3,11,1,2,0,3,2,0,0,0,2,3,1,3,1,1,3,40466.66667,46133.33333,43933.33333,46000.0,44133.3333325,7.118333333,16.667,6199.953172732379,44134.3333325,4.644776570773742,,,0.21237420689248765,0.46883945212864037,0.4508215,0.46883945212864037,100,100,3,10,100,2,50,10,50,10,1,10,2,5,1,1,50,1.2000000000000002,1.7999999999999998,7.0,3.0,90.0,10.0,8.0,2.0,1.0,0.5,5,42.5,7.5
2263,3,11,1,1,0,3,2,0,0,0,2,3,0,2,1,2,3,11466.66667,12483.33333,13100.0,15400.0,13112.5,7.118333333,16.667,1842.0744557172595,13113.5,4.117718620585593,,,-0.3698150703900911,-0.057854086567087015,0.4508215,-0.057854086567087015,100,100,3,10,100,2,50,10,50,10,1,10,2,5,1,1,50,1.2000000000000002,1.7999999999999998,7.0,3.0,90.0,10.0,8.0,2.0,1.0,0.5,5,42.5,7.5
2264,3,11,1,1,1,3,2,0,0,0,2,3,0,3,1,2,3,43416.66667,55466.66667,58866.66667,56883.33333,53658.333334999996,7.118333333,16.667,7538.047296302413,53659.333334999996,4.729645272683118,,,0.06364921414050961,0.5536807967631528,0.4508215,0.5536807967631528,100,100,3,10,100,2,50,10,50,10,1,10,2,5,1,1,50,1.2000000000000002,1.7999999999999998,7.0,3.0,90.0,10.0,8.0,2.0,1.0,0.5,5,42.5,7.5
2265,3,11,0,1,0,3,2,0,0,0,2,3,0,3,1,1,3,54816.66667,58233.33333,64283.33333,56600.0,58483.3333325,7.118333333,16.667,8215.874502726101,58484.3333325,4.767039543715041,,,-0.14349700937015086,0.5910646094949251,0.4508215,0.5910646094949251,100,100,3,10,100,2,50,10,50,10,1,10,2,5,1,1,50,1.2000000000000002,1.7999999999999998,7.0,3.0,90.0,10.0,8.0,2.0,1.0,0.5,5,42.5,7.5
2266,3,11,1,1,0,3,2,1,0,0,2,3,0,3,1,2,3,38200.0,52333.33333,53350.0,59550.0,50858.3333325,7.118333333,16.667,7144.6967925377985,50859.3333325,4.706370663116251,,,-0.1365289553300313,0.5304131660159818,0.4508215,0.5304131660159818,100,100,3,10,100,2,50,10,50,10,1,10,2,5,1,1,50,1.2000000000000002,1.7999999999999998,7.0,3.0,90.0,10.0,8.0,2.0,1.0,0.5,5,42.5,7.5
2267,3,11,1,0,0,3,3,1,0,0,1,3,0,3,1,1,3,94066.66667,130150.0,146883.3333,120183.3333,122820.8333175,7.118333333,16.667,17254.155933961796,122821.8333175,5.089275575652659,,,0.2590409392072184,0.913239711126927,0.4508215,0.913239711126927,100,100,3,10,100,2,50,10,50,10,1,10,2,5,1,1,50,1.2000000000000002,1.7999999999999998,7.0,3.0,90.0,10.0,8.0,2.0,1.0,0.5,5,42.5,7.5
2268,3,11,1,2,0,3,2,0,0,0,2,3,0,3,0,1,3,8600.0,12616.66667,11900.0,12566.66667,11420.833335,7.118333333,16.667,1604.4251934724618,11421.833335,4.05773581874086,,,0.24584354758819194,-0.11776013926085753,0.4508215,-0.11776013926085753,100,100,3,10,100,2,50,10,50,10,1,10,2,5,1,1,50,1.2000000000000002,1.7999999999999998,7.0,3.0,90.0,10.0,8.0,2.0,1.0,0.5,5,42.5,7.5
2269,3,11,1,2,0,3,2,0,0,0,2,3,0,3,1,1,3,49050.0,53300.0,37716.66667,52700.0,48191.6666675,7.118333333,16.667,6770.077265711547,48192.6666675,4.682980957987001,,,0.29759370264662355,0.5070308611948701,0.4508215,0.5070308611948701,100,100,3,10,100,2,50,10,50,10,1,10,2,5,1,1,50,1.2000000000000002,1.7999999999999998,7.0,3.0,90.0,10.0,8.0,2.0,1.0,0.5,5,42.5,7.5
2270,3,11,1,1,0,3,2,0,0,0,2,3,0,3,2,1,3,93100.0,100300.0,108633.3333,103716.6667,101437.5,7.118333333,16.667,14250.1756035706,101438.5,5.006202818548902,,,-0.043182304541089955,0.8301786303416857,0.4508215,0.8301786303416857,100,100,3,10,100,2,50,10,50,10,1,10,2,5,1,1,50,1.2000000000000002,1.7999999999999998,7.0,3.0,90.0,10.0,8.0,2.0,1.0,0.5,5,42.5,7.5
2271,3,11,1,1,0,3,2,0,0,1,2,3,0,3,1,1,3,85600.0,104633.3333,90266.66667,105616.6667,96529.1666675,7.118333333,16.667,13560.641536692141,96530.1666675,4.984663056036922,,,0.1472741520924954,0.8086422779488502,0.4508215,0.8086422779488502,100,100,3,10,100,2,50,10,50,10,1,10,2,5,1,1,50,1.2000000000000002,1.7999999999999998,7.0,3.0,90.0,10.0,8.0,2.0,1.0,0.5,5,42.5,7.5
2272,3,11,1,1,0,3,2,1,0,0,2,3,0,3,1,1,3,79850.0,79000.0,71350.0,84333.33333,78633.3333325,7.118333333,16.667,11046.59330407617,78634.3333325,4.895612209159046,,,0.05028583051861446,0.7196074697396436,0.4508215,0.7196074697396436,100,100,3,10,100,2,50,10,50,10,1,10,2,5,1,1,50,1.2000000000000002,1.7999999999999998,7.0,3.0,90.0,10.0,8.0,2.0,1.0,0.5,5,42.5,7.5
2273,3,11,1,0,0,3,3,0,0,0,1,3,0,3,1,1,2,43750.0,51016.66667,38566.66667,51266.66667,46150.000002500004,7.118333333,16.667,6483.259190540074,46151.000002500004,4.664181115781485,,,-0.09257702640706977,0.4882372627843417,0.4508215,0.4882372627843417,100,100,3,10,100,2,50,10,50,10,1,10,2,5,1,1,50,1.2000000000000002,1.7999999999999998,7.0,3.0,90.0,10.0,8.0,2.0,1.0,0.5,5,42.5,7.5
2274,3,11,1,1,0,3,2,0,0,0,2,2,0,3,1,2,3,47700.0,48166.66667,58183.33333,57133.33333,52795.8333325,7.118333333,16.667,7416.881292667613,52796.8333325,4.722607875043972,,,-0.077720457525432,0.5466454699723428,0.4508215,0.5466454699723428,100,100,3,10,100,2,50,10,50,10,1,10,2,5,1,1,50,1.2000000000000002,1.7999999999999998,7.0,3.0,90.0,10.0,8.0,2.0,1.0,0.5,5,42.5,7.5
2275,3,11,1,1,0,3,2,0,0,0,2,2,0,3,1,1,3,79716.66667,95883.33333,121366.6667,103033.3333,100000.0,7.118333333,16.667,14048.23226476461,100001.0,5.000004342923105,,,0.18971771110286362,0.8239811187741787,0.4508215,0.8239811187741787,100,100,3,10,100,2,50,10,50,10,1,10,2,5,1,1,50,1.2000000000000002,1.7999999999999998,7.0,3.0,90.0,10.0,8.0,2.0,1.0,0.5,5,42.5,7.5
2276,3,11,1,1,0,3,1,0,0,0,2,3,0,3,1,2,3,101266.6667,96100.0,93016.66667,115450.0,101458.3333425,7.118333333,16.667,14253.102319913514,101459.3333425,5.006292004377751,,,0.22582555995250964,0.8302678023994793,0.4508215,0.8302678023994793,100,100,3,10,100,2,50,10,50,10,1,10,2,5,1,1,50,1.2000000000000002,1.7999999999999998,7.0,3.0,90.0,10.0,8.0,2.0,1.0,0.5,5,42.5,7.5
2277,3,11,1,3,0,3,2,0,0,0,2,3,0,3,1,1,3,2183.333333,1966.666667,2216.666667,1700.0,2016.6666667499999,7.118333333,16.667,283.30601735112646,2017.6666667499999,3.304849419210827,,,-0.3422097807231772,-0.8678826075509668,0.4508215,-0.8678826075509668,100,100,3,10,100,2,50,10,50,10,1,10,2,5,1,1,50,1.2000000000000002,1.7999999999999998,7.0,3.0,90.0,10.0,8.0,2.0,1.0,0.5,5,42.5,7.5
2278,3,11,1,0,0,3,2,0,0,0,2,3,0,3,1,1,3,127433.3333,131833.3333,119216.6667,121950.0,125108.333325,7.118333333,16.667,17575.509248071903,125109.333325,5.097289709856063,,,0.17279451281809521,0.9212528325597314,0.4508215,0.9212528325597314,100,100,3,10,100,2,50,10,50,10,1,10,2,5,1,1,50,1.2000000000000002,1.7999999999999998,7.0,3.0,90.0,10.0,8.0,2.0,1.0,0.5,5,42.5,7.5
2279,3,11,1,2,0,3,2,0,0,0,1,3,0,3,1,1,3,34033.33333,48200.0,39833.33333,49733.33333,42949.999997499996,7.118333333,16.667,6033.715757365193,42950.999997499996,4.632973279653651,,,0.42106673497922475,0.45704040692202574,0.4508215,0.45704040692202574,100,100,3,10,100,2,50,10,50,10,1,10,2,5,1,1,50,1.2000000000000002,1.7999999999999998,7.0,3.0,90.0,10.0,8.0,2.0,1.0,0.5,5,42.5,7.5
2280,3,11,1,1,0,3,2,0,0,0,2,3,0,3,1,2,2,54133.33333,57583.33333,72466.66667,74133.33333,64579.166665,7.118333333,16.667,9072.231327748641,64580.166665,4.81009916148629,,,0.04115405543968009,0.6341132484958838,0.4508215,0.6341132484958838,100,100,3,10,100,2,50,10,50,10,1,10,2,5,1,1,50,1.2000000000000002,1.7999999999999998,7.0,3.0,90.0,10.0,8.0,2.0,1.0,0.5,5,42.5,7.5
2281,3,11,1,2,0,3,2,0,0,0,2,3,0,3,1,2,3,26383.33333,27100.0,28616.66667,38283.33333,30095.8333325,7.118333333,16.667,4227.932568566047,30096.8333325,4.47852080328259,,,0.14862032788137114,0.30265555874616606,0.4508215,0.30265555874616606,100,100,3,10,100,2,50,10,50,10,1,10,2,5,1,1,50,1.2000000000000002,1.7999999999999998,7.0,3.0,90.0,10.0,8.0,2.0,1.0,0.5,5,42.5,7.5
2282,3,11,1,1,0,3,2,0,0,0,2,3,0,3,1,2,3,44883.33333,39783.33333,66116.66667,47133.33333,49479.166665,7.118333333,16.667,6950.9482557691845,49480.166665,4.694431153802029,,,-0.08190138586652562,0.5184773844748095,0.4508215,0.5184773844748095,100,100,3,10,100,2,50,10,50,10,1,10,2,5,1,1,50,1.2000000000000002,1.7999999999999998,7.0,3.0,90.0,10.0,8.0,2.0,1.0,0.5,5,42.5,7.5
2283,3,11,1,0,0,3,3,0,0,0,1,3,1,3,1,1,3,84800.0,88666.66667,116666.6667,95466.66667,96400.00001,7.118333333,16.667,13542.495904637908,96401.00001,4.984081539053995,,,0.18325461071563875,0.8080608553949372,0.4508215,0.8080608553949372,100,100,3,10,100,2,50,10,50,10,1,10,2,5,1,1,50,1.2000000000000002,1.7999999999999998,7.0,3.0,90.0,10.0,8.0,2.0,1.0,0.5,5,42.5,7.5
2284,3,11,1,2,0,3,2,1,0,0,2,3,0,3,1,1,3,36100.0,42483.33333,47350.0,46566.66667,43125.0,7.118333333,16.667,6058.300164179738,43126.0,4.6347391785612535,,,0.19786084922414826,0.45880566323411864,0.4508215,0.45880566323411864,100,100,3,10,100,2,50,10,50,10,1,10,2,5,1,1,50,1.2000000000000002,1.7999999999999998,7.0,3.0,90.0,10.0,8.0,2.0,1.0,0.5,5,42.5,7.5
2285,3,11,1,2,0,3,1,0,0,0,2,3,0,3,1,1,3,35166.66667,39666.66667,49616.66667,44850.0,42325.0000025,7.118333333,16.667,5945.914306412827,42326.0000025,4.626607227630051,,,0.19909236098580685,0.4506766932516004,0.4508215,0.4506766932516004,100,100,3,10,100,2,50,10,50,10,1,10,2,5,1,1,50,1.2000000000000002,1.7999999999999998,7.0,3.0,90.0,10.0,8.0,2.0,1.0,0.5,5,42.5,7.5
2286,3,11,1,1,0,3,2,0,0,0,1,3,0,3,1,2,3,53600.0,78433.33333,66166.66667,71716.66667,67479.1666675,7.118333333,16.667,9479.63006377802,67480.1666675,4.829176146571003,,,0.18450545302667543,0.6531857067966994,0.4508215,0.6531857067966994,100,100,3,10,100,2,50,10,50,10,1,10,2,5,1,1,50,1.2000000000000002,1.7999999999999998,7.0,3.0,90.0,10.0,8.0,2.0,1.0,0.5,5,42.5,7.5
2287,3,11,1,2,0,3,2,0,0,1,2,3,0,3,1,1,3,27716.66667,40216.66667,39516.66667,46783.33333,38558.333334999996,7.118333333,16.667,5416.7642243229575,38559.333334999996,4.5861295166355225,,,0.1549799791149109,0.41021467945108336,0.4508215,0.41021467945108336,100,100,3,10,100,2,50,10,50,10,1,10,2,5,1,1,50,1.2000000000000002,1.7999999999999998,7.0,3.0,90.0,10.0,8.0,2.0,1.0,0.5,5,42.5,7.5
2288,3,11,1,2,0,3,2,0,0,0,3,3,0,3,1,1,3,61983.33333,63433.33333,77750.0,70250.0,68354.166665,7.118333333,16.667,9602.552095743506,68355.166665,4.834771346545329,,,0.2339273227125922,0.6587796163526487,0.4508215,0.6587796163526487,100,100,3,10,100,2,50,10,50,10,1,10,2,5,1,1,50,1.2000000000000002,1.7999999999999998,7.0,3.0,90.0,10.0,8.0,2.0,1.0,0.5,5,42.5,7.5
2289,3,11,0,0,0,3,3,0,0,0,1,3,0,3,1,1,3,51200.0,65133.33333,60716.66667,75600.0,63162.5,7.118333333,16.667,8873.214704231947,63163.5,4.800466187019792,,,-0.09906154788309607,0.6244826364974895,0.4508215,0.6244826364974895,100,100,3,10,100,2,50,10,50,10,1,10,2,5,1,1,50,1.2000000000000002,1.7999999999999998,7.0,3.0,90.0,10.0,8.0,2.0,1.0,0.5,5,42.5,7.5
2290,3,11,1,1,0,3,2,0,0,0,2,3,1,3,1,2,3,44300.0,46750.0,39550.0,52116.66667,45679.1666675,7.118333333,16.667,6417.115430059336,45680.1666675,4.6597276797965375,,,-0.1572190503844375,0.4837853458785229,0.4508215,0.4837853458785229,100,100,3,10,100,2,50,10,50,10,1,10,2,5,1,1,50,1.2000000000000002,1.7999999999999998,7.0,3.0,90.0,10.0,8.0,2.0,1.0,0.5,5,42.5,7.5
2291,3,11,1,1,0,3,2,0,0,0,2,3,0,3,0,2,3,14766.66667,14516.66667,17116.66667,15950.0,15587.5000025,7.118333333,16.667,2189.7682046213895,15588.5000025,4.192804327377525,,,-0.13358163668826073,0.017149330615096478,0.4508215,0.017149330615096478,100,100,3,10,100,2,50,10,50,10,1,10,2,5,1,1,50,1.2000000000000002,1.7999999999999998,7.0,3.0,90.0,10.0,8.0,2.0,1.0,0.5,5,42.5,7.5
2292,3,11,1,0,0,3,3,0,0,0,2,3,0,3,1,1,3,68383.33333,73716.66667,64016.66667,76166.66667,70570.833335,7.118333333,16.667,9913.95457808073,70571.833335,4.848631399805281,,,-0.01302449926138749,0.6726365437503651,0.4508215,0.6726365437503651,100,100,3,10,100,2,50,10,50,10,1,10,2,5,1,1,50,1.2000000000000002,1.7999999999999998,7.0,3.0,90.0,10.0,8.0,2.0,1.0,0.5,5,42.5,7.5
2293,3,11,1,0,0,2,3,0,0,0,1,3,0,3,1,1,3,9100.0,10083.33333,10950.0,12050.0,10545.8333325,7.118333333,16.667,1481.5031608045658,10546.8333325,4.023122083078148,,,-0.24394045584518942,-0.1523245234266508,0.4508215,-0.1523245234266508,100,100,3,10,100,2,50,10,50,10,1,10,2,5,1,1,50,1.2000000000000002,1.7999999999999998,7.0,3.0,90.0,10.0,8.0,2.0,1.0,0.5,5,42.5,7.5
2294,3,11,1,2,0,3,2,0,0,0,2,3,0,2,1,1,3,6516.666667,7566.666667,7633.333333,7916.666667,7408.333333500001,7.118333333,16.667,1040.7398736380587,7409.333333500001,3.869779133403448,,,-0.15333824368621718,-0.30539478155973676,0.4508215,-0.30539478155973676,100,100,3,10,100,2,50,10,50,10,1,10,2,5,1,1,50,1.2000000000000002,1.7999999999999998,7.0,3.0,90.0,10.0,8.0,2.0,1.0,0.5,5,42.5,7.5
2295,3,11,1,2,0,3,2,0,0,1,2,3,0,3,1,1,2,11866.66667,16850.0,17116.66667,15883.33333,15429.1666675,7.118333333,16.667,2167.5251699680416,15430.1666675,4.188370617079651,,,-0.268577663369995,0.012720094658126726,0.4508215,0.012720094658126726,100,100,3,10,100,2,50,10,50,10,1,10,2,5,1,1,50,1.2000000000000002,1.7999999999999998,7.0,3.0,90.0,10.0,8.0,2.0,1.0,0.5,5,42.5,7.5
2296,3,11,1,0,0,3,3,0,0,1,0,3,0,3,1,1,3,32300.0,37983.33333,47050.0,52933.33333,42566.666665,7.118333333,16.667,5979.864200467331,42567.666665,4.62907984509638,,,-0.08248575324883234,0.4531483984139742,0.4508215,0.4531483984139742,100,100,3,10,100,2,50,10,50,10,1,10,2,5,1,1,50,1.2000000000000002,1.7999999999999998,7.0,3.0,90.0,10.0,8.0,2.0,1.0,0.5,5,42.5,7.5
2297,3,11,1,2,0,4,1,0,0,0,3,3,1,3,1,1,3,28100.0,38716.66667,40666.66667,48200.0,38920.833335,7.118333333,16.667,5467.68906628273,38921.833335,4.590193288649804,,,-0.3452613081674807,0.41427680868402983,0.4508215,0.41427680868402983,100,100,3,10,100,2,50,10,50,10,1,10,2,5,1,1,50,1.2000000000000002,1.7999999999999998,7.0,3.0,90.0,10.0,8.0,2.0,1.0,0.5,5,42.5,7.5
2298,3,11,1,0,0,3,4,0,0,0,0,3,2,3,2,1,3,28916.66667,68816.66667,51250.0,77300.0,56570.833335,7.118333333,16.667,7947.202061013683,56571.833335,4.752600253238772,,,-0.21818954459185846,0.5766292510186661,0.4508215,0.5766292510186661,100,100,3,10,100,2,50,10,50,10,1,10,2,5,1,1,50,1.2000000000000002,1.7999999999999998,7.0,3.0,90.0,10.0,8.0,2.0,1.0,0.5,5,42.5,7.5
2299,3,11,1,1,0,4,2,0,0,0,2,3,0,3,1,2,3,34483.33333,48600.0,48033.33333,60150.0,47816.666665,7.118333333,16.667,6717.3963943674735,47817.666665,4.679588380244026,,,-0.3505237735524762,0.5036393903059776,0.4508215,0.5036393903059776,100,100,3,10,100,2,50,10,50,10,1,10,2,5,1,1,50,1.2000000000000002,1.7999999999999998,7.0,3.0,90.0,10.0,8.0,2.0,1.0,0.5,5,42.5,7.5
2300,3,11,1,1,0,3,2,0,0,0,2,3,1,3,1,1,3,48816.66667,58816.66667,62083.33333,51000.0,55179.1666675,7.118333333,16.667,7751.6974952119745,55180.1666675,4.7417830078986265,,,-0.10561051860972359,0.565815038175282,0.4508215,0.565815038175282,100,100,3,10,100,2,50,10,50,10,1,10,2,5,1,1,50,1.2000000000000002,1.7999999999999998,7.0,3.0,90.0,10.0,8.0,2.0,1.0,0.5,5,42.5,7.5
2301,3,11,2,2,0,3,3,0,0,0,1,3,1,3,3,1,3,9550.0,11933.33333,11833.33333,14983.33333,12074.999997500001,7.118333333,16.667,1696.3240456191209,12075.999997500001,4.0819231042611515,,,-0.11276028016698092,-0.09360508078308175,0.4508215,-0.09360508078308175,100,100,3,10,100,2,50,10,50,10,1,10,2,5,1,1,50,1.2000000000000002,1.7999999999999998,7.0,3.0,90.0,10.0,8.0,2.0,1.0,0.5,5,42.5,7.5
2302,3,11,1,2,0,3,2,0,0,0,2,3,0,3,1,1,3,17416.66667,21766.66667,20066.66667,24866.66667,21029.16667,7.118333333,16.667,2954.2261771460653,21030.16667,4.322842714606172,,,-0.06254454073420579,0.14707487469239824,0.4508215,0.14707487469239824,100,100,3,10,100,2,50,10,50,10,1,10,2,5,1,1,50,1.2000000000000002,1.7999999999999998,7.0,3.0,90.0,10.0,8.0,2.0,1.0,0.5,5,42.5,7.5
2303,3,11,0,2,0,3,2,0,0,0,1,3,0,3,1,1,3,19433.33333,26950.0,26000.0,26116.66667,24625.0,7.118333333,16.667,3459.3771951982853,24626.0,4.391393875135699,,,0.05703656190619277,0.2155788252976101,0.4508215,0.2155788252976101,100,100,3,10,100,2,50,10,50,10,1,10,2,5,1,1,50,1.2000000000000002,1.7999999999999998,7.0,3.0,90.0,10.0,8.0,2.0,1.0,0.5,5,42.5,7.5
2304,3,11,1,2,0,3,2,0,1,0,2,3,0,3,2,2,3,13133.33333,27400.0,26966.66667,35100.0,25650.0,7.118333333,16.667,3603.3715759121224,25651.0,4.4091043006765425,,,-0.08857435008285197,0.23327821703732624,0.4508215,0.23327821703732624,100,100,3,10,100,2,50,10,50,10,1,10,2,5,1,1,50,1.2000000000000002,1.7999999999999998,7.0,3.0,90.0,10.0,8.0,2.0,1.0,0.5,5,42.5,7.5
2305,3,11,1,1,0,3,2,0,0,0,3,3,0,3,1,2,3,42483.33333,105900.0,89850.0,140166.6667,94600.0000075,7.118333333,16.667,13289.627723520938,94601.0000075,4.97589572726272,,,0.025925283643532637,0.7998763863505274,0.4508215,0.7998763863505274,100,100,3,10,100,2,50,10,50,10,1,10,2,5,1,1,50,1.2000000000000002,1.7999999999999998,7.0,3.0,90.0,10.0,8.0,2.0,1.0,0.5,5,42.5,7.5
2306,3,11,1,2,0,3,2,0,0,0,4,3,0,3,2,1,3,64700.0,93650.0,85900.0,129566.6667,93454.166675,7.118333333,16.667,13128.658395604245,93455.166675,4.9706033163774,,,-0.14610178198513157,0.7945848571639148,0.4508215,0.7945848571639148,100,100,3,10,100,2,50,10,50,10,1,10,2,5,1,1,50,1.2000000000000002,1.7999999999999998,7.0,3.0,90.0,10.0,8.0,2.0,1.0,0.5,5,42.5,7.5
2307,3,11,1,2,0,3,2,0,0,0,2,3,0,3,1,1,3,15333.33333,35833.33333,32116.66667,42266.66667,31387.5,7.118333333,16.667,4409.388902102992,31388.5,4.496770562043202,,,0.11138330670282404,0.3208960191142356,0.4508215,0.3208960191142356,100,100,3,10,100,2,50,10,50,10,1,10,2,5,1,1,50,1.2000000000000002,1.7999999999999998,7.0,3.0,90.0,10.0,8.0,2.0,1.0,0.5,5,42.5,7.5
2308,3,11,1,1,0,3,2,0,0,0,2,3,0,3,1,2,3,55533.33333,57033.33333,59783.33333,74316.66667,61666.666665000004,7.118333333,16.667,8663.076563037373,61667.666665000004,4.790057516227733,,,0.013724976559178259,0.6140765779909559,0.4508215,0.6140765779909559,100,100,3,10,100,2,50,10,50,10,1,10,2,5,1,1,50,1.2000000000000002,1.7999999999999998,7.0,3.0,90.0,10.0,8.0,2.0,1.0,0.5,5,42.5,7.5
2309,3,11,1,0,1,2,2,0,0,0,2,3,0,3,1,1,3,7016.666667,11666.66667,9933.333333,9483.333333,9525.00000075,7.118333333,16.667,1338.0941233241908,9526.00000075,3.9789105772097644,,,-0.245732817672768,-0.1964670032214032,0.4508215,-0.1964670032214032,100,100,3,10,100,2,50,10,50,10,1,10,2,5,1,1,50,1.2000000000000002,1.7999999999999998,7.0,3.0,90.0,10.0,8.0,2.0,1.0,0.5,5,42.5,7.5
2310,3,11,0,1,0,3,2,0,0,0,2,3,0,3,1,2,3,37766.66667,50983.33333,50066.66667,63166.66667,50495.833335,7.118333333,16.667,7093.771950929234,50496.833335,4.703264144291806,,,-0.17266583179445316,0.5273076072752737,0.4508215,0.5273076072752737,100,100,3,10,100,2,50,10,50,10,1,10,2,5,1,1,50,1.2000000000000002,1.7999999999999998,7.0,3.0,90.0,10.0,8.0,2.0,1.0,0.5,5,42.5,7.5
2311,3,11,1,1,0,3,3,1,0,0,2,3,0,3,1,2,3,44683.33333,55266.66667,77700.0,66183.33333,60958.3333325,7.118333333,16.667,8563.568251279024,60959.3333325,4.785040208797429,,,-0.09493919288858876,0.6090605522983185,0.4508215,0.6090605522983185,100,100,3,10,100,2,50,10,50,10,1,10,2,5,1,1,50,1.2000000000000002,1.7999999999999998,7.0,3.0,90.0,10.0,8.0,2.0,1.0,0.5,5,42.5,7.5
2312,3,11,1,2,0,3,2,1,0,0,1,3,0,3,1,1,3,29700.0,30766.66667,31950.0,35566.66667,31995.833335000003,7.118333333,16.667,4494.848981947781,31996.833335000003,4.505106999157814,,,0.20261588881652948,0.32922833696554993,0.4508215,0.32922833696554993,100,100,3,10,100,2,50,10,50,10,1,10,2,5,1,1,50,1.2000000000000002,1.7999999999999998,7.0,3.0,90.0,10.0,8.0,2.0,1.0,0.5,5,42.5,7.5
2313,3,11,1,2,0,3,2,0,0,0,2,3,0,3,0,1,3,9016.666667,11383.33333,11950.0,12083.33333,11108.33333175,7.118333333,16.667,1560.524467188505,11109.33333175,4.045687997822111,,,0.23379572666944304,-0.1297912264519532,0.4508215,-0.1297912264519532,100,100,3,10,100,2,50,10,50,10,1,10,2,5,1,1,50,1.2000000000000002,1.7999999999999998,7.0,3.0,90.0,10.0,8.0,2.0,1.0,0.5,5,42.5,7.5
2314,3,11,1,2,0,3,3,0,0,0,2,3,0,3,1,1,3,24766.66667,40183.33333,48283.33333,44183.33333,39354.166665,7.118333333,16.667,5528.564738961768,39355.166665,4.595001755927687,,,0.21252153036699006,0.4190833518807514,0.4508215,0.4190833518807514,100,100,3,10,100,2,50,10,50,10,1,10,2,5,1,1,50,1.2000000000000002,1.7999999999999998,7.0,3.0,90.0,10.0,8.0,2.0,1.0,0.5,5,42.5,7.5
2315,3,11,1,0,0,3,2,0,0,0,2,3,0,3,2,1,3,103166.6667,119416.6667,103150.0,118483.3333,111054.166675,7.118333333,16.667,15601.147274202816,111055.166675,5.045538768253654,,,-0.12059587409015649,0.8695087725498415,0.4508215,0.8695087725498415,100,100,3,10,100,2,50,10,50,10,1,10,2,5,1,1,50,1.2000000000000002,1.7999999999999998,7.0,3.0,90.0,10.0,8.0,2.0,1.0,0.5,5,42.5,7.5
2316,3,11,1,0,0,3,2,0,0,1,2,3,0,3,2,1,3,63850.0,94000.0,150650.0,155833.3333,116083.333325,7.118333333,16.667,16307.656286176898,116084.333325,5.06477361155933,,,-0.12473629107244921,0.888740961898618,0.4508215,0.888740961898618,100,100,3,10,100,2,50,10,50,10,1,10,2,5,1,1,50,1.2000000000000002,1.7999999999999998,7.0,3.0,90.0,10.0,8.0,2.0,1.0,0.5,5,42.5,7.5
2317,3,11,1,0,0,3,2,1,0,0,2,3,0,3,1,1,3,64816.66667,84883.33333,104616.6667,122200.0,94129.166675,7.118333333,16.667,13223.483963391407,94130.166675,4.973728827688014,,,0.032470456115972546,0.7977098464760407,0.4508215,0.7977098464760407,100,100,3,10,100,2,50,10,50,10,1,10,2,5,1,1,50,1.2000000000000002,1.7999999999999998,7.0,3.0,90.0,10.0,8.0,2.0,1.0,0.5,5,42.5,7.5
2318,3,11,1,0,0,3,2,0,0,0,1,3,0,3,1,1,2,39733.33333,38933.33333,70483.33333,59033.33333,52045.833329999994,7.118333333,16.667,7311.519550330672,52046.833329999994,4.716394311000375,,,-0.12673715764227733,0.5404337624479725,0.4508215,0.5404337624479725,100,100,3,10,100,2,50,10,50,10,1,10,2,5,1,1,50,1.2000000000000002,1.7999999999999998,7.0,3.0,90.0,10.0,8.0,2.0,1.0,0.5,5,42.5,7.5
2319,3,11,1,1,0,4,1,0,0,0,3,2,2,3,1,2,3,67266.66667,83433.33333,101800.0,104000.0,89125.0,7.118333333,16.667,12520.487005971458,89126.0,4.950004415701947,,,-0.3425537824562852,0.7739894923248553,0.4508215,0.7739894923248553,100,100,3,10,100,2,50,10,50,10,1,10,2,5,1,1,50,1.2000000000000002,1.7999999999999998,7.0,3.0,90.0,10.0,8.0,2.0,1.0,0.5,5,42.5,7.5
2320,3,11,1,1,0,3,2,0,0,0,2,2,0,3,1,1,3,71616.66667,88666.66667,108566.6667,123066.6667,97979.166685,7.118333333,16.667,13764.340906989668,97980.166685,4.991138173947768,,,0.18085154212752652,0.8151163529013288,0.4508215,0.8151163529013288,100,100,3,10,100,2,50,10,50,10,1,10,2,5,1,1,50,1.2000000000000002,1.7999999999999998,7.0,3.0,90.0,10.0,8.0,2.0,1.0,0.5,5,42.5,7.5
2321,3,11,1,1,0,3,2,0,0,0,2,3,0,3,1,2,3,47500.0,59150.0,88766.66667,96000.0,72854.1666675,7.118333333,16.667,10234.722548009118,72855.1666675,4.862460356045879,,,0.08612781637732425,0.6864624789763706,0.4508215,0.6864624789763706,100,100,3,10,100,2,50,10,50,10,1,10,2,5,1,1,50,1.2000000000000002,1.7999999999999998,7.0,3.0,90.0,10.0,8.0,2.0,1.0,0.5,5,42.5,7.5
2322,3,11,1,2,0,3,2,0,0,0,2,3,0,3,1,1,3,24100.0,35133.33333,31333.33333,40000.0,32641.666665,7.118333333,16.667,4585.577148189444,32642.666665,4.5137856301856365,,,0.12839837484525862,0.33790276278534015,0.4508215,0.33790276278534015,100,100,3,10,100,2,50,10,50,10,1,10,2,5,1,1,50,1.2000000000000002,1.7999999999999998,7.0,3.0,90.0,10.0,8.0,2.0,1.0,0.5,5,42.5,7.5
2323,3,11,1,2,0,3,2,0,0,0,2,3,0,3,1,1,3,24966.66667,38550.0,34316.66667,43616.66667,35362.5000025,7.118333333,16.667,4967.80613497859,35363.5000025,4.548555241537571,,,0.16316798619719286,0.37265634423604105,0.4508215,0.37265634423604105,100,100,3,10,100,2,50,10,50,10,1,10,2,5,1,1,50,1.2000000000000002,1.7999999999999998,7.0,3.0,90.0,10.0,8.0,2.0,1.0,0.5,5,42.5,7.5
2324,3,11,1,2,0,3,2,0,0,0,2,4,0,3,1,1,3,20350.0,28666.66667,21000.0,40983.33333,27750.0,7.118333333,16.667,3898.3844534721793,27751.0,4.443278637428316,,,0.09989265175093198,0.26743249284506315,0.4508215,0.26743249284506315,100,100,3,10,100,2,50,10,50,10,1,10,2,5,1,1,50,1.2000000000000002,1.7999999999999998,7.0,3.0,90.0,10.0,8.0,2.0,1.0,0.5,5,42.5,7.5
2325,3,11,1,1,0,4,2,0,0,0,2,3,1,3,1,2,2,62583.33333,53816.66667,78150.0,67366.66667,65479.1666675,7.118333333,16.667,9198.66541848273,65480.1666675,4.816109776156572,,,-0.1756560744883755,0.6401224153977244,0.4508215,0.6401224153977244,100,100,3,10,100,2,50,10,50,10,1,10,2,5,1,1,50,1.2000000000000002,1.7999999999999998,7.0,3.0,90.0,10.0,8.0,2.0,1.0,0.5,5,42.5,7.5
2326,3,11,1,2,0,3,2,0,0,0,2,3,0,3,1,2,3,18883.33333,19816.66667,26700.0,23150.0,22137.5,7.118333333,16.667,3109.9274176122653,22138.5,4.345148191800533,,,0.01524771639931366,0.16936416608132018,0.4508215,0.16936416608132018,100,100,3,10,100,2,50,10,50,10,1,10,2,5,1,1,50,1.2000000000000002,1.7999999999999998,7.0,3.0,90.0,10.0,8.0,2.0,1.0,0.5,5,42.5,7.5
2327,3,11,1,2,0,3,2,0,0,0,2,3,0,3,1,2,3,20616.66667,19400.0,20550.0,23416.66667,20995.833335,7.118333333,16.667,2949.5434328236734,20996.833335,4.322153800979799,,,-0.0077466744214200745,0.1463864743157558,0.4508215,0.1463864743157558,100,100,3,10,100,2,50,10,50,10,1,10,2,5,1,1,50,1.2000000000000002,1.7999999999999998,7.0,3.0,90.0,10.0,8.0,2.0,1.0,0.5,5,42.5,7.5
2328,3,11,1,0,0,3,3,0,0,0,1,3,1,3,2,1,3,57300.0,71883.33333,90133.33333,80066.66667,74845.8333325,7.118333333,16.667,10514.516507048209,74846.8333325,4.874173430660185,,,-0.1168460680940937,0.6981730689654925,0.4508215,0.6981730689654925,100,100,3,10,100,2,50,10,50,10,1,10,2,5,1,1,50,1.2000000000000002,1.7999999999999998,7.0,3.0,90.0,10.0,8.0,2.0,1.0,0.5,5,42.5,7.5
2329,3,11,2,0,0,3,3,0,0,0,2,3,1,3,1,2,3,48183.33333,58783.33333,72266.66667,67616.66667,61712.5,7.118333333,16.667,8669.51533639286,61713.5,4.7903801775533035,,,0.056462536215866166,0.6143991573939436,0.4508215,0.6143991573939436,100,100,3,10,100,2,50,10,50,10,1,10,2,5,1,1,50,1.2000000000000002,1.7999999999999998,7.0,3.0,90.0,10.0,8.0,2.0,1.0,0.5,5,42.5,7.5
2330,3,11,1,2,0,3,2,0,0,0,2,3,0,3,1,2,3,17583.33333,20100.0,30316.66667,23000.0,22750.0,7.118333333,16.667,3195.972840233949,22751.0,4.357000490440923,,,0.027100015039703607,0.18120819626481965,0.4508215,0.18120819626481965,100,100,3,10,100,2,50,10,50,10,1,10,2,5,1,1,50,1.2000000000000002,1.7999999999999998,7.0,3.0,90.0,10.0,8.0,2.0,1.0,0.5,5,42.5,7.5
2331,3,11,1,1,0,3,1,0,0,0,1,3,0,3,1,2,3,44083.33333,44800.0,72033.33333,59350.0,55066.666665,7.118333333,16.667,7735.893233562908,55067.666665,4.740896674883613,,,0.12156137250171462,0.5649289569972994,0.4508215,0.5649289569972994,100,100,3,10,100,2,50,10,50,10,1,10,2,5,1,1,50,1.2000000000000002,1.7999999999999998,7.0,3.0,90.0,10.0,8.0,2.0,1.0,0.5,5,42.5,7.5
2332,3,11,1,2,0,3,2,1,0,1,2,3,0,3,0,2,3,6366.666667,7150.0,7066.666667,6650.0,6808.333333500001,7.118333333,16.667,956.450480049471,6809.333333500001,3.83310459447447,,,-0.1559448894796973,-0.34198858212131883,0.4508215,-0.34198858212131883,100,100,3,10,100,2,50,10,50,10,1,10,2,5,1,1,50,1.2000000000000002,1.7999999999999998,7.0,3.0,90.0,10.0,8.0,2.0,1.0,0.5,5,42.5,7.5
2333,3,11,1,2,0,3,2,0,0,0,3,3,0,3,1,1,3,35016.66667,37050.0,48666.66667,45766.66667,41625.000002500004,7.118333333,16.667,5847.576680559475,41626.000002500004,4.619364679916201,,,0.01852065608346365,0.4434368478417959,0.4508215,0.4434368478417959,100,100,3,10,100,2,50,10,50,10,1,10,2,5,1,1,50,1.2000000000000002,1.7999999999999998,7.0,3.0,90.0,10.0,8.0,2.0,1.0,0.5,5,42.5,7.5
2334,3,11,0,0,0,3,3,0,0,0,1,3,1,3,1,1,3,38850.0,61316.66667,83050.0,74983.33333,64550.0,7.118333333,16.667,9068.133926905555,64551.0,4.809902974582577,,,-0.12130993394474565,0.6339171091858656,0.4508215,0.6339171091858656,100,100,3,10,100,2,50,10,50,10,1,10,2,5,1,1,50,1.2000000000000002,1.7999999999999998,7.0,3.0,90.0,10.0,8.0,2.0,1.0,0.5,5,42.5,7.5
2335,3,11,1,1,0,3,2,0,0,0,2,3,1,3,1,2,3,21516.66667,42866.66667,47866.66667,50183.33333,40608.333334999996,7.118333333,16.667,5704.7529857506315,40609.333334999996,4.608625859933098,,,-0.20832087024787693,0.4327021185125086,0.4508215,0.4327021185125086,100,100,3,10,100,2,50,10,50,10,1,10,2,5,1,1,50,1.2000000000000002,1.7999999999999998,7.0,3.0,90.0,10.0,8.0,2.0,1.0,0.5,5,42.5,7.5
2336,3,11,1,1,0,3,2,0,0,0,2,3,0,3,0,2,3,10033.33333,16800.0,12983.33333,16133.33333,13987.499997500001,7.118333333,16.667,1964.9964876827441,13988.499997500001,4.145771147105494,,,-0.1806148169602917,-0.02983397803807122,0.4508215,-0.02983397803807122,100,100,3,10,100,2,50,10,50,10,1,10,2,5,1,1,50,1.2000000000000002,1.7999999999999998,7.0,3.0,90.0,10.0,8.0,2.0,1.0,0.5,5,42.5,7.5
2337,3,11,1,1,0,3,3,0,0,0,2,3,1,3,1,1,3,20483.33333,42133.33333,52333.33333,50016.66667,41241.666665000004,7.118333333,16.667,5793.725122959201,41242.666665000004,4.615346738096761,,,-0.19036595234730136,0.4394204247193759,0.4508215,0.4394204247193759,100,100,3,10,100,2,50,10,50,10,1,10,2,5,1,1,50,1.2000000000000002,1.7999999999999998,7.0,3.0,90.0,10.0,8.0,2.0,1.0,0.5,5,42.5,7.5
2338,3,11,1,0,0,3,3,0,0,0,2,3,0,3,1,1,3,30500.0,54183.33333,74750.0,68083.33333,56879.166665,7.118333333,16.667,7990.517443361766,56880.166665,4.75496086025307,,,-0.10669503881359788,0.5789892062401265,0.4508215,0.5789892062401265,100,100,3,10,100,2,50,10,50,10,1,10,2,5,1,1,50,1.2000000000000002,1.7999999999999998,7.0,3.0,90.0,10.0,8.0,2.0,1.0,0.5,5,42.5,7.5
2339,3,11,1,2,0,3,2,0,0,0,2,3,0,2,1,2,3,2866.666667,5250.0,4650.0,4133.333333,4225.0,7.118333333,16.667,593.5378131863048,4226.0,3.6259294927162946,,,-0.4402968417790776,-0.5485546886373163,0.4508215,-0.5485546886373163,100,100,3,10,100,2,50,10,50,10,1,10,2,5,1,1,50,1.2000000000000002,1.7999999999999998,7.0,3.0,90.0,10.0,8.0,2.0,1.0,0.5,5,42.5,7.5
