,exp#,gen #,bME,LS1000,PY,ITS,ALB,MEMAA,ARG,GLU,CB6,IL-2,IL-12,IL-18,IL-21,VS,Cell count,FoldChg,PosCont FC,PC-norm FC,log foldchg,Penicillin (units/mL),Streptomycin (µg/mL),Human Serum Albumin (HSA) (mg/mL),CD3/CD28/CD2 Activator,Sodium Pyruvate (PY) (mM),Insulin (µg/mL),Transferrin (µg/mL),Selenium (ng/mL),MEM Non-Essential Amino Acids (MEMAA) (mM),L-Arginine (ARG) (mM),SG-200 Solution (GLU) (mM),IL-2 (IU/mL),IL-12 (ng/mL),IL-18 (ng/mL),IL-21 (ng/mL),MEM Vitamin Solution (VS),PY Component 1 (mM),PY Component 2 (mM),HSA Fraction 1 (mg/mL),HSA Fraction 2 (mg/mL),Vitamin A (fraction),Vitamin B (fraction)
0,1,1,5,3,4,2,3,3,2,2,2,3,4,4,1,2,1851.666667,0.03703333334,2.430233333,0.015238591635266655,-1.8170551690394452,100,100,4,1 bead per cell or 1:1 ratio,1,10,5.5,6.7,1,0.4,25,350,10,10,50,1,0.5,0.5,3.2,0.8,0.3,0.7
1,1,1,3,2,4,0,0,1,4,3,2,2,1,1,1,1,1350.0,0.027,2.430233333,0.011110044304540037,-1.9542842091798438,100,100,4,1 bead per cell or 1:1 ratio,1,10,5.5,6.7,1,0.4,25,350,10,10,50,1,0.5,0.5,3.2,0.8,0.3,0.7
2,1,1,2,2,3,3,3,2,0,2,3,3,1,3,1,3,6805.0,0.1361,2.430233333,0.056002852957329596,-1.2517898481354963,100,100,4,1 bead per cell or 1:1 ratio,1,10,5.5,6.7,1,0.4,25,350,10,10,50,1,0.5,0.5,3.2,0.8,0.3,0.7
3,1,1,5,2,3,1,1,1,0,5,0,4,3,1,3,2,4408.333333,0.08816666665999999,2.430233333,0.036279095288007886,-1.440343551720128,100,100,4,1 bead per cell or 1:1 ratio,1,10,5.5,6.7,1,0.4,25,350,10,10,50,1,0.5,0.5,3.2,0.8,0.3,0.7
4,1,1,5,0,1,2,0,1,5,1,0,2,3,2,1,0,1073.333333,0.02146666666,2.430233333,0.008833171024570093,-2.0538833608335554,100,100,4,1 bead per cell or 1:1 ratio,1,10,5.5,6.7,1,0.4,25,350,10,10,50,1,0.5,0.5,3.2,0.8,0.3,0.7
5,1,1,1,2,4,2,1,3,4,2,0,2,1,3,4,0,4800.0,0.096,2.430233333,0.03950237974947569,-1.4033767402992627,100,100,4,1 bead per cell or 1:1 ratio,1,10,5.5,6.7,1,0.4,25,350,10,10,50,1,0.5,0.5,3.2,0.8,0.3,0.7
6,1,1,5,3,5,1,3,2,3,1,2,1,2,3,0,3,681.6666667,0.013633333333999999,2.430233333,0.005609886568863056,-2.251045920029915,100,100,4,1 bead per cell or 1:1 ratio,1,10,5.5,6.7,1,0.4,25,350,10,10,50,1,0.5,0.5,3.2,0.8,0.3,0.7
7,1,1,5,3,1,2,3,2,2,5,0,0,3,3,0,0,29235.0,0.5847,2.430233333,0.24059418166165036,-0.6187148795015472,100,100,4,1 bead per cell or 1:1 ratio,1,10,5.5,6.7,1,0.4,25,350,10,10,50,1,0.5,0.5,3.2,0.8,0.3,0.7
8,1,1,3,5,0,3,3,3,2,4,3,2,0,4,2,1,25263.33333,0.5052666666000001,2.430233333,0.20790870561234298,-0.6821273253859638,100,100,4,1 bead per cell or 1:1 ratio,1,10,5.5,6.7,1,0.4,25,350,10,10,50,1,0.5,0.5,3.2,0.8,0.3,0.7
9,1,1,2,5,4,2,0,3,2,3,1,3,3,2,2,1,1695.0,0.0339,2.430233333,0.013949277849033602,-1.855448275135749,100,100,4,1 bead per cell or 1:1 ratio,1,10,5.5,6.7,1,0.4,25,350,10,10,50,1,0.5,0.5,3.2,0.8,0.3,0.7
10,1,1,3,2,0,1,1,3,4,0,1,4,0,0,0,1,2521.666667,0.05043333334,2.430233333,0.020752465475297636,-1.6829302999778983,100,100,4,1 bead per cell or 1:1 ratio,1,10,5.5,6.7,1,0.4,25,350,10,10,50,1,0.5,0.5,3.2,0.8,0.3,0.7
11,1,1,4,4,5,2,3,3,3,5,0,5,2,1,0,1,591.6666667,0.011833333334,2.430233333,0.004869216948560387,-2.3125408749789322,100,100,4,1 bead per cell or 1:1 ratio,1,10,5.5,6.7,1,0.4,25,350,10,10,50,1,0.5,0.5,3.2,0.8,0.3,0.7
12,1,1,5,5,2,3,3,3,3,2,1,4,0,3,2,1,3356.666667,0.06713333334,2.430233333,0.027624233619216846,-1.5587097617977668,100,100,4,1 bead per cell or 1:1 ratio,1,10,5.5,6.7,1,0.4,25,350,10,10,50,1,0.5,0.5,3.2,0.8,0.3,0.7
13,1,1,4,5,3,1,1,1,4,1,3,2,3,1,2,3,995.0,0.0199,2.430233333,0.008188514135568398,-2.0867948969291246,100,100,4,1 bead per cell or 1:1 ratio,1,10,5.5,6.7,1,0.4,25,350,10,10,50,1,0.5,0.5,3.2,0.8,0.3,0.7
14,1,1,3,5,1,3,2,0,5,4,3,0,3,4,1,2,338.3333333,0.006766666666,2.430233333,0.0027843691279005266,-2.555273190188068,100,100,4,1 bead per cell or 1:1 ratio,1,10,5.5,6.7,1,0.4,25,350,10,10,50,1,0.5,0.5,3.2,0.8,0.3,0.7
15,1,1,4,5,1,2,1,0,4,5,2,5,3,0,4,3,13355.0,0.2671,2.430233333,0.10990714199046829,-0.9589740853174583,100,100,4,1 bead per cell or 1:1 ratio,1,10,5.5,6.7,1,0.4,25,350,10,10,50,1,0.5,0.5,3.2,0.8,0.3,0.7
16,1,1,1,3,4,0,1,2,5,4,1,5,2,0,4,2,15511.66667,0.31023333340000003,2.430233333,0.12765578069700523,-0.8939595140523088,100,100,4,1 bead per cell or 1:1 ratio,1,10,5.5,6.7,1,0.4,25,350,10,10,50,1,0.5,0.5,3.2,0.8,0.3,0.7
17,1,1,5,3,1,2,2,1,5,1,1,4,1,1,4,2,1715.0,0.0343,2.430233333,0.01411387109798975,-1.8503538532960606,100,100,4,1 bead per cell or 1:1 ratio,1,10,5.5,6.7,1,0.4,25,350,10,10,50,1,0.5,0.5,3.2,0.8,0.3,0.7
18,1,1,2,1,1,1,1,3,3,1,3,5,1,3,4,2,4655.0,0.0931,2.430233333,0.038309078694543613,-1.4166982923574885,100,100,4,1 bead per cell or 1:1 ratio,1,10,5.5,6.7,1,0.4,25,350,10,10,50,1,0.5,0.5,3.2,0.8,0.3,0.7
19,1,1,2,2,2,2,1,1,0,3,1,2,3,4,1,1,1576.666667,0.03153333334,2.430233333,0.01297543446211961,-1.8868780915648837,100,100,4,1 bead per cell or 1:1 ratio,1,10,5.5,6.7,1,0.4,25,350,10,10,50,1,0.5,0.5,3.2,0.8,0.3,0.7
20,1,1,1,2,0,2,3,1,1,5,3,4,0,2,2,2,358.3333333,0.007166666665999999,2.430233333,0.002948962376856675,-2.530330768183288,100,100,4,1 bead per cell or 1:1 ratio,1,10,5.5,6.7,1,0.4,25,350,10,10,50,1,0.5,0.5,3.2,0.8,0.3,0.7
21,1,1,2,5,5,2,3,0,1,4,3,0,3,2,2,3,6350.0,0.127,2.430233333,0.05225835654357721,-1.2818442523828741,100,100,4,1 bead per cell or 1:1 ratio,1,10,5.5,6.7,1,0.4,25,350,10,10,50,1,0.5,0.5,3.2,0.8,0.3,0.7
22,1,1,5,5,5,1,1,2,1,5,3,3,4,1,3,1,1783.333333,0.03566666666,2.430233333,0.014676231362513371,-1.8333854504544604,100,100,4,1 bead per cell or 1:1 ratio,1,10,5.5,6.7,1,0.4,25,350,10,10,50,1,0.5,0.5,3.2,0.8,0.3,0.7
23,1,1,1,1,0,0,1,3,4,0,1,2,1,1,4,0,1010.0,0.0202,2.430233333,0.008311959072285508,-2.0802966038922075,100,100,4,1 bead per cell or 1:1 ratio,1,10,5.5,6.7,1,0.4,25,350,10,10,50,1,0.5,0.5,3.2,0.8,0.3,0.7
24,1,1,1,3,3,3,1,1,1,2,1,5,4,0,4,2,5591.666667,0.11183333334000001,2.430233333,0.046017529190066464,-1.3370767035275932,100,100,4,1 bead per cell or 1:1 ratio,1,10,5.5,6.7,1,0.4,25,350,10,10,50,1,0.5,0.5,3.2,0.8,0.3,0.7
25,1,1,1,1,3,3,3,1,4,5,3,3,4,0,1,1,6221.666667,0.12443333334000001,2.430233333,0.051202216532185145,-1.2907112381089212,100,100,4,1 bead per cell or 1:1 ratio,1,10,5.5,6.7,1,0.4,25,350,10,10,50,1,0.5,0.5,3.2,0.8,0.3,0.7
26,1,1,1,1,0,2,1,2,2,2,3,2,4,4,3,3,8018.333333,0.16036666666,2.430233333,0.06598817672459273,-1.1805338711739837,100,100,4,1 bead per cell or 1:1 ratio,1,10,5.5,6.7,1,0.4,25,350,10,10,50,1,0.5,0.5,3.2,0.8,0.3,0.7
27,1,1,3,4,4,3,1,1,3,1,1,4,1,2,4,2,861.6666667,0.017233333333999998,2.430233333,0.007091225809468394,-2.1492786849477508,100,100,4,1 bead per cell or 1:1 ratio,1,10,5.5,6.7,1,0.4,25,350,10,10,50,1,0.5,0.5,3.2,0.8,0.3,0.7
28,1,1,4,4,2,1,0,2,3,4,1,4,1,4,4,3,1533.333333,0.03066666666,2.430233333,0.012618815750561512,-1.89898140080735,100,100,4,1 bead per cell or 1:1 ratio,1,10,5.5,6.7,1,0.4,25,350,10,10,50,1,0.5,0.5,3.2,0.8,0.3,0.7
29,1,1,2,2,4,0,0,0,4,2,2,2,2,4,2,3,4101.666667,0.08203333334000001,2.430233333,0.03375533214283339,-1.4716576143203968,100,100,4,1 bead per cell or 1:1 ratio,1,10,5.5,6.7,1,0.4,25,350,10,10,50,1,0.5,0.5,3.2,0.8,0.3,0.7
30,1,1,1,0,2,3,0,3,3,3,0,5,2,2,0,2,6200.0,0.124,2.430233333,0.0510239071764061,-1.292226288176596,100,100,4,1 bead per cell or 1:1 ratio,1,10,5.5,6.7,1,0.4,25,350,10,10,50,1,0.5,0.5,3.2,0.8,0.3,0.7
31,1,1,2,5,2,3,1,1,4,0,2,3,4,3,0,3,46856.66667,0.9371333333999999,2.430233333,0.38561455012352924,-0.41384658753076714,100,100,4,1 bead per cell or 1:1 ratio,1,10,5.5,6.7,1,0.4,25,350,10,10,50,1,0.5,0.5,3.2,0.8,0.3,0.7
32,1,1,3,1,4,3,1,1,1,5,3,1,2,3,4,3,1418.333333,0.02836666666,2.430233333,0.011672404569063658,-1.9328396680759725,100,100,4,1 bead per cell or 1:1 ratio,1,10,5.5,6.7,1,0.4,25,350,10,10,50,1,0.5,0.5,3.2,0.8,0.3,0.7
33,1,1,2,1,3,3,0,2,5,2,2,3,2,1,3,3,11903.33333,0.23806666659999998,2.430233333,0.09796041530963562,-1.0089493823233475,100,100,4,1 bead per cell or 1:1 ratio,1,10,5.5,6.7,1,0.4,25,350,10,10,50,1,0.5,0.5,3.2,0.8,0.3,0.7
34,1,1,5,5,3,3,2,3,1,1,3,0,0,4,3,2,1371.666667,0.027433333339999998,2.430233333,0.011288353660319085,-1.9473693927406843,100,100,4,1 bead per cell or 1:1 ratio,1,10,5.5,6.7,1,0.4,25,350,10,10,50,1,0.5,0.5,3.2,0.8,0.3,0.7
35,1,1,4,0,5,2,1,3,3,1,3,2,0,0,2,0,3225.0,0.0645,2.430233333,0.026540661394178978,-1.5760882587035634,100,100,4,1 bead per cell or 1:1 ratio,1,10,5.5,6.7,1,0.4,25,350,10,10,50,1,0.5,0.5,3.2,0.8,0.3,0.7
36,1,1,2,5,2,1,1,1,3,0,2,2,4,1,4,3,5655.0,0.1131,2.430233333,0.04653874114235105,-1.3321853684133758,100,100,4,1 bead per cell or 1:1 ratio,1,10,5.5,6.7,1,0.4,25,350,10,10,50,1,0.5,0.5,3.2,0.8,0.3,0.7
37,1,1,5,3,4,3,0,0,2,0,3,5,1,4,2,3,1815.0,0.0363,2.430233333,0.014936837342770494,-1.8257413483027185,100,100,4,1 bead per cell or 1:1 ratio,1,10,5.5,6.7,1,0.4,25,350,10,10,50,1,0.5,0.5,3.2,0.8,0.3,0.7
38,1,1,4,3,1,2,3,2,5,2,3,5,1,4,1,2,4395.0,0.0879,2.430233333,0.03616936645811368,-1.4416590982650592,100,100,4,1 bead per cell or 1:1 ratio,1,10,5.5,6.7,1,0.4,25,350,10,10,50,1,0.5,0.5,3.2,0.8,0.3,0.7
39,1,1,1,5,5,2,1,2,3,3,2,5,3,2,2,2,9835.0,0.1967,2.430233333,0.08093873017418612,-1.0918436134194944,100,100,4,1 bead per cell or 1:1 ratio,1,10,5.5,6.7,1,0.4,25,350,10,10,50,1,0.5,0.5,3.2,0.8,0.3,0.7
40,1,1,1,1,5,3,0,0,2,2,1,5,4,2,3,2,3610.0,0.0722,2.430233333,0.02970908143658484,-1.527110775769192,100,100,4,1 bead per cell or 1:1 ratio,1,10,5.5,6.7,1,0.4,25,350,10,10,50,1,0.5,0.5,3.2,0.8,0.3,0.7
41,1,1,4,2,2,3,2,3,2,2,3,1,4,2,0,2,700.0,0.014,2.430233333,0.005760763713465205,-2.239519937660593,100,100,4,1 bead per cell or 1:1 ratio,1,10,5.5,6.7,1,0.4,25,350,10,10,50,1,0.5,0.5,3.2,0.8,0.3,0.7
42,1,1,3,0,2,0,1,3,5,1,2,1,4,1,3,3,730.0,0.0146,2.430233333,0.0060076535868994274,-2.221295117554394,100,100,4,1 bead per cell or 1:1 ratio,1,10,5.5,6.7,1,0.4,25,350,10,10,50,1,0.5,0.5,3.2,0.8,0.3,0.7
43,1,1,0,4,2,2,2,2,1,5,2,1,1,2,1,1,7261.666667,0.14523333334000002,2.430233333,0.059761065477904884,-1.223581668102804,100,100,4,1 bead per cell or 1:1 ratio,1,10,5.5,6.7,1,0.4,25,350,10,10,50,1,0.5,0.5,3.2,0.8,0.3,0.7
44,1,1,5,3,1,1,2,1,5,2,3,4,1,4,2,0,6076.666667,0.12153333334000001,2.430233333,0.05000891547725307,-1.3009525637157129,100,100,4,1 bead per cell or 1:1 ratio,1,10,5.5,6.7,1,0.4,25,350,10,10,50,1,0.5,0.5,3.2,0.8,0.3,0.7
45,1,1,0,4,4,1,3,1,3,3,3,3,4,4,2,3,6246.666667,0.12493333334000001,2.430233333,0.051407958093380335,-1.288969645819578,100,100,4,1 bead per cell or 1:1 ratio,1,10,5.5,6.7,1,0.4,25,350,10,10,50,1,0.5,0.5,3.2,0.8,0.3,0.7
46,1,1,1,0,3,1,1,1,0,4,2,2,4,1,2,1,8095.0,0.1619,2.430233333,0.06661911751500119,-1.1764011245854573,100,100,4,1 bead per cell or 1:1 ratio,1,10,5.5,6.7,1,0.4,25,350,10,10,50,1,0.5,0.5,3.2,0.8,0.3,0.7
47,1,1,2,5,3,2,0,0,1,4,1,1,2,1,4,1,8245.0,0.1649,2.430233333,0.0678535668821723,-1.1684273176943123,100,100,4,1 bead per cell or 1:1 ratio,1,10,5.5,6.7,1,0.4,25,350,10,10,50,1,0.5,0.5,3.2,0.8,0.3,0.7
48,1,1,1,0,5,2,0,3,0,5,1,2,4,1,4,3,10093.33333,0.2018666666,2.430233333,0.08306472627910416,-1.0805833617099034,100,100,4,1 bead per cell or 1:1 ratio,1,10,5.5,6.7,1,0.4,25,350,10,10,50,1,0.5,0.5,3.2,0.8,0.3,0.7
49,1,1,2,3,0,3,1,3,3,4,0,5,2,1,1,2,2630.0,0.0526,2.430233333,0.021644012237733556,-1.664662229185092,100,100,4,1 bead per cell or 1:1 ratio,1,10,5.5,6.7,1,0.4,25,350,10,10,50,1,0.5,0.5,3.2,0.8,0.3,0.7
50,1,1,5,3,5,1,0,1,4,5,3,5,3,4,0,3,2138.333333,0.04276666666,2.430233333,0.017597761531485012,-1.7545425717512648,100,100,4,1 bead per cell or 1:1 ratio,1,10,5.5,6.7,1,0.4,25,350,10,10,50,1,0.5,0.5,3.2,0.8,0.3,0.7
51,1,1,1,3,4,3,0,1,3,1,2,2,0,2,0,0,6551.666667,0.13103333334,2.430233333,0.053918005139961596,-1.2682661842163085,100,100,4,1 bead per cell or 1:1 ratio,1,10,5.5,6.7,1,0.4,25,350,10,10,50,1,0.5,0.5,3.2,0.8,0.3,0.7
52,1,1,4,2,3,3,1,2,1,5,0,1,3,3,1,2,4390.0,0.0878,2.430233333,0.03612821814587464,-1.4421534574327286,100,100,4,1 bead per cell or 1:1 ratio,1,10,5.5,6.7,1,0.4,25,350,10,10,50,1,0.5,0.5,3.2,0.8,0.3,0.7
53,1,1,2,3,4,1,2,1,5,0,3,0,0,2,4,1,310.0,0.0062,2.430233333,0.0025511953588203047,-2.593256283840577,100,100,4,1 bead per cell or 1:1 ratio,1,10,5.5,6.7,1,0.4,25,350,10,10,50,1,0.5,0.5,3.2,0.8,0.3,0.7
54,1,1,2,4,1,2,2,2,1,0,3,3,4,4,1,1,2416.666667,0.04833333334,2.430233333,0.019888350918277856,-1.701401225763616,100,100,4,1 bead per cell or 1:1 ratio,1,10,5.5,6.7,1,0.4,25,350,10,10,50,1,0.5,0.5,3.2,0.8,0.3,0.7
55,1,1,3,5,3,1,2,3,3,5,2,1,3,3,4,3,4368.333333,0.08736666666,2.430233333,0.03594990879009559,-1.4443022071450327,100,100,4,1 bead per cell or 1:1 ratio,1,10,5.5,6.7,1,0.4,25,350,10,10,50,1,0.5,0.5,3.2,0.8,0.3,0.7
56,1,1,3,3,3,0,0,2,3,4,2,3,1,1,3,3,4188.333333,0.08376666665999999,2.430233333,0.03446856954949025,-1.4625767395004814,100,100,4,1 bead per cell or 1:1 ratio,1,10,5.5,6.7,1,0.4,25,350,10,10,50,1,0.5,0.5,3.2,0.8,0.3,0.7
57,1,1,3,1,1,1,1,1,1,3,2,5,3,3,3,2,2348.333333,0.04696666666,2.430233333,0.019325990645524573,-1.713858235010783,100,100,4,1 bead per cell or 1:1 ratio,1,10,5.5,6.7,1,0.4,25,350,10,10,50,1,0.5,0.5,3.2,0.8,0.3,0.7
58,1,1,4,1,4,2,1,3,4,2,2,4,1,3,0,1,4893.333333,0.09786666665999999,2.430233333,0.04027048157519449,-1.3950131768440448,100,100,4,1 bead per cell or 1:1 ratio,1,10,5.5,6.7,1,0.4,25,350,10,10,50,1,0.5,0.5,3.2,0.8,0.3,0.7
59,1,1,5,3,0,2,1,3,2,2,0,4,4,4,1,2,6208.333333,0.12416666666,2.430233333,0.051092487694061266,-1.2916429509974998,100,100,4,1 bead per cell or 1:1 ratio,1,10,5.5,6.7,1,0.4,25,350,10,10,50,1,0.5,0.5,3.2,0.8,0.3,0.7
60,1,1,5,4,4,0,0,1,3,2,2,2,1,3,0,1,4920.0,0.0984,2.430233333,0.04048993924321258,-1.3926528749074896,100,100,4,1 bead per cell or 1:1 ratio,1,10,5.5,6.7,1,0.4,25,350,10,10,50,1,0.5,0.5,3.2,0.8,0.3,0.7
61,1,1,2,2,3,3,3,2,2,2,3,0,1,3,4,3,655.0,0.0131,2.430233333,0.00539042890331387,-2.268376677683067,100,100,4,1 bead per cell or 1:1 ratio,1,10,5.5,6.7,1,0.4,25,350,10,10,50,1,0.5,0.5,3.2,0.8,0.3,0.7
62,1,1,5,1,3,2,1,1,3,0,0,4,0,0,3,0,4158.333333,0.08316666665999999,2.430233333,0.03422167967605602,-1.465698678133898,100,100,4,1 bead per cell or 1:1 ratio,1,10,5.5,6.7,1,0.4,25,350,10,10,50,1,0.5,0.5,3.2,0.8,0.3,0.7
63,1,1,3,1,1,3,0,1,0,1,0,2,0,4,2,1,243.3333333,0.0048666666659999995,2.430233333,0.0020025511953588203,-2.698416372333549,100,100,4,1 bead per cell or 1:1 ratio,1,10,5.5,6.7,1,0.4,25,350,10,10,50,1,0.5,0.5,3.2,0.8,0.3,0.7
64,1,1,1,3,4,3,1,3,3,2,0,5,1,3,4,0,6651.666667,0.13303333334,2.430233333,0.05474097138474234,-1.2616875002527066,100,100,4,1 bead per cell or 1:1 ratio,1,10,5.5,6.7,1,0.4,25,350,10,10,50,1,0.5,0.5,3.2,0.8,0.3,0.7
65,1,1,4,3,5,3,3,3,3,5,2,5,2,0,0,3,675.0,0.0135,2.430233333,0.005555022152270018,-2.255314204843825,100,100,4,1 bead per cell or 1:1 ratio,1,10,5.5,6.7,1,0.4,25,350,10,10,50,1,0.5,0.5,3.2,0.8,0.3,0.7
66,1,1,5,5,1,2,2,2,2,5,0,2,3,3,0,1,3865.0,0.0773,2.430233333,0.03180764536077573,-1.4974684794205062,100,100,4,1 bead per cell or 1:1 ratio,1,10,5.5,6.7,1,0.4,25,350,10,10,50,1,0.5,0.5,3.2,0.8,0.3,0.7
67,1,1,3,2,0,3,3,3,2,4,3,5,0,4,0,3,22401.66667,0.44803333339999996,2.430233333,0.1843581549623984,-0.7343376469006246,100,100,4,1 bead per cell or 1:1 ratio,1,10,5.5,6.7,1,0.4,25,350,10,10,50,1,0.5,0.5,3.2,0.8,0.3,0.7
68,1,1,2,5,4,3,0,2,5,0,1,5,1,2,0,0,1636.666667,0.03273333334,2.430233333,0.013469214208988054,-1.8706577401830928,100,100,4,1 bead per cell or 1:1 ratio,1,10,5.5,6.7,1,0.4,25,350,10,10,50,1,0.5,0.5,3.2,0.8,0.3,0.7
69,1,1,3,5,0,2,2,1,2,0,2,1,4,0,2,3,4071.666667,0.08143333334,2.430233333,0.033508442269399155,-1.4748457610495027,100,100,4,1 bead per cell or 1:1 ratio,1,10,5.5,6.7,1,0.4,25,350,10,10,50,1,0.5,0.5,3.2,0.8,0.3,0.7
70,1,1,2,1,4,2,3,3,3,0,0,5,0,1,0,1,2281.666667,0.04563333334,2.430233333,0.01877734648782385,-1.7263657798610565,100,100,4,1 bead per cell or 1:1 ratio,1,10,5.5,6.7,1,0.4,25,350,10,10,50,1,0.5,0.5,3.2,0.8,0.3,0.7
71,1,1,5,5,2,1,3,0,3,2,1,3,0,0,4,1,8636.666667,0.17273333334,2.430233333,0.0710768513436401,-1.148271819391926,100,100,4,1 bead per cell or 1:1 ratio,1,10,5.5,6.7,1,0.4,25,350,10,10,50,1,0.5,0.5,3.2,0.8,0.3,0.7
72,1,1,4,3,0,1,1,1,5,1,3,4,3,4,2,3,925.0,0.0185,2.430233333,0.007612437764221877,-2.118476244935817,100,100,4,1 bead per cell or 1:1 ratio,1,10,5.5,6.7,1,0.4,25,350,10,10,50,1,0.5,0.5,3.2,0.8,0.3,0.7
73,1,1,5,2,4,2,2,1,5,5,3,0,4,4,1,0,568.3333333,0.011366666666000001,2.430233333,0.004677191490896237,-2.3300148490914676,100,100,4,1 bead per cell or 1:1 ratio,1,10,5.5,6.7,1,0.4,25,350,10,10,50,1,0.5,0.5,3.2,0.8,0.3,0.7
74,1,1,1,5,2,1,1,3,4,2,0,5,4,0,4,2,790.0,0.0158,2.430233333,0.0065014333337678745,-2.1869908863844083,100,100,4,1 bead per cell or 1:1 ratio,1,10,5.5,6.7,1,0.4,25,350,10,10,50,1,0.5,0.5,3.2,0.8,0.3,0.7
75,1,1,5,3,4,0,0,3,3,4,1,5,3,3,4,2,1398.333333,0.02796666666,2.430233333,0.01150781132010751,-1.9390072673333199,100,100,4,1 bead per cell or 1:1 ratio,1,10,5.5,6.7,1,0.4,25,350,10,10,50,1,0.5,0.5,3.2,0.8,0.3,0.7
76,1,1,5,4,1,0,2,1,5,4,3,4,0,2,1,2,10488.33333,0.20976666659999998,2.430233333,0.0863154429459881,-1.0639114964490326,100,100,4,1 bead per cell or 1:1 ratio,1,10,5.5,6.7,1,0.4,25,350,10,10,50,1,0.5,0.5,3.2,0.8,0.3,0.7
77,1,1,2,4,1,2,1,2,3,2,3,5,1,2,4,2,6810.0,0.1362,2.430233333,0.05604400126956863,-1.2514708657620648,100,100,4,1 bead per cell or 1:1 ratio,1,10,5.5,6.7,1,0.4,25,350,10,10,50,1,0.5,0.5,3.2,0.8,0.3,0.7
78,1,1,2,2,3,2,1,1,0,3,1,2,3,0,1,1,1735.0,0.0347,2.430233333,0.0142784643469459,-1.8453184985479574,100,100,4,1 bead per cell or 1:1 ratio,1,10,5.5,6.7,1,0.4,25,350,10,10,50,1,0.5,0.5,3.2,0.8,0.3,0.7
79,1,1,3,4,1,2,3,0,1,5,3,4,0,2,2,1,1148.333333,0.02296666666,2.430233333,0.00945039570815565,-2.024550006276933,100,100,4,1 bead per cell or 1:1 ratio,1,10,5.5,6.7,1,0.4,25,350,10,10,50,1,0.5,0.5,3.2,0.8,0.3,0.7
80,1,1,5,5,3,0,0,2,5,4,3,0,3,2,2,2,4808.333333,0.09616666666,2.430233333,0.03957096026713086,-1.4026234105968505,100,100,4,1 bead per cell or 1:1 ratio,1,10,5.5,6.7,1,0.4,25,350,10,10,50,1,0.5,0.5,3.2,0.8,0.3,0.7
81,1,1,4,3,5,1,0,2,1,5,1,3,4,1,4,0,4831.666667,0.09663333334,2.430233333,0.03976298572973281,-1.4005210126735343,100,100,4,1 bead per cell or 1:1 ratio,1,10,5.5,6.7,1,0.4,25,350,10,10,50,1,0.5,0.5,3.2,0.8,0.3,0.7
82,1,1,1,1,0,1,1,3,4,0,2,2,4,1,4,0,730.0,0.0146,2.430233333,0.0060076535868994274,-2.221295117554394,100,100,4,1 bead per cell or 1:1 ratio,1,10,5.5,6.7,1,0.4,25,350,10,10,50,1,0.5,0.5,3.2,0.8,0.3,0.7
83,1,1,1,3,3,2,1,1,1,2,0,5,4,0,3,3,28921.66667,0.5784333334,2.430233333,0.2380155541221029,-0.6233946612263611,100,100,4,1 bead per cell or 1:1 ratio,1,10,5.5,6.7,1,0.4,25,350,10,10,50,1,0.5,0.5,3.2,0.8,0.3,0.7
84,1,1,0,2,3,3,3,1,0,5,2,3,4,0,1,1,6473.333333,0.12946666665999998,2.430233333,0.05327334824273023,-1.2734900068448896,100,100,4,1 bead per cell or 1:1 ratio,1,10,5.5,6.7,1,0.4,25,350,10,10,50,1,0.5,0.5,3.2,0.8,0.3,0.7
85,1,1,1,1,0,1,1,0,2,2,2,2,4,4,3,0,5490.0,0.1098,2.430233333,0.04518084683846282,-1.345045633224758,100,100,4,1 bead per cell or 1:1 ratio,1,10,5.5,6.7,1,0.4,25,350,10,10,50,1,0.5,0.5,3.2,0.8,0.3,0.7
86,1,1,3,3,4,3,1,1,1,5,0,1,3,1,1,3,1238.333333,0.024766666660000002,2.430233333,0.01019106532845832,-1.9917804144148212,100,100,4,1 bead per cell or 1:1 ratio,1,10,5.5,6.7,1,0.4,25,350,10,10,50,1,0.5,0.5,3.2,0.8,0.3,0.7
87,1,1,2,4,2,1,3,1,3,0,1,5,0,4,4,3,1108.333333,0.02216666666,2.430233333,0.009121209210243354,-2.0399475828860036,100,100,4,1 bead per cell or 1:1 ratio,1,10,5.5,6.7,1,0.4,25,350,10,10,50,1,0.5,0.5,3.2,0.8,0.3,0.7
88,1,1,1,2,4,0,0,1,4,3,3,2,4,4,2,3,1496.666667,0.02993333334,2.430233333,0.012317061466295015,-1.9094928912944644,100,100,4,1 bead per cell or 1:1 ratio,1,10,5.5,6.7,1,0.4,25,350,10,10,50,1,0.5,0.5,3.2,0.8,0.3,0.7
89,1,1,1,5,2,2,0,0,5,3,0,5,4,4,0,3,3283.333333,0.06566666666,2.430233333,0.02702072503422452,-1.5683030019409914,100,100,4,1 bead per cell or 1:1 ratio,1,10,5.5,6.7,1,0.4,25,350,10,10,50,1,0.5,0.5,3.2,0.8,0.3,0.7
90,1,1,2,5,2,3,3,1,3,0,2,3,4,4,0,3,5381.666667,0.10763333334000001,2.430233333,0.044289300076026904,-1.3537011830144323,100,100,4,1 bead per cell or 1:1 ratio,1,10,5.5,6.7,1,0.4,25,350,10,10,50,1,0.5,0.5,3.2,0.8,0.3,0.7
91,1,1,4,1,4,3,3,2,1,0,3,5,3,3,2,3,2150.0,0.043,2.430233333,0.017693774262785983,-1.7521795177592445,100,100,4,1 bead per cell or 1:1 ratio,1,10,5.5,6.7,1,0.4,25,350,10,10,50,1,0.5,0.5,3.2,0.8,0.3,0.7
92,1,1,5,5,5,3,0,2,1,2,0,5,2,1,3,3,5335.0,0.1067,2.430233333,0.04390524915905267,-1.3574835539143613,100,100,4,1 bead per cell or 1:1 ratio,1,10,5.5,6.7,1,0.4,25,350,10,10,50,1,0.5,0.5,3.2,0.8,0.3,0.7
93,1,1,5,5,3,2,0,3,1,1,3,3,0,0,1,0,28593.33333,0.5718666666000001,2.430233333,0.23531348156354173,-0.6283531905420868,100,100,4,1 bead per cell or 1:1 ratio,1,10,5.5,6.7,1,0.4,25,350,10,10,50,1,0.5,0.5,3.2,0.8,0.3,0.7
94,1,1,1,4,5,2,3,3,4,3,3,5,1,0,2,0,1353.333333,0.027066666660000002,2.430233333,0.011137476509956175,-1.9532131989242874,100,100,4,1 bead per cell or 1:1 ratio,1,10,5.5,6.7,1,0.4,25,350,10,10,50,1,0.5,0.5,3.2,0.8,0.3,0.7
95,1,1,2,5,5,1,1,1,5,1,2,5,3,1,4,3,7830.0,0.1566,2.430233333,0.06443825696633221,-1.1908562156169065,100,100,4,1 bead per cell or 1:1 ratio,1,10,5.5,6.7,1,0.4,25,350,10,10,50,1,0.5,0.5,3.2,0.8,0.3,0.7
96,1,1,5,3,4,1,2,0,2,0,2,5,4,4,2,3,5510.0,0.1102,2.430233333,0.04534544008741897,-1.3434663788230647,100,100,4,1 bead per cell or 1:1 ratio,1,10,5.5,6.7,1,0.4,25,350,10,10,50,1,0.5,0.5,3.2,0.8,0.3,0.7
97,1,1,4,3,1,1,1,2,4,3,1,2,1,4,4,1,483.3333333,0.009666666665999999,2.430233333,0.003977670182832604,-2.400371230189489,100,100,4,1 bead per cell or 1:1 ratio,1,10,5.5,6.7,1,0.4,25,350,10,10,50,1,0.5,0.5,3.2,0.8,0.3,0.7
98,1,1,1,4,5,2,1,3,5,3,0,5,3,2,4,2,7700.0,0.154,2.430233333,0.06336840084811725,-1.198127252502368,100,100,4,1 bead per cell or 1:1 ratio,1,10,5.5,6.7,1,0.4,25,350,10,10,50,1,0.5,0.5,3.2,0.8,0.3,0.7
99,1,1,1,4,5,3,0,0,2,4,1,5,4,2,4,2,2131.666667,0.042633333339999996,2.430233333,0.017542897120652736,-1.7558986835119281,100,100,4,1 bead per cell or 1:1 ratio,1,10,5.5,6.7,1,0.4,25,350,10,10,50,1,0.5,0.5,3.2,0.8,0.3,0.7
100,1,1,4,2,2,0,2,1,2,2,3,3,4,2,1,2,761.6666667,0.015233333334,2.430233333,0.006268259564687652,-2.202853027969637,100,100,4,1 bead per cell or 1:1 ratio,1,10,5.5,6.7,1,0.4,25,350,10,10,50,1,0.5,0.5,3.2,0.8,0.3,0.7
101,1,1,3,0,4,1,1,1,5,5,3,5,0,4,3,0,200.0,0.004,2.430233333,0.001645932489561487,-2.783587982010869,100,100,4,1 bead per cell or 1:1 ratio,1,10,5.5,6.7,1,0.4,25,350,10,10,50,1,0.5,0.5,3.2,0.8,0.3,0.7
102,1,1,0,4,3,2,2,2,0,5,2,2,1,2,1,3,8676.666667,0.17353333333999998,2.430233333,0.07140603784155239,-1.1462650642685923,100,100,4,1 bead per cell or 1:1 ratio,1,10,5.5,6.7,1,0.4,25,350,10,10,50,1,0.5,0.5,3.2,0.8,0.3,0.7
103,1,1,2,3,4,1,2,1,5,2,3,2,0,0,2,0,2886.666667,0.05773333334,2.430233333,0.02375629226874735,-1.6242213403270163,100,100,4,1 bead per cell or 1:1 ratio,1,10,5.5,6.7,1,0.4,25,350,10,10,50,1,0.5,0.5,3.2,0.8,0.3,0.7
104,1,1,0,3,5,1,1,1,3,1,3,1,4,0,2,3,5321.666667,0.10643333334,2.430233333,0.043795520329158455,-1.3585703094918458,100,100,4,1 bead per cell or 1:1 ratio,1,10,5.5,6.7,1,0.4,25,350,10,10,50,1,0.5,0.5,3.2,0.8,0.3,0.7
105,1,1,5,0,3,1,1,3,4,3,3,4,4,4,4,3,3871.666667,0.07743333334,2.430233333,0.03186250977983767,-1.4967200182208673,100,100,4,1 bead per cell or 1:1 ratio,1,10,5.5,6.7,1,0.4,25,350,10,10,50,1,0.5,0.5,3.2,0.8,0.3,0.7
106,1,1,2,5,5,1,0,1,5,4,1,5,2,4,2,3,6928.333333,0.13856666666,2.430233333,0.05701784465648262,-1.2439892035731734,100,100,4,1 bead per cell or 1:1 ratio,1,10,5.5,6.7,1,0.4,25,350,10,10,50,1,0.5,0.5,3.2,0.8,0.3,0.7
107,1,1,3,0,5,2,1,3,0,5,1,2,1,1,4,1,11231.66667,0.22463333340000002,2.430233333,0.09243282542038939,-1.0341737715579014,100,100,4,1 bead per cell or 1:1 ratio,1,10,5.5,6.7,1,0.4,25,350,10,10,50,1,0.5,0.5,3.2,0.8,0.3,0.7
108,1,1,5,3,0,3,1,0,3,4,3,5,3,1,1,2,3456.666667,0.06913333334,2.430233333,0.028447199863997588,-1.5459604759635914,100,100,4,1 bead per cell or 1:1 ratio,1,10,5.5,6.7,1,0.4,25,350,10,10,50,1,0.5,0.5,3.2,0.8,0.3,0.7
109,1,1,4,3,5,3,0,1,4,5,3,1,0,2,0,3,533.3333333,0.010666666666000002,2.430233333,0.004389153305222977,-2.357619249765731,100,100,4,1 bead per cell or 1:1 ratio,1,10,5.5,6.7,1,0.4,25,350,10,10,50,1,0.5,0.5,3.2,0.8,0.3,0.7
110,1,1,1,3,4,3,0,3,5,5,2,5,0,2,3,0,4201.666667,0.08403333334,2.430233333,0.03457829838761413,-1.4611963823475935,100,100,4,1 bead per cell or 1:1 ratio,1,10,5.5,6.7,1,0.4,25,350,10,10,50,1,0.5,0.5,3.2,0.8,0.3,0.7
111,1,1,4,2,3,0,1,2,3,5,1,1,4,3,4,3,2551.666667,0.05103333334,2.430233333,0.02099935534873186,-1.677794037303499,100,100,4,1 bead per cell or 1:1 ratio,1,10,5.5,6.7,1,0.4,25,350,10,10,50,1,0.5,0.5,3.2,0.8,0.3,0.7
112,1,1,0,3,0,1,2,3,5,0,1,1,0,0,4,0,161.6666667,0.003233333334,2.430233333,0.0013304620960031908,-2.8759974937027035,100,100,4,1 bead per cell or 1:1 ratio,1,10,5.5,6.7,1,0.4,25,350,10,10,50,1,0.5,0.5,3.2,0.8,0.3,0.7
113,1,1,5,1,5,2,2,3,1,5,3,3,2,3,1,1,910.0,0.0182,2.430233333,0.007488992827504766,-2.1255765853537563,100,100,4,1 bead per cell or 1:1 ratio,1,10,5.5,6.7,1,0.4,25,350,10,10,50,1,0.5,0.5,3.2,0.8,0.3,0.7
114,1,1,3,5,3,3,3,3,3,5,2,1,3,3,0,1,1708.333333,0.03416666666,2.430233333,0.014059006678927812,-1.8520453627514608,100,100,4,1 bead per cell or 1:1 ratio,1,10,5.5,6.7,1,0.4,25,350,10,10,50,1,0.5,0.5,3.2,0.8,0.3,0.7
115,1,1,1,3,3,0,0,1,3,5,1,2,4,1,1,3,4898.333333,0.09796666665999999,2.430233333,0.04031162988743353,-1.3945696420154348,100,100,4,1 bead per cell or 1:1 ratio,1,10,5.5,6.7,1,0.4,25,350,10,10,50,1,0.5,0.5,3.2,0.8,0.3,0.7
116,1,1,5,1,2,1,1,2,1,4,3,5,3,3,3,3,16838.33333,0.33676666660000004,2.430233333,0.13857379948956533,-0.8583188751552425,100,100,4,1 bead per cell or 1:1 ratio,1,10,5.5,6.7,1,0.4,25,350,10,10,50,1,0.5,0.5,3.2,0.8,0.3,0.7
117,1,1,0,1,4,0,1,3,4,2,2,0,3,3,0,2,2488.333333,0.04976666666,2.430233333,0.02047814338821761,-1.6887094203916455,100,100,4,1 bead per cell or 1:1 ratio,1,10,5.5,6.7,1,0.4,25,350,10,10,50,1,0.5,0.5,3.2,0.8,0.3,0.7
118,1,1,5,3,4,2,3,3,2,2,2,3,4,4,1,2,1861.666667,0.03723333334,2.430233333,0.015320888259744729,-1.8147160548651236,100,100,4,1 bead per cell or 1:1 ratio,1,10,5.5,6.7,1,0.4,25,350,10,10,50,1,0.5,0.5,3.2,0.8,0.3,0.7
119,1,1,3,2,4,0,0,1,4,3,2,2,1,1,1,1,1975.0,0.0395,2.430233333,0.016253583334419685,-1.7890508777123708,100,100,4,1 bead per cell or 1:1 ratio,1,10,5.5,6.7,1,0.4,25,350,10,10,50,1,0.5,0.5,3.2,0.8,0.3,0.7
120,1,1,2,2,3,3,3,2,0,2,3,3,1,3,1,3,10293.33333,0.2058666666,2.430233333,0.08471065876866565,-1.0720619408714531,100,100,4,1 bead per cell or 1:1 ratio,1,10,5.5,6.7,1,0.4,25,350,10,10,50,1,0.5,0.5,3.2,0.8,0.3,0.7
121,1,1,5,2,3,1,1,1,0,5,0,4,3,1,3,2,5970.0,0.1194,2.430233333,0.049131084813410386,-1.3086436465454807,100,100,4,1 bead per cell or 1:1 ratio,1,10,5.5,6.7,1,0.4,25,350,10,10,50,1,0.5,0.5,3.2,0.8,0.3,0.7
122,1,1,5,0,1,2,0,1,5,1,0,2,3,2,1,0,3113.333333,0.06226666666,2.430233333,0.025621682418097258,-1.5913923562109173,100,100,4,1 bead per cell or 1:1 ratio,1,10,5.5,6.7,1,0.4,25,350,10,10,50,1,0.5,0.5,3.2,0.8,0.3,0.7
123,1,1,1,2,4,2,1,3,4,2,0,2,1,3,4,0,5275.0,0.1055,2.430233333,0.04341146941218422,-1.3623955137051196,100,100,4,1 bead per cell or 1:1 ratio,1,10,5.5,6.7,1,0.4,25,350,10,10,50,1,0.5,0.5,3.2,0.8,0.3,0.7
124,1,1,5,3,5,1,3,2,3,1,2,1,2,3,0,3,883.3333333,0.017666666666000003,2.430233333,0.00726953516195558,-2.138493358474093,100,100,4,1 bead per cell or 1:1 ratio,1,10,5.5,6.7,1,0.4,25,350,10,10,50,1,0.5,0.5,3.2,0.8,0.3,0.7
125,1,1,5,3,1,2,3,2,2,5,0,0,3,3,0,0,29836.66667,0.5967333334,2.430233333,0.24554569526184672,-0.6098676752176289,100,100,4,1 bead per cell or 1:1 ratio,1,10,5.5,6.7,1,0.4,25,350,10,10,50,1,0.5,0.5,3.2,0.8,0.3,0.7
126,1,1,3,5,0,3,3,3,2,4,3,2,0,4,2,1,21836.66667,0.4367333334,2.430233333,0.1797083956793872,-0.7454316328962782,100,100,4,1 bead per cell or 1:1 ratio,1,10,5.5,6.7,1,0.4,25,350,10,10,50,1,0.5,0.5,3.2,0.8,0.3,0.7
127,1,1,2,5,4,2,0,3,2,3,1,3,3,2,2,1,2808.333333,0.05616666666,2.430233333,0.023111635371515993,-1.6361693229026844,100,100,4,1 bead per cell or 1:1 ratio,1,10,5.5,6.7,1,0.4,25,350,10,10,50,1,0.5,0.5,3.2,0.8,0.3,0.7
128,1,1,3,2,0,1,1,3,4,0,1,4,0,0,0,1,6116.666667,0.12233333334,2.430233333,0.05033810197516537,-1.298103163782737,100,100,4,1 bead per cell or 1:1 ratio,1,10,5.5,6.7,1,0.4,25,350,10,10,50,1,0.5,0.5,3.2,0.8,0.3,0.7
129,1,1,4,4,5,2,3,3,3,5,0,5,2,1,0,1,1100.0,0.022,2.430233333,0.009052628692588178,-2.0432252925166248,100,100,4,1 bead per cell or 1:1 ratio,1,10,5.5,6.7,1,0.4,25,350,10,10,50,1,0.5,0.5,3.2,0.8,0.3,0.7
130,1,1,5,5,2,3,3,3,3,2,1,4,0,3,2,1,5486.666667,0.10973333334,2.430233333,0.04515341463304668,-1.3453094014918765,100,100,4,1 bead per cell or 1:1 ratio,1,10,5.5,6.7,1,0.4,25,350,10,10,50,1,0.5,0.5,3.2,0.8,0.3,0.7
131,1,1,4,5,3,1,1,1,4,1,3,2,3,1,2,3,1381.666667,0.02763333334,2.430233333,0.01137065028479716,-1.9442146974034444,100,100,4,1 bead per cell or 1:1 ratio,1,10,5.5,6.7,1,0.4,25,350,10,10,50,1,0.5,0.5,3.2,0.8,0.3,0.7
132,1,1,3,5,1,3,2,0,5,4,3,0,3,4,1,2,531.6666667,0.010633333334,2.430233333,0.004375437201691941,-2.358978544974084,100,100,4,1 bead per cell or 1:1 ratio,1,10,5.5,6.7,1,0.4,25,350,10,10,50,1,0.5,0.5,3.2,0.8,0.3,0.7
133,1,1,4,5,1,2,1,0,4,5,2,5,3,0,4,3,35178.33333,0.7035666666,2.430233333,0.28950580878235366,-0.5383427179579127,100,100,4,1 bead per cell or 1:1 ratio,1,10,5.5,6.7,1,0.4,25,350,10,10,50,1,0.5,0.5,3.2,0.8,0.3,0.7
134,1,1,1,3,4,0,1,2,5,4,1,5,2,0,4,2,11565.0,0.2313,2.430233333,0.09517604620889299,-1.0214723405682116,100,100,4,1 bead per cell or 1:1 ratio,1,10,5.5,6.7,1,0.4,25,350,10,10,50,1,0.5,0.5,3.2,0.8,0.3,0.7
135,1,1,5,3,1,2,2,1,5,1,1,4,1,1,4,2,656.6666667,0.013133333333999998,2.430233333,0.005404145007667871,-2.267273006210874,100,100,4,1 bead per cell or 1:1 ratio,1,10,5.5,6.7,1,0.4,25,350,10,10,50,1,0.5,0.5,3.2,0.8,0.3,0.7
136,1,1,2,1,1,1,1,3,3,1,3,5,1,3,4,2,5235.0,0.1047,2.430233333,0.04308228291427192,-1.3657012916599887,100,100,4,1 bead per cell or 1:1 ratio,1,10,5.5,6.7,1,0.4,25,350,10,10,50,1,0.5,0.5,3.2,0.8,0.3,0.7
137,1,1,2,2,2,2,1,1,0,3,1,2,3,4,1,1,4065.0,0.0813,2.430233333,0.03345357785033722,-1.475557427744763,100,100,4,1 bead per cell or 1:1 ratio,1,10,5.5,6.7,1,0.4,25,350,10,10,50,1,0.5,0.5,3.2,0.8,0.3,0.7
138,1,1,1,2,0,2,3,1,1,5,3,4,0,2,2,2,310.0,0.0062,2.430233333,0.0025511953588203047,-2.593256283840577,100,100,4,1 bead per cell or 1:1 ratio,1,10,5.5,6.7,1,0.4,25,350,10,10,50,1,0.5,0.5,3.2,0.8,0.3,0.7
139,1,1,2,5,5,2,3,0,1,4,3,0,3,2,2,3,8053.333333,0.16106666666,2.430233333,0.06627621491026599,-1.1786423024633939,100,100,4,1 bead per cell or 1:1 ratio,1,10,5.5,6.7,1,0.4,25,350,10,10,50,1,0.5,0.5,3.2,0.8,0.3,0.7
140,1,1,5,5,5,1,1,2,1,5,3,3,4,1,3,1,1265.0,0.0253,2.430233333,0.010410522996476405,-1.9825274521630132,100,100,4,1 bead per cell or 1:1 ratio,1,10,5.5,6.7,1,0.4,25,350,10,10,50,1,0.5,0.5,3.2,0.8,0.3,0.7
141,1,1,1,1,0,0,1,3,4,0,1,2,1,1,4,0,1711.666667,0.03423333334,2.430233333,0.014086438892573612,-1.85119878437664,100,100,4,1 bead per cell or 1:1 ratio,1,10,5.5,6.7,1,0.4,25,350,10,10,50,1,0.5,0.5,3.2,0.8,0.3,0.7
142,1,1,1,3,3,3,1,1,1,2,1,5,4,0,4,2,8905.0,0.1781,2.430233333,0.07328514409772521,-1.1349840538755875,100,100,4,1 bead per cell or 1:1 ratio,1,10,5.5,6.7,1,0.4,25,350,10,10,50,1,0.5,0.5,3.2,0.8,0.3,0.7
143,1,1,1,1,3,3,3,1,4,5,3,3,4,0,1,1,5090.0,0.1018,2.430233333,0.04188898185933984,-1.3779001953380912,100,100,4,1 bead per cell or 1:1 ratio,1,10,5.5,6.7,1,0.4,25,350,10,10,50,1,0.5,0.5,3.2,0.8,0.3,0.7
144,1,1,1,1,0,2,1,2,2,2,3,2,4,4,3,3,7075.0,0.1415,2.430233333,0.0582248618182376,-1.234891533478522,100,100,4,1 bead per cell or 1:1 ratio,1,10,5.5,6.7,1,0.4,25,350,10,10,50,1,0.5,0.5,3.2,0.8,0.3,0.7
145,1,1,3,4,4,3,1,1,3,1,1,4,1,2,4,2,1308.333333,0.02616666666,2.430233333,0.01076714169980484,-1.9678995714238892,100,100,4,1 bead per cell or 1:1 ratio,1,10,5.5,6.7,1,0.4,25,350,10,10,50,1,0.5,0.5,3.2,0.8,0.3,0.7
146,1,1,4,4,2,1,0,2,3,4,1,4,1,4,4,3,1458.333333,0.02916666666,2.430233333,0.012001591066975955,-1.9207611751354476,100,100,4,1 bead per cell or 1:1 ratio,1,10,5.5,6.7,1,0.4,25,350,10,10,50,1,0.5,0.5,3.2,0.8,0.3,0.7
147,1,1,2,2,4,0,0,0,4,2,2,2,2,4,2,3,6160.0,0.1232,2.430233333,0.0506947206784938,-1.2950372655104245,100,100,4,1 bead per cell or 1:1 ratio,1,10,5.5,6.7,1,0.4,25,350,10,10,50,1,0.5,0.5,3.2,0.8,0.3,0.7
148,1,1,1,0,2,3,0,3,3,3,0,5,2,2,0,2,3753.333333,0.07506666666,2.430233333,0.03088866638469402,-1.5102008419177546,100,100,4,1 bead per cell or 1:1 ratio,1,10,5.5,6.7,1,0.4,25,350,10,10,50,1,0.5,0.5,3.2,0.8,0.3,0.7
149,1,1,2,5,2,3,1,1,4,0,2,3,4,3,0,3,41765.0,0.8353,2.430233333,0.3437118521326775,-0.46380549193297316,100,100,4,1 bead per cell or 1:1 ratio,1,10,5.5,6.7,1,0.4,25,350,10,10,50,1,0.5,0.5,3.2,0.8,0.3,0.7
150,1,1,3,1,4,3,1,1,1,5,3,1,2,3,4,3,1403.333333,0.02806666666,2.430233333,0.011548959632346546,-1.937457136662002,100,100,4,1 bead per cell or 1:1 ratio,1,10,5.5,6.7,1,0.4,25,350,10,10,50,1,0.5,0.5,3.2,0.8,0.3,0.7
151,1,1,2,1,3,3,0,2,5,2,2,3,2,1,3,3,8823.333333,0.17646666666000002,2.430233333,0.07261305499507772,-1.138985291109571,100,100,4,1 bead per cell or 1:1 ratio,1,10,5.5,6.7,1,0.4,25,350,10,10,50,1,0.5,0.5,3.2,0.8,0.3,0.7
152,1,1,5,5,3,3,2,3,1,1,3,0,0,4,3,2,2173.333333,0.04346666666,2.430233333,0.01788579971715827,-1.7474916367292017,100,100,4,1 bead per cell or 1:1 ratio,1,10,5.5,6.7,1,0.4,25,350,10,10,50,1,0.5,0.5,3.2,0.8,0.3,0.7
153,1,1,4,0,5,2,1,3,3,1,3,2,0,0,2,0,3386.666667,0.06773333334,2.430233333,0.027871123492651063,-1.5548455244038664,100,100,4,1 bead per cell or 1:1 ratio,1,10,5.5,6.7,1,0.4,25,350,10,10,50,1,0.5,0.5,3.2,0.8,0.3,0.7
154,1,1,2,5,2,1,1,1,3,0,2,2,4,1,4,3,4446.666667,0.08893333334,2.430233333,0.03659456568732695,-1.4365834027814264,100,100,4,1 bead per cell or 1:1 ratio,1,10,5.5,6.7,1,0.4,25,350,10,10,50,1,0.5,0.5,3.2,0.8,0.3,0.7
155,1,1,5,3,4,3,0,0,2,0,3,5,1,4,2,3,2958.333333,0.05916666666,2.430233333,0.02434608473868711,-1.6135708707163152,100,100,4,1 bead per cell or 1:1 ratio,1,10,5.5,6.7,1,0.4,25,350,10,10,50,1,0.5,0.5,3.2,0.8,0.3,0.7
156,1,1,4,3,1,2,3,2,5,2,3,5,1,4,1,2,5358.333333,0.10716666665999999,2.430233333,0.04409727461342495,-1.3555882508252695,100,100,4,1 bead per cell or 1:1 ratio,1,10,5.5,6.7,1,0.4,25,350,10,10,50,1,0.5,0.5,3.2,0.8,0.3,0.7
157,1,1,1,5,5,2,1,2,3,3,2,5,3,2,2,2,5096.666667,0.10193333334000002,2.430233333,0.04194384627840179,-1.3773317469537882,100,100,4,1 bead per cell or 1:1 ratio,1,10,5.5,6.7,1,0.4,25,350,10,10,50,1,0.5,0.5,3.2,0.8,0.3,0.7
158,1,1,1,1,5,3,0,0,2,2,1,5,4,2,3,2,3921.666667,0.07843333334,2.430233333,0.032273992902228044,-1.4911473008455582,100,100,4,1 bead per cell or 1:1 ratio,1,10,5.5,6.7,1,0.4,25,350,10,10,50,1,0.5,0.5,3.2,0.8,0.3,0.7
159,1,1,4,2,2,3,2,3,2,2,3,1,4,2,0,2,726.6666667,0.014533333333999999,2.430233333,0.005980221379014391,-2.223282738769986,100,100,4,1 bead per cell or 1:1 ratio,1,10,5.5,6.7,1,0.4,25,350,10,10,50,1,0.5,0.5,3.2,0.8,0.3,0.7
160,1,1,3,0,2,0,1,3,5,1,2,1,4,1,3,3,560.0,0.0112,2.430233333,0.004608610970772163,-2.3364299506686494,100,100,4,1 bead per cell or 1:1 ratio,1,10,5.5,6.7,1,0.4,25,350,10,10,50,1,0.5,0.5,3.2,0.8,0.3,0.7
161,1,1,0,4,2,2,2,2,1,5,2,1,1,2,1,1,4840.0,0.0968,2.430233333,0.039831566247387984,-1.3997726160304373,100,100,4,1 bead per cell or 1:1 ratio,1,10,5.5,6.7,1,0.4,25,350,10,10,50,1,0.5,0.5,3.2,0.8,0.3,0.7
162,1,1,5,3,1,1,2,1,5,2,3,4,1,4,2,0,7038.333333,0.14076666665999998,2.430233333,0.05792310752574144,-1.2371481466541538,100,100,4,1 bead per cell or 1:1 ratio,1,10,5.5,6.7,1,0.4,25,350,10,10,50,1,0.5,0.5,3.2,0.8,0.3,0.7
163,1,1,0,4,4,1,3,1,3,3,3,3,4,4,2,3,8356.666667,0.16713333334,2.430233333,0.06877254585825401,-1.1625848984189726,100,100,4,1 bead per cell or 1:1 ratio,1,10,5.5,6.7,1,0.4,25,350,10,10,50,1,0.5,0.5,3.2,0.8,0.3,0.7
164,1,1,1,0,3,1,1,1,0,4,2,2,4,1,2,1,6536.666667,0.13073333334,2.430233333,0.05379456020324449,-1.2692616387045816,100,100,4,1 bead per cell or 1:1 ratio,1,10,5.5,6.7,1,0.4,25,350,10,10,50,1,0.5,0.5,3.2,0.8,0.3,0.7
165,1,1,2,5,3,2,0,0,1,4,1,1,2,1,4,1,5060.0,0.1012,2.430233333,0.04164209198590562,-1.380467460835051,100,100,4,1 bead per cell or 1:1 ratio,1,10,5.5,6.7,1,0.4,25,350,10,10,50,1,0.5,0.5,3.2,0.8,0.3,0.7
166,1,1,1,0,5,2,0,3,0,5,1,2,4,1,4,3,7356.666667,0.14713333334,2.430233333,0.060542883410446585,-1.2179368992131792,100,100,4,1 bead per cell or 1:1 ratio,1,10,5.5,6.7,1,0.4,25,350,10,10,50,1,0.5,0.5,3.2,0.8,0.3,0.7
167,1,1,2,3,0,3,1,3,3,4,0,5,2,1,1,2,3240.0,0.0648,2.430233333,0.026664106330896088,-1.5740729674682379,100,100,4,1 bead per cell or 1:1 ratio,1,10,5.5,6.7,1,0.4,25,350,10,10,50,1,0.5,0.5,3.2,0.8,0.3,0.7
168,1,1,5,3,5,1,0,1,4,5,3,5,3,4,0,3,3300.0,0.066,2.430233333,0.027157886077764537,-1.5661040377969624,100,100,4,1 bead per cell or 1:1 ratio,1,10,5.5,6.7,1,0.4,25,350,10,10,50,1,0.5,0.5,3.2,0.8,0.3,0.7
169,1,1,1,3,4,3,0,1,3,1,2,2,0,2,0,0,4748.333333,0.09496666665999999,2.430233333,0.03907718052026241,-1.408076778849504,100,100,4,1 bead per cell or 1:1 ratio,1,10,5.5,6.7,1,0.4,25,350,10,10,50,1,0.5,0.5,3.2,0.8,0.3,0.7
170,1,1,4,2,3,3,1,2,1,5,0,1,3,3,1,2,5003.333333,0.10006666666,2.430233333,0.04117574444445331,-1.3853585401801756,100,100,4,1 bead per cell or 1:1 ratio,1,10,5.5,6.7,1,0.4,25,350,10,10,50,1,0.5,0.5,3.2,0.8,0.3,0.7
171,1,1,2,3,4,1,2,1,5,0,3,0,0,2,4,1,286.6666667,0.005733333334000001,2.430233333,0.0023591699019791202,-2.6272407811004452,100,100,4,1 bead per cell or 1:1 ratio,1,10,5.5,6.7,1,0.4,25,350,10,10,50,1,0.5,0.5,3.2,0.8,0.3,0.7
172,1,1,2,4,1,2,2,2,1,0,3,3,4,4,1,1,2341.666667,0.04683333334,2.430233333,0.019271126234692296,-1.7150929037555736,100,100,4,1 bead per cell or 1:1 ratio,1,10,5.5,6.7,1,0.4,25,350,10,10,50,1,0.5,0.5,3.2,0.8,0.3,0.7
173,1,1,3,5,3,1,2,3,3,5,2,1,3,3,4,3,3831.666667,0.07663333334,2.430233333,0.031533323281925374,-1.5012302567514333,100,100,4,1 bead per cell or 1:1 ratio,1,10,5.5,6.7,1,0.4,25,350,10,10,50,1,0.5,0.5,3.2,0.8,0.3,0.7
174,1,1,3,3,3,0,0,2,3,4,2,3,1,1,3,3,4095.0,0.0819,2.430233333,0.03370046772377144,-1.4723640715784128,100,100,4,1 bead per cell or 1:1 ratio,1,10,5.5,6.7,1,0.4,25,350,10,10,50,1,0.5,0.5,3.2,0.8,0.3,0.7
175,1,1,3,1,1,1,1,1,1,3,2,5,3,3,3,2,1626.666667,0.03253333334,2.430233333,0.01338691758450998,-1.873319410302807,100,100,4,1 bead per cell or 1:1 ratio,1,10,5.5,6.7,1,0.4,25,350,10,10,50,1,0.5,0.5,3.2,0.8,0.3,0.7
176,1,1,4,1,4,2,1,3,4,2,2,4,1,3,0,1,3350.0,0.067,2.430233333,0.02756936920015491,-1.5595731706380047,100,100,4,1 bead per cell or 1:1 ratio,1,10,5.5,6.7,1,0.4,25,350,10,10,50,1,0.5,0.5,3.2,0.8,0.3,0.7
177,1,1,5,3,0,2,1,3,2,2,0,4,4,4,1,2,2853.333333,0.05706666666,2.430233333,0.02348197018166733,-1.6292654677680944,100,100,4,1 bead per cell or 1:1 ratio,1,10,5.5,6.7,1,0.4,25,350,10,10,50,1,0.5,0.5,3.2,0.8,0.3,0.7
178,1,1,5,4,4,0,0,1,3,2,2,2,1,3,0,1,3726.666667,0.07453333334,2.430233333,0.030669208724905594,-1.5132974288052623,100,100,4,1 bead per cell or 1:1 ratio,1,10,5.5,6.7,1,0.4,25,350,10,10,50,1,0.5,0.5,3.2,0.8,0.3,0.7
179,1,1,2,2,3,3,3,2,2,2,3,0,1,3,4,3,706.6666667,0.014133333334,2.430233333,0.005815628130058243,-2.2354033714452752,100,100,4,1 bead per cell or 1:1 ratio,1,10,5.5,6.7,1,0.4,25,350,10,10,50,1,0.5,0.5,3.2,0.8,0.3,0.7
180,1,1,5,1,3,2,1,1,3,0,0,4,0,0,3,0,4911.666667,0.09823333334,2.430233333,0.04042135872555741,-1.3933890921790946,100,100,4,1 bead per cell or 1:1 ratio,1,10,5.5,6.7,1,0.4,25,350,10,10,50,1,0.5,0.5,3.2,0.8,0.3,0.7
181,1,1,3,1,1,3,0,1,0,1,0,2,0,4,2,1,591.6666667,0.011833333334,2.430233333,0.004869216948560387,-2.3125408749789322,100,100,4,1 bead per cell or 1:1 ratio,1,10,5.5,6.7,1,0.4,25,350,10,10,50,1,0.5,0.5,3.2,0.8,0.3,0.7
182,1,1,1,3,4,3,1,3,3,2,0,5,1,3,4,0,9556.666667,0.19113333334,2.430233333,0.07864814079562293,-1.1043115394328797,100,100,4,1 bead per cell or 1:1 ratio,1,10,5.5,6.7,1,0.4,25,350,10,10,50,1,0.5,0.5,3.2,0.8,0.3,0.7
183,1,1,4,3,5,3,3,3,3,5,2,5,2,0,0,3,653.3333333,0.013066666666000001,2.430233333,0.005376712798959869,-2.269483161060194,100,100,4,1 bead per cell or 1:1 ratio,1,10,5.5,6.7,1,0.4,25,350,10,10,50,1,0.5,0.5,3.2,0.8,0.3,0.7
184,1,1,5,5,1,2,2,2,2,5,0,2,3,3,0,1,2608.333333,0.05216666666,2.430233333,0.021465702881954506,-1.6682548862315272,100,100,4,1 bead per cell or 1:1 ratio,1,10,5.5,6.7,1,0.4,25,350,10,10,50,1,0.5,0.5,3.2,0.8,0.3,0.7
185,1,1,3,2,0,3,3,3,2,4,3,5,0,4,0,3,17888.33333,0.3577666666,2.430233333,0.14721494505976312,-0.8320480987789584,100,100,4,1 bead per cell or 1:1 ratio,1,10,5.5,6.7,1,0.4,25,350,10,10,50,1,0.5,0.5,3.2,0.8,0.3,0.7
186,1,1,2,5,4,3,0,2,5,0,1,5,1,2,0,0,1605.0,0.0321,2.430233333,0.013208608228730932,-1.879142940933959,100,100,4,1 bead per cell or 1:1 ratio,1,10,5.5,6.7,1,0.4,25,350,10,10,50,1,0.5,0.5,3.2,0.8,0.3,0.7
187,1,1,3,5,0,2,2,1,2,0,2,1,4,0,2,3,3048.333333,0.06096666666,2.430233333,0.025086754358989778,-1.6005555226295665,100,100,4,1 bead per cell or 1:1 ratio,1,10,5.5,6.7,1,0.4,25,350,10,10,50,1,0.5,0.5,3.2,0.8,0.3,0.7
188,1,1,2,1,4,2,3,3,3,0,0,5,0,1,0,1,2043.333333,0.04086666666,2.430233333,0.016815943598943305,-1.7742787579469448,100,100,4,1 bead per cell or 1:1 ratio,1,10,5.5,6.7,1,0.4,25,350,10,10,50,1,0.5,0.5,3.2,0.8,0.3,0.7
189,1,1,5,5,2,1,3,0,3,2,1,3,0,0,4,1,8736.666667,0.17473333334,2.430233333,0.07189981758842084,-1.143272211431342,100,100,4,1 bead per cell or 1:1 ratio,1,10,5.5,6.7,1,0.4,25,350,10,10,50,1,0.5,0.5,3.2,0.8,0.3,0.7
190,1,1,4,3,0,1,1,1,5,1,3,4,3,4,2,3,1011.666667,0.02023333334,2.430233333,0.008325675179108408,-2.0795805368401408,100,100,4,1 bead per cell or 1:1 ratio,1,10,5.5,6.7,1,0.4,25,350,10,10,50,1,0.5,0.5,3.2,0.8,0.3,0.7
191,1,1,5,2,4,2,2,1,5,5,3,0,4,4,1,0,690.0,0.0138,2.430233333,0.00567846708898713,-2.2457688869375945,100,100,4,1 bead per cell or 1:1 ratio,1,10,5.5,6.7,1,0.4,25,350,10,10,50,1,0.5,0.5,3.2,0.8,0.3,0.7
192,1,1,1,5,2,1,1,3,4,2,0,5,4,0,4,2,795.0,0.0159,2.430233333,0.006542581646006911,-2.1842508490183796,100,100,4,1 bead per cell or 1:1 ratio,1,10,5.5,6.7,1,0.4,25,350,10,10,50,1,0.5,0.5,3.2,0.8,0.3,0.7
193,1,1,5,3,4,0,0,3,3,4,1,5,3,3,4,2,1435.0,0.0287,2.430233333,0.011809565612603668,-1.9277660766048388,100,100,4,1 bead per cell or 1:1 ratio,1,10,5.5,6.7,1,0.4,25,350,10,10,50,1,0.5,0.5,3.2,0.8,0.3,0.7
194,1,1,5,4,1,0,2,1,5,4,3,4,0,2,1,2,12191.66667,0.24383333340000002,2.430233333,0.10033330137028453,-0.9985548974784231,100,100,4,1 bead per cell or 1:1 ratio,1,10,5.5,6.7,1,0.4,25,350,10,10,50,1,0.5,0.5,3.2,0.8,0.3,0.7
195,1,1,2,4,1,2,1,2,3,2,3,5,1,2,4,2,6578.333333,0.13156666666,2.430233333,0.05413746279975002,-1.2665021016849844,100,100,4,1 bead per cell or 1:1 ratio,1,10,5.5,6.7,1,0.4,25,350,10,10,50,1,0.5,0.5,3.2,0.8,0.3,0.7
196,1,1,2,2,3,2,1,1,0,3,1,2,3,0,1,1,1710.0,0.0342,2.430233333,0.014072722785750714,-1.851621867282696,100,100,4,1 bead per cell or 1:1 ratio,1,10,5.5,6.7,1,0.4,25,350,10,10,50,1,0.5,0.5,3.2,0.8,0.3,0.7
197,1,1,3,4,1,2,3,0,1,5,3,4,0,2,2,1,1543.333333,0.03086666666,2.430233333,0.012701112375039587,-1.8961582414703593,100,100,4,1 bead per cell or 1:1 ratio,1,10,5.5,6.7,1,0.4,25,350,10,10,50,1,0.5,0.5,3.2,0.8,0.3,0.7
198,1,1,5,5,3,0,0,2,5,4,3,0,3,2,2,2,3873.333333,0.07746666666,2.430233333,0.03187622587843091,-1.4965331043775751,100,100,4,1 bead per cell or 1:1 ratio,1,10,5.5,6.7,1,0.4,25,350,10,10,50,1,0.5,0.5,3.2,0.8,0.3,0.7
199,1,1,4,3,5,1,0,2,1,5,1,3,4,1,4,0,1598.333333,0.031966666660000004,2.430233333,0.013153743809668998,-1.8809506209784022,100,100,4,1 bead per cell or 1:1 ratio,1,10,5.5,6.7,1,0.4,25,350,10,10,50,1,0.5,0.5,3.2,0.8,0.3,0.7
200,1,1,1,1,0,1,1,3,4,0,2,2,4,1,4,0,405.0,0.0081,2.430233333,0.003333013291362011,-2.4771629544601814,100,100,4,1 bead per cell or 1:1 ratio,1,10,5.5,6.7,1,0.4,25,350,10,10,50,1,0.5,0.5,3.2,0.8,0.3,0.7
201,1,1,1,3,3,2,1,1,1,2,0,5,4,0,3,3,23075.0,0.4615,2.430233333,0.18989946098315658,-0.7214762679769002,100,100,4,1 bead per cell or 1:1 ratio,1,10,5.5,6.7,1,0.4,25,350,10,10,50,1,0.5,0.5,3.2,0.8,0.3,0.7
202,1,1,0,2,3,3,3,1,0,5,2,3,4,0,1,1,6300.0,0.126,2.430233333,0.05184687342118684,-1.2852774282212682,100,100,4,1 bead per cell or 1:1 ratio,1,10,5.5,6.7,1,0.4,25,350,10,10,50,1,0.5,0.5,3.2,0.8,0.3,0.7
203,1,1,1,1,0,1,1,0,2,2,2,2,4,4,3,0,5046.666667,0.10093333334000001,2.430233333,0.041532363156011415,-1.381613357201773,100,100,4,1 bead per cell or 1:1 ratio,1,10,5.5,6.7,1,0.4,25,350,10,10,50,1,0.5,0.5,3.2,0.8,0.3,0.7
204,1,1,3,3,4,3,1,1,1,5,0,1,3,1,1,3,1013.333333,0.02026666666,2.430233333,0.008339391277701648,-2.0788656489286184,100,100,4,1 bead per cell or 1:1 ratio,1,10,5.5,6.7,1,0.4,25,350,10,10,50,1,0.5,0.5,3.2,0.8,0.3,0.7
205,1,1,2,4,2,1,3,1,3,0,1,5,0,4,4,3,1116.666667,0.02233333334,2.430233333,0.00918978973612819,-2.036694425228027,100,100,4,1 bead per cell or 1:1 ratio,1,10,5.5,6.7,1,0.4,25,350,10,10,50,1,0.5,0.5,3.2,0.8,0.3,0.7
206,1,1,1,2,4,0,0,1,4,3,3,2,4,4,2,3,2550.0,0.051,2.430233333,0.02098563924190896,-1.6780777972408947,100,100,4,1 bead per cell or 1:1 ratio,1,10,5.5,6.7,1,0.4,25,350,10,10,50,1,0.5,0.5,3.2,0.8,0.3,0.7
207,1,1,1,5,2,2,0,0,5,3,0,5,4,4,0,3,3753.333333,0.07506666666,2.430233333,0.03088866638469402,-1.5102008419177546,100,100,4,1 bead per cell or 1:1 ratio,1,10,5.5,6.7,1,0.4,25,350,10,10,50,1,0.5,0.5,3.2,0.8,0.3,0.7
208,1,1,2,5,2,3,3,1,3,0,2,3,4,4,0,3,3770.0,0.0754,2.430233333,0.031025827428234027,-1.508276627469057,100,100,4,1 bead per cell or 1:1 ratio,1,10,5.5,6.7,1,0.4,25,350,10,10,50,1,0.5,0.5,3.2,0.8,0.3,0.7
209,1,1,4,1,4,3,3,2,1,0,3,5,3,3,2,3,2495.0,0.0499,2.430233333,0.02053300780727955,-1.6875474277154412,100,100,4,1 bead per cell or 1:1 ratio,1,10,5.5,6.7,1,0.4,25,350,10,10,50,1,0.5,0.5,3.2,0.8,0.3,0.7
210,1,1,5,5,5,3,0,2,1,2,0,5,2,1,3,3,2225.0,0.0445,2.430233333,0.018310998946371542,-1.7372879623578996,100,100,4,1 bead per cell or 1:1 ratio,1,10,5.5,6.7,1,0.4,25,350,10,10,50,1,0.5,0.5,3.2,0.8,0.3,0.7
211,1,1,5,5,3,2,0,3,1,1,3,3,0,0,1,0,5383.333333,0.10766666666,2.430233333,0.04430301617462013,-1.353566705754282,100,100,4,1 bead per cell or 1:1 ratio,1,10,5.5,6.7,1,0.4,25,350,10,10,50,1,0.5,0.5,3.2,0.8,0.3,0.7
212,1,1,1,4,5,2,3,3,4,3,3,5,1,0,2,0,1005.0,0.0201,2.430233333,0.008270810760046472,-2.0824519159183423,100,100,4,1 bead per cell or 1:1 ratio,1,10,5.5,6.7,1,0.4,25,350,10,10,50,1,0.5,0.5,3.2,0.8,0.3,0.7
213,1,1,2,5,5,1,1,1,5,1,2,5,3,1,4,3,14273.33333,0.2854666666,2.430233333,0.11746471531093923,-0.9300925695375162,100,100,4,1 bead per cell or 1:1 ratio,1,10,5.5,6.7,1,0.4,25,350,10,10,50,1,0.5,0.5,3.2,0.8,0.3,0.7
214,1,1,5,3,4,1,2,0,2,0,2,5,4,4,2,3,2668.333333,0.05336666666,2.430233333,0.02195948262882295,-1.6583778961934468,100,100,4,1 bead per cell or 1:1 ratio,1,10,5.5,6.7,1,0.4,25,350,10,10,50,1,0.5,0.5,3.2,0.8,0.3,0.7
215,1,1,4,3,1,1,1,2,4,3,1,2,1,4,4,1,536.6666667,0.010733333333999999,2.430233333,0.004416585513930978,-2.354913356335688,100,100,4,1 bead per cell or 1:1 ratio,1,10,5.5,6.7,1,0.4,25,350,10,10,50,1,0.5,0.5,3.2,0.8,0.3,0.7
216,1,1,1,4,5,2,1,3,5,3,0,5,3,2,4,2,11003.33333,0.2200666666,2.430233333,0.09055371910660893,-1.0430937081957654,100,100,4,1 bead per cell or 1:1 ratio,1,10,5.5,6.7,1,0.4,25,350,10,10,50,1,0.5,0.5,3.2,0.8,0.3,0.7
217,1,1,1,4,5,3,0,0,2,4,1,5,4,2,4,2,4551.666667,0.09103333334000001,2.430233333,0.03745868024434673,-1.4264475278869553,100,100,4,1 bead per cell or 1:1 ratio,1,10,5.5,6.7,1,0.4,25,350,10,10,50,1,0.5,0.5,3.2,0.8,0.3,0.7
218,1,1,4,2,2,0,2,1,2,2,3,3,4,2,1,2,645.0,0.0129,2.430233333,0.005308132278835796,-2.275058263039582,100,100,4,1 bead per cell or 1:1 ratio,1,10,5.5,6.7,1,0.4,25,350,10,10,50,1,0.5,0.5,3.2,0.8,0.3,0.7
219,1,1,3,0,4,1,1,1,5,5,3,5,0,4,3,0,273.3333333,0.005466666666,2.430233333,0.0022494410687930433,-2.6479253800637585,100,100,4,1 bead per cell or 1:1 ratio,1,10,5.5,6.7,1,0.4,25,350,10,10,50,1,0.5,0.5,3.2,0.8,0.3,0.7
220,1,1,0,4,3,2,2,2,0,5,2,2,1,2,1,3,2963.333333,0.05926666666,2.430233333,0.024387233050926146,-1.6128374714731506,100,100,4,1 bead per cell or 1:1 ratio,1,10,5.5,6.7,1,0.4,25,350,10,10,50,1,0.5,0.5,3.2,0.8,0.3,0.7
221,1,1,2,3,4,1,2,1,5,2,3,2,0,0,2,0,3335.0,0.0667,2.430233333,0.027445924263437792,-1.5615221394222822,100,100,4,1 bead per cell or 1:1 ratio,1,10,5.5,6.7,1,0.4,25,350,10,10,50,1,0.5,0.5,3.2,0.8,0.3,0.7
222,1,1,0,3,5,1,1,1,3,1,3,1,4,0,2,3,3991.666667,0.07983333333999999,2.430233333,0.03285006927357456,-1.4834637102716448,100,100,4,1 bead per cell or 1:1 ratio,1,10,5.5,6.7,1,0.4,25,350,10,10,50,1,0.5,0.5,3.2,0.8,0.3,0.7
223,1,1,5,0,3,1,1,3,4,3,3,4,4,4,4,3,3665.0,0.0733,2.430233333,0.03016171287121425,-1.5205439986977032,100,100,4,1 bead per cell or 1:1 ratio,1,10,5.5,6.7,1,0.4,25,350,10,10,50,1,0.5,0.5,3.2,0.8,0.3,0.7
224,1,1,2,5,5,1,0,1,5,4,1,5,2,4,2,3,6378.333333,0.12756666666,2.430233333,0.05249153031018853,-1.2799107658566906,100,100,4,1 bead per cell or 1:1 ratio,1,10,5.5,6.7,1,0.4,25,350,10,10,50,1,0.5,0.5,3.2,0.8,0.3,0.7
225,1,1,3,0,5,2,1,3,0,5,1,2,1,1,4,1,8610.0,0.1722,2.430233333,0.07085739367562201,-1.1496148262211952,100,100,4,1 bead per cell or 1:1 ratio,1,10,5.5,6.7,1,0.4,25,350,10,10,50,1,0.5,0.5,3.2,0.8,0.3,0.7
226,1,1,5,3,0,3,1,0,3,4,3,5,3,1,1,2,2061.666667,0.04123333334,2.430233333,0.016966820749306215,-1.7703995283591556,100,100,4,1 bead per cell or 1:1 ratio,1,10,5.5,6.7,1,0.4,25,350,10,10,50,1,0.5,0.5,3.2,0.8,0.3,0.7
227,1,1,4,3,5,3,0,1,4,5,3,1,0,2,0,3,485.0,0.0097,2.430233333,0.003991386287186606,-2.398876239072586,100,100,4,1 bead per cell or 1:1 ratio,1,10,5.5,6.7,1,0.4,25,350,10,10,50,1,0.5,0.5,3.2,0.8,0.3,0.7
228,1,1,1,3,4,3,0,3,5,5,2,5,0,2,3,0,2655.0,0.0531,2.430233333,0.02184975379892874,-1.660553452257362,100,100,4,1 bead per cell or 1:1 ratio,1,10,5.5,6.7,1,0.4,25,350,10,10,50,1,0.5,0.5,3.2,0.8,0.3,0.7
229,1,1,4,2,3,0,1,2,3,5,1,1,4,3,4,3,1781.666667,0.03563333334,2.430233333,0.014662515263920133,-1.8337915227684631,100,100,4,1 bead per cell or 1:1 ratio,1,10,5.5,6.7,1,0.4,25,350,10,10,50,1,0.5,0.5,3.2,0.8,0.3,0.7
230,1,1,0,3,0,1,2,3,5,0,1,1,0,0,4,0,103.3333333,0.002066666666,2.430233333,0.0008503984526657795,-3.0703775387003347,100,100,4,1 bead per cell or 1:1 ratio,1,10,5.5,6.7,1,0.4,25,350,10,10,50,1,0.5,0.5,3.2,0.8,0.3,0.7
231,1,1,5,1,5,2,2,3,1,5,3,3,2,3,1,1,781.6666667,0.015633333334,2.430233333,0.006432852813643801,-2.1915963853248903,100,100,4,1 bead per cell or 1:1 ratio,1,10,5.5,6.7,1,0.4,25,350,10,10,50,1,0.5,0.5,3.2,0.8,0.3,0.7
232,1,1,3,5,3,3,3,3,3,5,2,1,3,3,0,1,1588.333333,0.03176666666,2.430233333,0.013071447185190922,-1.8836763275113098,100,100,4,1 bead per cell or 1:1 ratio,1,10,5.5,6.7,1,0.4,25,350,10,10,50,1,0.5,0.5,3.2,0.8,0.3,0.7
233,1,1,1,3,3,0,0,1,3,5,1,2,4,1,1,3,3966.666667,0.07933333333999999,2.430233333,0.03264432771237938,-1.4861922709654862,100,100,4,1 bead per cell or 1:1 ratio,1,10,5.5,6.7,1,0.4,25,350,10,10,50,1,0.5,0.5,3.2,0.8,0.3,0.7
234,1,1,5,1,2,1,1,2,1,4,3,5,3,3,3,3,23668.33333,0.47336666660000004,2.430233333,0.1947823940080901,-0.7104503006950121,100,100,4,1 bead per cell or 1:1 ratio,1,10,5.5,6.7,1,0.4,25,350,10,10,50,1,0.5,0.5,3.2,0.8,0.3,0.7
235,1,1,0,1,4,0,1,3,4,2,2,0,3,3,0,2,1875.0,0.0375,2.430233333,0.01543061708963894,-1.8116167056111123,100,100,4,1 bead per cell or 1:1 ratio,1,10,5.5,6.7,1,0.4,25,350,10,10,50,1,0.5,0.5,3.2,0.8,0.3,0.7
236,1,1,5,3,4,2,3,3,2,2,2,3,4,4,1,2,348.3333333,0.006966666666,2.430233333,0.002866665752378601,-2.542622941988999,100,100,4,1 bead per cell or 1:1 ratio,1,10,5.5,6.7,1,0.4,25,350,10,10,50,1,0.5,0.5,3.2,0.8,0.3,0.7
237,1,1,3,2,4,0,0,1,4,3,2,2,1,1,1,1,2636.666667,0.05273333334,2.430233333,0.021698876656795492,-1.6635627488419313,100,100,4,1 bead per cell or 1:1 ratio,1,10,5.5,6.7,1,0.4,25,350,10,10,50,1,0.5,0.5,3.2,0.8,0.3,0.7
238,1,1,2,2,3,3,3,2,0,2,3,3,1,3,1,3,1950.0,0.039,2.430233333,0.0160478417732245,-1.7945833663123318,100,100,4,1 bead per cell or 1:1 ratio,1,10,5.5,6.7,1,0.4,25,350,10,10,50,1,0.5,0.5,3.2,0.8,0.3,0.7
239,1,1,5,2,3,1,1,1,0,5,0,4,3,1,3,2,3425.0,0.0685,2.430233333,0.028186593883740466,-1.5499574018464055,100,100,4,1 bead per cell or 1:1 ratio,1,10,5.5,6.7,1,0.4,25,350,10,10,50,1,0.5,0.5,3.2,0.8,0.3,0.7
240,1,1,5,0,1,2,0,1,5,1,0,2,3,2,1,0,1193.333333,0.02386666666,2.430233333,0.009820730518306986,-2.007856205871949,100,100,4,1 bead per cell or 1:1 ratio,1,10,5.5,6.7,1,0.4,25,350,10,10,50,1,0.5,0.5,3.2,0.8,0.3,0.7
241,1,1,1,2,4,2,1,3,4,2,0,2,1,3,4,0,5301.666667,0.10603333334000001,2.430233333,0.04363092708020231,-1.3602055589238247,100,100,4,1 bead per cell or 1:1 ratio,1,10,5.5,6.7,1,0.4,25,350,10,10,50,1,0.5,0.5,3.2,0.8,0.3,0.7
242,1,1,5,3,5,1,3,2,3,1,2,1,2,3,0,3,858.3333333,0.017166666666000002,2.430233333,0.007063793600760393,-2.1509619990341684,100,100,4,1 bead per cell or 1:1 ratio,1,10,5.5,6.7,1,0.4,25,350,10,10,50,1,0.5,0.5,3.2,0.8,0.3,0.7
243,1,1,5,3,1,2,3,2,2,5,0,0,3,3,0,0,20233.33333,0.4046666666,2.430233333,0.16651350349987157,-0.7785505413908024,100,100,4,1 bead per cell or 1:1 ratio,1,10,5.5,6.7,1,0.4,25,350,10,10,50,1,0.5,0.5,3.2,0.8,0.3,0.7
244,1,1,3,5,0,3,3,3,2,4,3,2,0,4,2,1,6046.666667,0.12093333334,2.430233333,0.049762025603818844,-1.3031019496464946,100,100,4,1 bead per cell or 1:1 ratio,1,10,5.5,6.7,1,0.4,25,350,10,10,50,1,0.5,0.5,3.2,0.8,0.3,0.7
245,1,1,2,5,4,2,0,3,2,3,1,3,3,2,2,1,2228.333333,0.044566666660000004,2.430233333,0.018338431151787682,-1.7366378208614746,100,100,4,1 bead per cell or 1:1 ratio,1,10,5.5,6.7,1,0.4,25,350,10,10,50,1,0.5,0.5,3.2,0.8,0.3,0.7
246,1,1,3,2,0,1,1,3,4,0,1,4,0,0,0,1,2415.0,0.0483,2.430233333,0.019874634811454957,-1.7017008425873188,100,100,4,1 bead per cell or 1:1 ratio,1,10,5.5,6.7,1,0.4,25,350,10,10,50,1,0.5,0.5,3.2,0.8,0.3,0.7
247,1,1,4,4,5,2,3,3,3,5,0,5,2,1,0,1,2338.333333,0.04676666666,2.430233333,0.019243694021046497,-1.7157115570920431,100,100,4,1 bead per cell or 1:1 ratio,1,10,5.5,6.7,1,0.4,25,350,10,10,50,1,0.5,0.5,3.2,0.8,0.3,0.7
248,1,1,5,5,2,3,3,3,3,2,1,4,0,3,2,1,1521.666667,0.03043333334,2.430233333,0.0125228030274902,-1.902298450429059,100,100,4,1 bead per cell or 1:1 ratio,1,10,5.5,6.7,1,0.4,25,350,10,10,50,1,0.5,0.5,3.2,0.8,0.3,0.7
249,1,1,4,5,3,1,1,1,4,1,3,2,3,1,2,3,1126.666667,0.02253333334,2.430233333,0.009272086360606264,-2.032822531988368,100,100,4,1 bead per cell or 1:1 ratio,1,10,5.5,6.7,1,0.4,25,350,10,10,50,1,0.5,0.5,3.2,0.8,0.3,0.7
250,1,1,3,5,1,3,2,0,5,4,3,0,3,4,1,2,715.0,0.0143,2.430233333,0.005884208650182316,-2.230311935873769,100,100,4,1 bead per cell or 1:1 ratio,1,10,5.5,6.7,1,0.4,25,350,10,10,50,1,0.5,0.5,3.2,0.8,0.3,0.7
251,1,1,4,5,1,2,1,0,4,5,2,5,3,0,4,3,2828.333333,0.05656666666,2.430233333,0.023276228620472142,-1.6330873857920014,100,100,4,1 bead per cell or 1:1 ratio,1,10,5.5,6.7,1,0.4,25,350,10,10,50,1,0.5,0.5,3.2,0.8,0.3,0.7
252,1,1,1,3,4,0,1,2,5,4,1,5,2,0,4,2,28076.66667,0.5615333334,2.430233333,0.23106148935370563,-0.6362724316514139,100,100,4,1 bead per cell or 1:1 ratio,1,10,5.5,6.7,1,0.4,25,350,10,10,50,1,0.5,0.5,3.2,0.8,0.3,0.7
253,1,1,5,3,1,2,2,1,5,1,1,4,1,1,4,2,705.0,0.0141,2.430233333,0.005801912025704241,-2.2364288606834513,100,100,4,1 bead per cell or 1:1 ratio,1,10,5.5,6.7,1,0.4,25,350,10,10,50,1,0.5,0.5,3.2,0.8,0.3,0.7
254,1,1,2,1,1,1,1,3,3,1,3,5,1,3,4,2,5585.0,0.1117,2.430233333,0.045962664771004524,-1.337594800223222,100,100,4,1 bead per cell or 1:1 ratio,1,10,5.5,6.7,1,0.4,25,350,10,10,50,1,0.5,0.5,3.2,0.8,0.3,0.7
255,1,1,2,2,2,2,1,1,0,3,1,2,3,4,1,1,948.3333333,0.018966666666000002,2.430233333,0.007804463221063063,-2.1076569616786873,100,100,4,1 bead per cell or 1:1 ratio,1,10,5.5,6.7,1,0.4,25,350,10,10,50,1,0.5,0.5,3.2,0.8,0.3,0.7
256,1,1,1,2,0,2,3,1,1,5,3,4,0,2,2,2,951.6666667,0.019033333333999997,2.430233333,0.007831895429771063,-2.106133119797434,100,100,4,1 bead per cell or 1:1 ratio,1,10,5.5,6.7,1,0.4,25,350,10,10,50,1,0.5,0.5,3.2,0.8,0.3,0.7
257,1,1,2,5,5,2,3,0,1,4,3,0,3,2,2,3,4410.0,0.0882,2.430233333,0.03629281139483079,-1.4401793882070113,100,100,4,1 bead per cell or 1:1 ratio,1,10,5.5,6.7,1,0.4,25,350,10,10,50,1,0.5,0.5,3.2,0.8,0.3,0.7
258,1,1,5,5,5,1,1,2,1,5,3,3,4,1,3,1,1376.666667,0.02753333334,2.430233333,0.011329501972558123,-1.9457891806329553,100,100,4,1 bead per cell or 1:1 ratio,1,10,5.5,6.7,1,0.4,25,350,10,10,50,1,0.5,0.5,3.2,0.8,0.3,0.7
259,1,1,1,1,0,0,1,3,4,0,1,2,1,1,4,0,2505.0,0.0501,2.430233333,0.020615304431757624,-1.6858102474715855,100,100,4,1 bead per cell or 1:1 ratio,1,10,5.5,6.7,1,0.4,25,350,10,10,50,1,0.5,0.5,3.2,0.8,0.3,0.7
260,1,1,1,3,3,3,1,1,1,2,1,5,4,0,4,2,8855.0,0.1771,2.430233333,0.07287366097533483,-1.1374294121487563,100,100,4,1 bead per cell or 1:1 ratio,1,10,5.5,6.7,1,0.4,25,350,10,10,50,1,0.5,0.5,3.2,0.8,0.3,0.7
261,1,1,1,1,3,3,3,1,4,5,3,3,4,0,1,1,1936.666667,0.03873333334,2.430233333,0.015938112943330286,-1.797563099929432,100,100,4,1 bead per cell or 1:1 ratio,1,10,5.5,6.7,1,0.4,25,350,10,10,50,1,0.5,0.5,3.2,0.8,0.3,0.7
262,1,1,1,1,0,2,1,2,2,2,3,2,4,4,3,3,4203.333333,0.08406666666,2.430233333,0.03459201448620736,-1.4610241458558713,100,100,4,1 bead per cell or 1:1 ratio,1,10,5.5,6.7,1,0.4,25,350,10,10,50,1,0.5,0.5,3.2,0.8,0.3,0.7
263,1,1,3,4,4,3,1,1,3,1,1,4,1,2,4,2,1103.333333,0.02206666666,2.430233333,0.009080060898004316,-2.0419112387500005,100,100,4,1 bead per cell or 1:1 ratio,1,10,5.5,6.7,1,0.4,25,350,10,10,50,1,0.5,0.5,3.2,0.8,0.3,0.7
264,1,1,4,4,2,1,0,2,3,4,1,4,1,4,4,3,981.6666667,0.019633333334,2.430233333,0.008078785303205287,-2.092653933256645,100,100,4,1 bead per cell or 1:1 ratio,1,10,5.5,6.7,1,0.4,25,350,10,10,50,1,0.5,0.5,3.2,0.8,0.3,0.7
265,1,1,2,2,4,0,0,0,4,2,2,2,2,4,2,3,5008.333333,0.10016666665999999,2.430233333,0.041216892756692346,-1.38492475174864,100,100,4,1 bead per cell or 1:1 ratio,1,10,5.5,6.7,1,0.4,25,350,10,10,50,1,0.5,0.5,3.2,0.8,0.3,0.7
266,1,1,1,0,2,3,0,3,3,3,0,5,2,2,0,2,12625.0,0.2525,2.430233333,0.10389948840356887,-0.9833865908841509,100,100,4,1 bead per cell or 1:1 ratio,1,10,5.5,6.7,1,0.4,25,350,10,10,50,1,0.5,0.5,3.2,0.8,0.3,0.7
267,1,1,2,5,2,3,1,1,4,0,2,3,4,3,0,3,25391.66667,0.5078333333999999,2.430233333,0.20896484568134263,-0.6799267694427885,100,100,4,1 bead per cell or 1:1 ratio,1,10,5.5,6.7,1,0.4,25,350,10,10,50,1,0.5,0.5,3.2,0.8,0.3,0.7
268,1,1,3,1,4,3,1,1,1,5,3,1,2,3,4,3,1648.333333,0.03296666666,2.430233333,0.013565226932059367,-1.8675729365491391,100,100,4,1 bead per cell or 1:1 ratio,1,10,5.5,6.7,1,0.4,25,350,10,10,50,1,0.5,0.5,3.2,0.8,0.3,0.7
269,1,1,2,1,3,3,0,2,5,2,2,3,2,1,3,3,10336.66667,0.2067333334,2.430233333,0.08506727752960172,-1.070237466017136,100,100,4,1 bead per cell or 1:1 ratio,1,10,5.5,6.7,1,0.4,25,350,10,10,50,1,0.5,0.5,3.2,0.8,0.3,0.7
270,1,1,5,5,3,3,2,3,1,1,3,0,0,4,3,2,1151.666667,0.02303333334,2.430233333,0.00947782792180145,-2.0232911805585947,100,100,4,1 bead per cell or 1:1 ratio,1,10,5.5,6.7,1,0.4,25,350,10,10,50,1,0.5,0.5,3.2,0.8,0.3,0.7
271,1,1,4,0,5,2,1,3,3,1,3,2,0,0,2,0,3246.666667,0.06493333334,2.430233333,0.026718970749958024,-1.573180275471308,100,100,4,1 bead per cell or 1:1 ratio,1,10,5.5,6.7,1,0.4,25,350,10,10,50,1,0.5,0.5,3.2,0.8,0.3,0.7
272,1,1,2,5,2,1,1,1,3,0,2,2,4,1,4,3,10655.0,0.2131,2.430233333,0.08768705338138823,-1.057064523624629,100,100,4,1 bead per cell or 1:1 ratio,1,10,5.5,6.7,1,0.4,25,350,10,10,50,1,0.5,0.5,3.2,0.8,0.3,0.7
273,1,1,5,3,4,3,0,0,2,0,3,5,1,4,2,3,2865.0,0.0573,2.430233333,0.0235779829129683,-1.6274933513714411,100,100,4,1 bead per cell or 1:1 ratio,1,10,5.5,6.7,1,0.4,25,350,10,10,50,1,0.5,0.5,3.2,0.8,0.3,0.7
274,1,1,4,3,1,2,3,2,5,2,3,5,1,4,1,2,2286.666667,0.04573333334,2.430233333,0.01881849480006289,-1.7254151166244525,100,100,4,1 bead per cell or 1:1 ratio,1,10,5.5,6.7,1,0.4,25,350,10,10,50,1,0.5,0.5,3.2,0.8,0.3,0.7
275,1,1,1,5,5,2,1,2,3,3,2,5,3,2,2,2,12923.33333,0.2584666666,2.430233333,0.10635467100639921,-0.9732434314993205,100,100,4,1 bead per cell or 1:1 ratio,1,10,5.5,6.7,1,0.4,25,350,10,10,50,1,0.5,0.5,3.2,0.8,0.3,0.7
276,1,1,1,1,5,3,0,0,2,2,1,5,4,2,3,2,2261.666667,0.04523333334,2.430233333,0.018612753238867703,-1.7301893803347483,100,100,4,1 bead per cell or 1:1 ratio,1,10,5.5,6.7,1,0.4,25,350,10,10,50,1,0.5,0.5,3.2,0.8,0.3,0.7
277,1,1,4,2,2,3,2,3,2,2,3,1,4,2,0,2,1143.333333,0.02286666666,2.430233333,0.009409247395916613,-2.0264451124783585,100,100,4,1 bead per cell or 1:1 ratio,1,10,5.5,6.7,1,0.4,25,350,10,10,50,1,0.5,0.5,3.2,0.8,0.3,0.7
278,1,1,3,0,2,0,1,3,5,1,2,1,4,1,3,3,955.0,0.0191,2.430233333,0.007859327637656099,-2.1046146060911037,100,100,4,1 bead per cell or 1:1 ratio,1,10,5.5,6.7,1,0.4,25,350,10,10,50,1,0.5,0.5,3.2,0.8,0.3,0.7
279,1,1,0,4,2,2,2,2,1,5,2,1,1,2,1,1,9065.0,0.1813,2.430233333,0.07460189008937439,-1.1272501692433226,100,100,4,1 bead per cell or 1:1 ratio,1,10,5.5,6.7,1,0.4,25,350,10,10,50,1,0.5,0.5,3.2,0.8,0.3,0.7
280,1,1,5,3,1,1,2,1,5,2,3,4,1,4,2,0,6206.666667,0.12413333334000001,2.430233333,0.05107877159546804,-1.2917595557258643,100,100,4,1 bead per cell or 1:1 ratio,1,10,5.5,6.7,1,0.4,25,350,10,10,50,1,0.5,0.5,3.2,0.8,0.3,0.7
281,1,1,0,4,4,1,3,1,3,3,3,3,4,4,2,3,11760.0,0.2352,2.430233333,0.09678083038621543,-1.0142106559347301,100,100,4,1 bead per cell or 1:1 ratio,1,10,5.5,6.7,1,0.4,25,350,10,10,50,1,0.5,0.5,3.2,0.8,0.3,0.7
282,1,1,1,0,3,1,1,1,0,4,2,2,4,1,2,1,10561.66667,0.2112333334,2.430233333,0.0869189515803584,-1.0608855207961876,100,100,4,1 bead per cell or 1:1 ratio,1,10,5.5,6.7,1,0.4,25,350,10,10,50,1,0.5,0.5,3.2,0.8,0.3,0.7
283,1,1,2,5,3,2,0,0,1,4,1,1,2,1,4,1,13326.66667,0.2665333334,2.430233333,0.10967396824854596,-0.9598964425037863,100,100,4,1 bead per cell or 1:1 ratio,1,10,5.5,6.7,1,0.4,25,350,10,10,50,1,0.5,0.5,3.2,0.8,0.3,0.7
284,1,1,1,0,5,2,0,3,0,5,1,2,4,1,4,3,17801.66667,0.3560333334,2.430233333,0.14650170770248422,-0.8341573129109427,100,100,4,1 bead per cell or 1:1 ratio,1,10,5.5,6.7,1,0.4,25,350,10,10,50,1,0.5,0.5,3.2,0.8,0.3,0.7
285,1,1,2,3,0,3,1,3,3,4,0,5,2,1,1,2,4555.0,0.0911,2.430233333,0.03748611244976287,-1.426129596365833,100,100,4,1 bead per cell or 1:1 ratio,1,10,5.5,6.7,1,0.4,25,350,10,10,50,1,0.5,0.5,3.2,0.8,0.3,0.7
286,1,1,5,3,5,1,0,1,4,5,3,5,3,4,0,3,2776.666667,0.05553333334,2.430233333,0.02285102939948853,-1.6410942309355885,100,100,4,1 bead per cell or 1:1 ratio,1,10,5.5,6.7,1,0.4,25,350,10,10,50,1,0.5,0.5,3.2,0.8,0.3,0.7
287,1,1,1,3,4,3,0,1,3,1,2,2,0,2,0,0,6545.0,0.1309,2.430233333,0.053863140720899656,-1.2687083267880754,100,100,4,1 bead per cell or 1:1 ratio,1,10,5.5,6.7,1,0.4,25,350,10,10,50,1,0.5,0.5,3.2,0.8,0.3,0.7
288,1,1,4,2,3,3,1,2,1,5,0,1,3,3,1,2,12285.0,0.2457,2.430233333,0.10110140317131434,-0.9952428168587502,100,100,4,1 bead per cell or 1:1 ratio,1,10,5.5,6.7,1,0.4,25,350,10,10,50,1,0.5,0.5,3.2,0.8,0.3,0.7
289,1,1,2,3,4,1,2,1,5,0,3,0,0,2,4,1,1423.333333,0.02846666666,2.430233333,0.011713552881302694,-1.9313113574711969,100,100,4,1 bead per cell or 1:1 ratio,1,10,5.5,6.7,1,0.4,25,350,10,10,50,1,0.5,0.5,3.2,0.8,0.3,0.7
290,1,1,2,4,1,2,2,2,1,0,3,3,4,4,1,1,5535.0,0.1107,2.430233333,0.04555118164861415,-1.3415003524601083,100,100,4,1 bead per cell or 1:1 ratio,1,10,5.5,6.7,1,0.4,25,350,10,10,50,1,0.5,0.5,3.2,0.8,0.3,0.7
291,1,1,3,5,3,1,2,3,3,5,2,1,3,3,4,3,7180.0,0.1436,2.430233333,0.05908897637525738,-1.2284935334325495,100,100,4,1 bead per cell or 1:1 ratio,1,10,5.5,6.7,1,0.4,25,350,10,10,50,1,0.5,0.5,3.2,0.8,0.3,0.7
292,1,1,3,3,3,0,0,2,3,4,2,3,1,1,3,3,1470.0,0.0294,2.430233333,0.012097603798276929,-1.917300642926674,100,100,4,1 bead per cell or 1:1 ratio,1,10,5.5,6.7,1,0.4,25,350,10,10,50,1,0.5,0.5,3.2,0.8,0.3,0.7
293,1,1,3,1,1,1,1,1,1,3,2,5,3,3,3,2,7453.333333,0.14906666665999999,2.430233333,0.06133841744158152,-1.2122674331995495,100,100,4,1 bead per cell or 1:1 ratio,1,10,5.5,6.7,1,0.4,25,350,10,10,50,1,0.5,0.5,3.2,0.8,0.3,0.7
294,1,1,4,1,4,2,1,3,4,2,2,4,1,3,0,1,3658.333333,0.07316666666,2.430233333,0.030106848452152314,-1.5213347035199245,100,100,4,1 bead per cell or 1:1 ratio,1,10,5.5,6.7,1,0.4,25,350,10,10,50,1,0.5,0.5,3.2,0.8,0.3,0.7
295,1,1,5,3,0,2,1,3,2,2,0,4,4,4,1,2,3050.0,0.061,2.430233333,0.025100470465812676,-1.600318138328064,100,100,4,1 bead per cell or 1:1 ratio,1,10,5.5,6.7,1,0.4,25,350,10,10,50,1,0.5,0.5,3.2,0.8,0.3,0.7
296,1,1,5,4,4,0,0,1,3,2,2,2,1,3,0,1,2000.0,0.04,2.430233333,0.01645932489561487,-1.7835879820108687,100,100,4,1 bead per cell or 1:1 ratio,1,10,5.5,6.7,1,0.4,25,350,10,10,50,1,0.5,0.5,3.2,0.8,0.3,0.7
297,1,1,2,2,3,3,3,2,2,2,3,0,1,3,4,3,7261.666667,0.14523333334000002,2.430233333,0.059761065477904884,-1.223581668102804,100,100,4,1 bead per cell or 1:1 ratio,1,10,5.5,6.7,1,0.4,25,350,10,10,50,1,0.5,0.5,3.2,0.8,0.3,0.7
298,1,1,5,1,3,2,1,1,3,0,0,4,0,0,3,0,4268.333333,0.08536666665999999,2.430233333,0.03512694254531484,-1.45435964962398,100,100,4,1 bead per cell or 1:1 ratio,1,10,5.5,6.7,1,0.4,25,350,10,10,50,1,0.5,0.5,3.2,0.8,0.3,0.7
299,1,1,3,1,1,3,0,1,0,1,0,2,0,4,2,1,1131.666667,0.02263333334,2.430233333,0.0093132346728453,-2.03089945365007,100,100,4,1 bead per cell or 1:1 ratio,1,10,5.5,6.7,1,0.4,25,350,10,10,50,1,0.5,0.5,3.2,0.8,0.3,0.7
300,1,1,1,3,4,3,1,3,3,2,0,5,1,3,4,0,11095.0,0.2219,2.430233333,0.09130810485842349,-1.0394906711068228,100,100,4,1 bead per cell or 1:1 ratio,1,10,5.5,6.7,1,0.4,25,350,10,10,50,1,0.5,0.5,3.2,0.8,0.3,0.7
301,1,1,4,3,5,3,3,3,3,5,2,5,2,0,0,3,876.6666667,0.017533333334,2.430233333,0.007214670746185506,-2.1417834838882412,100,100,4,1 bead per cell or 1:1 ratio,1,10,5.5,6.7,1,0.4,25,350,10,10,50,1,0.5,0.5,3.2,0.8,0.3,0.7
302,1,1,5,5,1,2,2,2,2,5,0,2,3,3,0,1,2130.0,0.0426,2.430233333,0.017529181013829834,-1.7562383742361123,100,100,4,1 bead per cell or 1:1 ratio,1,10,5.5,6.7,1,0.4,25,350,10,10,50,1,0.5,0.5,3.2,0.8,0.3,0.7
303,1,1,3,2,0,3,3,3,2,4,3,5,0,4,0,3,13493.33333,0.26986666659999997,2.430233333,0.11104557860164943,-0.9544987286700559,100,100,4,1 bead per cell or 1:1 ratio,1,10,5.5,6.7,1,0.4,25,350,10,10,50,1,0.5,0.5,3.2,0.8,0.3,0.7
304,1,1,2,5,4,3,0,2,5,0,1,5,1,2,0,0,935.0,0.0187,2.430233333,0.007694734388699952,-2.113806366802332,100,100,4,1 bead per cell or 1:1 ratio,1,10,5.5,6.7,1,0.4,25,350,10,10,50,1,0.5,0.5,3.2,0.8,0.3,0.7
305,1,1,3,5,0,2,2,1,2,0,2,1,4,0,2,3,2525.0,0.0505,2.430233333,0.020779897680713776,-1.6823565952201696,100,100,4,1 bead per cell or 1:1 ratio,1,10,5.5,6.7,1,0.4,25,350,10,10,50,1,0.5,0.5,3.2,0.8,0.3,0.7
306,1,1,2,1,4,2,3,3,3,0,0,5,0,1,0,1,8140.0,0.1628,2.430233333,0.06698945232515252,-1.1739935727856488,100,100,4,1 bead per cell or 1:1 ratio,1,10,5.5,6.7,1,0.4,25,350,10,10,50,1,0.5,0.5,3.2,0.8,0.3,0.7
307,1,1,5,5,2,1,3,0,3,2,1,3,0,0,4,1,12960.0,0.2592,2.430233333,0.10665642532358435,-0.9720129761402754,100,100,4,1 bead per cell or 1:1 ratio,1,10,5.5,6.7,1,0.4,25,350,10,10,50,1,0.5,0.5,3.2,0.8,0.3,0.7
308,1,1,4,3,0,1,1,1,5,1,3,4,3,4,2,3,778.3333333,0.015566666666000002,2.430233333,0.006405420604935799,-2.1934523475109806,100,100,4,1 bead per cell or 1:1 ratio,1,10,5.5,6.7,1,0.4,25,350,10,10,50,1,0.5,0.5,3.2,0.8,0.3,0.7
309,1,1,5,2,4,2,2,1,5,5,3,0,4,4,1,0,546.6666667,0.010933333334,2.430233333,0.0044988821384090525,-2.3468953843203333,100,100,4,1 bead per cell or 1:1 ratio,1,10,5.5,6.7,1,0.4,25,350,10,10,50,1,0.5,0.5,3.2,0.8,0.3,0.7
310,1,1,1,5,2,1,1,3,4,2,0,5,4,0,4,2,430.0,0.0086,2.430233333,0.003538754852557197,-2.4511495220952635,100,100,4,1 bead per cell or 1:1 ratio,1,10,5.5,6.7,1,0.4,25,350,10,10,50,1,0.5,0.5,3.2,0.8,0.3,0.7
311,1,1,5,3,4,0,0,3,3,4,1,5,3,3,4,2,2221.666667,0.04443333334,2.430233333,0.018283566740955406,-1.737939078579474,100,100,4,1 bead per cell or 1:1 ratio,1,10,5.5,6.7,1,0.4,25,350,10,10,50,1,0.5,0.5,3.2,0.8,0.3,0.7
312,1,1,5,4,1,0,2,1,5,4,3,4,0,2,1,2,17748.33333,0.35496666660000004,2.430233333,0.1460627923170701,-0.8354604011045128,100,100,4,1 bead per cell or 1:1 ratio,1,10,5.5,6.7,1,0.4,25,350,10,10,50,1,0.5,0.5,3.2,0.8,0.3,0.7
313,1,1,2,4,1,2,1,2,3,2,3,5,1,2,4,2,9240.0,0.1848,2.430233333,0.0760420810177407,-1.1189460064547432,100,100,4,1 bead per cell or 1:1 ratio,1,10,5.5,6.7,1,0.4,25,350,10,10,50,1,0.5,0.5,3.2,0.8,0.3,0.7
314,1,1,2,2,3,2,1,1,0,3,1,2,3,0,1,1,2948.333333,0.05896666666,2.430233333,0.024263788114209033,-1.615041395197871,100,100,4,1 bead per cell or 1:1 ratio,1,10,5.5,6.7,1,0.4,25,350,10,10,50,1,0.5,0.5,3.2,0.8,0.3,0.7
315,1,1,3,4,1,2,3,0,1,5,3,4,0,2,2,1,14873.33333,0.2974666666,2.430233333,0.1224025127796237,-0.9122096665440252,100,100,4,1 bead per cell or 1:1 ratio,1,10,5.5,6.7,1,0.4,25,350,10,10,50,1,0.5,0.5,3.2,0.8,0.3,0.7
316,1,1,5,5,3,0,0,2,5,4,3,0,3,2,2,2,3433.333333,0.06866666666,2.430233333,0.02825517440139564,-1.5489020077315045,100,100,4,1 bead per cell or 1:1 ratio,1,10,5.5,6.7,1,0.4,25,350,10,10,50,1,0.5,0.5,3.2,0.8,0.3,0.7
317,1,1,4,3,5,1,0,2,1,5,1,3,4,1,4,0,1210.0,0.0242,2.430233333,0.009957891561846996,-2.0018326073584,100,100,4,1 bead per cell or 1:1 ratio,1,10,5.5,6.7,1,0.4,25,350,10,10,50,1,0.5,0.5,3.2,0.8,0.3,0.7
318,1,1,1,1,0,1,1,3,4,0,2,2,4,1,4,0,773.3333333,0.015466666666,2.430233333,0.006364272292696761,-2.196251247522332,100,100,4,1 bead per cell or 1:1 ratio,1,10,5.5,6.7,1,0.4,25,350,10,10,50,1,0.5,0.5,3.2,0.8,0.3,0.7
319,1,1,1,3,3,2,1,1,1,2,0,5,4,0,3,3,25178.33333,0.5035666666,2.430233333,0.20720918430427934,-0.6835909989061952,100,100,4,1 bead per cell or 1:1 ratio,1,10,5.5,6.7,1,0.4,25,350,10,10,50,1,0.5,0.5,3.2,0.8,0.3,0.7
320,1,1,0,2,3,3,3,1,0,5,2,3,4,0,1,1,1328.333333,0.026566666660000002,2.430233333,0.010931734948760988,-1.9613109067713634,100,100,4,1 bead per cell or 1:1 ratio,1,10,5.5,6.7,1,0.4,25,350,10,10,50,1,0.5,0.5,3.2,0.8,0.3,0.7
321,1,1,1,1,0,1,1,0,2,2,2,2,4,4,3,0,1785.0,0.0357,2.430233333,0.014689947469336273,-1.8329797572266378,100,100,4,1 bead per cell or 1:1 ratio,1,10,5.5,6.7,1,0.4,25,350,10,10,50,1,0.5,0.5,3.2,0.8,0.3,0.7
322,1,1,3,3,4,3,1,1,1,5,0,1,3,1,1,3,16003.33333,0.3200666666,2.430233333,0.1317020313456461,-0.8804075265158058,100,100,4,1 bead per cell or 1:1 ratio,1,10,5.5,6.7,1,0.4,25,350,10,10,50,1,0.5,0.5,3.2,0.8,0.3,0.7
323,1,1,2,4,2,1,3,1,3,0,1,5,0,4,4,3,640.0,0.0128,2.430233333,0.005266983966596759,-2.2784380036909626,100,100,4,1 bead per cell or 1:1 ratio,1,10,5.5,6.7,1,0.4,25,350,10,10,50,1,0.5,0.5,3.2,0.8,0.3,0.7
324,1,1,1,2,4,0,0,1,4,3,3,2,4,4,2,3,2091.666667,0.04183333334,2.430233333,0.01721371062274044,-1.7641255021722264,100,100,4,1 bead per cell or 1:1 ratio,1,10,5.5,6.7,1,0.4,25,350,10,10,50,1,0.5,0.5,3.2,0.8,0.3,0.7
325,1,1,1,5,2,2,0,0,5,3,0,5,4,4,0,3,1696.666667,0.033933333339999996,2.430233333,0.0139629939558565,-1.8550214499724307,100,100,4,1 bead per cell or 1:1 ratio,1,10,5.5,6.7,1,0.4,25,350,10,10,50,1,0.5,0.5,3.2,0.8,0.3,0.7
326,1,1,2,5,2,3,3,1,3,0,2,3,4,4,0,3,5416.666667,0.10833333334,2.430233333,0.04457733826170016,-1.3508858670528934,100,100,4,1 bead per cell or 1:1 ratio,1,10,5.5,6.7,1,0.4,25,350,10,10,50,1,0.5,0.5,3.2,0.8,0.3,0.7
327,1,1,4,1,4,3,3,2,1,0,3,5,3,3,2,3,2360.0,0.0472,2.430233333,0.019422003376825547,-1.7117059747047434,100,100,4,1 bead per cell or 1:1 ratio,1,10,5.5,6.7,1,0.4,25,350,10,10,50,1,0.5,0.5,3.2,0.8,0.3,0.7
328,1,1,5,5,5,3,0,2,1,2,0,5,2,1,3,3,4031.666667,0.08063333334,2.430233333,0.033179255771486865,-1.4791333596607068,100,100,4,1 bead per cell or 1:1 ratio,1,10,5.5,6.7,1,0.4,25,350,10,10,50,1,0.5,0.5,3.2,0.8,0.3,0.7
329,1,1,5,5,3,2,0,3,1,1,3,3,0,0,1,0,33930.0,0.6786,2.430233333,0.27923244685410625,-0.5540341180297322,100,100,4,1 bead per cell or 1:1 ratio,1,10,5.5,6.7,1,0.4,25,350,10,10,50,1,0.5,0.5,3.2,0.8,0.3,0.7
330,1,1,1,4,5,2,3,3,4,3,3,5,1,0,2,0,8925.0,0.1785,2.430233333,0.07344973734668135,-1.1340097528906192,100,100,4,1 bead per cell or 1:1 ratio,1,10,5.5,6.7,1,0.4,25,350,10,10,50,1,0.5,0.5,3.2,0.8,0.3,0.7
331,1,1,2,5,5,1,1,1,5,1,2,5,3,1,4,3,17235.0,0.3447,2.430233333,0.14183823228796114,-0.8482066899308836,100,100,4,1 bead per cell or 1:1 ratio,1,10,5.5,6.7,1,0.4,25,350,10,10,50,1,0.5,0.5,3.2,0.8,0.3,0.7
332,1,1,5,3,4,1,2,0,2,0,2,5,4,4,2,3,8163.333333,0.16326666666,2.430233333,0.06718147777952481,-1.1727504472875319,100,100,4,1 bead per cell or 1:1 ratio,1,10,5.5,6.7,1,0.4,25,350,10,10,50,1,0.5,0.5,3.2,0.8,0.3,0.7
333,1,1,4,3,1,1,1,2,4,3,1,2,1,4,4,1,1170.0,0.0234,2.430233333,0.009628705063934699,-2.0164321159286884,100,100,4,1 bead per cell or 1:1 ratio,1,10,5.5,6.7,1,0.4,25,350,10,10,50,1,0.5,0.5,3.2,0.8,0.3,0.7
334,1,1,1,4,5,2,1,3,5,3,0,5,3,2,4,2,13765.0,0.2753,2.430233333,0.11328130359406934,-0.9458417619455008,100,100,4,1 bead per cell or 1:1 ratio,1,10,5.5,6.7,1,0.4,25,350,10,10,50,1,0.5,0.5,3.2,0.8,0.3,0.7
335,1,1,1,4,5,3,0,0,2,4,1,5,4,2,4,2,16778.33333,0.3355666666,2.430233333,0.13808001974269687,-0.8598691595333869,100,100,4,1 bead per cell or 1:1 ratio,1,10,5.5,6.7,1,0.4,25,350,10,10,50,1,0.5,0.5,3.2,0.8,0.3,0.7
336,1,1,4,2,2,0,2,1,2,2,3,3,4,2,1,2,435.0,0.0087,2.430233333,0.003579903164796234,-2.4461287207202127,100,100,4,1 bead per cell or 1:1 ratio,1,10,5.5,6.7,1,0.4,25,350,10,10,50,1,0.5,0.5,3.2,0.8,0.3,0.7
337,1,1,3,0,4,1,1,1,5,5,3,5,0,4,3,0,11741.66667,0.2348333334,2.430233333,0.09662995326877118,-1.0148882304898268,100,100,4,1 bead per cell or 1:1 ratio,1,10,5.5,6.7,1,0.4,25,350,10,10,50,1,0.5,0.5,3.2,0.8,0.3,0.7
338,1,1,0,4,3,2,2,2,0,5,2,2,1,2,1,3,9088.333333,0.18176666666000002,2.430233333,0.07479391554374669,-1.126133730387601,100,100,4,1 bead per cell or 1:1 ratio,1,10,5.5,6.7,1,0.4,25,350,10,10,50,1,0.5,0.5,3.2,0.8,0.3,0.7
339,1,1,2,3,4,1,2,1,5,2,3,2,0,0,2,0,13255.0,0.2651,2.430233333,0.10908417574568754,-0.9622382456057377,100,100,4,1 bead per cell or 1:1 ratio,1,10,5.5,6.7,1,0.4,25,350,10,10,50,1,0.5,0.5,3.2,0.8,0.3,0.7
340,1,1,0,3,5,1,1,1,3,1,3,1,4,0,2,3,17876.66667,0.3575333334,2.430233333,0.14711893238606977,-0.8323314353504645,100,100,4,1 bead per cell or 1:1 ratio,1,10,5.5,6.7,1,0.4,25,350,10,10,50,1,0.5,0.5,3.2,0.8,0.3,0.7
341,1,1,5,0,3,1,1,3,4,3,3,4,4,4,4,3,4970.0,0.0994,2.430233333,0.04090142236560295,-1.3882615889415177,100,100,4,1 bead per cell or 1:1 ratio,1,10,5.5,6.7,1,0.4,25,350,10,10,50,1,0.5,0.5,3.2,0.8,0.3,0.7
342,1,1,2,5,5,1,0,1,5,4,1,5,2,4,2,3,27623.33333,0.5524666666,2.430233333,0.2273307089891685,-0.6433418936032189,100,100,4,1 bead per cell or 1:1 ratio,1,10,5.5,6.7,1,0.4,25,350,10,10,50,1,0.5,0.5,3.2,0.8,0.3,0.7
343,1,1,3,0,5,2,1,3,0,5,1,2,1,1,4,1,33651.66667,0.6730333333999999,2.430233333,0.27694185750023204,-0.5576113992289892,100,100,4,1 bead per cell or 1:1 ratio,1,10,5.5,6.7,1,0.4,25,350,10,10,50,1,0.5,0.5,3.2,0.8,0.3,0.7
344,1,1,5,3,0,3,1,0,3,4,3,5,3,1,1,2,5635.0,0.1127,2.430233333,0.04637414789339489,-1.3337240572927247,100,100,4,1 bead per cell or 1:1 ratio,1,10,5.5,6.7,1,0.4,25,350,10,10,50,1,0.5,0.5,3.2,0.8,0.3,0.7
345,1,1,4,3,5,3,0,1,4,5,3,1,0,2,0,3,6450.0,0.129,2.430233333,0.053081322788357956,-1.2750582630395821,100,100,4,1 bead per cell or 1:1 ratio,1,10,5.5,6.7,1,0.4,25,350,10,10,50,1,0.5,0.5,3.2,0.8,0.3,0.7
346,1,1,1,3,4,3,0,3,5,5,2,5,0,2,3,0,2311.666667,0.04623333334,2.430233333,0.019024236361258075,-1.720692766922585,100,100,4,1 bead per cell or 1:1 ratio,1,10,5.5,6.7,1,0.4,25,350,10,10,50,1,0.5,0.5,3.2,0.8,0.3,0.7
347,1,1,4,2,3,0,1,2,3,5,1,1,4,3,4,3,4815.0,0.0963,2.430233333,0.039625824686192794,-1.4020216862142967,100,100,4,1 bead per cell or 1:1 ratio,1,10,5.5,6.7,1,0.4,25,350,10,10,50,1,0.5,0.5,3.2,0.8,0.3,0.7
348,1,1,0,3,0,1,2,3,5,0,1,1,0,0,4,0,18653.33333,0.37306666660000004,2.430233333,0.15351063683233582,-0.8138615266523304,100,100,4,1 bead per cell or 1:1 ratio,1,10,5.5,6.7,1,0.4,25,350,10,10,50,1,0.5,0.5,3.2,0.8,0.3,0.7
349,1,1,5,1,5,2,2,3,1,5,3,3,2,3,1,1,2418.333333,0.04836666666,2.430233333,0.019902067016871094,-1.701101815680619,100,100,4,1 bead per cell or 1:1 ratio,1,10,5.5,6.7,1,0.4,25,350,10,10,50,1,0.5,0.5,3.2,0.8,0.3,0.7
350,1,1,3,5,3,3,3,3,3,5,2,1,3,3,0,1,11873.33333,0.2374666666,2.430233333,0.09771352543620139,-1.010045317389212,100,100,4,1 bead per cell or 1:1 ratio,1,10,5.5,6.7,1,0.4,25,350,10,10,50,1,0.5,0.5,3.2,0.8,0.3,0.7
351,1,1,1,3,3,0,0,1,3,5,1,2,4,1,1,3,12145.0,0.2429,2.430233333,0.0999492504286213,-1.0002204585337005,100,100,4,1 bead per cell or 1:1 ratio,1,10,5.5,6.7,1,0.4,25,350,10,10,50,1,0.5,0.5,3.2,0.8,0.3,0.7
352,1,1,5,1,2,1,1,2,1,4,3,5,3,3,3,3,12878.33333,0.2575666666,2.430233333,0.10598433619624788,-0.9747583159258744,100,100,4,1 bead per cell or 1:1 ratio,1,10,5.5,6.7,1,0.4,25,350,10,10,50,1,0.5,0.5,3.2,0.8,0.3,0.7
353,1,1,0,1,4,0,1,3,4,2,2,0,3,3,0,2,8278.333333,0.16556666666,2.430233333,0.06812788896102266,-1.1666750680807574,100,100,4,1 bead per cell or 1:1 ratio,1,10,5.5,6.7,1,0.4,25,350,10,10,50,1,0.5,0.5,3.2,0.8,0.3,0.7
354,1,2,2,3,2,3,1,2,3,0,2,3,3,3,0,3,1976.666667,0.03953333334,3.044733333,0.01298416938899785,-1.8865858274218736,100,100,4,1 bead per cell or 1:1 ratio,1,10,5.5,6.7,1,0.4,25,350,10,10,50,1,0.5,0.5,3.2,0.8,0.3,0.7
355,1,2,2,3,1,2,1,1,3,0,2,3,3,3,0,3,1275.0,0.0255,3.044733333,0.008375117690479201,-2.0770090813697366,100,100,4,1 bead per cell or 1:1 ratio,1,10,5.5,6.7,1,0.4,25,350,10,10,50,1,0.5,0.5,3.2,0.8,0.3,0.7
356,1,2,2,3,2,2,1,1,3,0,2,3,3,3,0,2,2083.333333,0.041666666660000004,3.044733333,0.013684832825390823,-1.8637605035847848,100,100,4,1 bead per cell or 1:1 ratio,1,10,5.5,6.7,1,0.4,25,350,10,10,50,1,0.5,0.5,3.2,0.8,0.3,0.7
357,1,2,2,3,2,3,1,1,3,0,2,3,3,3,0,2,2315.0,0.0463,3.044733333,0.015206586238007334,-1.8179682707857385,100,100,4,1 bead per cell or 1:1 ratio,1,10,5.5,6.7,1,0.4,25,350,10,10,50,1,0.5,0.5,3.2,0.8,0.3,0.7
358,1,2,3,3,2,2,1,1,3,0,2,3,3,3,0,3,1121.666667,0.02243333334,3.044733333,0.007367913996558857,-2.132655452170315,100,100,4,1 bead per cell or 1:1 ratio,1,10,5.5,6.7,1,0.4,25,350,10,10,50,1,0.5,0.5,3.2,0.8,0.3,0.7
359,1,2,3,3,2,3,1,1,3,0,2,3,3,3,0,3,1628.333333,0.03256666666,3.044733333,0.010696065335847263,-1.9707759528934847,100,100,4,1 bead per cell or 1:1 ratio,1,10,5.5,6.7,1,0.4,25,350,10,10,50,1,0.5,0.5,3.2,0.8,0.3,0.7
360,1,2,2,3,2,2,0,1,3,0,2,3,3,3,0,3,11181.66667,0.22363333340000002,3.044733333,0.07344923477408523,-1.1340127245180185,100,100,4,1 bead per cell or 1:1 ratio,1,10,5.5,6.7,1,0.4,25,350,10,10,50,1,0.5,0.5,3.2,0.8,0.3,0.7
361,1,2,5,3,1,2,3,2,2,5,0,0,3,3,0,0,14313.33333,0.2862666666,3.044733333,0.09402027543671261,-1.026778480860283,100,100,4,1 bead per cell or 1:1 ratio,1,10,5.5,6.7,1,0.4,25,350,10,10,50,1,0.5,0.5,3.2,0.8,0.3,0.7
362,1,2,3,5,0,3,3,3,2,4,3,2,0,4,2,1,8485.0,0.1697,3.044733333,0.05573558714016943,-1.253867419486016,100,100,4,1 bead per cell or 1:1 ratio,1,10,5.5,6.7,1,0.4,25,350,10,10,50,1,0.5,0.5,3.2,0.8,0.3,0.7
363,1,2,2,3,2,3,1,1,3,0,2,2,3,3,0,3,1191.666667,0.02383333334,3.044733333,0.007827724379565559,-2.1063644746007926,100,100,4,1 bead per cell or 1:1 ratio,1,10,5.5,6.7,1,0.4,25,350,10,10,50,1,0.5,0.5,3.2,0.8,0.3,0.7
364,1,2,2,3,3,3,1,1,3,0,2,3,3,2,0,3,2730.0,0.0546,3.044733333,0.01793260493726135,-1.7463566190989543,100,100,4,1 bead per cell or 1:1 ratio,1,10,5.5,6.7,1,0.4,25,350,10,10,50,1,0.5,0.5,3.2,0.8,0.3,0.7
365,1,2,2,3,2,1,1,1,3,0,2,3,3,3,0,3,1610.0,0.0322,3.044733333,0.01057563880915413,-1.9756933901078608,100,100,4,1 bead per cell or 1:1 ratio,1,10,5.5,6.7,1,0.4,25,350,10,10,50,1,0.5,0.5,3.2,0.8,0.3,0.7
366,1,2,2,3,2,3,0,1,3,0,2,3,3,3,0,3,12465.0,0.2493,3.044733333,0.08187909177397901,-1.0868269832999182,100,100,4,1 bead per cell or 1:1 ratio,1,10,5.5,6.7,1,0.4,25,350,10,10,50,1,0.5,0.5,3.2,0.8,0.3,0.7
367,1,2,2,3,3,3,1,2,3,0,2,3,3,3,0,3,1863.333333,0.03726666666,3.044733333,0.012239714478798331,-1.912228713050641,100,100,4,1 bead per cell or 1:1 ratio,1,10,5.5,6.7,1,0.4,25,350,10,10,50,1,0.5,0.5,3.2,0.8,0.3,0.7
368,1,2,2,3,3,3,1,1,3,0,2,3,2,3,0,3,1725.0,0.0345,3.044733333,0.011331041581236568,-1.9457301667304177,100,100,4,1 bead per cell or 1:1 ratio,1,10,5.5,6.7,1,0.4,25,350,10,10,50,1,0.5,0.5,3.2,0.8,0.3,0.7
369,1,2,4,5,1,2,1,0,4,5,2,5,3,0,4,3,3878.333333,0.07756666666,3.044733333,0.02547568478963409,-1.5938741332739508,100,100,4,1 bead per cell or 1:1 ratio,1,10,5.5,6.7,1,0.4,25,350,10,10,50,1,0.5,0.5,3.2,0.8,0.3,0.7
370,1,2,1,3,4,0,1,2,5,4,1,5,2,0,4,2,14901.66667,0.2980333334,3.044733333,0.09788487227101277,-1.0092844215459147,100,100,4,1 bead per cell or 1:1 ratio,1,10,5.5,6.7,1,0.4,25,350,10,10,50,1,0.5,0.5,3.2,0.8,0.3,0.7
371,1,2,5,4,1,0,2,1,5,4,3,4,0,2,1,2,1253.333333,0.02506666666,3.044733333,0.008232795426882792,-2.0844526760472157,100,100,4,1 bead per cell or 1:1 ratio,1,10,5.5,6.7,1,0.4,25,350,10,10,50,1,0.5,0.5,3.2,0.8,0.3,0.7
372,1,2,2,3,2,3,2,1,3,0,2,3,3,3,0,3,3408.333333,0.06816666666,3.044733333,0.02238838650373195,-1.6499772042224674,100,100,4,1 bead per cell or 1:1 ratio,1,10,5.5,6.7,1,0.4,25,350,10,10,50,1,0.5,0.5,3.2,0.8,0.3,0.7
373,1,2,1,3,2,3,1,1,3,0,2,3,3,3,0,3,3413.333333,0.06826666666,3.044733333,0.022421230102518144,-1.6493405642619725,100,100,4,1 bead per cell or 1:1 ratio,1,10,5.5,6.7,1,0.4,25,350,10,10,50,1,0.5,0.5,3.2,0.8,0.3,0.7
374,1,2,2,3,3,3,1,1,3,0,2,3,3,3,0,3,3006.666667,0.06013333334,3.044733333,0.0197499507389536,-1.7044339832692832,100,100,4,1 bead per cell or 1:1 ratio,1,10,5.5,6.7,1,0.4,25,350,10,10,50,1,0.5,0.5,3.2,0.8,0.3,0.7
375,1,2,2,3,3,3,2,1,3,0,2,3,3,3,0,3,3375.0,0.0675,3.044733333,0.02216942918068024,-1.6542454889726668,100,100,4,1 bead per cell or 1:1 ratio,1,10,5.5,6.7,1,0.4,25,350,10,10,50,1,0.5,0.5,3.2,0.8,0.3,0.7
376,1,2,2,3,3,2,1,1,3,0,2,3,3,3,0,3,2478.333333,0.04956666666,3.044733333,0.016279477129500064,-1.788359548059812,100,100,4,1 bead per cell or 1:1 ratio,1,10,5.5,6.7,1,0.4,25,350,10,10,50,1,0.5,0.5,3.2,0.8,0.3,0.7
377,1,2,2,3,3,3,1,1,3,0,1,3,3,3,0,3,3110.0,0.0622,3.044733333,0.020428718445012012,-1.689758877112873,100,100,4,1 bead per cell or 1:1 ratio,1,10,5.5,6.7,1,0.4,25,350,10,10,50,1,0.5,0.5,3.2,0.8,0.3,0.7
378,1,2,1,3,3,2,1,1,1,2,0,5,4,0,3,3,13406.66667,0.2681333334,3.044733333,0.08806463623394109,-1.05519845449067,100,100,4,1 bead per cell or 1:1 ratio,1,10,5.5,6.7,1,0.4,25,350,10,10,50,1,0.5,0.5,3.2,0.8,0.3,0.7
379,1,2,2,3,2,2,2,1,3,0,2,3,3,3,0,3,4283.333333,0.08566666665999999,3.044733333,0.028136016291315714,-1.5507373932258568,100,100,4,1 bead per cell or 1:1 ratio,1,10,5.5,6.7,1,0.4,25,350,10,10,50,1,0.5,0.5,3.2,0.8,0.3,0.7
380,1,2,2,3,2,2,1,0,3,0,2,3,3,3,0,3,3275.0,0.0655,3.044733333,0.02151255720495638,-1.6673079618119087,100,100,4,1 bead per cell or 1:1 ratio,1,10,5.5,6.7,1,0.4,25,350,10,10,50,1,0.5,0.5,3.2,0.8,0.3,0.7
381,1,2,2,3,3,3,1,0,3,0,2,3,3,3,0,3,3440.0,0.0688,3.044733333,0.022596395964900748,-1.6459608235681804,100,100,4,1 bead per cell or 1:1 ratio,1,10,5.5,6.7,1,0.4,25,350,10,10,50,1,0.5,0.5,3.2,0.8,0.3,0.7
382,1,2,2,3,2,2,1,1,3,0,2,3,3,2,0,3,3130.0,0.0626,3.044733333,0.020560092840156786,-1.686974928593262,100,100,4,1 bead per cell or 1:1 ratio,1,10,5.5,6.7,1,0.4,25,350,10,10,50,1,0.5,0.5,3.2,0.8,0.3,0.7
383,1,2,1,3,3,3,1,1,3,0,2,3,3,3,0,3,3396.666667,0.06793333334,3.044733333,0.022311751444276648,-1.6514663368103268,100,100,4,1 bead per cell or 1:1 ratio,1,10,5.5,6.7,1,0.4,25,350,10,10,50,1,0.5,0.5,3.2,0.8,0.3,0.7
384,1,2,2,3,3,3,1,1,3,0,2,3,3,3,0,2,2911.666667,0.05823333334,3.044733333,0.01912592236201593,-1.7183776114907043,100,100,4,1 bead per cell or 1:1 ratio,1,10,5.5,6.7,1,0.4,25,350,10,10,50,1,0.5,0.5,3.2,0.8,0.3,0.7
385,1,2,2,5,2,3,1,1,4,0,2,3,4,3,0,3,6608.333333,0.13216666666,3.044733333,0.043408289726895435,-1.3624273248916379,100,100,4,1 bead per cell or 1:1 ratio,1,10,5.5,6.7,1,0.4,25,350,10,10,50,1,0.5,0.5,3.2,0.8,0.3,0.7
386,1,2,2,3,3,3,0,1,3,0,2,3,3,3,0,3,12891.66667,0.25783333340000003,3.044733333,0.08468174555896323,-1.0722101983756744,100,100,4,1 bead per cell or 1:1 ratio,1,10,5.5,6.7,1,0.4,25,350,10,10,50,1,0.5,0.5,3.2,0.8,0.3,0.7
387,1,2,2,1,3,3,0,2,5,2,2,3,2,1,3,3,8821.666667,0.17643333334,3.044733333,0.05794705612729599,-1.2369686225156762,100,100,4,1 bead per cell or 1:1 ratio,1,10,5.5,6.7,1,0.4,25,350,10,10,50,1,0.5,0.5,3.2,0.8,0.3,0.7
388,1,2,5,5,3,2,0,3,1,1,3,3,0,0,1,0,548.3333333,0.010966666666000002,3.044733333,0.003601848000000203,-2.443474618599781,100,100,4,1 bead per cell or 1:1 ratio,1,10,5.5,6.7,1,0.4,25,350,10,10,50,1,0.5,0.5,3.2,0.8,0.3,0.7
389,1,2,2,3,2,2,1,1,3,0,2,3,3,3,1,3,2556.666667,0.051133333339999996,3.044733333,0.016794026848196232,-1.7748451568537695,100,100,4,1 bead per cell or 1:1 ratio,1,10,5.5,6.7,1,0.4,25,350,10,10,50,1,0.5,0.5,3.2,0.8,0.3,0.7
390,1,2,2,5,5,1,1,1,5,1,2,5,3,1,4,3,5623.333333,0.11246666665999999,3.044733333,0.036938100766015426,-1.4325254382959913,100,100,4,1 bead per cell or 1:1 ratio,1,10,5.5,6.7,1,0.4,25,350,10,10,50,1,0.5,0.5,3.2,0.8,0.3,0.7
391,1,2,2,3,2,3,1,0,3,0,2,3,3,3,0,3,2491.666667,0.04983333334,3.044733333,0.016367060063975723,-1.7860293238048062,100,100,4,1 bead per cell or 1:1 ratio,1,10,5.5,6.7,1,0.4,25,350,10,10,50,1,0.5,0.5,3.2,0.8,0.3,0.7
392,1,2,2,3,2,2,1,2,3,0,2,3,3,3,0,3,5571.666667,0.11143333334000001,3.044733333,0.036598716916270584,-1.4365341399048033,100,100,4,1 bead per cell or 1:1 ratio,1,10,5.5,6.7,1,0.4,25,350,10,10,50,1,0.5,0.5,3.2,0.8,0.3,0.7
393,1,2,2,3,3,3,1,1,3,0,2,2,3,3,0,3,2271.666667,0.04543333334,3.044733333,0.014921941717383235,-1.8261746606249543,100,100,4,1 bead per cell or 1:1 ratio,1,10,5.5,6.7,1,0.4,25,350,10,10,50,1,0.5,0.5,3.2,0.8,0.3,0.7
394,1,2,1,4,5,3,0,0,2,4,1,5,4,2,4,2,11455.0,0.2291,3.044733333,0.07524468481916805,-1.1235241726142942,100,100,4,1 bead per cell or 1:1 ratio,1,10,5.5,6.7,1,0.4,25,350,10,10,50,1,0.5,0.5,3.2,0.8,0.3,0.7
395,1,2,2,3,2,2,1,1,2,0,2,3,3,3,0,3,11700.0,0.234,3.044733333,0.07685402115969149,-1.1143334043935489,100,100,4,1 bead per cell or 1:1 ratio,1,10,5.5,6.7,1,0.4,25,350,10,10,50,1,0.5,0.5,3.2,0.8,0.3,0.7
396,1,2,2,3,2,3,1,1,2,0,2,3,3,3,0,3,2771.666667,0.05543333334,3.044733333,0.01820630159600253,-1.7397782672516047,100,100,4,1 bead per cell or 1:1 ratio,1,10,5.5,6.7,1,0.4,25,350,10,10,50,1,0.5,0.5,3.2,0.8,0.3,0.7
397,1,2,2,3,1,3,1,1,3,0,2,3,3,3,0,3,6781.666667,0.13563333334,3.044733333,0.04454686782252927,-1.3511828266487225,100,100,4,1 bead per cell or 1:1 ratio,1,10,5.5,6.7,1,0.4,25,350,10,10,50,1,0.5,0.5,3.2,0.8,0.3,0.7
398,1,2,2,3,2,2,1,1,3,0,3,3,3,3,0,3,3090.0,0.0618,3.044733333,0.02029734404986724,-1.692560786714876,100,100,4,1 bead per cell or 1:1 ratio,1,10,5.5,6.7,1,0.4,25,350,10,10,50,1,0.5,0.5,3.2,0.8,0.3,0.7
399,1,2,0,3,5,1,1,1,3,1,3,1,4,0,2,3,933.3333333,0.018666666666,3.044733333,0.006130805106537059,-2.2124824895326642,100,100,4,1 bead per cell or 1:1 ratio,1,10,5.5,6.7,1,0.4,25,350,10,10,50,1,0.5,0.5,3.2,0.8,0.3,0.7
400,1,2,2,3,2,3,1,1,3,0,2,3,3,3,1,3,1751.666667,0.03503333334,3.044733333,0.011506207443619168,-1.939067800412468,100,100,4,1 bead per cell or 1:1 ratio,1,10,5.5,6.7,1,0.4,25,350,10,10,50,1,0.5,0.5,3.2,0.8,0.3,0.7
401,1,2,2,5,5,1,0,1,5,4,1,5,2,4,2,3,7850.0,0.157,3.044733333,0.05156445009432292,-1.287649609394458,100,100,4,1 bead per cell or 1:1 ratio,1,10,5.5,6.7,1,0.4,25,350,10,10,50,1,0.5,0.5,3.2,0.8,0.3,0.7
402,1,2,1,0,5,2,0,3,0,5,1,2,4,1,4,3,7293.333333,0.14586666666,3.044733333,0.047907862760603874,-1.3195932032178286,100,100,4,1 bead per cell or 1:1 ratio,1,10,5.5,6.7,1,0.4,25,350,10,10,50,1,0.5,0.5,3.2,0.8,0.3,0.7
403,1,2,2,3,2,2,1,1,3,0,2,2,3,3,0,3,8823.333333,0.17646666666000002,3.044733333,0.05795800398917892,-1.2368865795744317,100,100,4,1 bead per cell or 1:1 ratio,1,10,5.5,6.7,1,0.4,25,350,10,10,50,1,0.5,0.5,3.2,0.8,0.3,0.7
404,1,2,2,3,2,2,1,1,3,0,2,3,2,3,0,3,2181.666667,0.04363333334,3.044733333,0.01433075693923176,-1.8437308699062434,100,100,4,1 bead per cell or 1:1 ratio,1,10,5.5,6.7,1,0.4,25,350,10,10,50,1,0.5,0.5,3.2,0.8,0.3,0.7
405,1,2,2,3,2,3,1,1,3,0,2,3,2,3,0,3,14216.66667,0.2843333334,3.044733333,0.09338529923730435,-1.0297214852540035,100,100,4,1 bead per cell or 1:1 ratio,1,10,5.5,6.7,1,0.4,25,350,10,10,50,1,0.5,0.5,3.2,0.8,0.3,0.7
406,1,2,2,3,3,3,1,1,3,1,2,3,3,3,0,3,1388.333333,0.02776666666,3.044733333,0.009119572594110002,-2.040025515220839,100,100,4,1 bead per cell or 1:1 ratio,1,10,5.5,6.7,1,0.4,25,350,10,10,50,1,0.5,0.5,3.2,0.8,0.3,0.7
407,1,2,0,3,0,1,2,3,5,0,1,1,0,0,4,0,5225.0,0.1045,3.044733333,0.034321560731571624,-1.4644329713566189,100,100,4,1 bead per cell or 1:1 ratio,1,10,5.5,6.7,1,0.4,25,350,10,10,50,1,0.5,0.5,3.2,0.8,0.3,0.7
408,1,2,2,3,2,3,1,1,3,1,2,3,3,3,0,3,9261.666667,0.18523333334,3.044733333,0.060837292820480976,-1.2158301197223444,100,100,4,1 bead per cell or 1:1 ratio,1,10,5.5,6.7,1,0.4,25,350,10,10,50,1,0.5,0.5,3.2,0.8,0.3,0.7
409,1,2,2,3,2,3,1,1,3,0,1,3,3,3,0,3,1568.333333,0.03136666666,3.044733333,0.010301942150412947,-1.987080893188402,100,100,4,1 bead per cell or 1:1 ratio,1,10,5.5,6.7,1,0.4,25,350,10,10,50,1,0.5,0.5,3.2,0.8,0.3,0.7
410,1,2,2,3,2,3,1,1,3,0,2,3,3,3,0,3,8946.666667,0.17893333334,3.044733333,0.058768146096950816,-1.2308580093462376,100,100,4,1 bead per cell or 1:1 ratio,1,10,5.5,6.7,1,0.4,25,350,10,10,50,1,0.5,0.5,3.2,0.8,0.3,0.7
411,1,2,5,1,2,1,1,2,1,4,3,5,3,3,3,3,118.3333333,0.0023666666660000003,3.044733333,0.0007772985043876092,-3.109412167926615,100,100,4,1 bead per cell or 1:1 ratio,1,10,5.5,6.7,1,0.4,25,350,10,10,50,1,0.5,0.5,3.2,0.8,0.3,0.7
412,1,2,2,2,3,3,1,1,3,0,2,3,3,3,0,3,9703.333333,0.19406666666,3.044733333,0.06373847737554887,-1.1955983154354812,100,100,4,1 bead per cell or 1:1 ratio,1,10,5.5,6.7,1,0.4,25,350,10,10,50,1,0.5,0.5,3.2,0.8,0.3,0.7
413,1,2,4,3,0,3,1,2,4,0,2,3,3,3,0,2,1500.0,0.03,3.044733333,0.009853079635857883,-2.0064280070840295,100,100,4,1 bead per cell or 1:1 ratio,1,10,5.5,6.7,1,0.4,25,350,10,10,50,1,0.5,0.5,3.2,0.8,0.3,0.7
414,1,2,5,3,0,2,3,1,3,0,0,0,3,4,0,3,14046.66667,0.2809333334,3.044733333,0.09226861687857378,-1.0349459894842317,100,100,4,1 bead per cell or 1:1 ratio,1,10,5.5,6.7,1,0.4,25,350,10,10,50,1,0.5,0.5,3.2,0.8,0.3,0.7
415,1,2,3,3,2,2,1,1,3,0,2,3,3,3,0,3,9541.666667,0.19083333334,3.044733333,0.06267653435250778,-1.2028950254962567,100,100,4,1 bead per cell or 1:1 ratio,1,10,5.5,6.7,1,0.4,25,350,10,10,50,1,0.5,0.5,3.2,0.8,0.3,0.7
416,1,2,2,3,2,3,1,1,3,0,2,3,3,3,1,3,14520.0,0.2904,3.044733333,0.09537781087510432,-1.0205526497756356,100,100,4,1 bead per cell or 1:1 ratio,1,10,5.5,6.7,1,0.4,25,350,10,10,50,1,0.5,0.5,3.2,0.8,0.3,0.7
417,1,2,3,5,2,3,1,1,4,0,2,2,3,3,0,3,13758.33333,0.2751666666,3.044733333,0.09037463597144518,-1.0439534390297616,100,100,4,1 bead per cell or 1:1 ratio,1,10,5.5,6.7,1,0.4,25,350,10,10,50,1,0.5,0.5,3.2,0.8,0.3,0.7
418,1,2,3,4,2,1,1,1,3,0,2,3,2,3,0,3,1960.0,0.0392,3.044733333,0.012874690724187635,-1.8902631947832345,100,100,4,1 bead per cell or 1:1 ratio,1,10,5.5,6.7,1,0.4,25,350,10,10,50,1,0.5,0.5,3.2,0.8,0.3,0.7
419,1,2,2,3,2,2,1,0,3,0,2,3,3,3,0,3,1398.333333,0.02796666666,3.044733333,0.009185259791682387,-2.0369085557981808,100,100,4,1 bead per cell or 1:1 ratio,1,10,5.5,6.7,1,0.4,25,350,10,10,50,1,0.5,0.5,3.2,0.8,0.3,0.7
420,1,2,0,3,3,1,3,2,5,5,0,0,3,3,2,0,13900.0,0.278,3.044733333,0.09130520462561639,-1.0395044658856154,100,100,4,1 bead per cell or 1:1 ratio,1,10,5.5,6.7,1,0.4,25,350,10,10,50,1,0.5,0.5,3.2,0.8,0.3,0.7
421,1,2,1,5,0,3,0,3,1,5,1,2,4,1,4,1,17278.33333,0.3455666666,3.044733333,0.11349652951692503,-0.9450174180716728,100,100,4,1 bead per cell or 1:1 ratio,1,10,5.5,6.7,1,0.4,25,350,10,10,50,1,0.5,0.5,3.2,0.8,0.3,0.7
422,1,2,3,3,2,3,2,0,3,0,2,3,3,3,0,3,2556.666667,0.051133333339999996,3.044733333,0.016794026848196232,-1.7748451568537695,100,100,4,1 bead per cell or 1:1 ratio,1,10,5.5,6.7,1,0.4,25,350,10,10,50,1,0.5,0.5,3.2,0.8,0.3,0.7
423,1,2,4,3,3,3,1,2,3,0,1,5,3,4,0,3,5741.666667,0.11483333334000001,3.044733333,0.037715399275001144,-1.4234812902544964,100,100,4,1 bead per cell or 1:1 ratio,1,10,5.5,6.7,1,0.4,25,350,10,10,50,1,0.5,0.5,3.2,0.8,0.3,0.7
424,1,2,2,3,2,3,1,3,3,0,1,2,3,3,0,3,18710.0,0.3742,3.044733333,0.12290074665793399,-0.9104454786397006,100,100,4,1 bead per cell or 1:1 ratio,1,10,5.5,6.7,1,0.4,25,350,10,10,50,1,0.5,0.5,3.2,0.8,0.3,0.7
425,1,2,2,3,0,3,2,1,2,1,2,3,3,0,0,3,6603.333333,0.13206666666,3.044733333,0.043375446128109243,-1.362756045342749,100,100,4,1 bead per cell or 1:1 ratio,1,10,5.5,6.7,1,0.4,25,350,10,10,50,1,0.5,0.5,3.2,0.8,0.3,0.7
426,1,2,0,3,3,0,3,3,3,0,2,1,3,1,0,0,10271.66667,0.2054333334,3.044733333,0.0674716997949981,-1.1708783486517427,100,100,4,1 bead per cell or 1:1 ratio,1,10,5.5,6.7,1,0.4,25,350,10,10,50,1,0.5,0.5,3.2,0.8,0.3,0.7
427,1,2,3,5,3,3,1,3,3,0,2,3,2,4,0,1,3345.0,0.0669,3.044733333,0.02197236758796308,-1.6581231440358686,100,100,4,1 bead per cell or 1:1 ratio,1,10,5.5,6.7,1,0.4,25,350,10,10,50,1,0.5,0.5,3.2,0.8,0.3,0.7
428,1,2,5,5,2,2,1,0,1,5,3,5,3,0,4,3,321.6666667,0.006433333334,3.044733333,0.00211293818879737,-2.675113207470576,100,100,4,1 bead per cell or 1:1 ratio,1,10,5.5,6.7,1,0.4,25,350,10,10,50,1,0.5,0.5,3.2,0.8,0.3,0.7
429,1,2,1,3,0,3,3,2,5,3,1,5,2,0,4,2,8950.0,0.179,3.044733333,0.05879004182728537,-1.2306962308237985,100,100,4,1 bead per cell or 1:1 ratio,1,10,5.5,6.7,1,0.4,25,350,10,10,50,1,0.5,0.5,3.2,0.8,0.3,0.7
430,1,2,5,3,3,3,1,1,3,0,3,4,0,2,1,2,126.6666667,0.002533333334,3.044733333,0.0008320378361358452,-3.0798569241282747,100,100,4,1 bead per cell or 1:1 ratio,1,10,5.5,6.7,1,0.4,25,350,10,10,50,1,0.5,0.5,3.2,0.8,0.3,0.7
431,1,2,0,3,4,3,2,1,4,0,2,3,3,3,0,3,455.0,0.0091,3.044733333,0.0029887674895435583,-2.524507869482598,100,100,4,1 bead per cell or 1:1 ratio,1,10,5.5,6.7,1,0.4,25,350,10,10,50,1,0.5,0.5,3.2,0.8,0.3,0.7
432,1,2,3,3,2,3,1,1,5,0,3,3,3,4,0,3,1163.333333,0.02326666666,3.044733333,0.007641610648731319,-2.116815094024633,100,100,4,1 bead per cell or 1:1 ratio,1,10,5.5,6.7,1,0.4,25,350,10,10,50,1,0.5,0.5,3.2,0.8,0.3,0.7
433,1,2,0,3,0,3,2,1,5,0,2,3,3,0,4,3,15410.0,0.3082,3.044733333,0.10122397145904664,-0.9947166274212913,100,100,4,1 bead per cell or 1:1 ratio,1,10,5.5,6.7,1,0.4,25,350,10,10,50,1,0.5,0.5,3.2,0.8,0.3,0.7
434,1,2,2,3,3,3,2,1,3,0,2,3,3,3,0,3,4790.0,0.0958,3.044733333,0.031464167637172843,-1.5021837527251474,100,100,4,1 bead per cell or 1:1 ratio,1,10,5.5,6.7,1,0.4,25,350,10,10,50,1,0.5,0.5,3.2,0.8,0.3,0.7
435,1,2,0,3,3,2,3,1,5,0,1,3,0,0,4,0,15231.66667,0.3046333334,3.044733333,0.1000525497909015,-0.9997718391016515,100,100,4,1 bead per cell or 1:1 ratio,1,10,5.5,6.7,1,0.4,25,350,10,10,50,1,0.5,0.5,3.2,0.8,0.3,0.7
436,1,2,2,3,3,3,1,1,3,0,1,3,3,3,0,3,15750.0,0.315,3.044733333,0.10345733617650778,-0.9852387080140912,100,100,4,1 bead per cell or 1:1 ratio,1,10,5.5,6.7,1,0.4,25,350,10,10,50,1,0.5,0.5,3.2,0.8,0.3,0.7
437,1,2,0,3,4,3,1,1,1,2,0,5,4,3,3,3,17958.33333,0.3591666666,3.044733333,0.11796325895184727,-0.9282532377711964,100,100,4,1 bead per cell or 1:1 ratio,1,10,5.5,6.7,1,0.4,25,350,10,10,50,1,0.5,0.5,3.2,0.8,0.3,0.7
438,1,2,2,3,2,2,2,1,3,0,1,3,4,3,0,3,5216.666667,0.10433333334000001,3.044733333,0.03426682140245089,-1.4651261789491552,100,100,4,1 bead per cell or 1:1 ratio,1,10,5.5,6.7,1,0.4,25,350,10,10,50,1,0.5,0.5,3.2,0.8,0.3,0.7
439,1,2,2,3,2,3,1,2,3,0,2,3,3,3,0,2,14200.0,0.284,3.044733333,0.09327582055278796,-1.030230921756654,100,100,4,1 bead per cell or 1:1 ratio,1,10,5.5,6.7,1,0.4,25,350,10,10,50,1,0.5,0.5,3.2,0.8,0.3,0.7
440,1,2,2,3,5,3,0,3,0,0,2,2,4,3,0,3,17238.33333,0.34476666660000005,3.044733333,0.1132337807266355,-0.9460239919233008,100,100,4,1 bead per cell or 1:1 ratio,1,10,5.5,6.7,1,0.4,25,350,10,10,50,1,0.5,0.5,3.2,0.8,0.3,0.7
441,1,2,2,3,3,2,1,2,3,0,2,3,3,2,0,3,15288.33333,0.3057666666,3.044733333,0.10042477720002023,-0.998159123110447,100,100,4,1 bead per cell or 1:1 ratio,1,10,5.5,6.7,1,0.4,25,350,10,10,50,1,0.5,0.5,3.2,0.8,0.3,0.7
442,1,2,1,3,3,3,1,1,3,0,2,3,3,3,0,3,13498.33333,0.2699666666,3.044733333,0.08866676883456316,-1.0522391176645942,100,100,4,1 bead per cell or 1:1 ratio,1,10,5.5,6.7,1,0.4,25,350,10,10,50,1,0.5,0.5,3.2,0.8,0.3,0.7
443,1,2,2,4,3,3,1,1,5,4,3,3,0,3,1,2,19313.33333,0.38626666660000003,3.044733333,0.12686387422290557,-0.8966620300665858,100,100,4,1 bead per cell or 1:1 ratio,1,10,5.5,6.7,1,0.4,25,350,10,10,50,1,0.5,0.5,3.2,0.8,0.3,0.7
444,1,2,2,5,2,3,0,0,4,0,1,5,4,1,0,2,5960.0,0.1192,3.044733333,0.03914956975314199,-1.407273006399474,100,100,4,1 bead per cell or 1:1 ratio,1,10,5.5,6.7,1,0.4,25,350,10,10,50,1,0.5,0.5,3.2,0.8,0.3,0.7
445,1,2,1,5,3,3,1,1,5,0,2,3,3,3,4,3,10573.33333,0.2114666666,3.044733333,0.06945326354464028,-1.1583073423507217,100,100,4,1 bead per cell or 1:1 ratio,1,10,5.5,6.7,1,0.4,25,350,10,10,50,1,0.5,0.5,3.2,0.8,0.3,0.7
446,1,2,0,1,5,2,1,1,3,2,3,1,4,1,2,3,11391.66667,0.2278333334,3.044733333,0.07482866592310533,-1.1259319974924336,100,100,4,1 bead per cell or 1:1 ratio,1,10,5.5,6.7,1,0.4,25,350,10,10,50,1,0.5,0.5,3.2,0.8,0.3,0.7
447,1,2,2,3,2,1,1,3,1,1,2,3,0,0,1,3,12503.33333,0.2500666666,3.044733333,0.08213089267611076,-1.0854934568244312,100,100,4,1 bead per cell or 1:1 ratio,1,10,5.5,6.7,1,0.4,25,350,10,10,50,1,0.5,0.5,3.2,0.8,0.3,0.7
448,1,2,2,3,0,2,2,3,3,0,2,3,3,3,4,3,5031.666667,0.10063333334,3.044733333,0.033051608247361745,-1.4808074034714855,100,100,4,1 bead per cell or 1:1 ratio,1,10,5.5,6.7,1,0.4,25,350,10,10,50,1,0.5,0.5,3.2,0.8,0.3,0.7
449,1,2,2,3,1,1,1,1,5,0,2,5,3,1,4,3,7450.0,0.149,3.044733333,0.048936962191427485,-1.3103629933914178,100,100,4,1 bead per cell or 1:1 ratio,1,10,5.5,6.7,1,0.4,25,350,10,10,50,1,0.5,0.5,3.2,0.8,0.3,0.7
450,1,2,2,5,4,3,1,0,5,0,1,5,3,4,0,3,2590.0,0.0518,3.044733333,0.017012984171247945,-1.7692195020584587,100,100,4,1 bead per cell or 1:1 ratio,1,10,5.5,6.7,1,0.4,25,350,10,10,50,1,0.5,0.5,3.2,0.8,0.3,0.7
451,1,2,2,3,1,2,1,2,3,0,1,3,3,3,0,3,7761.666667,0.15523333334,3.044733333,0.05098421318462309,-1.2925642785719715,100,100,4,1 bead per cell or 1:1 ratio,1,10,5.5,6.7,1,0.4,25,350,10,10,50,1,0.5,0.5,3.2,0.8,0.3,0.7
452,1,2,5,3,5,0,1,3,3,2,3,2,0,0,4,3,125.0,0.0025,3.044733333,0.0008210899696548237,-3.085609253131654,100,100,4,1 bead per cell or 1:1 ratio,1,10,5.5,6.7,1,0.4,25,350,10,10,50,1,0.5,0.5,3.2,0.8,0.3,0.7
453,1,2,5,4,1,0,0,0,2,4,3,5,4,2,4,2,193.3333333,0.003866666666,3.044733333,0.0012699524861805032,-2.896212527371314,100,100,4,1 bead per cell or 1:1 ratio,1,10,5.5,6.7,1,0.4,25,350,10,10,50,1,0.5,0.5,3.2,0.8,0.3,0.7
454,1,2,2,3,1,2,1,1,3,0,2,3,3,3,0,3,5315.0,0.1063,3.044733333,0.034912745509723106,-1.4570159972803949,100,100,4,1 bead per cell or 1:1 ratio,1,10,5.5,6.7,1,0.4,25,350,10,10,50,1,0.5,0.5,3.2,0.8,0.3,0.7
455,1,2,2,3,2,3,0,2,3,0,2,3,3,2,0,3,8013.333333,0.16026666666,3.044733333,0.052637340985815656,-1.2787060575467366,100,100,4,1 bead per cell or 1:1 ratio,1,10,5.5,6.7,1,0.4,25,350,10,10,50,1,0.5,0.5,3.2,0.8,0.3,0.7
456,1,2,2,3,2,3,1,1,3,1,2,3,3,3,0,3,6800.0,0.136,3.044733333,0.04466729434922241,-1.3500103534334742,100,100,4,1 bead per cell or 1:1 ratio,1,10,5.5,6.7,1,0.4,25,350,10,10,50,1,0.5,0.5,3.2,0.8,0.3,0.7
457,1,2,0,3,2,2,2,2,3,0,0,0,0,0,0,0,14953.33333,0.2990666666,3.044733333,0.0982242560813453,-1.007781251709235,100,100,4,1 bead per cell or 1:1 ratio,1,10,5.5,6.7,1,0.4,25,350,10,10,50,1,0.5,0.5,3.2,0.8,0.3,0.7
458,1,2,0,1,5,2,1,2,3,1,2,1,3,0,2,3,10811.66667,0.2162333334,3.044733333,0.07101880846390694,-1.1486266184592306,100,100,4,1 bead per cell or 1:1 ratio,1,10,5.5,6.7,1,0.4,25,350,10,10,50,1,0.5,0.5,3.2,0.8,0.3,0.7
459,1,2,0,1,4,2,1,1,3,0,0,3,4,3,0,3,14855.0,0.2971,3.044733333,0.09757833199377923,-1.0106466100000278,100,100,4,1 bead per cell or 1:1 ratio,1,10,5.5,6.7,1,0.4,25,350,10,10,50,1,0.5,0.5,3.2,0.8,0.3,0.7
460,1,2,2,5,1,1,0,1,5,4,2,5,3,3,1,3,2548.333333,0.05096666666,3.044733333,0.016739287512506765,-1.7762630311678418,100,100,4,1 bead per cell or 1:1 ratio,1,10,5.5,6.7,1,0.4,25,350,10,10,50,1,0.5,0.5,3.2,0.8,0.3,0.7
461,1,2,5,4,5,2,0,3,5,5,1,2,0,1,4,2,1123.333333,0.022466666660000002,3.044733333,0.007378861858441776,-2.132010620116905,100,100,4,1 bead per cell or 1:1 ratio,1,10,5.5,6.7,1,0.4,25,350,10,10,50,1,0.5,0.5,3.2,0.8,0.3,0.7
462,1,2,2,3,2,2,2,1,3,0,2,2,3,3,0,3,2963.333333,0.05926666666,3.044733333,0.01946530621176078,-1.7107387599380113,100,100,4,1 bead per cell or 1:1 ratio,1,10,5.5,6.7,1,0.4,25,350,10,10,50,1,0.5,0.5,3.2,0.8,0.3,0.7
463,1,2,2,5,5,2,0,0,3,0,2,3,2,1,0,3,9233.333333,0.18466666666,3.044733333,0.060651179089646734,-1.217160751810603,100,100,4,1 bead per cell or 1:1 ratio,1,10,5.5,6.7,1,0.4,25,350,10,10,50,1,0.5,0.5,3.2,0.8,0.3,0.7
464,1,2,2,3,2,3,1,1,3,1,2,3,3,3,0,3,6520.0,0.1304,3.044733333,0.042828052817195594,-1.3682716704077904,100,100,4,1 bead per cell or 1:1 ratio,1,10,5.5,6.7,1,0.4,25,350,10,10,50,1,0.5,0.5,3.2,0.8,0.3,0.7
465,1,2,2,5,3,2,0,3,3,1,2,3,3,0,0,0,6848.333333,0.13696666665999999,3.044733333,0.044984782468632696,-1.3469343752826215,100,100,4,1 bead per cell or 1:1 ratio,1,10,5.5,6.7,1,0.4,25,350,10,10,50,1,0.5,0.5,3.2,0.8,0.3,0.7
466,1,2,0,3,2,3,2,1,3,0,2,1,3,0,0,0,14045.0,0.2809,3.044733333,0.09225766899041597,-1.0349975226021138,100,100,4,1 bead per cell or 1:1 ratio,1,10,5.5,6.7,1,0.4,25,350,10,10,50,1,0.5,0.5,3.2,0.8,0.3,0.7
467,1,2,2,3,2,3,1,1,3,0,2,1,3,3,0,3,25243.33333,0.5048666666,3.044733333,0.16581638238333038,-0.7803725640921079,100,100,4,1 bead per cell or 1:1 ratio,1,10,5.5,6.7,1,0.4,25,350,10,10,50,1,0.5,0.5,3.2,0.8,0.3,0.7
468,1,2,2,4,2,3,0,1,2,0,1,3,3,3,0,2,14336.66667,0.2867333334,3.044733333,0.09417354560817298,-1.0260710782043059,100,100,4,1 bead per cell or 1:1 ratio,1,10,5.5,6.7,1,0.4,25,350,10,10,50,1,0.5,0.5,3.2,0.8,0.3,0.7
469,1,2,2,2,2,2,1,1,3,0,2,3,3,3,0,2,26970.0,0.5394,3.044733333,0.17715837185272473,-0.7516383196868194,100,100,4,1 bead per cell or 1:1 ratio,1,10,5.5,6.7,1,0.4,25,350,10,10,50,1,0.5,0.5,3.2,0.8,0.3,0.7
470,1,2,5,3,0,1,1,3,1,4,3,5,3,3,4,3,170.0,0.0034,3.044733333,0.0011166823587305601,-2.9520703447614367,100,100,4,1 bead per cell or 1:1 ratio,1,10,5.5,6.7,1,0.4,25,350,10,10,50,1,0.5,0.5,3.2,0.8,0.3,0.7
471,1,2,2,4,3,2,1,1,5,1,3,3,3,3,0,3,20438.33333,0.40876666660000005,3.044733333,0.13425368394979897,-0.8720737883314381,100,100,4,1 bead per cell or 1:1 ratio,1,10,5.5,6.7,1,0.4,25,350,10,10,50,1,0.5,0.5,3.2,0.8,0.3,0.7
472,1,2,2,3,2,3,1,2,3,0,2,3,3,3,0,3,3081.666667,0.06163333334,3.044733333,0.02024260472074649,-1.693733605317205,100,100,4,1 bead per cell or 1:1 ratio,1,10,5.5,6.7,1,0.4,25,350,10,10,50,1,0.5,0.5,3.2,0.8,0.3,0.7
473,1,2,2,3,1,2,1,1,3,0,2,3,3,3,0,3,2435.0,0.0487,3.044733333,0.015994832608875964,-1.7960203005890574,100,100,4,1 bead per cell or 1:1 ratio,1,10,5.5,6.7,1,0.4,25,350,10,10,50,1,0.5,0.5,3.2,0.8,0.3,0.7
474,1,2,2,3,2,2,1,1,3,0,2,3,3,3,0,2,2390.0,0.0478,3.044733333,0.01569924021980023,-1.8041213651915728,100,100,4,1 bead per cell or 1:1 ratio,1,10,5.5,6.7,1,0.4,25,350,10,10,50,1,0.5,0.5,3.2,0.8,0.3,0.7
475,1,2,2,3,2,3,1,1,3,0,2,3,3,3,0,2,4796.666667,0.09593333334000001,3.044733333,0.03150795910441068,-1.5015797268925875,100,100,4,1 bead per cell or 1:1 ratio,1,10,5.5,6.7,1,0.4,25,350,10,10,50,1,0.5,0.5,3.2,0.8,0.3,0.7
476,1,2,3,3,2,2,1,1,3,0,2,3,3,3,0,3,3471.666667,0.06943333334,3.044733333,0.02280440542606954,-1.6419812465339094,100,100,4,1 bead per cell or 1:1 ratio,1,10,5.5,6.7,1,0.4,25,350,10,10,50,1,0.5,0.5,3.2,0.8,0.3,0.7
477,1,2,3,3,2,3,1,1,3,0,2,3,3,3,0,3,2773.333333,0.055466666660000004,3.044733333,0.01821724945788545,-1.7395171946208479,100,100,4,1 bead per cell or 1:1 ratio,1,10,5.5,6.7,1,0.4,25,350,10,10,50,1,0.5,0.5,3.2,0.8,0.3,0.7
478,1,2,2,3,2,2,0,1,3,0,2,3,3,3,0,3,12311.66667,0.2462333334,3.044733333,0.08087188809976482,-1.092202417384784,100,100,4,1 bead per cell or 1:1 ratio,1,10,5.5,6.7,1,0.4,25,350,10,10,50,1,0.5,0.5,3.2,0.8,0.3,0.7
479,1,2,5,3,1,2,3,2,2,5,0,0,3,3,0,0,15011.66667,0.3002333334,3.044733333,0.09860743144430903,-1.0060903536831618,100,100,4,1 bead per cell or 1:1 ratio,1,10,5.5,6.7,1,0.4,25,350,10,10,50,1,0.5,0.5,3.2,0.8,0.3,0.7
480,1,2,3,5,0,3,3,3,2,4,3,2,0,4,2,1,8556.666667,0.17113333334,3.044733333,0.05620634539162777,-1.2502146521710111,100,100,4,1 bead per cell or 1:1 ratio,1,10,5.5,6.7,1,0.4,25,350,10,10,50,1,0.5,0.5,3.2,0.8,0.3,0.7
481,1,2,2,3,2,3,1,1,3,0,2,2,3,3,0,3,4031.666667,0.08063333334,3.044733333,0.026482888490123153,-1.5770346481255675,100,100,4,1 bead per cell or 1:1 ratio,1,10,5.5,6.7,1,0.4,25,350,10,10,50,1,0.5,0.5,3.2,0.8,0.3,0.7
482,1,2,2,3,3,3,1,1,3,0,2,3,3,2,0,3,5770.0,0.1154,3.044733333,0.03790151299926666,-1.421343452983979,100,100,4,1 bead per cell or 1:1 ratio,1,10,5.5,6.7,1,0.4,25,350,10,10,50,1,0.5,0.5,3.2,0.8,0.3,0.7
483,1,2,2,3,2,1,1,1,3,0,2,3,3,3,0,3,4485.0,0.0897,3.044733333,0.029460708111215074,-1.5307568187595997,100,100,4,1 bead per cell or 1:1 ratio,1,10,5.5,6.7,1,0.4,25,350,10,10,50,1,0.5,0.5,3.2,0.8,0.3,0.7
484,1,2,2,3,2,3,0,1,3,0,2,3,3,3,0,3,13605.0,0.2721,3.044733333,0.08936743229723101,-1.048820720023934,100,100,4,1 bead per cell or 1:1 ratio,1,10,5.5,6.7,1,0.4,25,350,10,10,50,1,0.5,0.5,3.2,0.8,0.3,0.7
485,1,2,2,3,3,3,1,2,3,0,2,3,3,3,0,3,3113.333333,0.06226666666,3.044733333,0.020450614175346566,-1.689293644675778,100,100,4,1 bead per cell or 1:1 ratio,1,10,5.5,6.7,1,0.4,25,350,10,10,50,1,0.5,0.5,3.2,0.8,0.3,0.7
486,1,2,2,3,3,3,1,1,3,0,2,3,2,3,0,3,4418.333333,0.08836666666,3.044733333,0.029022793458542924,-1.5372607888230254,100,100,4,1 bead per cell or 1:1 ratio,1,10,5.5,6.7,1,0.4,25,350,10,10,50,1,0.5,0.5,3.2,0.8,0.3,0.7
487,1,2,4,5,1,2,1,0,4,5,2,5,3,0,4,3,1616.666667,0.03233333334,3.044733333,0.010619430276391959,-1.973898782167564,100,100,4,1 bead per cell or 1:1 ratio,1,10,5.5,6.7,1,0.4,25,350,10,10,50,1,0.5,0.5,3.2,0.8,0.3,0.7
488,1,2,1,3,4,0,1,2,5,4,1,5,2,0,4,2,34103.33333,0.6820666666,3.044733333,0.2240152394324643,-0.6497224362359205,100,100,4,1 bead per cell or 1:1 ratio,1,10,5.5,6.7,1,0.4,25,350,10,10,50,1,0.5,0.5,3.2,0.8,0.3,0.7
489,1,2,5,4,1,0,2,1,5,4,3,4,0,2,1,2,1780.0,0.0356,3.044733333,0.011692321167884689,-1.9320992638308165,100,100,4,1 bead per cell or 1:1 ratio,1,10,5.5,6.7,1,0.4,25,350,10,10,50,1,0.5,0.5,3.2,0.8,0.3,0.7
490,1,2,2,3,2,3,2,1,3,0,2,3,3,3,0,3,3916.666667,0.07833333334,3.044733333,0.025727485718040715,-1.5896026542146566,100,100,4,1 bead per cell or 1:1 ratio,1,10,5.5,6.7,1,0.4,25,350,10,10,50,1,0.5,0.5,3.2,0.8,0.3,0.7
491,1,2,1,3,2,3,1,1,3,0,2,3,3,3,0,3,5820.0,0.1164,3.044733333,0.03822994898712859,-1.417596281489822,100,100,4,1 bead per cell or 1:1 ratio,1,10,5.5,6.7,1,0.4,25,350,10,10,50,1,0.5,0.5,3.2,0.8,0.3,0.7
492,1,2,2,3,3,3,1,1,3,0,2,3,3,3,0,3,5716.666667,0.11433333334000001,3.044733333,0.03755118128107018,-1.4253763964552604,100,100,4,1 bead per cell or 1:1 ratio,1,10,5.5,6.7,1,0.4,25,350,10,10,50,1,0.5,0.5,3.2,0.8,0.3,0.7
493,1,2,2,3,3,3,2,1,3,0,2,3,3,3,0,3,5476.666667,0.10953333334000001,3.044733333,0.035974688539332916,-1.444002957397878,100,100,4,1 bead per cell or 1:1 ratio,1,10,5.5,6.7,1,0.4,25,350,10,10,50,1,0.5,0.5,3.2,0.8,0.3,0.7
494,1,2,2,3,3,2,1,1,3,0,2,3,3,3,0,3,4381.666667,0.08763333334000001,3.044733333,0.02878194040515666,-1.5408799303839527,100,100,4,1 bead per cell or 1:1 ratio,1,10,5.5,6.7,1,0.4,25,350,10,10,50,1,0.5,0.5,3.2,0.8,0.3,0.7
495,1,2,2,3,3,3,1,1,3,0,1,3,3,3,0,3,4203.333333,0.08406666666,3.044733333,0.02761051871073663,-1.5589254343207317,100,100,4,1 bead per cell or 1:1 ratio,1,10,5.5,6.7,1,0.4,25,350,10,10,50,1,0.5,0.5,3.2,0.8,0.3,0.7
496,1,2,1,3,3,2,1,1,1,2,0,5,4,0,3,3,29183.33333,0.5836666666,3.044733333,0.19169713822685042,-0.7173843704895133,100,100,4,1 bead per cell or 1:1 ratio,1,10,5.5,6.7,1,0.4,25,350,10,10,50,1,0.5,0.5,3.2,0.8,0.3,0.7
497,1,2,2,3,2,2,2,1,3,0,2,3,3,3,0,3,7643.333333,0.15286666665999998,3.044733333,0.05020691467563737,-1.2992364661483742,100,100,4,1 bead per cell or 1:1 ratio,1,10,5.5,6.7,1,0.4,25,350,10,10,50,1,0.5,0.5,3.2,0.8,0.3,0.7
498,1,2,2,3,2,2,1,0,3,0,2,3,3,3,0,3,8146.666667,0.16293333334000001,3.044733333,0.05351317029115995,-1.2715393192710864,100,100,4,1 bead per cell or 1:1 ratio,1,10,5.5,6.7,1,0.4,25,350,10,10,50,1,0.5,0.5,3.2,0.8,0.3,0.7
499,1,2,2,3,3,3,1,0,3,0,2,3,3,3,0,3,5408.333333,0.10816666666,3.044733333,0.035525826018209125,-1.4494558154137331,100,100,4,1 bead per cell or 1:1 ratio,1,10,5.5,6.7,1,0.4,25,350,10,10,50,1,0.5,0.5,3.2,0.8,0.3,0.7
500,1,2,2,3,2,2,1,1,3,0,2,3,3,2,0,3,8191.666667,0.16383333334,3.044733333,0.05380876268023568,-1.2691469943375275,100,100,4,1 bead per cell or 1:1 ratio,1,10,5.5,6.7,1,0.4,25,350,10,10,50,1,0.5,0.5,3.2,0.8,0.3,0.7
501,1,2,1,3,3,3,1,1,3,0,2,3,3,3,0,3,6300.0,0.126,3.044733333,0.041382934470603115,-1.3831787166861287,100,100,4,1 bead per cell or 1:1 ratio,1,10,5.5,6.7,1,0.4,25,350,10,10,50,1,0.5,0.5,3.2,0.8,0.3,0.7
502,1,2,2,3,3,3,1,1,3,0,2,3,3,3,0,2,6093.333333,0.12186666666,3.044733333,0.040025399051917564,-1.3976643294853182,100,100,4,1 bead per cell or 1:1 ratio,1,10,5.5,6.7,1,0.4,25,350,10,10,50,1,0.5,0.5,3.2,0.8,0.3,0.7
503,1,2,2,5,2,3,1,1,4,0,2,3,4,3,0,3,7390.0,0.1478,3.044733333,0.04854283900599317,-1.3138748277448848,100,100,4,1 bead per cell or 1:1 ratio,1,10,5.5,6.7,1,0.4,25,350,10,10,50,1,0.5,0.5,3.2,0.8,0.3,0.7
504,1,2,2,3,3,3,0,1,3,0,2,3,3,3,0,3,19491.66667,0.3898333334,3.044733333,0.1280352959567379,-0.8926702903039122,100,100,4,1 bead per cell or 1:1 ratio,1,10,5.5,6.7,1,0.4,25,350,10,10,50,1,0.5,0.5,3.2,0.8,0.3,0.7
505,1,2,2,1,3,3,0,2,5,2,2,3,2,1,3,3,23705.0,0.4741,3.044733333,0.15571150184534077,-0.8076793064847351,100,100,4,1 bead per cell or 1:1 ratio,1,10,5.5,6.7,1,0.4,25,350,10,10,50,1,0.5,0.5,3.2,0.8,0.3,0.7
506,1,2,5,5,3,2,0,3,1,1,3,3,0,0,1,0,631.6666667,0.012633333334,3.044733333,0.004149241313541332,-2.382031306532364,100,100,4,1 bead per cell or 1:1 ratio,1,10,5.5,6.7,1,0.4,25,350,10,10,50,1,0.5,0.5,3.2,0.8,0.3,0.7
507,1,2,2,3,2,2,1,1,3,0,2,3,3,3,1,3,6833.333333,0.13666666666,3.044733333,0.04488625167227411,-1.3478866598248038,100,100,4,1 bead per cell or 1:1 ratio,1,10,5.5,6.7,1,0.4,25,350,10,10,50,1,0.5,0.5,3.2,0.8,0.3,0.7
508,1,2,2,5,5,1,1,1,5,1,2,5,3,1,4,3,13995.0,0.2799,3.044733333,0.09192923300255405,-1.0365463633375294,100,100,4,1 bead per cell or 1:1 ratio,1,10,5.5,6.7,1,0.4,25,350,10,10,50,1,0.5,0.5,3.2,0.8,0.3,0.7
509,1,2,2,3,2,3,1,0,3,0,2,3,3,3,0,3,4616.666667,0.09233333334,3.044733333,0.03032558954810773,-1.5181907474275484,100,100,4,1 bead per cell or 1:1 ratio,1,10,5.5,6.7,1,0.4,25,350,10,10,50,1,0.5,0.5,3.2,0.8,0.3,0.7
510,1,2,2,3,2,2,1,2,3,0,2,3,3,3,0,3,11135.0,0.2227,3.044733333,0.07314269449685169,-1.1358290447696535,100,100,4,1 bead per cell or 1:1 ratio,1,10,5.5,6.7,1,0.4,25,350,10,10,50,1,0.5,0.5,3.2,0.8,0.3,0.7
511,1,2,2,3,3,3,1,1,3,0,2,2,3,3,0,3,2746.666667,0.05493333334,3.044733333,0.018042083602071567,-1.7437133091095516,100,100,4,1 bead per cell or 1:1 ratio,1,10,5.5,6.7,1,0.4,25,350,10,10,50,1,0.5,0.5,3.2,0.8,0.3,0.7
512,1,2,1,4,5,3,0,0,2,4,1,5,4,2,4,2,20273.33333,0.4054666666,3.044733333,0.1331698451898546,-0.8755941051226661,100,100,4,1 bead per cell or 1:1 ratio,1,10,5.5,6.7,1,0.4,25,350,10,10,50,1,0.5,0.5,3.2,0.8,0.3,0.7
513,1,2,2,3,2,2,1,1,2,0,2,3,3,3,0,3,13743.33333,0.2748666666,3.044733333,0.09027610517508661,-1.0444271861633492,100,100,4,1 bead per cell or 1:1 ratio,1,10,5.5,6.7,1,0.4,25,350,10,10,50,1,0.5,0.5,3.2,0.8,0.3,0.7
514,1,2,2,3,2,3,1,1,2,0,2,3,3,3,0,3,5766.666667,0.11533333334000001,3.044733333,0.03787961726893211,-1.4215944177054738,100,100,4,1 bead per cell or 1:1 ratio,1,10,5.5,6.7,1,0.4,25,350,10,10,50,1,0.5,0.5,3.2,0.8,0.3,0.7
515,1,2,2,3,1,3,1,1,3,0,2,3,3,3,0,3,12110.0,0.2422,3.044733333,0.07954719626015931,-1.0993751229966582,100,100,4,1 bead per cell or 1:1 ratio,1,10,5.5,6.7,1,0.4,25,350,10,10,50,1,0.5,0.5,3.2,0.8,0.3,0.7
516,1,2,2,3,2,2,1,1,3,0,3,3,3,3,0,3,7303.333333,0.14606666665999998,3.044733333,0.04797354995817625,-1.3189981433184894,100,100,4,1 bead per cell or 1:1 ratio,1,10,5.5,6.7,1,0.4,25,350,10,10,50,1,0.5,0.5,3.2,0.8,0.3,0.7
517,1,2,0,3,5,1,1,1,3,1,3,1,4,0,2,3,925.0,0.0185,3.044733333,0.006076065775445695,-2.216377533400678,100,100,4,1 bead per cell or 1:1 ratio,1,10,5.5,6.7,1,0.4,25,350,10,10,50,1,0.5,0.5,3.2,0.8,0.3,0.7
518,1,2,2,3,2,3,1,1,3,0,2,3,3,3,1,3,4993.333333,0.09986666665999999,3.044733333,0.03279980731895511,-1.484128707524917,100,100,4,1 bead per cell or 1:1 ratio,1,10,5.5,6.7,1,0.4,25,350,10,10,50,1,0.5,0.5,3.2,0.8,0.3,0.7
519,1,2,2,5,5,1,0,1,5,4,1,5,2,4,2,3,18361.66667,0.3672333334,3.044733333,0.12061264263105828,-0.9186071670123573,100,100,4,1 bead per cell or 1:1 ratio,1,10,5.5,6.7,1,0.4,25,350,10,10,50,1,0.5,0.5,3.2,0.8,0.3,0.7
520,1,2,1,0,5,2,0,3,0,5,1,2,4,1,4,3,22218.33333,0.4443666666,3.044733333,0.14594600511768366,-0.835807788165453,100,100,4,1 bead per cell or 1:1 ratio,1,10,5.5,6.7,1,0.4,25,350,10,10,50,1,0.5,0.5,3.2,0.8,0.3,0.7
521,1,2,2,3,2,2,1,1,3,0,2,2,3,3,0,3,16078.33333,0.3215666666,3.044733333,0.10561406580823872,-0.9762782380891258,100,100,4,1 bead per cell or 1:1 ratio,1,10,5.5,6.7,1,0.4,25,350,10,10,50,1,0.5,0.5,3.2,0.8,0.3,0.7
522,1,2,2,3,2,2,1,1,3,0,2,3,2,3,0,3,4141.666667,0.08283333334000001,3.044733333,0.0272054476634194,-1.56534412341905,100,100,4,1 bead per cell or 1:1 ratio,1,10,5.5,6.7,1,0.4,25,350,10,10,50,1,0.5,0.5,3.2,0.8,0.3,0.7
523,1,2,2,3,2,3,1,1,3,0,2,3,2,3,0,3,17271.66667,0.3454333334,3.044733333,0.11345273809566822,-0.945185018285083,100,100,4,1 bead per cell or 1:1 ratio,1,10,5.5,6.7,1,0.4,25,350,10,10,50,1,0.5,0.5,3.2,0.8,0.3,0.7
524,1,2,2,3,3,3,1,1,3,1,2,3,3,3,0,3,2818.333333,0.05636666666,3.044733333,0.018512841846961184,-1.7325269089769777,100,100,4,1 bead per cell or 1:1 ratio,1,10,5.5,6.7,1,0.4,25,350,10,10,50,1,0.5,0.5,3.2,0.8,0.3,0.7
525,1,2,0,3,0,1,2,3,5,0,1,1,0,0,4,0,24426.66667,0.4885333334,3.044733333,0.16045192795871033,-0.794655060140314,100,100,4,1 bead per cell or 1:1 ratio,1,10,5.5,6.7,1,0.4,25,350,10,10,50,1,0.5,0.5,3.2,0.8,0.3,0.7
526,1,2,2,3,2,3,1,1,3,1,2,3,3,3,0,3,18368.33333,0.3673666666,3.044733333,0.12065643405231509,-0.9184495142117844,100,100,4,1 bead per cell or 1:1 ratio,1,10,5.5,6.7,1,0.4,25,350,10,10,50,1,0.5,0.5,3.2,0.8,0.3,0.7
527,1,2,2,3,2,3,1,1,3,0,1,3,3,3,0,3,4148.333333,0.08296666666,3.044733333,0.027249239124088505,-1.5646456199496581,100,100,4,1 bead per cell or 1:1 ratio,1,10,5.5,6.7,1,0.4,25,350,10,10,50,1,0.5,0.5,3.2,0.8,0.3,0.7
528,1,2,2,3,2,3,1,1,3,0,2,3,3,3,0,3,18651.66667,0.3730333334,3.044733333,0.12251757136065748,-0.9118016207058086,100,100,4,1 bead per cell or 1:1 ratio,1,10,5.5,6.7,1,0.4,25,350,10,10,50,1,0.5,0.5,3.2,0.8,0.3,0.7
529,1,2,5,1,2,1,1,2,1,4,3,5,3,3,3,3,98.33333333,0.0019666666666,3.044733333,0.000645924109439899,-3.1898185048959316,100,100,4,1 bead per cell or 1:1 ratio,1,10,5.5,6.7,1,0.4,25,350,10,10,50,1,0.5,0.5,3.2,0.8,0.3,0.7
530,1,2,2,2,3,3,1,1,3,0,2,3,3,3,0,3,11166.66667,0.2233333334,3.044733333,0.07335070397772664,-1.1345957136928877,100,100,4,1 bead per cell or 1:1 ratio,1,10,5.5,6.7,1,0.4,25,350,10,10,50,1,0.5,0.5,3.2,0.8,0.3,0.7
531,1,2,4,3,0,3,1,2,4,0,2,3,3,3,0,2,5873.333333,0.11746666666,3.044733333,0.03858028070532507,-1.4136346168079916,100,100,4,1 bead per cell or 1:1 ratio,1,10,5.5,6.7,1,0.4,25,350,10,10,50,1,0.5,0.5,3.2,0.8,0.3,0.7
532,1,2,5,3,0,2,3,1,3,0,0,0,3,4,0,3,13516.66667,0.2703333334,3.044733333,0.08878719540723733,-1.0516496622050973,100,100,4,1 bead per cell or 1:1 ratio,1,10,5.5,6.7,1,0.4,25,350,10,10,50,1,0.5,0.5,3.2,0.8,0.3,0.7
533,1,2,3,3,2,2,1,1,3,0,2,3,3,3,0,3,12085.0,0.2417,3.044733333,0.07938297826622835,-1.1002726113960413,100,100,4,1 bead per cell or 1:1 ratio,1,10,5.5,6.7,1,0.4,25,350,10,10,50,1,0.5,0.5,3.2,0.8,0.3,0.7
534,1,2,2,3,2,3,1,1,3,0,2,3,3,3,1,3,28235.0,0.5647,3.044733333,0.18546780234563157,-0.7317314740668125,100,100,4,1 bead per cell or 1:1 ratio,1,10,5.5,6.7,1,0.4,25,350,10,10,50,1,0.5,0.5,3.2,0.8,0.3,0.7
535,1,2,3,5,2,3,1,1,4,0,2,2,3,3,0,3,11953.33333,0.23906666659999998,3.044733333,0.07851809680962953,-1.1050302357543174,100,100,4,1 bead per cell or 1:1 ratio,1,10,5.5,6.7,1,0.4,25,350,10,10,50,1,0.5,0.5,3.2,0.8,0.3,0.7
536,1,2,3,4,2,1,1,1,3,0,2,3,2,3,0,3,4058.333333,0.08116666666,3.044733333,0.026658054345937033,-1.574171551008372,100,100,4,1 bead per cell or 1:1 ratio,1,10,5.5,6.7,1,0.4,25,350,10,10,50,1,0.5,0.5,3.2,0.8,0.3,0.7
537,1,2,2,3,2,2,1,0,3,0,2,3,3,3,0,3,12538.33333,0.25076666659999997,3.044733333,0.0823607978676141,-1.0842794548196244,100,100,4,1 bead per cell or 1:1 ratio,1,10,5.5,6.7,1,0.4,25,350,10,10,50,1,0.5,0.5,3.2,0.8,0.3,0.7
538,1,2,0,3,3,1,3,2,5,5,0,0,3,3,2,0,21800.0,0.436,3.044733333,0.14319809070780123,-0.8440627725351058,100,100,4,1 bead per cell or 1:1 ratio,1,10,5.5,6.7,1,0.4,25,350,10,10,50,1,0.5,0.5,3.2,0.8,0.3,0.7
539,1,2,1,5,0,3,0,3,1,5,1,2,4,1,4,1,23828.33333,0.4765666666,3.044733333,0.1565216439268378,-0.8054255994079212,100,100,4,1 bead per cell or 1:1 ratio,1,10,5.5,6.7,1,0.4,25,350,10,10,50,1,0.5,0.5,3.2,0.8,0.3,0.7
540,1,2,3,3,2,3,2,0,3,0,2,3,3,3,0,3,5406.666667,0.10813333334000001,3.044733333,0.035514878156326216,-1.4495896709574605,100,100,4,1 bead per cell or 1:1 ratio,1,10,5.5,6.7,1,0.4,25,350,10,10,50,1,0.5,0.5,3.2,0.8,0.3,0.7
541,1,2,4,3,3,3,1,2,3,0,1,5,3,4,0,3,7811.666667,0.15623333334,3.044733333,0.05131264917248502,-1.2897755629846122,100,100,4,1 bead per cell or 1:1 ratio,1,10,5.5,6.7,1,0.4,25,350,10,10,50,1,0.5,0.5,3.2,0.8,0.3,0.7
542,1,2,2,3,2,3,1,3,3,0,1,2,3,3,0,3,22816.66667,0.4563333334,3.044733333,0.1498762891495562,-0.8242670683259172,100,100,4,1 bead per cell or 1:1 ratio,1,10,5.5,6.7,1,0.4,25,350,10,10,50,1,0.5,0.5,3.2,0.8,0.3,0.7
543,1,2,2,3,0,3,2,1,2,1,2,3,3,0,0,3,6815.0,0.1363,3.044733333,0.04476582514558099,-1.3490534059690182,100,100,4,1 bead per cell or 1:1 ratio,1,10,5.5,6.7,1,0.4,25,350,10,10,50,1,0.5,0.5,3.2,0.8,0.3,0.7
544,1,2,0,3,3,0,3,3,3,0,2,1,3,1,0,0,16960.0,0.3392,3.044733333,0.11140548708276647,-0.9530934182190155,100,100,4,1 bead per cell or 1:1 ratio,1,10,5.5,6.7,1,0.4,25,350,10,10,50,1,0.5,0.5,3.2,0.8,0.3,0.7
545,1,2,3,5,3,3,1,3,3,0,2,3,2,4,0,1,4500.0,0.09,3.044733333,0.02955923890757365,-1.5293067523643669,100,100,4,1 bead per cell or 1:1 ratio,1,10,5.5,6.7,1,0.4,25,350,10,10,50,1,0.5,0.5,3.2,0.8,0.3,0.7
546,1,2,5,5,2,2,1,0,1,5,3,5,3,0,4,3,2291.666667,0.04583333334,3.044733333,0.015053316112528007,-1.8223678182939025,100,100,4,1 bead per cell or 1:1 ratio,1,10,5.5,6.7,1,0.4,25,350,10,10,50,1,0.5,0.5,3.2,0.8,0.3,0.7
547,1,2,1,3,0,3,3,2,5,3,1,5,2,0,4,2,22116.66667,0.4423333334,3.044733333,0.1452781853194892,-0.8377995935934636,100,100,4,1 bead per cell or 1:1 ratio,1,10,5.5,6.7,1,0.4,25,350,10,10,50,1,0.5,0.5,3.2,0.8,0.3,0.7
548,1,2,5,3,3,3,1,1,3,0,3,4,0,2,1,2,178.3333333,0.003566666666,3.044733333,0.0011714216898219244,-2.931286738919321,100,100,4,1 bead per cell or 1:1 ratio,1,10,5.5,6.7,1,0.4,25,350,10,10,50,1,0.5,0.5,3.2,0.8,0.3,0.7
549,1,2,0,3,4,3,2,1,4,0,2,3,3,3,0,3,1195.0,0.0239,3.044733333,0.007849620109900115,-2.105151360855554,100,100,4,1 bead per cell or 1:1 ratio,1,10,5.5,6.7,1,0.4,25,350,10,10,50,1,0.5,0.5,3.2,0.8,0.3,0.7
550,1,2,3,3,2,3,1,1,5,0,3,3,3,4,0,3,5471.666667,0.10943333334000001,3.044733333,0.035941844940546724,-1.4443996337675569,100,100,4,1 bead per cell or 1:1 ratio,1,10,5.5,6.7,1,0.4,25,350,10,10,50,1,0.5,0.5,3.2,0.8,0.3,0.7
551,1,2,0,3,0,3,2,1,5,0,2,3,3,0,4,3,30816.66667,0.6163333334,3.044733333,0.2024260472074649,-0.693733605317205,100,100,4,1 bead per cell or 1:1 ratio,1,10,5.5,6.7,1,0.4,25,350,10,10,50,1,0.5,0.5,3.2,0.8,0.3,0.7
552,1,2,2,3,3,3,2,1,3,0,2,3,3,3,0,3,8080.0,0.1616,3.044733333,0.0530752556384878,-1.2751079053651244,100,100,4,1 bead per cell or 1:1 ratio,1,10,5.5,6.7,1,0.4,25,350,10,10,50,1,0.5,0.5,3.2,0.8,0.3,0.7
553,1,2,0,3,3,2,3,1,5,0,1,3,0,0,4,0,25881.66667,0.5176333334,3.044733333,0.17000941520549248,-0.7695270265125224,100,100,4,1 bead per cell or 1:1 ratio,1,10,5.5,6.7,1,0.4,25,350,10,10,50,1,0.5,0.5,3.2,0.8,0.3,0.7
554,1,2,2,3,3,3,1,1,3,0,1,3,3,3,0,3,18151.66667,0.3630333334,3.044733333,0.11923321148203819,-0.9236027584010434,100,100,4,1 bead per cell or 1:1 ratio,1,10,5.5,6.7,1,0.4,25,350,10,10,50,1,0.5,0.5,3.2,0.8,0.3,0.7
555,1,2,0,3,4,3,1,1,1,2,0,5,4,3,3,3,39735.0,0.7947,3.044733333,0.26100807955387534,-0.5833460487867983,100,100,4,1 bead per cell or 1:1 ratio,1,10,5.5,6.7,1,0.4,25,350,10,10,50,1,0.5,0.5,3.2,0.8,0.3,0.7
556,1,2,2,3,2,2,2,1,3,0,1,3,4,3,0,3,8038.333333,0.16076666666,3.044733333,0.05280155897974662,-1.2773532546194808,100,100,4,1 bead per cell or 1:1 ratio,1,10,5.5,6.7,1,0.4,25,350,10,10,50,1,0.5,0.5,3.2,0.8,0.3,0.7
557,1,2,2,3,2,3,1,2,3,0,2,3,3,3,0,2,21766.66667,0.43533333339999997,3.044733333,0.14297913340445567,-0.8447273395177916,100,100,4,1 bead per cell or 1:1 ratio,1,10,5.5,6.7,1,0.4,25,350,10,10,50,1,0.5,0.5,3.2,0.8,0.3,0.7
558,1,2,2,3,5,3,0,3,0,0,2,2,4,3,0,3,29780.0,0.5956,3.044733333,0.1956164743705652,-0.7085945727235532,100,100,4,1 bead per cell or 1:1 ratio,1,10,5.5,6.7,1,0.4,25,350,10,10,50,1,0.5,0.5,3.2,0.8,0.3,0.7
559,1,2,2,3,3,2,1,2,3,0,2,3,3,2,0,3,20065.0,0.4013,3.044733333,0.13180136192899228,-0.880080102069853,100,100,4,1 bead per cell or 1:1 ratio,1,10,5.5,6.7,1,0.4,25,350,10,10,50,1,0.5,0.5,3.2,0.8,0.3,0.7
560,1,2,1,3,3,3,1,1,3,0,2,3,3,3,0,3,20046.66667,0.4009333334,3.044733333,0.13168093542200532,-0.8804770970226603,100,100,4,1 bead per cell or 1:1 ratio,1,10,5.5,6.7,1,0.4,25,350,10,10,50,1,0.5,0.5,3.2,0.8,0.3,0.7
561,1,2,2,4,3,3,1,1,5,4,3,3,0,3,1,2,63225.0,1.2645,3.044733333,0.4153073066514098,-0.38163042812326814,100,100,4,1 bead per cell or 1:1 ratio,1,10,5.5,6.7,1,0.4,25,350,10,10,50,1,0.5,0.5,3.2,0.8,0.3,0.7
562,1,2,2,5,2,3,0,0,4,0,1,5,4,1,0,2,14733.33333,0.2946666666,3.044733333,0.09677913773475282,-1.0142182516085376,100,100,4,1 bead per cell or 1:1 ratio,1,10,5.5,6.7,1,0.4,25,350,10,10,50,1,0.5,0.5,3.2,0.8,0.3,0.7
563,1,2,1,5,3,3,1,1,5,0,2,3,3,3,4,3,49825.0,0.9965,3.044733333,0.32728646190441274,-0.4850719587671853,100,100,4,1 bead per cell or 1:1 ratio,1,10,5.5,6.7,1,0.4,25,350,10,10,50,1,0.5,0.5,3.2,0.8,0.3,0.7
564,1,2,0,1,5,2,1,1,3,2,3,1,4,1,2,3,21070.0,0.4214,3.044733333,0.13840292528501708,-0.8588547305316103,100,100,4,1 bead per cell or 1:1 ratio,1,10,5.5,6.7,1,0.4,25,350,10,10,50,1,0.5,0.5,3.2,0.8,0.3,0.7
565,1,2,2,3,2,1,1,3,1,1,2,3,0,0,1,3,20741.66667,0.41483333339999995,3.044733333,0.1362461956532861,-0.865675615508948,100,100,4,1 bead per cell or 1:1 ratio,1,10,5.5,6.7,1,0.4,25,350,10,10,50,1,0.5,0.5,3.2,0.8,0.3,0.7
566,1,2,2,3,0,2,2,3,3,0,2,3,3,3,4,3,10010.0,0.2002,3.044733333,0.06575288476995828,-1.1820851886603918,100,100,4,1 bead per cell or 1:1 ratio,1,10,5.5,6.7,1,0.4,25,350,10,10,50,1,0.5,0.5,3.2,0.8,0.3,0.7
567,1,2,2,3,1,1,1,1,5,0,2,5,3,1,4,3,37305.0,0.7461,3.044733333,0.24504609054378557,-0.6107522218140933,100,100,4,1 bead per cell or 1:1 ratio,1,10,5.5,6.7,1,0.4,25,350,10,10,50,1,0.5,0.5,3.2,0.8,0.3,0.7
568,1,2,2,5,4,3,1,0,5,0,1,5,3,4,0,3,15206.66667,0.3041333334,3.044733333,0.09988833179697054,-1.0004852398235449,100,100,4,1 bead per cell or 1:1 ratio,1,10,5.5,6.7,1,0.4,25,350,10,10,50,1,0.5,0.5,3.2,0.8,0.3,0.7
569,1,2,2,3,1,2,1,2,3,0,1,3,3,3,0,3,15200.0,0.304,3.044733333,0.09984454031002656,-1.000675678194938,100,100,4,1 bead per cell or 1:1 ratio,1,10,5.5,6.7,1,0.4,25,350,10,10,50,1,0.5,0.5,3.2,0.8,0.3,0.7
570,1,2,5,3,5,0,1,3,3,2,3,2,0,0,4,3,121.6666667,0.0024333333339999997,3.044733333,0.0007991942373496522,-3.0973476562839135,100,100,4,1 bead per cell or 1:1 ratio,1,10,5.5,6.7,1,0.4,25,350,10,10,50,1,0.5,0.5,3.2,0.8,0.3,0.7
571,1,2,5,4,1,0,0,0,2,4,3,5,4,2,4,2,881.6666667,0.017633333334,3.044733333,0.0057914212528509795,-2.237214844471749,100,100,4,1 bead per cell or 1:1 ratio,1,10,5.5,6.7,1,0.4,25,350,10,10,50,1,0.5,0.5,3.2,0.8,0.3,0.7
572,1,2,2,3,1,2,1,1,3,0,2,3,3,3,0,3,5621.666667,0.11243333334000001,3.044733333,0.03692715290413251,-1.4326541753084014,100,100,4,1 bead per cell or 1:1 ratio,1,10,5.5,6.7,1,0.4,25,350,10,10,50,1,0.5,0.5,3.2,0.8,0.3,0.7
573,1,2,2,3,2,3,0,2,3,0,2,3,3,2,0,3,10265.0,0.2053,3.044733333,0.06742790830805412,-1.1711603124330998,100,100,4,1 bead per cell or 1:1 ratio,1,10,5.5,6.7,1,0.4,25,350,10,10,50,1,0.5,0.5,3.2,0.8,0.3,0.7
574,1,2,2,3,2,3,1,1,3,1,2,3,3,3,0,3,9688.333333,0.19376666666,3.044733333,0.0636399465791903,-1.1962701935819082,100,100,4,1 bead per cell or 1:1 ratio,1,10,5.5,6.7,1,0.4,25,350,10,10,50,1,0.5,0.5,3.2,0.8,0.3,0.7
575,1,2,0,3,2,2,2,2,3,0,0,0,0,0,0,0,22131.66667,0.4426333334,3.044733333,0.14537671611584776,-0.8375051455550241,100,100,4,1 bead per cell or 1:1 ratio,1,10,5.5,6.7,1,0.4,25,350,10,10,50,1,0.5,0.5,3.2,0.8,0.3,0.7
576,1,2,0,1,5,2,1,2,3,1,2,1,3,0,2,3,22281.66667,0.4456333334,3.044733333,0.14636202407943355,-0.8345715931697796,100,100,4,1 bead per cell or 1:1 ratio,1,10,5.5,6.7,1,0.4,25,350,10,10,50,1,0.5,0.5,3.2,0.8,0.3,0.7
577,1,2,0,1,4,2,1,1,3,0,0,3,4,3,0,3,30695.0,0.6139,3.044733333,0.2016268529484385,-0.6954516284233944,100,100,4,1 bead per cell or 1:1 ratio,1,10,5.5,6.7,1,0.4,25,350,10,10,50,1,0.5,0.5,3.2,0.8,0.3,0.7
578,1,2,2,5,1,1,0,1,5,4,2,5,3,3,1,3,23673.33333,0.47346666660000003,3.044733333,0.1555034923644658,-0.8082598529549273,100,100,4,1 bead per cell or 1:1 ratio,1,10,5.5,6.7,1,0.4,25,350,10,10,50,1,0.5,0.5,3.2,0.8,0.3,0.7
579,1,2,5,4,5,2,0,3,5,5,1,2,0,1,4,2,6255.0,0.1251,3.044733333,0.041087342081527374,-1.3862919521102717,100,100,4,1 bead per cell or 1:1 ratio,1,10,5.5,6.7,1,0.4,25,350,10,10,50,1,0.5,0.5,3.2,0.8,0.3,0.7
580,1,2,2,3,2,2,2,1,3,0,2,2,3,3,0,3,3053.333333,0.06106666666,3.044733333,0.020056490989912253,-1.6977450472389346,100,100,4,1 bead per cell or 1:1 ratio,1,10,5.5,6.7,1,0.4,25,350,10,10,50,1,0.5,0.5,3.2,0.8,0.3,0.7
581,1,2,2,5,5,2,0,0,3,0,2,3,2,1,0,3,20730.0,0.4146,3.044733333,0.13616956056755597,-0.8659199640458496,100,100,4,1 bead per cell or 1:1 ratio,1,10,5.5,6.7,1,0.4,25,350,10,10,50,1,0.5,0.5,3.2,0.8,0.3,0.7
582,1,2,2,3,2,3,1,1,3,1,2,3,3,3,0,3,10480.0,0.2096,3.044733333,0.06884018305586041,-1.1621579834920026,100,100,4,1 bead per cell or 1:1 ratio,1,10,5.5,6.7,1,0.4,25,350,10,10,50,1,0.5,0.5,3.2,0.8,0.3,0.7
583,1,2,2,5,3,2,0,3,3,1,2,3,3,0,0,0,16523.33333,0.3304666666,3.044733333,0.1085371461002099,-0.9644216020418344,100,100,4,1 bead per cell or 1:1 ratio,1,10,5.5,6.7,1,0.4,25,350,10,10,50,1,0.5,0.5,3.2,0.8,0.3,0.7
584,1,2,0,3,2,3,2,1,3,0,2,1,3,0,0,0,25275.0,0.5055,3.044733333,0.1660243918642053,-0.779828101876672,100,100,4,1 bead per cell or 1:1 ratio,1,10,5.5,6.7,1,0.4,25,350,10,10,50,1,0.5,0.5,3.2,0.8,0.3,0.7
585,1,2,2,3,2,3,1,1,3,0,2,1,3,3,0,3,9823.333333,0.19646666666,3.044733333,0.0645267237464175,-1.1902603850241846,100,100,4,1 bead per cell or 1:1 ratio,1,10,5.5,6.7,1,0.4,25,350,10,10,50,1,0.5,0.5,3.2,0.8,0.3,0.7
586,1,2,2,4,2,3,0,1,2,0,1,3,3,3,0,2,11121.66667,0.22243333340000002,3.044733333,0.07305511158865091,-1.136349391542418,100,100,4,1 bead per cell or 1:1 ratio,1,10,5.5,6.7,1,0.4,25,350,10,10,50,1,0.5,0.5,3.2,0.8,0.3,0.7
587,1,2,2,2,2,2,1,1,3,0,2,3,3,3,0,2,18616.66667,0.37233333339999997,3.044733333,0.12228766616915412,-0.9126173433299842,100,100,4,1 bead per cell or 1:1 ratio,1,10,5.5,6.7,1,0.4,25,350,10,10,50,1,0.5,0.5,3.2,0.8,0.3,0.7
588,1,2,5,3,0,1,1,3,1,4,3,5,3,3,4,3,9696.666667,0.19393333333999999,3.044733333,0.06369468591487976,-1.1958967995973844,100,100,4,1 bead per cell or 1:1 ratio,1,10,5.5,6.7,1,0.4,25,350,10,10,50,1,0.5,0.5,3.2,0.8,0.3,0.7
589,1,2,2,4,3,2,1,1,5,1,3,3,3,3,0,3,2065.0,0.0413,3.044733333,0.013564406298697687,-1.8675992101472907,100,100,4,1 bead per cell or 1:1 ratio,1,10,5.5,6.7,1,0.4,25,350,10,10,50,1,0.5,0.5,3.2,0.8,0.3,0.7
590,1,2,2,3,2,3,1,2,3,0,2,3,3,3,0,3,2146.666667,0.04293333334,3.044733333,0.01410085174772841,-1.850754653432124,100,100,4,1 bead per cell or 1:1 ratio,1,10,5.5,6.7,1,0.4,25,350,10,10,50,1,0.5,0.5,3.2,0.8,0.3,0.7
591,1,2,2,3,1,2,1,1,3,0,2,3,3,3,0,3,3168.333333,0.06336666666,3.044733333,0.02081189376199469,-1.681688399703602,100,100,4,1 bead per cell or 1:1 ratio,1,10,5.5,6.7,1,0.4,25,350,10,10,50,1,0.5,0.5,3.2,0.8,0.3,0.7
592,1,2,2,3,2,2,1,1,3,0,2,3,3,3,0,2,3981.666667,0.07963333334,3.044733333,0.026154452502261224,-1.5824543667371185,100,100,4,1 bead per cell or 1:1 ratio,1,10,5.5,6.7,1,0.4,25,350,10,10,50,1,0.5,0.5,3.2,0.8,0.3,0.7
593,1,2,2,3,2,3,1,1,3,0,2,3,3,3,0,2,3971.666667,0.07943333334,3.044733333,0.026088765304688837,-1.5835464741404486,100,100,4,1 bead per cell or 1:1 ratio,1,10,5.5,6.7,1,0.4,25,350,10,10,50,1,0.5,0.5,3.2,0.8,0.3,0.7
594,1,2,3,3,2,2,1,1,3,0,2,3,3,3,0,3,2885.0,0.0577,3.044733333,0.01895075649963333,-1.7223734486479603,100,100,4,1 bead per cell or 1:1 ratio,1,10,5.5,6.7,1,0.4,25,350,10,10,50,1,0.5,0.5,3.2,0.8,0.3,0.7
595,1,2,3,3,2,3,1,1,3,0,2,3,3,3,0,3,2938.333333,0.05876666666,3.044733333,0.019301088217829814,-1.7144182042732998,100,100,4,1 bead per cell or 1:1 ratio,1,10,5.5,6.7,1,0.4,25,350,10,10,50,1,0.5,0.5,3.2,0.8,0.3,0.7
596,1,2,2,3,2,2,0,1,3,0,2,3,3,3,0,3,9581.666667,0.19163333334,3.044733333,0.06293928314279731,-1.2010782078622708,100,100,4,1 bead per cell or 1:1 ratio,1,10,5.5,6.7,1,0.4,25,350,10,10,50,1,0.5,0.5,3.2,0.8,0.3,0.7
597,1,2,5,3,1,2,3,2,2,5,0,0,3,3,0,0,12168.33333,0.2433666666,3.044733333,0.07993037155743583,-1.097288168201535,100,100,4,1 bead per cell or 1:1 ratio,1,10,5.5,6.7,1,0.4,25,350,10,10,50,1,0.5,0.5,3.2,0.8,0.3,0.7
598,1,2,3,5,0,3,3,3,2,4,3,2,0,4,2,1,5135.0,0.1027,3.044733333,0.033730375953420155,-1.4719788182064135,100,100,4,1 bead per cell or 1:1 ratio,1,10,5.5,6.7,1,0.4,25,350,10,10,50,1,0.5,0.5,3.2,0.8,0.3,0.7
599,1,2,2,3,2,3,1,1,3,0,2,2,3,3,0,3,4133.333333,0.08266666665999998,3.044733333,0.027150708327729922,-1.5662188357321618,100,100,4,1 bead per cell or 1:1 ratio,1,10,5.5,6.7,1,0.4,25,350,10,10,50,1,0.5,0.5,3.2,0.8,0.3,0.7
600,1,2,2,3,3,3,1,1,3,0,2,3,3,2,0,3,5110.0,0.1022,3.044733333,0.03356615795948919,-1.4740983660049978,100,100,4,1 bead per cell or 1:1 ratio,1,10,5.5,6.7,1,0.4,25,350,10,10,50,1,0.5,0.5,3.2,0.8,0.3,0.7
601,1,2,2,3,2,1,1,1,3,0,2,3,3,3,0,3,5035.0,0.1007,3.044733333,0.033073503977696296,-1.4805197912500736,100,100,4,1 bead per cell or 1:1 ratio,1,10,5.5,6.7,1,0.4,25,350,10,10,50,1,0.5,0.5,3.2,0.8,0.3,0.7
602,1,2,2,3,2,3,0,1,3,0,2,3,3,3,0,3,14456.66667,0.2891333334,3.044733333,0.09496179197904162,-1.022451098610474,100,100,4,1 bead per cell or 1:1 ratio,1,10,5.5,6.7,1,0.4,25,350,10,10,50,1,0.5,0.5,3.2,0.8,0.3,0.7
603,1,2,2,3,3,3,1,2,3,0,2,3,3,3,0,3,5185.0,0.1037,3.044733333,0.03405881194128209,-1.4677705054146508,100,100,4,1 bead per cell or 1:1 ratio,1,10,5.5,6.7,1,0.4,25,350,10,10,50,1,0.5,0.5,3.2,0.8,0.3,0.7
604,1,2,2,3,3,3,1,1,3,0,2,3,2,3,0,3,5495.0,0.1099,3.044733333,0.03609511506602605,-1.4425515693802011,100,100,4,1 bead per cell or 1:1 ratio,1,10,5.5,6.7,1,0.4,25,350,10,10,50,1,0.5,0.5,3.2,0.8,0.3,0.7
605,1,2,4,5,1,2,1,0,4,5,2,5,3,0,4,3,3720.0,0.0744,3.044733333,0.02443563749692755,-1.611976326257813,100,100,4,1 bead per cell or 1:1 ratio,1,10,5.5,6.7,1,0.4,25,350,10,10,50,1,0.5,0.5,3.2,0.8,0.3,0.7
606,1,2,1,3,4,0,1,2,5,4,1,5,2,0,4,2,28726.66667,0.5745333334,3.044733333,0.18869742291483627,-0.7242340310566301,100,100,4,1 bead per cell or 1:1 ratio,1,10,5.5,6.7,1,0.4,25,350,10,10,50,1,0.5,0.5,3.2,0.8,0.3,0.7
607,1,2,5,4,1,0,2,1,5,4,3,4,0,2,1,2,1558.333333,0.03116666666,3.044733333,0.010236254952840562,-1.9898589057437335,100,100,4,1 bead per cell or 1:1 ratio,1,10,5.5,6.7,1,0.4,25,350,10,10,50,1,0.5,0.5,3.2,0.8,0.3,0.7
608,1,2,2,3,2,3,2,1,3,0,2,3,3,3,0,3,4741.666667,0.09483333334,3.044733333,0.03114667951776255,-1.506588245761734,100,100,4,1 bead per cell or 1:1 ratio,1,10,5.5,6.7,1,0.4,25,350,10,10,50,1,0.5,0.5,3.2,0.8,0.3,0.7
609,1,2,1,3,2,3,1,1,3,0,2,3,3,3,0,3,5521.666667,0.11043333334000001,3.044733333,0.03627028092840865,-1.4404490806151766,100,100,4,1 bead per cell or 1:1 ratio,1,10,5.5,6.7,1,0.4,25,350,10,10,50,1,0.5,0.5,3.2,0.8,0.3,0.7
610,1,2,2,3,3,3,1,1,3,0,2,3,3,3,0,3,5285.0,0.1057,3.044733333,0.03471568391700595,-1.4594742744962654,100,100,4,1 bead per cell or 1:1 ratio,1,10,5.5,6.7,1,0.4,25,350,10,10,50,1,0.5,0.5,3.2,0.8,0.3,0.7
611,1,2,2,3,3,3,2,1,3,0,2,3,3,3,0,3,6128.333333,0.12256666665999999,3.044733333,0.040255304243420914,-1.395176886678114,100,100,4,1 bead per cell or 1:1 ratio,1,10,5.5,6.7,1,0.4,25,350,10,10,50,1,0.5,0.5,3.2,0.8,0.3,0.7
612,1,2,2,3,3,2,1,1,3,0,2,3,3,3,0,3,5838.333333,0.11676666665999999,3.044733333,0.03835037551382172,-1.4162303792304574,100,100,4,1 bead per cell or 1:1 ratio,1,10,5.5,6.7,1,0.4,25,350,10,10,50,1,0.5,0.5,3.2,0.8,0.3,0.7
613,1,2,2,3,3,3,1,1,3,0,1,3,3,3,0,3,4326.666667,0.08653333334,3.044733333,0.028420660818508536,-1.5463658283615638,100,100,4,1 bead per cell or 1:1 ratio,1,10,5.5,6.7,1,0.4,25,350,10,10,50,1,0.5,0.5,3.2,0.8,0.3,0.7
614,1,2,1,3,3,2,1,1,1,2,0,5,4,0,3,3,23800.0,0.476,3.044733333,0.15633553022227842,-0.8059423090831985,100,100,4,1 bead per cell or 1:1 ratio,1,10,5.5,6.7,1,0.4,25,350,10,10,50,1,0.5,0.5,3.2,0.8,0.3,0.7
615,1,2,2,3,2,2,2,1,3,0,2,3,3,3,0,3,7246.666667,0.14493333334,3.044733333,0.047601322509645216,-1.3223809810891205,100,100,4,1 bead per cell or 1:1 ratio,1,10,5.5,6.7,1,0.4,25,350,10,10,50,1,0.5,0.5,3.2,0.8,0.3,0.7
616,1,2,2,3,2,2,1,0,3,0,2,3,3,3,0,3,6646.666667,0.13293333334000001,3.044733333,0.04366009065530207,-1.359915366861956,100,100,4,1 bead per cell or 1:1 ratio,1,10,5.5,6.7,1,0.4,25,350,10,10,50,1,0.5,0.5,3.2,0.8,0.3,0.7
617,1,2,2,3,3,3,1,0,3,0,2,3,3,3,0,3,7956.666667,0.15913333334000002,3.044733333,0.05226511353728462,-1.2817881018344242,100,100,4,1 bead per cell or 1:1 ratio,1,10,5.5,6.7,1,0.4,25,350,10,10,50,1,0.5,0.5,3.2,0.8,0.3,0.7
618,1,2,2,3,2,2,1,1,3,0,2,3,3,2,0,3,6036.666667,0.12073333334000001,3.044733333,0.03965317160338653,-1.4017220705213336,100,100,4,1 bead per cell or 1:1 ratio,1,10,5.5,6.7,1,0.4,25,350,10,10,50,1,0.5,0.5,3.2,0.8,0.3,0.7
619,1,2,1,3,3,3,1,1,3,0,2,3,3,3,0,3,7453.333333,0.14906666665999999,3.044733333,0.04895885792176204,-1.31016872166441,100,100,4,1 bead per cell or 1:1 ratio,1,10,5.5,6.7,1,0.4,25,350,10,10,50,1,0.5,0.5,3.2,0.8,0.3,0.7
620,1,2,2,3,3,3,1,1,3,0,2,3,3,3,0,2,7368.333333,0.14736666665999998,3.044733333,0.04840051674239676,-1.3151500016371271,100,100,4,1 bead per cell or 1:1 ratio,1,10,5.5,6.7,1,0.4,25,350,10,10,50,1,0.5,0.5,3.2,0.8,0.3,0.7
621,1,2,2,5,2,3,1,1,4,0,2,3,4,3,0,3,8215.0,0.1643,3.044733333,0.05396203280571501,-1.26791169836863,100,100,4,1 bead per cell or 1:1 ratio,1,10,5.5,6.7,1,0.4,25,350,10,10,50,1,0.5,0.5,3.2,0.8,0.3,0.7
622,1,2,2,3,3,3,0,1,3,0,2,3,3,3,0,3,23380.0,0.4676,3.044733333,0.1535766679242382,-0.8136747593138892,100,100,4,1 bead per cell or 1:1 ratio,1,10,5.5,6.7,1,0.4,25,350,10,10,50,1,0.5,0.5,3.2,0.8,0.3,0.7
623,1,2,2,1,3,3,0,2,5,2,2,3,2,1,3,3,47481.66667,0.9496333334,3.044733333,0.311893761961846,-0.5059933112724817,100,100,4,1 bead per cell or 1:1 ratio,1,10,5.5,6.7,1,0.4,25,350,10,10,50,1,0.5,0.5,3.2,0.8,0.3,0.7
624,1,2,5,5,3,2,0,3,1,1,3,3,0,0,1,0,1976.666667,0.03953333334,3.044733333,0.01298416938899785,-1.8865858274218736,100,100,4,1 bead per cell or 1:1 ratio,1,10,5.5,6.7,1,0.4,25,350,10,10,50,1,0.5,0.5,3.2,0.8,0.3,0.7
625,1,2,2,3,2,2,1,1,3,0,2,3,3,3,1,3,8541.666667,0.17083333333999998,3.044733333,0.05610781459526918,-1.2509766467786143,100,100,4,1 bead per cell or 1:1 ratio,1,10,5.5,6.7,1,0.4,25,350,10,10,50,1,0.5,0.5,3.2,0.8,0.3,0.7
626,1,2,2,5,5,1,1,1,5,1,2,5,3,1,4,3,11196.66667,0.22393333340000002,3.044733333,0.0735477655704438,-1.1334305168884158,100,100,4,1 bead per cell or 1:1 ratio,1,10,5.5,6.7,1,0.4,25,350,10,10,50,1,0.5,0.5,3.2,0.8,0.3,0.7
627,1,2,2,3,2,3,1,0,3,0,2,3,3,3,0,3,5703.333333,0.11406666666,3.044733333,0.03746359834659451,-1.4263905113436552,100,100,4,1 bead per cell or 1:1 ratio,1,10,5.5,6.7,1,0.4,25,350,10,10,50,1,0.5,0.5,3.2,0.8,0.3,0.7
628,1,2,2,3,2,2,1,2,3,0,2,3,3,3,0,3,12441.66667,0.24883333340000002,3.044733333,0.08172582166820586,-1.087640704345955,100,100,4,1 bead per cell or 1:1 ratio,1,10,5.5,6.7,1,0.4,25,350,10,10,50,1,0.5,0.5,3.2,0.8,0.3,0.7
629,1,2,2,3,3,3,1,1,3,0,2,2,3,3,0,3,5641.666667,0.11283333334000001,3.044733333,0.037058527299277284,-1.431111843476531,100,100,4,1 bead per cell or 1:1 ratio,1,10,5.5,6.7,1,0.4,25,350,10,10,50,1,0.5,0.5,3.2,0.8,0.3,0.7
630,1,2,1,4,5,3,0,0,2,4,1,5,4,2,4,2,23335.0,0.4667,3.044733333,0.1532810755351625,-0.8145114609185358,100,100,4,1 bead per cell or 1:1 ratio,1,10,5.5,6.7,1,0.4,25,350,10,10,50,1,0.5,0.5,3.2,0.8,0.3,0.7
631,1,2,2,3,2,2,1,1,2,0,2,3,3,3,0,3,24526.66667,0.4905333334,3.044733333,0.1611087999344342,-0.7928807373052413,100,100,4,1 bead per cell or 1:1 ratio,1,10,5.5,6.7,1,0.4,25,350,10,10,50,1,0.5,0.5,3.2,0.8,0.3,0.7
632,1,2,2,3,2,3,1,1,2,0,2,3,3,3,0,3,8021.666667,0.16043333334,3.044733333,0.05269208032150512,-1.278254654827949,100,100,4,1 bead per cell or 1:1 ratio,1,10,5.5,6.7,1,0.4,25,350,10,10,50,1,0.5,0.5,3.2,0.8,0.3,0.7
633,1,2,2,3,1,3,1,1,3,0,2,3,3,3,0,3,9140.0,0.1828,3.044733333,0.0600380985811607,-1.2215730704058791,100,100,4,1 bead per cell or 1:1 ratio,1,10,5.5,6.7,1,0.4,25,350,10,10,50,1,0.5,0.5,3.2,0.8,0.3,0.7
634,1,2,2,3,2,2,1,1,3,0,3,3,3,3,0,3,8350.0,0.167,3.044733333,0.054848809972942225,-1.2608327906561083,100,100,4,1 bead per cell or 1:1 ratio,1,10,5.5,6.7,1,0.4,25,350,10,10,50,1,0.5,0.5,3.2,0.8,0.3,0.7
635,1,2,0,3,5,1,1,1,3,1,3,1,4,0,2,3,1758.333333,0.03516666666,3.044733333,0.011549998904288278,-1.9374180569719734,100,100,4,1 bead per cell or 1:1 ratio,1,10,5.5,6.7,1,0.4,25,350,10,10,50,1,0.5,0.5,3.2,0.8,0.3,0.7
636,1,2,2,3,2,3,1,1,3,0,2,3,3,3,1,3,8241.666667,0.16483333334,3.044733333,0.05413719866809761,-1.266504220572591,100,100,4,1 bead per cell or 1:1 ratio,1,10,5.5,6.7,1,0.4,25,350,10,10,50,1,0.5,0.5,3.2,0.8,0.3,0.7
637,1,2,2,5,5,1,0,1,5,4,1,5,2,4,2,3,32993.33333,0.6598666666,3.044733333,0.21672396050192946,-0.6640930714281125,100,100,4,1 bead per cell or 1:1 ratio,1,10,5.5,6.7,1,0.4,25,350,10,10,50,1,0.5,0.5,3.2,0.8,0.3,0.7
638,1,2,1,0,5,2,0,3,0,5,1,2,4,1,4,3,21546.66667,0.43093333339999995,3.044733333,0.14153401505786317,-0.8491391730256567,100,100,4,1 bead per cell or 1:1 ratio,1,10,5.5,6.7,1,0.4,25,350,10,10,50,1,0.5,0.5,3.2,0.8,0.3,0.7
639,1,2,2,3,2,2,1,1,3,0,2,2,3,3,0,3,19223.33333,0.3844666666,3.044733333,0.1262726894447541,-0.8986905695237825,100,100,4,1 bead per cell or 1:1 ratio,1,10,5.5,6.7,1,0.4,25,350,10,10,50,1,0.5,0.5,3.2,0.8,0.3,0.7
640,1,2,2,3,2,2,1,1,3,0,2,3,2,3,0,3,1793.333333,0.03586666666,3.044733333,0.011779904095791629,-1.9288582452737077,100,100,4,1 bead per cell or 1:1 ratio,1,10,5.5,6.7,1,0.4,25,350,10,10,50,1,0.5,0.5,3.2,0.8,0.3,0.7
641,1,2,2,3,2,3,1,1,3,0,2,3,2,3,0,3,21725.0,0.4345,3.044733333,0.14270543672600836,-0.8455594810190065,100,100,4,1 bead per cell or 1:1 ratio,1,10,5.5,6.7,1,0.4,25,350,10,10,50,1,0.5,0.5,3.2,0.8,0.3,0.7
642,1,2,2,3,3,3,1,1,3,1,2,3,3,3,0,3,6463.333333,0.12926666666,3.044733333,0.04245582536209584,-1.3720627118030655,100,100,4,1 bead per cell or 1:1 ratio,1,10,5.5,6.7,1,0.4,25,350,10,10,50,1,0.5,0.5,3.2,0.8,0.3,0.7
643,1,2,0,3,0,1,2,3,5,0,1,1,0,0,4,0,14958.33333,0.29916666659999996,3.044733333,0.09825709968013148,-1.0076360593697762,100,100,4,1 bead per cell or 1:1 ratio,1,10,5.5,6.7,1,0.4,25,350,10,10,50,1,0.5,0.5,3.2,0.8,0.3,0.7
644,1,2,2,3,2,3,1,1,3,1,2,3,3,3,0,3,21088.33333,0.4217666666,3.044733333,0.13852335179200406,-0.8584770085522573,100,100,4,1 bead per cell or 1:1 ratio,1,10,5.5,6.7,1,0.4,25,350,10,10,50,1,0.5,0.5,3.2,0.8,0.3,0.7
645,1,2,2,3,2,3,1,1,3,0,1,3,3,3,0,3,7693.333333,0.15386666665999998,3.044733333,0.050535350663499304,-1.296404716394496,100,100,4,1 bead per cell or 1:1 ratio,1,10,5.5,6.7,1,0.4,25,350,10,10,50,1,0.5,0.5,3.2,0.8,0.3,0.7
646,1,2,2,3,2,3,1,1,3,0,2,3,3,3,0,3,21053.33333,0.42106666660000003,3.044733333,0.13829344660050072,-0.8591983995918773,100,100,4,1 bead per cell or 1:1 ratio,1,10,5.5,6.7,1,0.4,25,350,10,10,50,1,0.5,0.5,3.2,0.8,0.3,0.7
647,1,2,5,1,2,1,1,2,1,4,3,5,3,3,3,3,158.3333333,0.0031666666659999998,3.044733333,0.0010400472946771526,-2.982946911325937,100,100,4,1 bead per cell or 1:1 ratio,1,10,5.5,6.7,1,0.4,25,350,10,10,50,1,0.5,0.5,3.2,0.8,0.3,0.7
648,1,2,2,2,3,3,1,1,3,0,2,3,3,3,0,3,8810.0,0.1762,3.044733333,0.05787042106127197,-1.2375433577276627,100,100,4,1 bead per cell or 1:1 ratio,1,10,5.5,6.7,1,0.4,25,350,10,10,50,1,0.5,0.5,3.2,0.8,0.3,0.7
649,1,2,4,3,0,3,1,2,4,0,2,3,3,3,0,2,2581.666667,0.05163333334,3.044733333,0.016958244842127195,-1.770619098708074,100,100,4,1 bead per cell or 1:1 ratio,1,10,5.5,6.7,1,0.4,25,350,10,10,50,1,0.5,0.5,3.2,0.8,0.3,0.7
650,1,2,5,3,0,2,3,1,3,0,0,0,3,4,0,3,8223.333333,0.16446666666,3.044733333,0.054016772134835765,-1.267471371387241,100,100,4,1 bead per cell or 1:1 ratio,1,10,5.5,6.7,1,0.4,25,350,10,10,50,1,0.5,0.5,3.2,0.8,0.3,0.7
651,1,2,3,3,2,2,1,1,3,0,2,3,3,3,0,3,7273.333333,0.14546666666,3.044733333,0.0477764883654591,-1.3207857746269533,100,100,4,1 bead per cell or 1:1 ratio,1,10,5.5,6.7,1,0.4,25,350,10,10,50,1,0.5,0.5,3.2,0.8,0.3,0.7
652,1,2,2,3,2,3,1,1,3,0,2,3,3,3,1,3,17403.33333,0.3480666666,3.044733333,0.11431761948657986,-0.9418868277318395,100,100,4,1 bead per cell or 1:1 ratio,1,10,5.5,6.7,1,0.4,25,350,10,10,50,1,0.5,0.5,3.2,0.8,0.3,0.7
653,1,2,3,5,2,3,1,1,4,0,2,2,3,3,0,3,3881.666667,0.07763333334,3.044733333,0.025497580526537365,-1.5935010279513788,100,100,4,1 bead per cell or 1:1 ratio,1,10,5.5,6.7,1,0.4,25,350,10,10,50,1,0.5,0.5,3.2,0.8,0.3,0.7
654,1,2,3,4,2,1,1,1,3,0,2,3,2,3,0,3,3453.333333,0.06906666666,3.044733333,0.022683978892807686,-1.644280765492079,100,100,4,1 bead per cell or 1:1 ratio,1,10,5.5,6.7,1,0.4,25,350,10,10,50,1,0.5,0.5,3.2,0.8,0.3,0.7
655,1,2,2,3,2,2,1,0,3,0,2,3,3,3,0,3,8926.666667,0.17853333334,3.044733333,0.05863677170180604,-1.2318299481671657,100,100,4,1 bead per cell or 1:1 ratio,1,10,5.5,6.7,1,0.4,25,350,10,10,50,1,0.5,0.5,3.2,0.8,0.3,0.7
656,1,2,0,3,3,1,3,2,5,5,0,0,3,3,2,0,17286.66667,0.34573333339999995,3.044733333,0.1135512688920268,-0.9448080083422967,100,100,4,1 bead per cell or 1:1 ratio,1,10,5.5,6.7,1,0.4,25,350,10,10,50,1,0.5,0.5,3.2,0.8,0.3,0.7
657,1,2,1,5,0,3,0,3,1,5,1,2,4,1,4,1,10870.0,0.2174,3.044733333,0.07140198376118347,-1.146289722053416,100,100,4,1 bead per cell or 1:1 ratio,1,10,5.5,6.7,1,0.4,25,350,10,10,50,1,0.5,0.5,3.2,0.8,0.3,0.7
658,1,2,3,3,2,3,2,0,3,0,2,3,3,3,0,3,3551.666667,0.07103333334,3.044733333,0.023329903006648632,-1.6320870667683924,100,100,4,1 bead per cell or 1:1 ratio,1,10,5.5,6.7,1,0.4,25,350,10,10,50,1,0.5,0.5,3.2,0.8,0.3,0.7
659,1,2,4,3,3,3,1,2,3,0,1,5,3,4,0,3,3906.666667,0.07813333334,3.044733333,0.025661798520468328,-1.5907129091402452,100,100,4,1 bead per cell or 1:1 ratio,1,10,5.5,6.7,1,0.4,25,350,10,10,50,1,0.5,0.5,3.2,0.8,0.3,0.7
660,1,2,2,3,2,3,1,3,3,0,1,2,3,3,0,3,21980.0,0.4396,3.044733333,0.1443804602641042,-0.8404915780522387,100,100,4,1 bead per cell or 1:1 ratio,1,10,5.5,6.7,1,0.4,25,350,10,10,50,1,0.5,0.5,3.2,0.8,0.3,0.7
661,1,2,2,3,0,3,2,1,2,1,2,3,3,0,0,3,6210.0,0.1242,3.044733333,0.04079174969245164,-1.3894276659631304,100,100,4,1 bead per cell or 1:1 ratio,1,10,5.5,6.7,1,0.4,25,350,10,10,50,1,0.5,0.5,3.2,0.8,0.3,0.7
662,1,2,0,3,3,0,3,3,3,0,2,1,3,1,0,0,12778.33333,0.2555666666,3.044733333,0.08393729060935137,-1.076045053380409,100,100,4,1 bead per cell or 1:1 ratio,1,10,5.5,6.7,1,0.4,25,350,10,10,50,1,0.5,0.5,3.2,0.8,0.3,0.7
663,1,2,3,5,3,3,1,3,3,0,2,3,2,4,0,1,3826.666667,0.07653333334,3.044733333,0.02513630093988924,-1.5996986327595877,100,100,4,1 bead per cell or 1:1 ratio,1,10,5.5,6.7,1,0.4,25,350,10,10,50,1,0.5,0.5,3.2,0.8,0.3,0.7
664,1,2,5,5,2,2,1,0,1,5,3,5,3,0,4,3,1831.666667,0.03663333334,3.044733333,0.012031705024198255,-1.9196728240208292,100,100,4,1 bead per cell or 1:1 ratio,1,10,5.5,6.7,1,0.4,25,350,10,10,50,1,0.5,0.5,3.2,0.8,0.3,0.7
665,1,2,1,3,0,3,3,2,5,3,1,5,2,0,4,2,16361.66667,0.3272333334,3.044733333,0.10747520311658111,-0.9686917254402925,100,100,4,1 bead per cell or 1:1 ratio,1,10,5.5,6.7,1,0.4,25,350,10,10,50,1,0.5,0.5,3.2,0.8,0.3,0.7
666,1,2,5,3,3,3,1,1,3,0,3,4,0,2,1,2,118.3333333,0.0023666666660000003,3.044733333,0.0007772985043876092,-3.109412167926615,100,100,4,1 bead per cell or 1:1 ratio,1,10,5.5,6.7,1,0.4,25,350,10,10,50,1,0.5,0.5,3.2,0.8,0.3,0.7
667,1,2,0,3,4,3,2,1,4,0,2,3,3,3,0,3,761.6666667,0.015233333334,3.044733333,0.005003174881982349,-2.3007543164344977,100,100,4,1 bead per cell or 1:1 ratio,1,10,5.5,6.7,1,0.4,25,350,10,10,50,1,0.5,0.5,3.2,0.8,0.3,0.7
668,1,2,3,3,2,3,1,1,5,0,3,3,3,4,0,3,4638.333333,0.09276666666,3.044733333,0.030467911805135413,-1.5161573102205217,100,100,4,1 bead per cell or 1:1 ratio,1,10,5.5,6.7,1,0.4,25,350,10,10,50,1,0.5,0.5,3.2,0.8,0.3,0.7
669,1,2,0,3,0,3,2,1,5,0,2,3,3,0,4,3,23223.33333,0.4644666666,3.044733333,0.15254756847370846,-0.8165947103871396,100,100,4,1 bead per cell or 1:1 ratio,1,10,5.5,6.7,1,0.4,25,350,10,10,50,1,0.5,0.5,3.2,0.8,0.3,0.7
670,1,2,2,3,3,3,2,1,3,0,2,3,3,3,0,3,6210.0,0.1242,3.044733333,0.04079174969245164,-1.3894276659631304,100,100,4,1 bead per cell or 1:1 ratio,1,10,5.5,6.7,1,0.4,25,350,10,10,50,1,0.5,0.5,3.2,0.8,0.3,0.7
671,1,2,0,3,3,2,3,1,5,0,1,3,0,0,4,0,16566.66667,0.3313333334,3.044733333,0.10882179066681502,-0.9632841320386577,100,100,4,1 bead per cell or 1:1 ratio,1,10,5.5,6.7,1,0.4,25,350,10,10,50,1,0.5,0.5,3.2,0.8,0.3,0.7
672,1,2,2,3,3,3,1,1,3,0,1,3,3,3,0,3,21361.66667,0.42723333339999997,3.044733333,0.14031880190277404,-0.8528841321396324,100,100,4,1 bead per cell or 1:1 ratio,1,10,5.5,6.7,1,0.4,25,350,10,10,50,1,0.5,0.5,3.2,0.8,0.3,0.7
673,1,2,0,3,4,3,1,1,1,2,0,5,4,3,3,3,37235.0,0.7447,3.044733333,0.24458628016077888,-0.6115679079603223,100,100,4,1 bead per cell or 1:1 ratio,1,10,5.5,6.7,1,0.4,25,350,10,10,50,1,0.5,0.5,3.2,0.8,0.3,0.7
674,1,2,2,3,2,2,2,1,3,0,1,3,4,3,0,3,6250.0,0.125,3.044733333,0.04105449848274118,-1.3866392487956354,100,100,4,1 bead per cell or 1:1 ratio,1,10,5.5,6.7,1,0.4,25,350,10,10,50,1,0.5,0.5,3.2,0.8,0.3,0.7
675,1,2,2,3,2,3,1,2,3,0,2,3,3,3,0,2,18500.0,0.37,3.044733333,0.1215213155089139,-0.9153475377366967,100,100,4,1 bead per cell or 1:1 ratio,1,10,5.5,6.7,1,0.4,25,350,10,10,50,1,0.5,0.5,3.2,0.8,0.3,0.7
676,1,2,2,3,5,3,0,3,0,0,2,2,4,3,0,3,23470.0,0.4694,3.044733333,0.1541678527023897,-0.812006176541118,100,100,4,1 bead per cell or 1:1 ratio,1,10,5.5,6.7,1,0.4,25,350,10,10,50,1,0.5,0.5,3.2,0.8,0.3,0.7
677,1,2,2,3,3,2,1,2,3,0,2,3,3,2,0,3,15398.33333,0.3079666666,3.044733333,0.10114733637331648,-0.9950455495081246,100,100,4,1 bead per cell or 1:1 ratio,1,10,5.5,6.7,1,0.4,25,350,10,10,50,1,0.5,0.5,3.2,0.8,0.3,0.7
678,1,2,1,3,3,3,1,1,3,0,2,3,3,3,0,3,23770.0,0.4754,3.044733333,0.15613846862956127,-0.8064900844115303,100,100,4,1 bead per cell or 1:1 ratio,1,10,5.5,6.7,1,0.4,25,350,10,10,50,1,0.5,0.5,3.2,0.8,0.3,0.7
679,1,2,2,4,3,3,1,1,5,4,3,3,0,3,1,2,56160.0,1.1232,3.044733333,0.3688993015665192,-0.43309216701796166,100,100,4,1 bead per cell or 1:1 ratio,1,10,5.5,6.7,1,0.4,25,350,10,10,50,1,0.5,0.5,3.2,0.8,0.3,0.7
680,1,2,2,5,2,3,0,0,4,0,1,5,4,1,0,2,10566.66667,0.21133333340000002,3.044733333,0.0694094721233835,-1.15858125850462,100,100,4,1 bead per cell or 1:1 ratio,1,10,5.5,6.7,1,0.4,25,350,10,10,50,1,0.5,0.5,3.2,0.8,0.3,0.7
681,1,2,1,5,3,3,1,1,5,0,2,3,3,3,4,3,40063.33333,0.8012666666,3.044733333,0.2631648091856063,-0.5797721857203336,100,100,4,1 bead per cell or 1:1 ratio,1,10,5.5,6.7,1,0.4,25,350,10,10,50,1,0.5,0.5,3.2,0.8,0.3,0.7
682,1,2,0,1,5,2,1,1,3,2,3,1,4,1,2,3,18515.0,0.3703,3.044733333,0.12161984630527248,-0.9149955497542491,100,100,4,1 bead per cell or 1:1 ratio,1,10,5.5,6.7,1,0.4,25,350,10,10,50,1,0.5,0.5,3.2,0.8,0.3,0.7
683,1,2,2,3,2,1,1,3,1,1,2,3,0,0,1,3,18888.33333,0.3777666666,3.044733333,0.12407216832607916,-0.906325627832366,100,100,4,1 bead per cell or 1:1 ratio,1,10,5.5,6.7,1,0.4,25,350,10,10,50,1,0.5,0.5,3.2,0.8,0.3,0.7
684,1,2,2,3,0,2,2,3,3,0,2,3,3,3,4,3,9091.666667,0.18183333334,3.044733333,0.05972061046175041,-1.2238757615830707,100,100,4,1 bead per cell or 1:1 ratio,1,10,5.5,6.7,1,0.4,25,350,10,10,50,1,0.5,0.5,3.2,0.8,0.3,0.7
685,1,2,2,3,1,1,1,1,5,0,2,5,3,1,4,3,32391.66667,0.6478333333999999,3.044733333,0.2127717808251157,-0.672085971511377,100,100,4,1 bead per cell or 1:1 ratio,1,10,5.5,6.7,1,0.4,25,350,10,10,50,1,0.5,0.5,3.2,0.8,0.3,0.7
686,1,2,2,5,4,3,1,0,5,0,1,5,3,4,0,3,15161.66667,0.3032333334,3.044733333,0.09959273940789481,-1.0017723217171015,100,100,4,1 bead per cell or 1:1 ratio,1,10,5.5,6.7,1,0.4,25,350,10,10,50,1,0.5,0.5,3.2,0.8,0.3,0.7
687,1,2,2,3,1,2,1,2,3,0,1,3,3,3,0,3,16261.66667,0.3252333334,3.044733333,0.10681833114085726,-0.9713542114443806,100,100,4,1 bead per cell or 1:1 ratio,1,10,5.5,6.7,1,0.4,25,350,10,10,50,1,0.5,0.5,3.2,0.8,0.3,0.7
688,1,2,5,3,5,0,1,3,3,2,3,2,0,0,4,3,101.6666667,0.002033333334,3.044733333,0.0006678198422048805,-3.1753406813701957,100,100,4,1 bead per cell or 1:1 ratio,1,10,5.5,6.7,1,0.4,25,350,10,10,50,1,0.5,0.5,3.2,0.8,0.3,0.7
689,1,2,5,4,1,0,0,0,2,4,3,5,4,2,4,2,910.0,0.0182,3.044733333,0.0059775349790871166,-2.223477873818617,100,100,4,1 bead per cell or 1:1 ratio,1,10,5.5,6.7,1,0.4,25,350,10,10,50,1,0.5,0.5,3.2,0.8,0.3,0.7
690,1,2,2,3,1,2,1,1,3,0,2,3,3,3,0,3,5488.333333,0.10976666666,3.044733333,0.03605132359878822,-1.4430787858378231,100,100,4,1 bead per cell or 1:1 ratio,1,10,5.5,6.7,1,0.4,25,350,10,10,50,1,0.5,0.5,3.2,0.8,0.3,0.7
691,1,2,2,3,2,3,0,2,3,0,2,3,3,2,0,3,11846.66667,0.2369333334,3.044733333,0.07781743341264889,-1.1089230972678914,100,100,4,1 bead per cell or 1:1 ratio,1,10,5.5,6.7,1,0.4,25,350,10,10,50,1,0.5,0.5,3.2,0.8,0.3,0.7
692,1,2,2,3,2,3,1,1,3,1,2,3,3,3,0,3,12881.66667,0.2576333334,3.044733333,0.08461605836139083,-1.0725472091130652,100,100,4,1 bead per cell or 1:1 ratio,1,10,5.5,6.7,1,0.4,25,350,10,10,50,1,0.5,0.5,3.2,0.8,0.3,0.7
693,1,2,0,3,2,2,2,2,3,0,0,0,0,0,0,0,17998.33333,0.35996666660000004,3.044733333,0.11822600774213682,-0.9272869754306674,100,100,4,1 bead per cell or 1:1 ratio,1,10,5.5,6.7,1,0.4,25,350,10,10,50,1,0.5,0.5,3.2,0.8,0.3,0.7
694,1,2,0,1,5,2,1,2,3,1,2,1,3,0,2,3,20716.66667,0.41433333339999995,3.044733333,0.13608197765935515,-0.866199387811831,100,100,4,1 bead per cell or 1:1 ratio,1,10,5.5,6.7,1,0.4,25,350,10,10,50,1,0.5,0.5,3.2,0.8,0.3,0.7
695,1,2,0,1,4,2,1,1,3,0,0,3,4,3,0,3,29311.66667,0.5862333334,3.044733333,0.19254012397282083,-0.7154787528870378,100,100,4,1 bead per cell or 1:1 ratio,1,10,5.5,6.7,1,0.4,25,350,10,10,50,1,0.5,0.5,3.2,0.8,0.3,0.7
696,1,2,2,5,1,1,0,1,5,4,2,5,3,3,1,3,14961.66667,0.2992333334,3.044733333,0.0982789954564471,-1.007539291243152,100,100,4,1 bead per cell or 1:1 ratio,1,10,5.5,6.7,1,0.4,25,350,10,10,50,1,0.5,0.5,3.2,0.8,0.3,0.7
697,1,2,5,4,5,2,0,3,5,5,1,2,0,1,4,2,5901.666667,0.11803333334,3.044733333,0.03876639443615931,-1.4115445897407135,100,100,4,1 bead per cell or 1:1 ratio,1,10,5.5,6.7,1,0.4,25,350,10,10,50,1,0.5,0.5,3.2,0.8,0.3,0.7
698,1,2,2,3,2,2,2,1,3,0,2,2,3,3,0,3,3023.333333,0.06046666666,3.044733333,0.019859429397195094,-1.7020332338471602,100,100,4,1 bead per cell or 1:1 ratio,1,10,5.5,6.7,1,0.4,25,350,10,10,50,1,0.5,0.5,3.2,0.8,0.3,0.7
699,1,2,2,5,5,2,0,0,3,0,2,3,2,1,0,3,17981.66667,0.3596333334,3.044733333,0.11811652912330763,-0.9276893233454794,100,100,4,1 bead per cell or 1:1 ratio,1,10,5.5,6.7,1,0.4,25,350,10,10,50,1,0.5,0.5,3.2,0.8,0.3,0.7
700,1,2,2,3,2,3,1,1,3,1,2,3,3,3,0,3,9221.666667,0.18443333333999998,3.044733333,0.06057454403019142,-1.2177098462935034,100,100,4,1 bead per cell or 1:1 ratio,1,10,5.5,6.7,1,0.4,25,350,10,10,50,1,0.5,0.5,3.2,0.8,0.3,0.7
701,1,2,2,5,3,2,0,3,3,1,2,3,3,0,0,0,16145.0,0.3229,3.044733333,0.10605198048061702,-0.9744812167865301,100,100,4,1 bead per cell or 1:1 ratio,1,10,5.5,6.7,1,0.4,25,350,10,10,50,1,0.5,0.5,3.2,0.8,0.3,0.7
702,1,2,0,3,2,3,2,1,3,0,2,1,3,0,0,0,18001.66667,0.3600333334,3.044733333,0.1182479035184524,-0.9272065503655317,100,100,4,1 bead per cell or 1:1 ratio,1,10,5.5,6.7,1,0.4,25,350,10,10,50,1,0.5,0.5,3.2,0.8,0.3,0.7
703,1,2,2,3,2,3,1,1,3,0,2,1,3,3,0,3,5978.333333,0.11956666665999999,3.044733333,0.03926999627983512,-1.4059391398716026,100,100,4,1 bead per cell or 1:1 ratio,1,10,5.5,6.7,1,0.4,25,350,10,10,50,1,0.5,0.5,3.2,0.8,0.3,0.7
704,1,2,2,4,2,3,0,1,2,0,1,3,3,3,0,2,51210.0,1.0242,3.044733333,0.3363841387681881,-0.4731644903053145,100,100,4,1 bead per cell or 1:1 ratio,1,10,5.5,6.7,1,0.4,25,350,10,10,50,1,0.5,0.5,3.2,0.8,0.3,0.7
705,1,2,2,2,2,2,1,1,3,0,2,3,3,3,0,2,9935.0,0.1987,3.044733333,0.06526023078816538,-1.1853513946938765,100,100,4,1 bead per cell or 1:1 ratio,1,10,5.5,6.7,1,0.4,25,350,10,10,50,1,0.5,0.5,3.2,0.8,0.3,0.7
706,1,2,5,3,0,1,1,3,1,4,3,5,3,3,4,3,75.0,0.0015,3.044733333,0.0004926539817928942,-3.3074580027480103,100,100,4,1 bead per cell or 1:1 ratio,1,10,5.5,6.7,1,0.4,25,350,10,10,50,1,0.5,0.5,3.2,0.8,0.3,0.7
707,1,2,2,4,3,2,1,1,5,1,3,3,3,3,0,3,181.6666667,0.0036333333340000003,3.044733333,0.0011933174227839677,-2.9232440185030435,100,100,4,1 bead per cell or 1:1 ratio,1,10,5.5,6.7,1,0.4,25,350,10,10,50,1,0.5,0.5,3.2,0.8,0.3,0.7
708,1,3,3,3,2,3,1,1,3,0,2,3,3,2,0,3,10266.66667,0.2053333334,3.120477778,0.06580188932850013,-1.181761636581145,100,100,4,1 bead per cell or 1:1 ratio,1,10,5.5,6.7,1,0.4,25,350,10,10,50,1,0.5,0.5,3.2,0.8,0.3,0.7
709,1,3,5,3,0,2,3,1,3,0,0,0,3,4,0,3,24726.66667,0.4945333334,3.120477778,0.1584800048526415,-0.8000255241714567,100,100,4,1 bead per cell or 1:1 ratio,1,10,5.5,6.7,1,0.4,25,350,10,10,50,1,0.5,0.5,3.2,0.8,0.3,0.7
710,1,3,2,3,1,3,1,1,3,0,3,3,3,3,0,3,10168.33333,0.2033666666,3.120477778,0.06517164391740783,-1.185941324036556,100,100,4,1 bead per cell or 1:1 ratio,1,10,5.5,6.7,1,0.4,25,350,10,10,50,1,0.5,0.5,3.2,0.8,0.3,0.7
711,1,3,2,3,2,3,1,1,3,0,2,3,3,1,0,3,18976.66667,0.37953333339999995,3.120477778,0.12162667399069038,-0.9149711693347607,100,100,4,1 bead per cell or 1:1 ratio,1,10,5.5,6.7,1,0.4,25,350,10,10,50,1,0.5,0.5,3.2,0.8,0.3,0.7
712,1,3,3,5,2,3,1,1,4,0,2,2,3,3,0,3,9645.0,0.1929,3.120477778,0.06181745672409015,-1.2088888665230282,100,100,4,1 bead per cell or 1:1 ratio,1,10,5.5,6.7,1,0.4,25,350,10,10,50,1,0.5,0.5,3.2,0.8,0.3,0.7
713,1,3,2,3,2,3,1,2,3,0,2,3,3,2,0,3,20540.0,0.4108,3.120477778,0.13164650711382184,-0.8805906592416722,100,100,4,1 bead per cell or 1:1 ratio,1,10,5.5,6.7,1,0.4,25,350,10,10,50,1,0.5,0.5,3.2,0.8,0.3,0.7
714,1,3,2,3,1,3,1,1,3,0,2,3,3,2,0,3,16616.66667,0.3323333334,3.120477778,0.10650078514995917,-0.9726471904877992,100,100,4,1 bead per cell or 1:1 ratio,1,10,5.5,6.7,1,0.4,25,350,10,10,50,1,0.5,0.5,3.2,0.8,0.3,0.7
715,1,3,2,3,2,3,1,1,3,0,2,2,3,2,0,3,12318.33333,0.24636666659999998,3.120477778,0.07895158502231127,-1.1026391467255583,100,100,4,1 bead per cell or 1:1 ratio,1,10,5.5,6.7,1,0.4,25,350,10,10,50,1,0.5,0.5,3.2,0.8,0.3,0.7
716,1,3,2,3,3,3,1,1,3,0,3,3,3,3,0,3,16000.0,0.32,3.120477778,0.10254839892021175,-0.9890711158470068,100,100,4,1 bead per cell or 1:1 ratio,1,10,5.5,6.7,1,0.4,25,350,10,10,50,1,0.5,0.5,3.2,0.8,0.3,0.7
717,1,3,2,3,2,3,1,1,3,1,3,3,3,3,0,3,18013.33333,0.3602666666,3.120477778,0.11545240576297415,-0.9375970129529664,100,100,4,1 bead per cell or 1:1 ratio,1,10,5.5,6.7,1,0.4,25,350,10,10,50,1,0.5,0.5,3.2,0.8,0.3,0.7
718,1,3,2,3,2,3,1,1,3,0,3,3,3,2,0,3,21430.0,0.4286,3.120477778,0.1373507618037586,-0.862168927461103,100,100,4,1 bead per cell or 1:1 ratio,1,10,5.5,6.7,1,0.4,25,350,10,10,50,1,0.5,0.5,3.2,0.8,0.3,0.7
719,1,3,2,3,2,3,1,3,3,0,1,2,3,3,0,3,28643.33333,0.5728666666000001,3.120477778,0.18358299829558986,-0.7361675414806574,100,100,4,1 bead per cell or 1:1 ratio,1,10,5.5,6.7,1,0.4,25,350,10,10,50,1,0.5,0.5,3.2,0.8,0.3,0.7
720,1,3,1,3,2,3,1,1,3,0,3,3,3,3,0,3,24040.0,0.4808,3.120477778,0.15407896937761817,-0.8122566351722297,100,100,4,1 bead per cell or 1:1 ratio,1,10,5.5,6.7,1,0.4,25,350,10,10,50,1,0.5,0.5,3.2,0.8,0.3,0.7
721,1,3,0,3,3,0,3,3,3,0,2,1,3,1,0,0,32206.66667,0.6441333334,3.120477778,0.2064213813478405,-0.6852453200271443,100,100,4,1 bead per cell or 1:1 ratio,1,10,5.5,6.7,1,0.4,25,350,10,10,50,1,0.5,0.5,3.2,0.8,0.3,0.7
722,1,3,2,3,2,3,1,2,3,0,3,3,3,3,0,3,21918.33333,0.4383666666,3.120477778,0.14048062437443834,-0.8523835711861887,100,100,4,1 bead per cell or 1:1 ratio,1,10,5.5,6.7,1,0.4,25,350,10,10,50,1,0.5,0.5,3.2,0.8,0.3,0.7
723,1,3,2,3,2,3,1,1,3,0,3,3,3,3,0,2,21941.66667,0.43883333339999997,3.120477778,0.14063017416559215,-0.8519214853785111,100,100,4,1 bead per cell or 1:1 ratio,1,10,5.5,6.7,1,0.4,25,350,10,10,50,1,0.5,0.5,3.2,0.8,0.3,0.7
724,1,3,1,3,4,0,1,2,5,4,1,5,2,0,4,2,87941.66667,1.7588333334000001,3.120477778,0.5636423197114657,-0.2489964063945324,100,100,4,1 bead per cell or 1:1 ratio,1,10,5.5,6.7,1,0.4,25,350,10,10,50,1,0.5,0.5,3.2,0.8,0.3,0.7
725,1,3,2,3,2,3,1,1,3,1,2,3,3,2,0,3,24020.0,0.4804,3.120477778,0.1539507838789679,-0.8126180954360444,100,100,4,1 bead per cell or 1:1 ratio,1,10,5.5,6.7,1,0.4,25,350,10,10,50,1,0.5,0.5,3.2,0.8,0.3,0.7
726,1,3,2,3,2,3,1,1,3,0,1,3,3,2,0,3,25030.0,0.5006,3.120477778,0.16042415156080628,-0.7947302488947083,100,100,4,1 bead per cell or 1:1 ratio,1,10,5.5,6.7,1,0.4,25,350,10,10,50,1,0.5,0.5,3.2,0.8,0.3,0.7
727,1,3,2,3,2,3,1,1,3,0,3,3,3,3,0,3,22278.33333,0.44556666660000005,3.120477778,0.14278796335014313,-0.8453084008997424,100,100,4,1 bead per cell or 1:1 ratio,1,10,5.5,6.7,1,0.4,25,350,10,10,50,1,0.5,0.5,3.2,0.8,0.3,0.7
728,1,3,0,3,0,3,2,1,5,0,2,3,3,0,4,3,55133.33333,1.1026666666,3.120477778,0.35336469125786546,-0.4517768480323233,100,100,4,1 bead per cell or 1:1 ratio,1,10,5.5,6.7,1,0.4,25,350,10,10,50,1,0.5,0.5,3.2,0.8,0.3,0.7
729,1,3,2,3,2,3,1,0,3,0,2,3,3,2,0,3,21286.66667,0.42573333339999997,3.120477778,0.13643209908479598,-0.8650834389511607,100,100,4,1 bead per cell or 1:1 ratio,1,10,5.5,6.7,1,0.4,25,350,10,10,50,1,0.5,0.5,3.2,0.8,0.3,0.7
730,1,3,2,2,2,3,1,1,3,0,3,3,3,3,0,3,18833.33333,0.37666666660000003,3.120477778,0.12070801120763501,-0.9182639054800218,100,100,4,1 bead per cell or 1:1 ratio,1,10,5.5,6.7,1,0.4,25,350,10,10,50,1,0.5,0.5,3.2,0.8,0.3,0.7
731,1,3,2,3,3,3,1,1,3,0,1,3,3,3,0,3,23453.33333,0.4690666666,3.120477778,0.15031886139584616,-0.8229865224988949,100,100,4,1 bead per cell or 1:1 ratio,1,10,5.5,6.7,1,0.4,25,350,10,10,50,1,0.5,0.5,3.2,0.8,0.3,0.7
732,1,3,0,3,4,3,1,1,1,2,0,5,4,3,3,3,44168.33333,0.8833666666000001,3.120477778,0.28308699162285783,-0.5480800868207365,100,100,4,1 bead per cell or 1:1 ratio,1,10,5.5,6.7,1,0.4,25,350,10,10,50,1,0.5,0.5,3.2,0.8,0.3,0.7
733,1,3,2,3,2,3,1,1,2,0,2,3,3,2,0,3,24463.33333,0.4892666666,3.120477778,0.15679222907768453,-0.8046754655821415,100,100,4,1 bead per cell or 1:1 ratio,1,10,5.5,6.7,1,0.4,25,350,10,10,50,1,0.5,0.5,3.2,0.8,0.3,0.7
734,1,3,2,3,2,3,1,2,3,0,2,3,3,3,0,2,19668.33333,0.3933666666,3.120477778,0.12605975577628356,-0.8994235385963719,100,100,4,1 bead per cell or 1:1 ratio,1,10,5.5,6.7,1,0.4,25,350,10,10,50,1,0.5,0.5,3.2,0.8,0.3,0.7
735,1,3,2,3,5,3,0,3,0,0,2,2,4,3,0,3,27191.66667,0.5438333334,3.120477778,0.1742788675612866,-0.7587552707094428,100,100,4,1 bead per cell or 1:1 ratio,1,10,5.5,6.7,1,0.4,25,350,10,10,50,1,0.5,0.5,3.2,0.8,0.3,0.7
736,1,3,2,3,2,3,1,1,3,0,2,3,2,2,0,3,20301.66667,0.4060333334,3.120477778,0.13011896327627043,-0.8856594056206534,100,100,4,1 bead per cell or 1:1 ratio,1,10,5.5,6.7,1,0.4,25,350,10,10,50,1,0.5,0.5,3.2,0.8,0.3,0.7
737,1,3,1,3,3,3,1,1,3,0,2,3,3,3,0,3,15206.66667,0.3041333334,3.120477778,0.0974637074951155,-1.011157072186766,100,100,4,1 bead per cell or 1:1 ratio,1,10,5.5,6.7,1,0.4,25,350,10,10,50,1,0.5,0.5,3.2,0.8,0.3,0.7
738,1,3,2,4,3,3,1,1,5,4,3,3,0,3,1,2,103170.0,2.0634,3.120477778,0.6612448947873905,-0.17963766796125563,100,100,4,1 bead per cell or 1:1 ratio,1,10,5.5,6.7,1,0.4,25,350,10,10,50,1,0.5,0.5,3.2,0.8,0.3,0.7
739,1,3,2,3,2,2,1,1,3,0,2,3,3,3,0,3,12183.33333,0.2436666666,3.120477778,0.07808633290642199,-1.1074249720475369,100,100,4,1 bead per cell or 1:1 ratio,1,10,5.5,6.7,1,0.4,25,350,10,10,50,1,0.5,0.5,3.2,0.8,0.3,0.7
740,1,3,1,5,3,3,1,1,5,0,2,3,3,3,4,3,103623.3333,2.072466666,3.120477778,0.664150432543154,-0.17773354017436413,100,100,4,1 bead per cell or 1:1 ratio,1,10,5.5,6.7,1,0.4,25,350,10,10,50,1,0.5,0.5,3.2,0.8,0.3,0.7
741,1,3,2,1,3,3,0,2,5,2,2,3,2,1,3,3,31976.66667,0.6395333334,3.120477778,0.20494724811336246,-0.6883579087073485,100,100,4,1 bead per cell or 1:1 ratio,1,10,5.5,6.7,1,0.4,25,350,10,10,50,1,0.5,0.5,3.2,0.8,0.3,0.7
742,1,3,2,3,2,2,1,1,3,0,2,3,3,3,0,3,8886.666667,0.17773333334,3.120477778,0.056957089902404036,-1.2444522081284635,100,100,4,1 bead per cell or 1:1 ratio,1,10,5.5,6.7,1,0.4,25,350,10,10,50,1,0.5,0.5,3.2,0.8,0.3,0.7
743,1,3,2,3,2,3,1,1,3,0,2,3,3,2,0,2,25246.66667,0.5049333334,3.120477778,0.16181282781754838,-0.7909870523804464,100,100,4,1 bead per cell or 1:1 ratio,1,10,5.5,6.7,1,0.4,25,350,10,10,50,1,0.5,0.5,3.2,0.8,0.3,0.7
744,1,3,2,3,1,1,1,1,5,0,2,5,3,1,4,3,47510.0,0.9502,3.120477778,0.3045046520437038,-0.516406068083726,100,100,4,1 bead per cell or 1:1 ratio,1,10,5.5,6.7,1,0.4,25,350,10,10,50,1,0.5,0.5,3.2,0.8,0.3,0.7
745,1,3,2,5,4,3,1,0,5,0,1,5,3,4,0,3,61643.33333,1.2328666666,3.120477778,0.39508907106852664,-0.40330498358172345,100,100,4,1 bead per cell or 1:1 ratio,1,10,5.5,6.7,1,0.4,25,350,10,10,50,1,0.5,0.5,3.2,0.8,0.3,0.7
746,1,3,2,3,1,2,1,2,3,0,1,3,3,3,0,3,12575.0,0.2515,3.120477778,0.08059663227635393,-1.0936831047749667,100,100,4,1 bead per cell or 1:1 ratio,1,10,5.5,6.7,1,0.4,25,350,10,10,50,1,0.5,0.5,3.2,0.8,0.3,0.7
747,1,3,2,3,2,3,1,1,3,0,3,2,3,3,0,3,17200.0,0.344,3.120477778,0.11023952883922764,-0.9576626515953827,100,100,4,1 bead per cell or 1:1 ratio,1,10,5.5,6.7,1,0.4,25,350,10,10,50,1,0.5,0.5,3.2,0.8,0.3,0.7
748,1,3,2,3,2,3,0,1,3,0,2,3,3,2,0,3,10351.66667,0.20703333340000002,3.120477778,0.06634667769776376,-1.1781808195011776,100,100,4,1 bead per cell or 1:1 ratio,1,10,5.5,6.7,1,0.4,25,350,10,10,50,1,0.5,0.5,3.2,0.8,0.3,0.7
749,1,3,2,3,2,2,1,1,2,0,2,3,3,3,0,3,17505.0,0.3501,3.120477778,0.11219435769364418,-0.9500289834018801,100,100,4,1 bead per cell or 1:1 ratio,1,10,5.5,6.7,1,0.4,25,350,10,10,50,1,0.5,0.5,3.2,0.8,0.3,0.7
750,1,3,2,3,2,3,0,1,3,0,3,3,3,3,0,3,8818.333333,0.17636666666,3.120477778,0.056519122777742785,-1.2478045873709347,100,100,4,1 bead per cell or 1:1 ratio,1,10,5.5,6.7,1,0.4,25,350,10,10,50,1,0.5,0.5,3.2,0.8,0.3,0.7
751,1,3,2,3,2,3,2,1,3,0,3,3,3,3,0,3,12766.66667,0.25533333340000003,3.120477778,0.08182507665978322,-1.0871135791405784,100,100,4,1 bead per cell or 1:1 ratio,1,10,5.5,6.7,1,0.4,25,350,10,10,50,1,0.5,0.5,3.2,0.8,0.3,0.7
752,1,3,2,3,2,3,1,1,3,0,2,3,3,2,1,3,22516.66667,0.4503333334,3.120477778,0.14431550725178724,-0.8406869998002523,100,100,4,1 bead per cell or 1:1 ratio,1,10,5.5,6.7,1,0.4,25,350,10,10,50,1,0.5,0.5,3.2,0.8,0.3,0.7
753,1,3,2,3,2,3,1,1,2,0,3,3,3,3,0,3,19420.0,0.3884,3.120477778,0.12446811918940703,-0.9049418729309454,100,100,4,1 bead per cell or 1:1 ratio,1,10,5.5,6.7,1,0.4,25,350,10,10,50,1,0.5,0.5,3.2,0.8,0.3,0.7
754,1,3,0,1,4,2,1,1,3,0,0,3,4,3,0,3,11800.0,0.236,3.120477778,0.07562944420365617,-1.1213090911968062,100,100,4,1 bead per cell or 1:1 ratio,1,10,5.5,6.7,1,0.4,25,350,10,10,50,1,0.5,0.5,3.2,0.8,0.3,0.7
755,1,3,2,3,2,3,1,1,3,0,3,3,2,3,0,3,13196.66667,0.2639333334,3.120477778,0.08458106488076392,-1.0727268513606913,100,100,4,1 bead per cell or 1:1 ratio,1,10,5.5,6.7,1,0.4,25,350,10,10,50,1,0.5,0.5,3.2,0.8,0.3,0.7
756,1,3,1,0,5,2,0,3,0,5,1,2,4,1,4,3,10795.0,0.2159,3.120477778,0.06918812289648037,-1.159968451832682,100,100,4,1 bead per cell or 1:1 ratio,1,10,5.5,6.7,1,0.4,25,350,10,10,50,1,0.5,0.5,3.2,0.8,0.3,0.7
757,1,3,2,3,2,2,1,1,3,0,2,2,3,3,0,3,10880.0,0.2176,3.120477778,0.06973291126574399,-1.1565622031407705,100,100,4,1 bead per cell or 1:1 ratio,1,10,5.5,6.7,1,0.4,25,350,10,10,50,1,0.5,0.5,3.2,0.8,0.3,0.7
758,1,3,2,5,5,2,0,0,3,0,2,3,2,1,0,3,29766.66667,0.5953333333999999,3.120477778,0.19078275051250818,-0.7194608942854145,100,100,4,1 bead per cell or 1:1 ratio,1,10,5.5,6.7,1,0.4,25,350,10,10,50,1,0.5,0.5,3.2,0.8,0.3,0.7
759,1,3,2,3,2,3,1,1,3,0,2,3,2,3,0,3,13081.66667,0.2616333334,3.120477778,0.08384399826352489,-1.0765280196926121,100,100,4,1 bead per cell or 1:1 ratio,1,10,5.5,6.7,1,0.4,25,350,10,10,50,1,0.5,0.5,3.2,0.8,0.3,0.7
760,1,3,2,5,3,2,0,3,3,1,2,3,3,0,0,0,18488.33333,0.3697666666,3.120477778,0.11849681135591794,-0.9262933359759148,100,100,4,1 bead per cell or 1:1 ratio,1,10,5.5,6.7,1,0.4,25,350,10,10,50,1,0.5,0.5,3.2,0.8,0.3,0.7
761,1,3,0,3,0,1,2,3,5,0,1,1,0,0,4,0,49100.0,0.982,3.120477778,0.3146953991863998,-0.502109606379963,100,100,4,1 bead per cell or 1:1 ratio,1,10,5.5,6.7,1,0.4,25,350,10,10,50,1,0.5,0.5,3.2,0.8,0.3,0.7
762,1,3,2,3,2,3,1,1,3,1,2,3,3,3,0,3,11225.0,0.2245,3.120477778,0.07194411111746106,-1.1430047488275707,100,100,4,1 bead per cell or 1:1 ratio,1,10,5.5,6.7,1,0.4,25,350,10,10,50,1,0.5,0.5,3.2,0.8,0.3,0.7
763,1,3,2,3,2,3,1,0,3,0,3,3,3,3,0,3,16498.33333,0.3299666666,3.120477778,0.10574235424021661,-0.9757510247219668,100,100,4,1 bead per cell or 1:1 ratio,1,10,5.5,6.7,1,0.4,25,350,10,10,50,1,0.5,0.5,3.2,0.8,0.3,0.7
764,1,3,2,3,2,3,1,1,3,0,2,3,3,3,0,3,7683.333333,0.15366666665999998,3.120477778,0.04924459572934026,-1.3076414235157685,100,100,4,1 bead per cell or 1:1 ratio,1,10,5.5,6.7,1,0.4,25,350,10,10,50,1,0.5,0.5,3.2,0.8,0.3,0.7
765,1,3,2,2,2,3,1,1,3,0,2,3,3,2,0,3,10160.0,0.2032,3.120477778,0.06511823331433446,-1.1862973905550311,100,100,4,1 bead per cell or 1:1 ratio,1,10,5.5,6.7,1,0.4,25,350,10,10,50,1,0.5,0.5,3.2,0.8,0.3,0.7
766,1,3,2,4,3,2,1,1,5,1,3,3,3,3,0,3,49216.66667,0.9843333334,3.120477778,0.3154431479498906,-0.501078901892083,100,100,4,1 bead per cell or 1:1 ratio,1,10,5.5,6.7,1,0.4,25,350,10,10,50,1,0.5,0.5,3.2,0.8,0.3,0.7
767,1,3,2,3,2,2,1,1,4,0,2,3,3,2,0,3,29763.33333,0.5952666666,3.120477778,0.1907613862200047,-0.719509530306574,100,100,4,1 bead per cell or 1:1 ratio,1,10,5.5,6.7,1,0.4,25,350,10,10,50,1,0.5,0.5,3.2,0.8,0.3,0.7
768,1,3,2,3,1,3,2,1,3,0,3,2,3,4,0,3,17170.0,0.3434,3.120477778,0.11004725059125224,-0.9584208033420151,100,100,4,1 bead per cell or 1:1 ratio,1,10,5.5,6.7,1,0.4,25,350,10,10,50,1,0.5,0.5,3.2,0.8,0.3,0.7
769,1,3,3,3,1,3,0,1,3,0,3,3,4,2,0,3,12515.0,0.2503,3.120477778,0.08021207578040314,-1.0957602445586896,100,100,4,1 bead per cell or 1:1 ratio,1,10,5.5,6.7,1,0.4,25,350,10,10,50,1,0.5,0.5,3.2,0.8,0.3,0.7
770,1,3,0,1,4,3,1,1,3,0,2,3,3,4,0,3,25548.33333,0.5109666666,3.120477778,0.1637462923794614,-0.7858285247246997,100,100,4,1 bead per cell or 1:1 ratio,1,10,5.5,6.7,1,0.4,25,350,10,10,50,1,0.5,0.5,3.2,0.8,0.3,0.7
771,1,3,3,3,2,2,1,1,3,0,2,3,3,4,0,3,15996.66667,0.3199333334,3.120477778,0.10252703469180097,-0.9891616031996757,100,100,4,1 bead per cell or 1:1 ratio,1,10,5.5,6.7,1,0.4,25,350,10,10,50,1,0.5,0.5,3.2,0.8,0.3,0.7
772,1,3,2,3,2,2,1,2,3,0,2,3,3,2,0,2,20245.0,0.4049,3.120477778,0.12975577100873043,-0.8868733173984994,100,100,4,1 bead per cell or 1:1 ratio,1,10,5.5,6.7,1,0.4,25,350,10,10,50,1,0.5,0.5,3.2,0.8,0.3,0.7
773,1,3,2,3,1,3,1,2,3,0,2,3,3,2,1,2,37948.33333,0.7589666666,3.120477778,0.2432213015426255,-0.6139983918281895,100,100,4,1 bead per cell or 1:1 ratio,1,10,5.5,6.7,1,0.4,25,350,10,10,50,1,0.5,0.5,3.2,0.8,0.3,0.7
774,1,3,0,3,0,0,1,3,5,0,0,2,3,2,4,3,1033.333333,0.02066666666,3.120477778,0.0066229174281272505,-2.1789506595284163,100,100,4,1 bead per cell or 1:1 ratio,1,10,5.5,6.7,1,0.4,25,350,10,10,50,1,0.5,0.5,3.2,0.8,0.3,0.7
775,1,3,1,3,3,3,0,1,0,4,0,2,4,1,4,3,40976.66667,0.8195333334,3.120477778,0.2626307225059816,-0.580654471565736,100,100,4,1 bead per cell or 1:1 ratio,1,10,5.5,6.7,1,0.4,25,350,10,10,50,1,0.5,0.5,3.2,0.8,0.3,0.7
776,1,3,3,3,2,3,1,2,4,1,3,2,3,3,0,3,7275.0,0.1455,3.120477778,0.04662747513403378,-1.3313581008449866,100,100,4,1 bead per cell or 1:1 ratio,1,10,5.5,6.7,1,0.4,25,350,10,10,50,1,0.5,0.5,3.2,0.8,0.3,0.7
777,1,3,3,3,2,3,1,1,4,0,1,3,3,2,0,3,8518.333333,0.17036666666,3.120477778,0.054596340297988814,-1.2628364679483328,100,100,4,1 bead per cell or 1:1 ratio,1,10,5.5,6.7,1,0.4,25,350,10,10,50,1,0.5,0.5,3.2,0.8,0.3,0.7
778,1,3,2,3,2,2,1,3,3,0,1,3,3,3,0,3,43206.66667,0.8641333334,3.120477778,0.27692340560548606,-0.5576403360719566,100,100,4,1 bead per cell or 1:1 ratio,1,10,5.5,6.7,1,0.4,25,350,10,10,50,1,0.5,0.5,3.2,0.8,0.3,0.7
779,1,3,1,3,3,3,1,1,3,0,1,3,3,3,0,2,41476.66667,0.8295333334,3.120477778,0.26583535997223817,-0.575387252063529,100,100,4,1 bead per cell or 1:1 ratio,1,10,5.5,6.7,1,0.4,25,350,10,10,50,1,0.5,0.5,3.2,0.8,0.3,0.7
780,1,3,0,3,3,1,2,3,3,0,2,1,3,0,0,0,35790.0,0.7158,3.120477778,0.22938794983464866,-0.6394294001129273,100,100,4,1 bead per cell or 1:1 ratio,1,10,5.5,6.7,1,0.4,25,350,10,10,50,1,0.5,0.5,3.2,0.8,0.3,0.7
781,1,3,2,3,2,3,1,1,3,0,3,3,3,4,0,3,16786.66667,0.3357333334,3.120477778,0.10759036188848642,-0.968226631700531,100,100,4,1 bead per cell or 1:1 ratio,1,10,5.5,6.7,1,0.4,25,350,10,10,50,1,0.5,0.5,3.2,0.8,0.3,0.7
782,1,3,3,3,1,2,1,1,1,0,2,3,3,3,0,2,8011.666667,0.16023333334,3.120477778,0.05134897433645496,-1.289468226739859,100,100,4,1 bead per cell or 1:1 ratio,1,10,5.5,6.7,1,0.4,25,350,10,10,50,1,0.5,0.5,3.2,0.8,0.3,0.7
783,1,3,1,3,5,3,0,2,5,0,1,5,2,0,4,2,48528.33333,0.9705666666,3.120477778,0.3110314303286155,-0.5071957224568329,100,100,4,1 bead per cell or 1:1 ratio,1,10,5.5,6.7,1,0.4,25,350,10,10,50,1,0.5,0.5,3.2,0.8,0.3,0.7
784,1,3,2,4,0,3,2,1,5,4,2,3,3,2,0,2,59128.33333,1.1825666666,3.120477778,0.37896974461325583,-0.421395460934325,100,100,4,1 bead per cell or 1:1 ratio,1,10,5.5,6.7,1,0.4,25,350,10,10,50,1,0.5,0.5,3.2,0.8,0.3,0.7
785,1,3,3,3,2,3,1,1,4,0,1,3,3,4,0,3,15628.33333,0.3125666666,3.120477778,0.10016628504893009,-0.9992784329711827,100,100,4,1 bead per cell or 1:1 ratio,1,10,5.5,6.7,1,0.4,25,350,10,10,50,1,0.5,0.5,3.2,0.8,0.3,0.7
786,1,3,4,3,2,3,1,1,5,0,3,3,3,2,0,3,2626.666667,0.05253333334,3.120477778,0.01683502882487119,-1.7737861356779252,100,100,4,1 bead per cell or 1:1 ratio,1,10,5.5,6.7,1,0.4,25,350,10,10,50,1,0.5,0.5,3.2,0.8,0.3,0.7
787,1,3,0,3,0,3,2,1,5,0,1,3,3,0,4,3,36046.66667,0.7209333334,3.120477778,0.23103299708869132,-0.6363259879428278,100,100,4,1 bead per cell or 1:1 ratio,1,10,5.5,6.7,1,0.4,25,350,10,10,50,1,0.5,0.5,3.2,0.8,0.3,0.7
788,1,3,2,3,2,2,1,0,4,0,2,3,3,2,0,3,21241.66667,0.42483333339999996,3.120477778,0.13614368171283286,-0.8660025090131376,100,100,4,1 bead per cell or 1:1 ratio,1,10,5.5,6.7,1,0.4,25,350,10,10,50,1,0.5,0.5,3.2,0.8,0.3,0.7
789,1,3,0,2,2,3,2,1,5,0,1,3,0,0,4,0,42025.0,0.8405,3.120477778,0.2693497790388687,-0.569683376391423,100,100,4,1 bead per cell or 1:1 ratio,1,10,5.5,6.7,1,0.4,25,350,10,10,50,1,0.5,0.5,3.2,0.8,0.3,0.7
790,1,3,0,3,3,3,1,1,3,0,1,3,3,3,0,3,25823.33333,0.5164666666000001,3.120477778,0.16550884298590254,-0.7811787973119297,100,100,4,1 bead per cell or 1:1 ratio,1,10,5.5,6.7,1,0.4,25,350,10,10,50,1,0.5,0.5,3.2,0.8,0.3,0.7
791,1,3,2,3,3,3,1,1,1,2,0,4,4,3,3,3,34275.0,0.6855,3.120477778,0.21967789831189113,-0.6582136350413813,100,100,4,1 bead per cell or 1:1 ratio,1,10,5.5,6.7,1,0.4,25,350,10,10,50,1,0.5,0.5,3.2,0.8,0.3,0.7
792,1,3,2,3,2,3,1,1,2,0,3,3,4,2,0,3,7413.333333,0.14826666666,3.120477778,0.04751409149756169,-1.3231775703321018,100,100,4,1 bead per cell or 1:1 ratio,1,10,5.5,6.7,1,0.4,25,350,10,10,50,1,0.5,0.5,3.2,0.8,0.3,0.7
793,1,3,2,3,2,0,2,3,1,0,2,1,3,2,0,0,27090.0,0.5418,3.120477778,0.17362725792178352,-0.7603820934697634,100,100,4,1 bead per cell or 1:1 ratio,1,10,5.5,6.7,1,0.4,25,350,10,10,50,1,0.5,0.5,3.2,0.8,0.3,0.7
794,1,3,2,3,5,3,0,3,0,0,2,2,4,3,0,3,13443.33333,0.26886666659999997,3.120477778,0.08616201932138866,-1.0646841313226607,100,100,4,1 bead per cell or 1:1 ratio,1,10,5.5,6.7,1,0.4,25,350,10,10,50,1,0.5,0.5,3.2,0.8,0.3,0.7
795,1,3,2,3,1,2,0,2,3,0,1,3,2,2,0,3,9450.0,0.189,3.120477778,0.06056764811225007,-1.2177592899936687,100,100,4,1 bead per cell or 1:1 ratio,1,10,5.5,6.7,1,0.4,25,350,10,10,50,1,0.5,0.5,3.2,0.8,0.3,0.7
796,1,3,1,3,3,3,1,3,1,0,1,3,3,3,0,2,32995.0,0.6599,3.120477778,0.2114740263982742,-0.6747429658047901,100,100,4,1 bead per cell or 1:1 ratio,1,10,5.5,6.7,1,0.4,25,350,10,10,50,1,0.5,0.5,3.2,0.8,0.3,0.7
797,1,3,2,3,3,3,1,0,3,1,3,3,3,3,0,2,7081.666667,0.14163333334,3.120477778,0.04538834864921765,-1.3430556177766186,100,100,4,1 bead per cell or 1:1 ratio,1,10,5.5,6.7,1,0.4,25,350,10,10,50,1,0.5,0.5,3.2,0.8,0.3,0.7
798,1,3,2,3,2,3,0,2,3,0,3,3,3,2,0,3,6068.333333,0.12136666666,3.120477778,0.038893616713331386,-1.4101216699764871,100,100,4,1 bead per cell or 1:1 ratio,1,10,5.5,6.7,1,0.4,25,350,10,10,50,1,0.5,0.5,3.2,0.8,0.3,0.7
799,1,3,0,0,3,3,1,1,4,0,2,3,4,3,4,3,4016.666667,0.08033333334,3.120477778,0.025743920981064584,-1.5893253062756658,100,100,4,1 bead per cell or 1:1 ratio,1,10,5.5,6.7,1,0.4,25,350,10,10,50,1,0.5,0.5,3.2,0.8,0.3,0.7
800,1,3,2,1,2,3,1,1,2,2,3,3,4,4,0,3,4211.666667,0.08423333334000001,3.120477778,0.026993729592904667,-1.5687371069322882,100,100,4,1 bead per cell or 1:1 ratio,1,10,5.5,6.7,1,0.4,25,350,10,10,50,1,0.5,0.5,3.2,0.8,0.3,0.7
801,1,3,2,3,2,3,1,1,3,0,3,3,3,3,0,2,8826.666667,0.17653333334,3.120477778,0.05657253340645324,-1.2473943724385308,100,100,4,1 bead per cell or 1:1 ratio,1,10,5.5,6.7,1,0.4,25,350,10,10,50,1,0.5,0.5,3.2,0.8,0.3,0.7
802,1,3,2,1,0,3,2,1,3,0,2,3,3,2,4,2,13446.66667,0.26893333340000003,3.120477778,0.08618338361389222,-1.0645764592381888,100,100,4,1 bead per cell or 1:1 ratio,1,10,5.5,6.7,1,0.4,25,350,10,10,50,1,0.5,0.5,3.2,0.8,0.3,0.7
803,1,3,2,2,3,1,1,1,5,0,0,5,4,1,4,3,22138.33333,0.4427666666,3.120477778,0.14189066485959126,-0.848046176306652,100,100,4,1 bead per cell or 1:1 ratio,1,10,5.5,6.7,1,0.4,25,350,10,10,50,1,0.5,0.5,3.2,0.8,0.3,0.7
804,1,3,4,3,4,3,1,0,1,0,3,3,3,4,0,3,3416.666667,0.06833333334,3.120477778,0.021898356021556643,-1.6595884877884508,100,100,4,1 bead per cell or 1:1 ratio,1,10,5.5,6.7,1,0.4,25,350,10,10,50,1,0.5,0.5,3.2,0.8,0.3,0.7
805,1,3,2,3,1,2,1,2,1,0,3,3,3,3,0,3,4095.0,0.0819,3.120477778,0.026245980848641697,-1.5809371924064943,100,100,4,1 bead per cell or 1:1 ratio,1,10,5.5,6.7,1,0.4,25,350,10,10,50,1,0.5,0.5,3.2,0.8,0.3,0.7
806,1,3,3,3,1,0,1,1,3,0,1,2,3,1,4,3,15403.33333,0.3080666666,3.120477778,0.09872419818911461,-1.0055763847978718,100,100,4,1 bead per cell or 1:1 ratio,1,10,5.5,6.7,1,0.4,25,350,10,10,50,1,0.5,0.5,3.2,0.8,0.3,0.7
807,1,3,4,3,4,3,0,1,3,0,2,3,3,4,0,3,3108.333333,0.06216666666,3.120477778,0.019922162913092213,-1.700663512788442,100,100,4,1 bead per cell or 1:1 ratio,1,10,5.5,6.7,1,0.4,25,350,10,10,50,1,0.5,0.5,3.2,0.8,0.3,0.7
808,1,3,2,3,1,2,0,1,3,0,1,3,3,4,0,3,6476.666667,0.12953333334,3.120477778,0.04151073731504714,-1.3818395526004597,100,100,4,1 bead per cell or 1:1 ratio,1,10,5.5,6.7,1,0.4,25,350,10,10,50,1,0.5,0.5,3.2,0.8,0.3,0.7
809,1,3,0,3,2,0,3,3,4,0,3,3,3,1,0,0,23980.0,0.4796,3.120477778,0.15369441288166738,-0.8133419197401016,100,100,4,1 bead per cell or 1:1 ratio,1,10,5.5,6.7,1,0.4,25,350,10,10,50,1,0.5,0.5,3.2,0.8,0.3,0.7
810,1,3,2,3,2,3,1,1,4,1,1,3,3,3,0,3,9726.666667,0.19453333334,3.120477778,0.06234088084571516,-1.205227065650278,100,100,4,1 bead per cell or 1:1 ratio,1,10,5.5,6.7,1,0.4,25,350,10,10,50,1,0.5,0.5,3.2,0.8,0.3,0.7
811,1,3,0,3,2,3,2,3,3,0,2,1,0,0,1,0,28573.33333,0.5714666666,3.120477778,0.18313434905031392,-0.7372301909034672,100,100,4,1 bead per cell or 1:1 ratio,1,10,5.5,6.7,1,0.4,25,350,10,10,50,1,0.5,0.5,3.2,0.8,0.3,0.7
812,1,3,2,3,2,3,1,1,2,0,1,3,3,3,0,3,18018.33333,0.36036666660000005,3.120477778,0.11548445213763674,-0.9374764816190181,100,100,4,1 bead per cell or 1:1 ratio,1,10,5.5,6.7,1,0.4,25,350,10,10,50,1,0.5,0.5,3.2,0.8,0.3,0.7
813,1,3,0,3,4,3,1,1,3,2,0,5,4,2,3,3,13848.33333,0.27696666659999997,3.120477778,0.08875777566905652,-1.0517935900222632,100,100,4,1 bead per cell or 1:1 ratio,1,10,5.5,6.7,1,0.4,25,350,10,10,50,1,0.5,0.5,3.2,0.8,0.3,0.7
814,1,3,2,3,1,3,1,1,3,0,2,3,3,4,0,3,10238.33333,0.20476666659999998,3.120477778,0.06562029316268375,-1.182961833708407,100,100,4,1 bead per cell or 1:1 ratio,1,10,5.5,6.7,1,0.4,25,350,10,10,50,1,0.5,0.5,3.2,0.8,0.3,0.7
815,1,3,2,3,5,2,0,3,3,5,1,2,3,1,4,3,7665.0,0.1533,3.120477778,0.049127092357713946,-1.3086789393125375,100,100,4,1 bead per cell or 1:1 ratio,1,10,5.5,6.7,1,0.4,25,350,10,10,50,1,0.5,0.5,3.2,0.8,0.3,0.7
816,1,3,2,3,2,3,1,0,2,0,2,2,3,3,0,3,6156.666667,0.12313333334000001,3.120477778,0.039459769336642914,-1.403845457758839,100,100,4,1 bead per cell or 1:1 ratio,1,10,5.5,6.7,1,0.4,25,350,10,10,50,1,0.5,0.5,3.2,0.8,0.3,0.7
817,1,3,2,3,4,2,0,1,3,0,2,3,2,2,0,2,6550.0,0.131,3.120477778,0.04198075080796169,-1.3769497985111485,100,100,4,1 bead per cell or 1:1 ratio,1,10,5.5,6.7,1,0.4,25,350,10,10,50,1,0.5,0.5,3.2,0.8,0.3,0.7
818,1,3,2,3,2,3,1,1,3,1,2,3,4,3,0,3,5291.666667,0.10583333334,3.120477778,0.03391574652001896,-1.4695986192312236,100,100,4,1 bead per cell or 1:1 ratio,1,10,5.5,6.7,1,0.4,25,350,10,10,50,1,0.5,0.5,3.2,0.8,0.3,0.7
819,1,3,2,3,0,0,3,1,3,0,2,3,3,1,0,0,18316.66667,0.36633333339999996,3.120477778,0.11739655253523165,-0.9303446563840502,100,100,4,1 bead per cell or 1:1 ratio,1,10,5.5,6.7,1,0.4,25,350,10,10,50,1,0.5,0.5,3.2,0.8,0.3,0.7
820,1,3,0,4,2,3,2,1,3,0,1,1,4,0,3,0,2795.0,0.0559,3.120477778,0.01791392343637449,-1.7468092862804896,100,100,4,1 bead per cell or 1:1 ratio,1,10,5.5,6.7,1,0.4,25,350,10,10,50,1,0.5,0.5,3.2,0.8,0.3,0.7
821,1,3,2,3,2,2,1,1,3,0,2,0,2,3,0,0,8001.666667,0.16003333334,3.120477778,0.05128488158712983,-1.2900106428993177,100,100,4,1 bead per cell or 1:1 ratio,1,10,5.5,6.7,1,0.4,25,350,10,10,50,1,0.5,0.5,3.2,0.8,0.3,0.7
822,1,3,2,3,2,3,0,0,3,0,3,3,3,3,0,3,3585.0,0.0717,3.120477778,0.022977250633059946,-1.6387019384991126,100,100,4,1 bead per cell or 1:1 ratio,1,10,5.5,6.7,1,0.4,25,350,10,10,50,1,0.5,0.5,3.2,0.8,0.3,0.7
823,1,3,2,2,1,3,1,1,5,0,2,3,3,3,0,3,15368.33333,0.3073666666,3.120477778,0.09849987356647665,-1.006564326958396,100,100,4,1 bead per cell or 1:1 ratio,1,10,5.5,6.7,1,0.4,25,350,10,10,50,1,0.5,0.5,3.2,0.8,0.3,0.7
824,1,3,2,1,2,3,1,2,3,0,2,3,3,2,4,3,12553.33333,0.2510666666,3.120477778,0.08045776463145189,-1.0944320376572678,100,100,4,1 bead per cell or 1:1 ratio,1,10,5.5,6.7,1,0.4,25,350,10,10,50,1,0.5,0.5,3.2,0.8,0.3,0.7
825,1,3,2,3,3,3,1,1,3,0,3,3,3,3,0,2,14070.0,0.2814,3.120477778,0.09017849830046121,-1.044897001068186,100,100,4,1 bead per cell or 1:1 ratio,1,10,5.5,6.7,1,0.4,25,350,10,10,50,1,0.5,0.5,3.2,0.8,0.3,0.7
826,1,3,3,3,2,3,1,1,3,0,2,3,3,2,0,3,9888.333333,0.19776666666,3.120477778,0.06337704695553195,-1.1980680005637614,100,100,4,1 bead per cell or 1:1 ratio,1,10,5.5,6.7,1,0.4,25,350,10,10,50,1,0.5,0.5,3.2,0.8,0.3,0.7
827,1,3,5,3,0,2,3,1,3,0,0,0,3,4,0,3,22981.66667,0.45963333339999995,3.120477778,0.1472958200954059,-0.8318095772256443,100,100,4,1 bead per cell or 1:1 ratio,1,10,5.5,6.7,1,0.4,25,350,10,10,50,1,0.5,0.5,3.2,0.8,0.3,0.7
828,1,3,2,3,1,3,1,1,3,0,3,3,3,3,0,3,9051.666667,0.18103333334,3.120477778,0.05801462026626872,-1.2364625460779546,100,100,4,1 bead per cell or 1:1 ratio,1,10,5.5,6.7,1,0.4,25,350,10,10,50,1,0.5,0.5,3.2,0.8,0.3,0.7
829,1,3,2,3,2,3,1,1,3,0,2,3,3,1,0,3,21390.0,0.4278,3.120477778,0.1370943908064581,-0.8629803139314035,100,100,4,1 bead per cell or 1:1 ratio,1,10,5.5,6.7,1,0.4,25,350,10,10,50,1,0.5,0.5,3.2,0.8,0.3,0.7
830,1,3,3,5,2,3,1,1,4,0,2,2,3,3,0,3,8001.666667,0.16003333334,3.120477778,0.05128488158712983,-1.2900106428993177,100,100,4,1 bead per cell or 1:1 ratio,1,10,5.5,6.7,1,0.4,25,350,10,10,50,1,0.5,0.5,3.2,0.8,0.3,0.7
831,1,3,2,3,2,3,1,2,3,0,2,3,3,2,0,3,17796.66667,0.3559333334,3.120477778,0.11406372957032479,-0.9428524322833414,100,100,4,1 bead per cell or 1:1 ratio,1,10,5.5,6.7,1,0.4,25,350,10,10,50,1,0.5,0.5,3.2,0.8,0.3,0.7
832,1,3,2,3,1,3,1,1,3,0,2,3,3,2,0,3,12213.33333,0.2442666666,3.120477778,0.07827861115439738,-1.1063568883453114,100,100,4,1 bead per cell or 1:1 ratio,1,10,5.5,6.7,1,0.4,25,350,10,10,50,1,0.5,0.5,3.2,0.8,0.3,0.7
833,1,3,2,3,2,3,1,1,3,0,2,2,3,2,0,3,10573.33333,0.2114666666,3.120477778,0.06776740026507569,-1.1689791747139429,100,100,4,1 bead per cell or 1:1 ratio,1,10,5.5,6.7,1,0.4,25,350,10,10,50,1,0.5,0.5,3.2,0.8,0.3,0.7
834,1,3,2,3,3,3,1,1,3,0,3,3,3,3,0,3,15321.66667,0.3064333334,3.120477778,0.09820077411235453,-1.0078850886753838,100,100,4,1 bead per cell or 1:1 ratio,1,10,5.5,6.7,1,0.4,25,350,10,10,50,1,0.5,0.5,3.2,0.8,0.3,0.7
835,1,3,2,3,2,3,1,1,3,1,3,3,3,3,0,3,16178.33333,0.3235666666,3.120477778,0.10369138626181237,-0.9842573193519338,100,100,4,1 bead per cell or 1:1 ratio,1,10,5.5,6.7,1,0.4,25,350,10,10,50,1,0.5,0.5,3.2,0.8,0.3,0.7
836,1,3,2,3,2,3,1,1,3,0,3,3,3,2,0,3,22496.66667,0.44993333339999997,3.120477778,0.14418732175313698,-0.8410729250168556,100,100,4,1 bead per cell or 1:1 ratio,1,10,5.5,6.7,1,0.4,25,350,10,10,50,1,0.5,0.5,3.2,0.8,0.3,0.7
837,1,3,2,3,2,3,1,3,3,0,1,2,3,3,0,3,21886.66667,0.4377333334,3.120477778,0.14027766404430392,-0.8530114747631298,100,100,4,1 bead per cell or 1:1 ratio,1,10,5.5,6.7,1,0.4,25,350,10,10,50,1,0.5,0.5,3.2,0.8,0.3,0.7
838,1,3,1,3,2,3,1,1,3,0,3,3,3,3,0,3,20673.33333,0.41346666660000003,3.120477778,0.13250107708345937,-0.8777805913913113,100,100,4,1 bead per cell or 1:1 ratio,1,10,5.5,6.7,1,0.4,25,350,10,10,50,1,0.5,0.5,3.2,0.8,0.3,0.7
839,1,3,0,3,3,0,3,3,3,0,2,1,3,1,0,0,34645.0,0.6929,3.120477778,0.222049330036921,-0.6535505328335037,100,100,4,1 bead per cell or 1:1 ratio,1,10,5.5,6.7,1,0.4,25,350,10,10,50,1,0.5,0.5,3.2,0.8,0.3,0.7
840,1,3,2,3,2,3,1,2,3,0,3,3,3,3,0,3,22950.0,0.459,3.120477778,0.14709285970117875,-0.8324084086296515,100,100,4,1 bead per cell or 1:1 ratio,1,10,5.5,6.7,1,0.4,25,350,10,10,50,1,0.5,0.5,3.2,0.8,0.3,0.7
841,1,3,2,3,2,3,1,1,3,0,3,3,3,3,0,2,18725.0,0.3745,3.120477778,0.12001367311131032,-0.9207692721314275,100,100,4,1 bead per cell or 1:1 ratio,1,10,5.5,6.7,1,0.4,25,350,10,10,50,1,0.5,0.5,3.2,0.8,0.3,0.7
842,1,3,1,3,4,0,1,2,5,4,1,5,2,0,4,2,86191.66667,1.7238333334000002,3.120477778,0.5524260885795675,-0.25772581984972887,100,100,4,1 bead per cell or 1:1 ratio,1,10,5.5,6.7,1,0.4,25,350,10,10,50,1,0.5,0.5,3.2,0.8,0.3,0.7
843,1,3,2,3,2,3,1,1,3,1,2,3,3,2,0,3,24838.33333,0.4967666666,3.120477778,0.159195707177377,-0.7980686474922786,100,100,4,1 bead per cell or 1:1 ratio,1,10,5.5,6.7,1,0.4,25,350,10,10,50,1,0.5,0.5,3.2,0.8,0.3,0.7
844,1,3,2,3,2,3,1,1,3,0,1,3,3,2,0,3,18536.66667,0.3707333334,3.120477778,0.11880659302038457,-0.9251594580675973,100,100,4,1 bead per cell or 1:1 ratio,1,10,5.5,6.7,1,0.4,25,350,10,10,50,1,0.5,0.5,3.2,0.8,0.3,0.7
845,1,3,2,3,2,3,1,1,3,0,3,3,3,3,0,3,18986.66667,0.3797333334,3.120477778,0.12169076674001553,-0.9147423725175485,100,100,4,1 bead per cell or 1:1 ratio,1,10,5.5,6.7,1,0.4,25,350,10,10,50,1,0.5,0.5,3.2,0.8,0.3,0.7
846,1,3,0,3,0,3,2,1,5,0,2,3,3,0,4,3,52020.0,1.0404,3.120477778,0.3334104819893385,-0.47702075064307764,100,100,4,1 bead per cell or 1:1 ratio,1,10,5.5,6.7,1,0.4,25,350,10,10,50,1,0.5,0.5,3.2,0.8,0.3,0.7
847,1,3,2,3,2,3,1,0,3,0,2,3,3,2,0,3,19260.0,0.3852,3.120477778,0.1234426352002049,-0.9085348157144159,100,100,4,1 bead per cell or 1:1 ratio,1,10,5.5,6.7,1,0.4,25,350,10,10,50,1,0.5,0.5,3.2,0.8,0.3,0.7
848,1,3,2,2,2,3,1,1,3,0,3,3,3,3,0,3,13793.33333,0.2758666666,3.120477778,0.0884052655477683,-1.053521866997831,100,100,4,1 bead per cell or 1:1 ratio,1,10,5.5,6.7,1,0.4,25,350,10,10,50,1,0.5,0.5,3.2,0.8,0.3,0.7
849,1,3,2,3,3,3,1,1,3,0,1,3,3,3,0,3,16648.33333,0.3329666666,3.120477778,0.10670374548009359,-0.9718203358446259,100,100,4,1 bead per cell or 1:1 ratio,1,10,5.5,6.7,1,0.4,25,350,10,10,50,1,0.5,0.5,3.2,0.8,0.3,0.7
850,1,3,0,3,4,3,1,1,1,2,0,5,4,3,3,3,29608.33333,0.5921666666000001,3.120477778,0.18976794860546514,-0.7217771371101217,100,100,4,1 bead per cell or 1:1 ratio,1,10,5.5,6.7,1,0.4,25,350,10,10,50,1,0.5,0.5,3.2,0.8,0.3,0.7
851,1,3,2,3,2,3,1,1,2,0,2,3,3,2,0,3,24260.0,0.4852,3.120477778,0.1554890098627711,-0.8083003019723773,100,100,4,1 bead per cell or 1:1 ratio,1,10,5.5,6.7,1,0.4,25,350,10,10,50,1,0.5,0.5,3.2,0.8,0.3,0.7
852,1,3,2,3,2,3,1,2,3,0,2,3,3,3,0,2,20613.33333,0.41226666660000005,3.120477778,0.13211652058750858,-0.8790428723825542,100,100,4,1 bead per cell or 1:1 ratio,1,10,5.5,6.7,1,0.4,25,350,10,10,50,1,0.5,0.5,3.2,0.8,0.3,0.7
853,1,3,2,3,5,3,0,3,0,0,2,2,4,3,0,3,20831.66667,0.41663333339999997,3.120477778,0.13351587899050243,-0.8744670807573949,100,100,4,1 bead per cell or 1:1 ratio,1,10,5.5,6.7,1,0.4,25,350,10,10,50,1,0.5,0.5,3.2,0.8,0.3,0.7
854,1,3,2,3,2,3,1,1,3,0,2,3,2,2,0,3,14213.33333,0.2842666666,3.120477778,0.09109716101942386,-1.0404951573059296,100,100,4,1 bead per cell or 1:1 ratio,1,10,5.5,6.7,1,0.4,25,350,10,10,50,1,0.5,0.5,3.2,0.8,0.3,0.7
855,1,3,1,3,3,3,1,1,3,0,2,3,3,3,0,3,9168.333333,0.18336666666,3.120477778,0.05876236900412242,-1.2309007039525988,100,100,4,1 bead per cell or 1:1 ratio,1,10,5.5,6.7,1,0.4,25,350,10,10,50,1,0.5,0.5,3.2,0.8,0.3,0.7
856,1,3,2,4,3,3,1,1,5,4,3,3,0,3,1,2,81863.33333,1.6372666666,3.120477778,0.5246846102039442,-0.2801016741312308,100,100,4,1 bead per cell or 1:1 ratio,1,10,5.5,6.7,1,0.4,25,350,10,10,50,1,0.5,0.5,3.2,0.8,0.3,0.7
857,1,3,2,3,2,2,1,1,3,0,2,3,3,3,0,3,8890.0,0.1778,3.120477778,0.056978454150042664,-1.2442893375327178,100,100,4,1 bead per cell or 1:1 ratio,1,10,5.5,6.7,1,0.4,25,350,10,10,50,1,0.5,0.5,3.2,0.8,0.3,0.7
858,1,3,1,5,3,3,1,1,5,0,2,3,3,3,4,3,96301.66667,1.9260333334000002,3.120477778,0.6172238581472763,-0.20955729508223317,100,100,4,1 bead per cell or 1:1 ratio,1,10,5.5,6.7,1,0.4,25,350,10,10,50,1,0.5,0.5,3.2,0.8,0.3,0.7
859,1,3,2,1,3,3,0,2,5,2,2,3,2,1,3,3,23275.0,0.4655,3.120477778,0.14917587405424554,-0.8263014088495514,100,100,4,1 bead per cell or 1:1 ratio,1,10,5.5,6.7,1,0.4,25,350,10,10,50,1,0.5,0.5,3.2,0.8,0.3,0.7
860,1,3,2,3,2,2,1,1,3,0,2,3,3,3,0,3,9435.0,0.1887,3.120477778,0.060471508988262375,-1.2184491940019813,100,100,4,1 bead per cell or 1:1 ratio,1,10,5.5,6.7,1,0.4,25,350,10,10,50,1,0.5,0.5,3.2,0.8,0.3,0.7
861,1,3,2,3,2,3,1,1,3,0,2,3,3,2,0,2,25295.0,0.5059,3.120477778,0.16212260941792228,-0.7901564147583454,100,100,4,1 bead per cell or 1:1 ratio,1,10,5.5,6.7,1,0.4,25,350,10,10,50,1,0.5,0.5,3.2,0.8,0.3,0.7
862,1,3,2,3,1,1,1,1,5,0,2,5,3,1,4,3,34520.0,0.6904,3.120477778,0.22124817067035688,-0.6551203114597596,100,100,4,1 bead per cell or 1:1 ratio,1,10,5.5,6.7,1,0.4,25,350,10,10,50,1,0.5,0.5,3.2,0.8,0.3,0.7
863,1,3,2,5,4,3,1,0,5,0,1,5,3,4,0,3,57270.0,1.1454,3.120477778,0.36705917538503297,-0.43526391538960235,100,100,4,1 bead per cell or 1:1 ratio,1,10,5.5,6.7,1,0.4,25,350,10,10,50,1,0.5,0.5,3.2,0.8,0.3,0.7
864,1,3,2,3,1,2,1,2,3,0,1,3,3,3,0,3,8676.666667,0.17353333333999998,3.120477778,0.055611142166576255,-1.2548381850966739,100,100,4,1 bead per cell or 1:1 ratio,1,10,5.5,6.7,1,0.4,25,350,10,10,50,1,0.5,0.5,3.2,0.8,0.3,0.7
865,1,3,2,3,2,3,1,1,3,0,3,2,3,3,0,3,15351.66667,0.3070333334,3.120477778,0.09839305236032993,-1.0070355664883397,100,100,4,1 bead per cell or 1:1 ratio,1,10,5.5,6.7,1,0.4,25,350,10,10,50,1,0.5,0.5,3.2,0.8,0.3,0.7
866,1,3,2,3,2,3,0,1,3,0,2,3,3,2,0,3,10798.33333,0.2159666666,3.120477778,0.06920948712489117,-1.1598343690753108,100,100,4,1 bead per cell or 1:1 ratio,1,10,5.5,6.7,1,0.4,25,350,10,10,50,1,0.5,0.5,3.2,0.8,0.3,0.7
867,1,3,2,3,2,2,1,1,2,0,2,3,3,3,0,3,23635.0,0.4727,3.120477778,0.1514832130299503,-0.8196354918639989,100,100,4,1 bead per cell or 1:1 ratio,1,10,5.5,6.7,1,0.4,25,350,10,10,50,1,0.5,0.5,3.2,0.8,0.3,0.7
868,1,3,2,3,2,3,0,1,3,0,3,3,3,3,0,3,7603.333333,0.15206666666,3.120477778,0.0487318537347392,-1.3121870679649852,100,100,4,1 bead per cell or 1:1 ratio,1,10,5.5,6.7,1,0.4,25,350,10,10,50,1,0.5,0.5,3.2,0.8,0.3,0.7
869,1,3,2,3,2,3,2,1,3,0,3,3,3,3,0,3,12270.0,0.2454,3.120477778,0.0786418034219374,-1.1043465357759272,100,100,4,1 bead per cell or 1:1 ratio,1,10,5.5,6.7,1,0.4,25,350,10,10,50,1,0.5,0.5,3.2,0.8,0.3,0.7
870,1,3,2,3,2,3,1,1,3,0,2,3,3,2,1,3,15811.66667,0.3162333334,3.120477778,0.10134131882928601,-0.9942134482143373,100,100,4,1 bead per cell or 1:1 ratio,1,10,5.5,6.7,1,0.4,25,350,10,10,50,1,0.5,0.5,3.2,0.8,0.3,0.7
871,1,3,2,3,2,3,1,1,2,0,3,3,3,3,0,3,13193.33333,0.26386666659999997,3.120477778,0.08455970058826034,-1.0728365634619423,100,100,4,1 bead per cell or 1:1 ratio,1,10,5.5,6.7,1,0.4,25,350,10,10,50,1,0.5,0.5,3.2,0.8,0.3,0.7
872,1,3,0,1,4,2,1,1,3,0,0,3,4,3,0,3,6606.666667,0.13213333334000002,3.120477778,0.04234394305627387,-1.3732087030514255,100,100,4,1 bead per cell or 1:1 ratio,1,10,5.5,6.7,1,0.4,25,350,10,10,50,1,0.5,0.5,3.2,0.8,0.3,0.7
873,1,3,2,3,2,3,1,1,3,0,3,3,2,3,0,3,8771.666667,0.17543333334,3.120477778,0.05622002328516502,-1.250108978852794,100,100,4,1 bead per cell or 1:1 ratio,1,10,5.5,6.7,1,0.4,25,350,10,10,50,1,0.5,0.5,3.2,0.8,0.3,0.7
874,1,3,1,0,5,2,0,3,0,5,1,2,4,1,4,3,6990.0,0.1398,3.120477778,0.04480083177826751,-1.3487139227572502,100,100,4,1 bead per cell or 1:1 ratio,1,10,5.5,6.7,1,0.4,25,350,10,10,50,1,0.5,0.5,3.2,0.8,0.3,0.7
875,1,3,2,3,2,2,1,1,3,0,2,2,3,3,0,3,9778.333333,0.19556666666,3.120477778,0.06267202671295549,-1.2029262606850482,100,100,4,1 bead per cell or 1:1 ratio,1,10,5.5,6.7,1,0.4,25,350,10,10,50,1,0.5,0.5,3.2,0.8,0.3,0.7
876,1,3,2,5,5,2,0,0,3,0,2,3,2,1,0,3,22828.33333,0.4565666666,3.120477778,0.14631306456302537,-0.8347168931890582,100,100,4,1 bead per cell or 1:1 ratio,1,10,5.5,6.7,1,0.4,25,350,10,10,50,1,0.5,0.5,3.2,0.8,0.3,0.7
877,1,3,2,3,2,3,1,1,3,0,2,3,2,3,0,3,10568.33333,0.2113666666,3.120477778,0.06773535389041312,-1.1691845958365934,100,100,4,1 bead per cell or 1:1 ratio,1,10,5.5,6.7,1,0.4,25,350,10,10,50,1,0.5,0.5,3.2,0.8,0.3,0.7
878,1,3,2,5,3,2,0,3,3,1,2,3,3,0,0,0,14915.0,0.2983,3.120477778,0.0955943356184349,-1.01956784080485,100,100,4,1 bead per cell or 1:1 ratio,1,10,5.5,6.7,1,0.4,25,350,10,10,50,1,0.5,0.5,3.2,0.8,0.3,0.7
879,1,3,0,3,0,1,2,3,5,0,1,1,0,0,4,0,38560.0,0.7712,3.120477778,0.24714164139771033,-0.6070540732721385,100,100,4,1 bead per cell or 1:1 ratio,1,10,5.5,6.7,1,0.4,25,350,10,10,50,1,0.5,0.5,3.2,0.8,0.3,0.7
880,1,3,2,3,2,3,1,1,3,1,2,3,3,3,0,3,15973.33333,0.3194666666,3.120477778,0.10237748490064716,-0.9897955439319681,100,100,4,1 bead per cell or 1:1 ratio,1,10,5.5,6.7,1,0.4,25,350,10,10,50,1,0.5,0.5,3.2,0.8,0.3,0.7
881,1,3,2,3,2,3,1,0,3,0,3,3,3,3,0,3,18655.0,0.3731,3.120477778,0.11956502386603439,-0.9223958451260836,100,100,4,1 bead per cell or 1:1 ratio,1,10,5.5,6.7,1,0.4,25,350,10,10,50,1,0.5,0.5,3.2,0.8,0.3,0.7
882,1,3,2,3,2,3,1,1,3,0,2,3,3,3,0,3,9196.666667,0.18393333333999998,3.120477778,0.05894396513148313,-1.2295606527276677,100,100,4,1 bead per cell or 1:1 ratio,1,10,5.5,6.7,1,0.4,25,350,10,10,50,1,0.5,0.5,3.2,0.8,0.3,0.7
883,1,3,2,2,2,3,1,1,3,0,2,3,3,2,0,3,6681.666667,0.13363333334000002,3.120477778,0.04282463867621236,-1.3683062926143876,100,100,4,1 bead per cell or 1:1 ratio,1,10,5.5,6.7,1,0.4,25,350,10,10,50,1,0.5,0.5,3.2,0.8,0.3,0.7
884,1,3,2,4,3,2,1,1,5,1,3,3,3,3,0,3,64611.66667,1.2922333334,3.120477778,0.4141139355359319,-0.3828801546110607,100,100,4,1 bead per cell or 1:1 ratio,1,10,5.5,6.7,1,0.4,25,350,10,10,50,1,0.5,0.5,3.2,0.8,0.3,0.7
885,1,3,2,3,2,2,1,1,4,0,2,3,3,2,0,3,28408.33333,0.5681666666,3.120477778,0.18207681868644923,-0.7397453433726238,100,100,4,1 bead per cell or 1:1 ratio,1,10,5.5,6.7,1,0.4,25,350,10,10,50,1,0.5,0.5,3.2,0.8,0.3,0.7
886,1,3,2,3,1,3,2,1,3,0,3,2,3,4,0,3,19498.33333,0.3899666666,3.120477778,0.12497017903775631,-0.9031936079875261,100,100,4,1 bead per cell or 1:1 ratio,1,10,5.5,6.7,1,0.4,25,350,10,10,50,1,0.5,0.5,3.2,0.8,0.3,0.7
887,1,3,3,3,1,3,0,1,3,0,3,3,4,2,0,3,15673.33333,0.3134666666,3.120477778,0.10045470242089319,-0.9980297285260372,100,100,4,1 bead per cell or 1:1 ratio,1,10,5.5,6.7,1,0.4,25,350,10,10,50,1,0.5,0.5,3.2,0.8,0.3,0.7
888,1,3,0,1,4,3,1,1,3,0,2,3,3,4,0,3,29936.66667,0.5987333334,3.120477778,0.19187232725103545,-0.7169876567850516,100,100,4,1 bead per cell or 1:1 ratio,1,10,5.5,6.7,1,0.4,25,350,10,10,50,1,0.5,0.5,3.2,0.8,0.3,0.7
889,1,3,3,3,2,2,1,1,3,0,2,3,3,4,0,3,21390.0,0.4278,3.120477778,0.1370943908064581,-0.8629803139314035,100,100,4,1 bead per cell or 1:1 ratio,1,10,5.5,6.7,1,0.4,25,350,10,10,50,1,0.5,0.5,3.2,0.8,0.3,0.7
890,1,3,2,3,2,2,1,2,3,0,2,3,3,2,0,2,18338.33333,0.3667666666,3.120477778,0.11753542011604096,-0.9298312360061929,100,100,4,1 bead per cell or 1:1 ratio,1,10,5.5,6.7,1,0.4,25,350,10,10,50,1,0.5,0.5,3.2,0.8,0.3,0.7
891,1,3,2,3,1,3,1,2,3,0,2,3,3,2,1,2,42393.33333,0.8478666666,3.120477778,0.27171052861764683,-0.5658935326091473,100,100,4,1 bead per cell or 1:1 ratio,1,10,5.5,6.7,1,0.4,25,350,10,10,50,1,0.5,0.5,3.2,0.8,0.3,0.7
892,1,3,0,3,0,0,1,3,5,0,0,2,3,2,4,3,658.3333333,0.013166666666,3.120477778,0.0042194393303575705,-2.3747452532821045,100,100,4,1 bead per cell or 1:1 ratio,1,10,5.5,6.7,1,0.4,25,350,10,10,50,1,0.5,0.5,3.2,0.8,0.3,0.7
893,1,3,1,3,3,3,0,1,0,4,0,2,4,1,4,3,43945.0,0.8789,3.120477778,0.2816555869092941,-0.5502816296946963,100,100,4,1 bead per cell or 1:1 ratio,1,10,5.5,6.7,1,0.4,25,350,10,10,50,1,0.5,0.5,3.2,0.8,0.3,0.7
894,1,3,3,3,2,3,1,2,4,1,3,2,3,3,0,3,6493.333333,0.12986666666,3.120477778,0.04161755855964951,-1.3807234007022917,100,100,4,1 bead per cell or 1:1 ratio,1,10,5.5,6.7,1,0.4,25,350,10,10,50,1,0.5,0.5,3.2,0.8,0.3,0.7
895,1,3,3,3,2,3,1,1,4,0,1,3,3,2,0,3,6486.666667,0.12973333334,3.120477778,0.04157483006437228,-1.3811695172679435,100,100,4,1 bead per cell or 1:1 ratio,1,10,5.5,6.7,1,0.4,25,350,10,10,50,1,0.5,0.5,3.2,0.8,0.3,0.7
896,1,3,2,3,2,2,1,3,3,0,1,3,3,3,0,3,48775.0,0.9755,3.120477778,0.31261238483333303,-0.5049938204363759,100,100,4,1 bead per cell or 1:1 ratio,1,10,5.5,6.7,1,0.4,25,350,10,10,50,1,0.5,0.5,3.2,0.8,0.3,0.7
897,1,3,1,3,3,3,1,1,3,0,1,3,3,3,0,2,43896.66667,0.8779333334,3.120477778,0.2813458053089202,-0.5507595555224982,100,100,4,1 bead per cell or 1:1 ratio,1,10,5.5,6.7,1,0.4,25,350,10,10,50,1,0.5,0.5,3.2,0.8,0.3,0.7
898,1,3,0,3,3,1,2,3,3,0,2,1,3,0,0,0,40031.66667,0.8006333334,3.120477778,0.25657395769475655,-0.5907874266961991,100,100,4,1 bead per cell or 1:1 ratio,1,10,5.5,6.7,1,0.4,25,350,10,10,50,1,0.5,0.5,3.2,0.8,0.3,0.7
899,1,3,2,3,2,3,1,1,3,0,3,3,3,4,0,3,16855.0,0.3371,3.120477778,0.10802832898751058,-0.9664623416459408,100,100,4,1 bead per cell or 1:1 ratio,1,10,5.5,6.7,1,0.4,25,350,10,10,50,1,0.5,0.5,3.2,0.8,0.3,0.7
900,1,3,3,3,1,2,1,1,1,0,2,3,3,3,0,2,7881.666667,0.15763333334000001,3.120477778,0.050515768595228244,-1.2965730348527815,100,100,4,1 bead per cell or 1:1 ratio,1,10,5.5,6.7,1,0.4,25,350,10,10,50,1,0.5,0.5,3.2,0.8,0.3,0.7
901,1,3,1,3,5,3,0,2,5,0,1,5,2,0,4,2,61131.66667,1.2226333334,3.120477778,0.3918096587707858,-0.4069248621157849,100,100,4,1 bead per cell or 1:1 ratio,1,10,5.5,6.7,1,0.4,25,350,10,10,50,1,0.5,0.5,3.2,0.8,0.3,0.7
902,1,3,2,4,0,3,2,1,5,4,2,3,3,2,0,2,76126.66667,1.5225333334000002,3.120477778,0.4879167363838218,-0.31165428458402794,100,100,4,1 bead per cell or 1:1 ratio,1,10,5.5,6.7,1,0.4,25,350,10,10,50,1,0.5,0.5,3.2,0.8,0.3,0.7
903,1,3,3,3,2,3,1,1,4,0,1,3,3,4,0,3,13785.0,0.2757,3.120477778,0.08835185494469494,-1.053784328061139,100,100,4,1 bead per cell or 1:1 ratio,1,10,5.5,6.7,1,0.4,25,350,10,10,50,1,0.5,0.5,3.2,0.8,0.3,0.7
904,1,3,4,3,2,3,1,1,5,0,3,3,3,2,0,3,3243.333333,0.06486666666,3.120477778,0.0207874150289815,-1.6821995129988767,100,100,4,1 bead per cell or 1:1 ratio,1,10,5.5,6.7,1,0.4,25,350,10,10,50,1,0.5,0.5,3.2,0.8,0.3,0.7
905,1,3,0,3,0,3,2,1,5,0,1,3,3,0,4,3,37366.66667,0.7473333334,3.120477778,0.23949323999960878,-0.6207067405888792,100,100,4,1 bead per cell or 1:1 ratio,1,10,5.5,6.7,1,0.4,25,350,10,10,50,1,0.5,0.5,3.2,0.8,0.3,0.7
906,1,3,2,3,2,2,1,0,4,0,2,3,3,2,0,3,16991.66667,0.3398333334,3.120477778,0.10890426324965163,-0.9629551186872188,100,100,4,1 bead per cell or 1:1 ratio,1,10,5.5,6.7,1,0.4,25,350,10,10,50,1,0.5,0.5,3.2,0.8,0.3,0.7
907,1,3,0,2,2,3,2,1,5,0,1,3,0,0,4,0,43421.66667,0.8684333334,3.120477778,0.2783013997159764,-0.5554846093777929,100,100,4,1 bead per cell or 1:1 ratio,1,10,5.5,6.7,1,0.4,25,350,10,10,50,1,0.5,0.5,3.2,0.8,0.3,0.7
908,1,3,0,3,3,3,1,1,3,0,1,3,3,3,0,3,27291.66667,0.5458333334,3.120477778,0.17491979505453795,-0.757161040169711,100,100,4,1 bead per cell or 1:1 ratio,1,10,5.5,6.7,1,0.4,25,350,10,10,50,1,0.5,0.5,3.2,0.8,0.3,0.7
909,1,3,2,3,3,3,1,1,1,2,0,4,4,3,3,3,30736.66667,0.6147333334,3.120477778,0.19699974719704605,-0.7055343311531196,100,100,4,1 bead per cell or 1:1 ratio,1,10,5.5,6.7,1,0.4,25,350,10,10,50,1,0.5,0.5,3.2,0.8,0.3,0.7
910,1,3,2,3,2,3,1,1,2,0,3,3,4,2,0,3,8775.0,0.1755,3.120477778,0.05624138753280363,-1.24994397336507,100,100,4,1 bead per cell or 1:1 ratio,1,10,5.5,6.7,1,0.4,25,350,10,10,50,1,0.5,0.5,3.2,0.8,0.3,0.7
911,1,3,2,3,2,0,2,3,1,0,2,1,3,2,0,0,24756.66667,0.4951333334,3.120477778,0.1586722831006169,-0.7994989292485214,100,100,4,1 bead per cell or 1:1 ratio,1,10,5.5,6.7,1,0.4,25,350,10,10,50,1,0.5,0.5,3.2,0.8,0.3,0.7
912,1,3,2,3,5,3,0,3,0,0,2,2,4,3,0,3,16238.33333,0.3247666666,3.120477778,0.10407594275776315,-0.9826496464259086,100,100,4,1 bead per cell or 1:1 ratio,1,10,5.5,6.7,1,0.4,25,350,10,10,50,1,0.5,0.5,3.2,0.8,0.3,0.7
913,1,3,2,3,1,2,0,2,3,0,1,3,2,2,0,3,6171.666667,0.12343333334,3.120477778,0.03955590846063061,-1.4027886368136762,100,100,4,1 bead per cell or 1:1 ratio,1,10,5.5,6.7,1,0.4,25,350,10,10,50,1,0.5,0.5,3.2,0.8,0.3,0.7
914,1,3,1,3,3,3,1,3,1,0,1,3,3,3,0,2,36460.0,0.7292,3.120477778,0.23368216403943254,-0.6313744341839741,100,100,4,1 bead per cell or 1:1 ratio,1,10,5.5,6.7,1,0.4,25,350,10,10,50,1,0.5,0.5,3.2,0.8,0.3,0.7
915,1,3,2,3,3,3,1,0,3,1,3,3,3,3,0,2,5110.0,0.1022,3.120477778,0.03275139490514263,-1.4847701983682189,100,100,4,1 bead per cell or 1:1 ratio,1,10,5.5,6.7,1,0.4,25,350,10,10,50,1,0.5,0.5,3.2,0.8,0.3,0.7
916,1,3,2,3,2,3,0,2,3,0,3,3,3,2,0,3,5161.666667,0.10323333334000001,3.120477778,0.03308254077879224,-1.4804011435017423,100,100,4,1 bead per cell or 1:1 ratio,1,10,5.5,6.7,1,0.4,25,350,10,10,50,1,0.5,0.5,3.2,0.8,0.3,0.7
917,1,3,0,0,3,3,1,1,4,0,2,3,4,3,4,3,3393.333333,0.06786666666,3.120477778,0.021748806268858487,-1.6625645752645155,100,100,4,1 bead per cell or 1:1 ratio,1,10,5.5,6.7,1,0.4,25,350,10,10,50,1,0.5,0.5,3.2,0.8,0.3,0.7
918,1,3,2,1,2,3,1,1,2,2,3,3,4,4,0,3,3308.333333,0.06616666666,3.120477778,0.02120401789959486,-1.673581837831199,100,100,4,1 bead per cell or 1:1 ratio,1,10,5.5,6.7,1,0.4,25,350,10,10,50,1,0.5,0.5,3.2,0.8,0.3,0.7
919,1,3,2,3,2,3,1,1,3,0,3,3,3,3,0,2,9481.666667,0.18963333334,3.120477778,0.06077060848724941,-1.2163064151035359,100,100,4,1 bead per cell or 1:1 ratio,1,10,5.5,6.7,1,0.4,25,350,10,10,50,1,0.5,0.5,3.2,0.8,0.3,0.7
920,1,3,2,1,0,3,2,1,3,0,2,3,3,2,4,2,9226.666667,0.18453333334,3.120477778,0.05913624337945854,-1.228146267422184,100,100,4,1 bead per cell or 1:1 ratio,1,10,5.5,6.7,1,0.4,25,350,10,10,50,1,0.5,0.5,3.2,0.8,0.3,0.7
921,1,3,2,2,3,1,1,1,5,0,0,5,4,1,4,3,15340.0,0.3068,3.120477778,0.09831827746475302,-1.0073657388899695,100,100,4,1 bead per cell or 1:1 ratio,1,10,5.5,6.7,1,0.4,25,350,10,10,50,1,0.5,0.5,3.2,0.8,0.3,0.7
922,1,3,4,3,4,3,1,0,1,0,3,3,3,4,0,3,2415.0,0.0483,3.120477778,0.015478398962019463,-1.8102739634154006,100,100,4,1 bead per cell or 1:1 ratio,1,10,5.5,6.7,1,0.4,25,350,10,10,50,1,0.5,0.5,3.2,0.8,0.3,0.7
923,1,3,2,3,1,2,1,2,1,0,3,3,3,3,0,3,5161.666667,0.10323333334000001,3.120477778,0.03308254077879224,-1.4804011435017423,100,100,4,1 bead per cell or 1:1 ratio,1,10,5.5,6.7,1,0.4,25,350,10,10,50,1,0.5,0.5,3.2,0.8,0.3,0.7
924,1,3,3,3,1,0,1,1,3,0,1,2,3,1,4,3,27645.0,0.5529,3.120477778,0.17718440550932837,-0.7515745042281765,100,100,4,1 bead per cell or 1:1 ratio,1,10,5.5,6.7,1,0.4,25,350,10,10,50,1,0.5,0.5,3.2,0.8,0.3,0.7
925,1,3,4,3,4,3,0,1,3,0,2,3,3,4,0,3,4411.666667,0.08823333334000001,3.120477778,0.028275584579407317,-1.5485884075524128,100,100,4,1 bead per cell or 1:1 ratio,1,10,5.5,6.7,1,0.4,25,350,10,10,50,1,0.5,0.5,3.2,0.8,0.3,0.7
926,1,3,2,3,1,2,0,1,3,0,1,3,3,4,0,3,7638.333333,0.15276666666,3.120477778,0.048956178357377166,-1.310192491660741,100,100,4,1 bead per cell or 1:1 ratio,1,10,5.5,6.7,1,0.4,25,350,10,10,50,1,0.5,0.5,3.2,0.8,0.3,0.7
927,1,3,0,3,2,0,3,3,4,0,3,3,3,1,0,0,20758.33333,0.4151666666,3.120477778,0.13304586545272298,-0.875998617083788,100,100,4,1 bead per cell or 1:1 ratio,1,10,5.5,6.7,1,0.4,25,350,10,10,50,1,0.5,0.5,3.2,0.8,0.3,0.7
928,1,3,2,3,2,3,1,1,4,1,1,3,3,3,0,3,7221.666667,0.14443333334,3.120477778,0.0462856471397695,-1.3345536598321546,100,100,4,1 bead per cell or 1:1 ratio,1,10,5.5,6.7,1,0.4,25,350,10,10,50,1,0.5,0.5,3.2,0.8,0.3,0.7
929,1,3,0,3,2,3,2,3,3,0,2,1,0,0,1,0,30515.0,0.6103,3.120477778,0.19557902456564136,-0.7086777242103197,100,100,4,1 bead per cell or 1:1 ratio,1,10,5.5,6.7,1,0.4,25,350,10,10,50,1,0.5,0.5,3.2,0.8,0.3,0.7
930,1,3,2,3,2,3,1,1,2,0,1,3,3,3,0,3,19368.33333,0.3873666666,3.120477778,0.12413697329652959,-0.9060988477748544,100,100,4,1 bead per cell or 1:1 ratio,1,10,5.5,6.7,1,0.4,25,350,10,10,50,1,0.5,0.5,3.2,0.8,0.3,0.7
931,1,3,0,3,4,3,1,1,3,2,0,5,4,2,3,3,12628.33333,0.2525666666,3.120477778,0.08093846025139038,-1.0918450617517816,100,100,4,1 bead per cell or 1:1 ratio,1,10,5.5,6.7,1,0.4,25,350,10,10,50,1,0.5,0.5,3.2,0.8,0.3,0.7
932,1,3,2,3,1,3,1,1,3,0,2,3,3,4,0,3,15275.0,0.3055,3.120477778,0.09790167459413966,-1.0092098795883397,100,100,4,1 bead per cell or 1:1 ratio,1,10,5.5,6.7,1,0.4,25,350,10,10,50,1,0.5,0.5,3.2,0.8,0.3,0.7
933,1,3,2,3,5,2,0,3,3,5,1,2,3,1,4,3,7665.0,0.1533,3.120477778,0.049127092357713946,-1.3086789393125375,100,100,4,1 bead per cell or 1:1 ratio,1,10,5.5,6.7,1,0.4,25,350,10,10,50,1,0.5,0.5,3.2,0.8,0.3,0.7
934,1,3,2,3,2,3,1,0,2,0,2,2,3,3,0,3,5441.666667,0.10883333334,3.120477778,0.03487713775989595,-1.4574591632488794,100,100,4,1 bead per cell or 1:1 ratio,1,10,5.5,6.7,1,0.4,25,350,10,10,50,1,0.5,0.5,3.2,0.8,0.3,0.7
935,1,3,2,3,4,2,0,1,3,0,2,3,2,2,0,2,7966.666667,0.15933333334000002,3.120477778,0.05106055696449187,-1.2919144522562849,100,100,4,1 bead per cell or 1:1 ratio,1,10,5.5,6.7,1,0.4,25,350,10,10,50,1,0.5,0.5,3.2,0.8,0.3,0.7
936,1,3,2,3,2,3,1,1,3,1,2,3,4,3,0,3,5043.333333,0.10086666665999999,3.120477778,0.03232410990750532,-1.4904734252281115,100,100,4,1 bead per cell or 1:1 ratio,1,10,5.5,6.7,1,0.4,25,350,10,10,50,1,0.5,0.5,3.2,0.8,0.3,0.7
937,1,3,2,3,0,0,3,1,3,0,2,3,3,1,0,0,17115.0,0.3423,3.120477778,0.10969474046996401,-0.9598141950290356,100,100,4,1 bead per cell or 1:1 ratio,1,10,5.5,6.7,1,0.4,25,350,10,10,50,1,0.5,0.5,3.2,0.8,0.3,0.7
938,1,3,0,4,2,3,2,1,3,0,1,1,4,0,3,0,6126.666667,0.12253333334000001,3.120477778,0.03926749108866751,-1.4059668461488728,100,100,4,1 bead per cell or 1:1 ratio,1,10,5.5,6.7,1,0.4,25,350,10,10,50,1,0.5,0.5,3.2,0.8,0.3,0.7
939,1,3,2,3,2,2,1,1,3,0,2,0,2,3,0,0,7093.333333,0.14186666666,3.120477778,0.045463123519157454,-1.342340729619992,100,100,4,1 bead per cell or 1:1 ratio,1,10,5.5,6.7,1,0.4,25,350,10,10,50,1,0.5,0.5,3.2,0.8,0.3,0.7
940,1,3,2,3,2,3,0,0,3,0,3,3,3,3,0,3,3953.333333,0.07906666666,3.120477778,0.0253380002310659,-1.5962276642309685,100,100,4,1 bead per cell or 1:1 ratio,1,10,5.5,6.7,1,0.4,25,350,10,10,50,1,0.5,0.5,3.2,0.8,0.3,0.7
941,1,3,2,2,1,3,1,1,5,0,2,3,3,3,0,3,17206.66667,0.34413333339999996,3.120477778,0.11028225736014197,-0.957494352930611,100,100,4,1 bead per cell or 1:1 ratio,1,10,5.5,6.7,1,0.4,25,350,10,10,50,1,0.5,0.5,3.2,0.8,0.3,0.7
942,1,3,2,1,2,3,1,2,3,0,2,3,3,2,4,3,12138.33333,0.2427666666,3.120477778,0.07779791553445889,-1.1090320390515673,100,100,4,1 bead per cell or 1:1 ratio,1,10,5.5,6.7,1,0.4,25,350,10,10,50,1,0.5,0.5,3.2,0.8,0.3,0.7
943,1,3,2,3,3,3,1,1,3,0,3,3,3,3,0,2,9686.666667,0.19373333333999998,3.120477778,0.06208450984841462,-1.2070167432456467,100,100,4,1 bead per cell or 1:1 ratio,1,10,5.5,6.7,1,0.4,25,350,10,10,50,1,0.5,0.5,3.2,0.8,0.3,0.7
944,1,3,3,3,2,3,1,1,3,0,2,3,3,2,0,3,12880.0,0.2576,3.120477778,0.08255146113077047,-1.0832752354791382,100,100,4,1 bead per cell or 1:1 ratio,1,10,5.5,6.7,1,0.4,25,350,10,10,50,1,0.5,0.5,3.2,0.8,0.3,0.7
945,1,3,5,3,0,2,3,1,3,0,0,0,3,4,0,3,29820.0,0.5964,3.120477778,0.1911245784875447,-0.7186834593859558,100,100,4,1 bead per cell or 1:1 ratio,1,10,5.5,6.7,1,0.4,25,350,10,10,50,1,0.5,0.5,3.2,0.8,0.3,0.7
946,1,3,2,3,1,3,1,1,3,0,3,3,3,3,0,3,13878.33333,0.2775666666,3.120477778,0.08895005391703194,-1.0508537843325874,100,100,4,1 bead per cell or 1:1 ratio,1,10,5.5,6.7,1,0.4,25,350,10,10,50,1,0.5,0.5,3.2,0.8,0.3,0.7
947,1,3,2,3,2,3,1,1,3,0,2,3,3,1,0,3,29865.0,0.5973,3.120477778,0.19141299585950777,-0.7180285794198408,100,100,4,1 bead per cell or 1:1 ratio,1,10,5.5,6.7,1,0.4,25,350,10,10,50,1,0.5,0.5,3.2,0.8,0.3,0.7
948,1,3,3,5,2,3,1,1,4,0,2,2,3,3,0,3,9141.666667,0.18283333334,3.120477778,0.05859145501019491,-1.2321657169600095,100,100,4,1 bead per cell or 1:1 ratio,1,10,5.5,6.7,1,0.4,25,350,10,10,50,1,0.5,0.5,3.2,0.8,0.3,0.7
949,1,3,2,3,2,3,1,2,3,0,2,3,3,2,0,3,26621.66667,0.5324333334,3.120477778,0.17062558084975407,-0.7679558571717189,100,100,4,1 bead per cell or 1:1 ratio,1,10,5.5,6.7,1,0.4,25,350,10,10,50,1,0.5,0.5,3.2,0.8,0.3,0.7
950,1,3,2,3,1,3,1,1,3,0,2,3,3,2,0,3,17768.33333,0.35536666660000005,3.120477778,0.11388213340450842,-0.9435444056177492,100,100,4,1 bead per cell or 1:1 ratio,1,10,5.5,6.7,1,0.4,25,350,10,10,50,1,0.5,0.5,3.2,0.8,0.3,0.7
951,1,3,2,3,2,3,1,1,3,0,2,2,3,2,0,3,13858.33333,0.2771666666,3.120477778,0.08882186841838166,-1.0514800954354977,100,100,4,1 bead per cell or 1:1 ratio,1,10,5.5,6.7,1,0.4,25,350,10,10,50,1,0.5,0.5,3.2,0.8,0.3,0.7
952,1,3,2,3,3,3,1,1,3,0,3,3,3,3,0,3,15891.66667,0.31783333340000003,3.120477778,0.10185406082388708,-0.9920216514134559,100,100,4,1 bead per cell or 1:1 ratio,1,10,5.5,6.7,1,0.4,25,350,10,10,50,1,0.5,0.5,3.2,0.8,0.3,0.7
953,1,3,2,3,2,3,1,1,3,1,3,3,3,3,0,3,21303.33333,0.42606666660000003,3.120477778,0.1365389202909427,-0.8647435357419923,100,100,4,1 bead per cell or 1:1 ratio,1,10,5.5,6.7,1,0.4,25,350,10,10,50,1,0.5,0.5,3.2,0.8,0.3,0.7
954,1,3,2,3,2,3,1,1,3,0,3,3,3,2,0,3,23606.66667,0.47213333339999997,3.120477778,0.15130161692822666,-0.8201564307391781,100,100,4,1 bead per cell or 1:1 ratio,1,10,5.5,6.7,1,0.4,25,350,10,10,50,1,0.5,0.5,3.2,0.8,0.3,0.7
955,1,3,2,3,2,3,1,3,3,0,1,2,3,3,0,3,32490.0,0.6498,3.120477778,0.20823734255735502,-0.6814413871579488,100,100,4,1 bead per cell or 1:1 ratio,1,10,5.5,6.7,1,0.4,25,350,10,10,50,1,0.5,0.5,3.2,0.8,0.3,0.7
956,1,3,1,3,2,3,1,1,3,0,3,3,3,3,0,3,30133.33333,0.6026666666,3.120477778,0.19313281794503456,-0.7141439227952721,100,100,4,1 bead per cell or 1:1 ratio,1,10,5.5,6.7,1,0.4,25,350,10,10,50,1,0.5,0.5,3.2,0.8,0.3,0.7
957,1,3,0,3,3,0,3,3,3,0,2,1,3,1,0,0,42481.66667,0.8496333334,3.120477778,0.272276681279414,-0.5649895515551037,100,100,4,1 bead per cell or 1:1 ratio,1,10,5.5,6.7,1,0.4,25,350,10,10,50,1,0.5,0.5,3.2,0.8,0.3,0.7
958,1,3,2,3,2,3,1,2,3,0,3,3,3,3,0,3,24023.33333,0.48046666660000004,3.120477778,0.15397214810737872,-0.8125578312234117,100,100,4,1 bead per cell or 1:1 ratio,1,10,5.5,6.7,1,0.4,25,350,10,10,50,1,0.5,0.5,3.2,0.8,0.3,0.7
959,1,3,2,3,2,3,1,1,3,0,3,3,3,3,0,2,20826.66667,0.4165333334,3.120477778,0.13348383261583988,-0.8745713322838408,100,100,4,1 bead per cell or 1:1 ratio,1,10,5.5,6.7,1,0.4,25,350,10,10,50,1,0.5,0.5,3.2,0.8,0.3,0.7
960,1,3,1,3,4,0,1,2,5,4,1,5,2,0,4,2,98638.33333,1.9727666665999999,3.120477778,0.6322001971968537,-0.19914537303061805,100,100,4,1 bead per cell or 1:1 ratio,1,10,5.5,6.7,1,0.4,25,350,10,10,50,1,0.5,0.5,3.2,0.8,0.3,0.7
961,1,3,2,3,2,3,1,1,3,1,2,3,3,2,0,3,25808.33333,0.5161666666,3.120477778,0.1654127038619148,-0.781431139249862,100,100,4,1 bead per cell or 1:1 ratio,1,10,5.5,6.7,1,0.4,25,350,10,10,50,1,0.5,0.5,3.2,0.8,0.3,0.7
962,1,3,2,3,2,3,1,1,3,0,1,3,3,2,0,3,21650.0,0.433,3.120477778,0.13876080228891152,-0.8577331978135474,100,100,4,1 bead per cell or 1:1 ratio,1,10,5.5,6.7,1,0.4,25,350,10,10,50,1,0.5,0.5,3.2,0.8,0.3,0.7
963,1,3,2,3,2,3,1,1,3,0,3,3,3,3,0,3,23691.66667,0.4738333334,3.120477778,0.1518464052974903,-0.8185954847990106,100,100,4,1 bead per cell or 1:1 ratio,1,10,5.5,6.7,1,0.4,25,350,10,10,50,1,0.5,0.5,3.2,0.8,0.3,0.7
964,1,3,0,3,0,3,2,1,5,0,2,3,3,0,4,3,77096.66667,1.5419333334,3.120477778,0.4941337330683596,-0.30615549708128637,100,100,4,1 bead per cell or 1:1 ratio,1,10,5.5,6.7,1,0.4,25,350,10,10,50,1,0.5,0.5,3.2,0.8,0.3,0.7
965,1,3,2,3,2,3,1,0,3,0,2,3,3,2,0,3,23721.66667,0.4744333334,3.120477778,0.1520386835454657,-0.8180458994702435,100,100,4,1 bead per cell or 1:1 ratio,1,10,5.5,6.7,1,0.4,25,350,10,10,50,1,0.5,0.5,3.2,0.8,0.3,0.7
966,1,3,2,2,2,3,1,1,3,0,3,3,3,3,0,3,12991.66667,0.25983333340000003,3.120477778,0.0832671635195987,-1.0795262292502856,100,100,4,1 bead per cell or 1:1 ratio,1,10,5.5,6.7,1,0.4,25,350,10,10,50,1,0.5,0.5,3.2,0.8,0.3,0.7
967,1,3,2,3,3,3,1,1,3,0,1,3,3,3,0,3,18138.33333,0.3627666666,3.120477778,0.11625356512953831,-0.9345937197941845,100,100,4,1 bead per cell or 1:1 ratio,1,10,5.5,6.7,1,0.4,25,350,10,10,50,1,0.5,0.5,3.2,0.8,0.3,0.7
968,1,3,0,3,4,3,1,1,1,2,0,5,4,3,3,3,43143.33333,0.8628666666,3.120477778,0.27651748481703176,-0.5582774020827185,100,100,4,1 bead per cell or 1:1 ratio,1,10,5.5,6.7,1,0.4,25,350,10,10,50,1,0.5,0.5,3.2,0.8,0.3,0.7
969,1,3,2,3,2,3,1,1,2,0,2,3,3,2,0,3,33026.66667,0.6605333334,3.120477778,0.21167698679250135,-0.6743263552649619,100,100,4,1 bead per cell or 1:1 ratio,1,10,5.5,6.7,1,0.4,25,350,10,10,50,1,0.5,0.5,3.2,0.8,0.3,0.7
970,1,3,2,3,2,3,1,2,3,0,2,3,3,3,0,2,21020.0,0.4204,3.120477778,0.1347229590814282,-0.8705583868107082,100,100,4,1 bead per cell or 1:1 ratio,1,10,5.5,6.7,1,0.4,25,350,10,10,50,1,0.5,0.5,3.2,0.8,0.3,0.7
971,1,3,2,3,5,3,0,3,0,0,2,2,4,3,0,3,16533.33333,0.33066666660000005,3.120477778,0.10596667886285459,-0.9748306768199558,100,100,4,1 bead per cell or 1:1 ratio,1,10,5.5,6.7,1,0.4,25,350,10,10,50,1,0.5,0.5,3.2,0.8,0.3,0.7
972,1,3,2,3,2,3,1,1,3,0,2,3,2,2,0,3,19991.66667,0.3998333334,3.120477778,0.12813208804719134,-0.8923420965103132,100,100,4,1 bead per cell or 1:1 ratio,1,10,5.5,6.7,1,0.4,25,350,10,10,50,1,0.5,0.5,3.2,0.8,0.3,0.7
973,1,3,1,3,3,3,1,1,3,0,2,3,3,3,0,3,13676.66667,0.2735333334,3.120477778,0.08765751684837027,-1.0572108361498334,100,100,4,1 bead per cell or 1:1 ratio,1,10,5.5,6.7,1,0.4,25,350,10,10,50,1,0.5,0.5,3.2,0.8,0.3,0.7
974,1,3,2,4,3,3,1,1,5,4,3,3,0,3,1,2,100813.3333,2.016266666,3.120477778,0.6461403699827918,-0.18967312397600927,100,100,4,1 bead per cell or 1:1 ratio,1,10,5.5,6.7,1,0.4,25,350,10,10,50,1,0.5,0.5,3.2,0.8,0.3,0.7
975,1,3,2,3,2,2,1,1,3,0,2,3,3,3,0,3,13921.66667,0.27843333340000004,3.120477778,0.08922778920683601,-1.049499867376732,100,100,4,1 bead per cell or 1:1 ratio,1,10,5.5,6.7,1,0.4,25,350,10,10,50,1,0.5,0.5,3.2,0.8,0.3,0.7
976,1,3,1,5,3,3,1,1,5,0,2,3,3,3,4,3,98940.0,1.9788,3.120477778,0.6341336618228595,-0.19781919247476915,100,100,4,1 bead per cell or 1:1 ratio,1,10,5.5,6.7,1,0.4,25,350,10,10,50,1,0.5,0.5,3.2,0.8,0.3,0.7
977,1,3,2,1,3,3,0,2,5,2,2,3,2,1,3,3,28145.0,0.5629,3.120477778,0.18038904297558497,-0.7437898455067106,100,100,4,1 bead per cell or 1:1 ratio,1,10,5.5,6.7,1,0.4,25,350,10,10,50,1,0.5,0.5,3.2,0.8,0.3,0.7
978,1,3,2,3,2,2,1,1,3,0,2,3,3,3,0,3,11683.33333,0.2336666666,3.120477778,0.07488169544016537,-1.1256243310438236,100,100,4,1 bead per cell or 1:1 ratio,1,10,5.5,6.7,1,0.4,25,350,10,10,50,1,0.5,0.5,3.2,0.8,0.3,0.7
979,1,3,2,3,2,3,1,1,3,0,2,3,3,2,0,2,20586.66667,0.41173333339999996,3.120477778,0.1319456066320367,-0.8796050658245946,100,100,4,1 bead per cell or 1:1 ratio,1,10,5.5,6.7,1,0.4,25,350,10,10,50,1,0.5,0.5,3.2,0.8,0.3,0.7
980,1,3,2,3,1,1,1,1,5,0,2,5,3,1,4,3,41958.33333,0.8391666666,3.120477778,0.2689224940220036,-0.5703728696954216,100,100,4,1 bead per cell or 1:1 ratio,1,10,5.5,6.7,1,0.4,25,350,10,10,50,1,0.5,0.5,3.2,0.8,0.3,0.7
981,1,3,2,5,4,3,1,0,5,0,1,5,3,4,0,3,58666.66667,1.1733333334,3.120477778,0.3760107960621407,-0.42479968538376833,100,100,4,1 bead per cell or 1:1 ratio,1,10,5.5,6.7,1,0.4,25,350,10,10,50,1,0.5,0.5,3.2,0.8,0.3,0.7
982,1,3,2,3,1,2,1,2,3,0,1,3,3,3,0,3,13971.66667,0.2794333334,3.120477778,0.08954825295346165,-1.0479428826242456,100,100,4,1 bead per cell or 1:1 ratio,1,10,5.5,6.7,1,0.4,25,350,10,10,50,1,0.5,0.5,3.2,0.8,0.3,0.7
983,1,3,2,3,2,3,1,1,3,0,3,2,3,3,0,3,13763.33333,0.2752666666,3.120477778,0.0882129872997929,-1.0544674704530734,100,100,4,1 bead per cell or 1:1 ratio,1,10,5.5,6.7,1,0.4,25,350,10,10,50,1,0.5,0.5,3.2,0.8,0.3,0.7
984,1,3,2,3,2,3,0,1,3,0,2,3,3,2,0,3,8713.333333,0.17426666666,3.120477778,0.0558461489098289,-1.2530067699946827,100,100,4,1 bead per cell or 1:1 ratio,1,10,5.5,6.7,1,0.4,25,350,10,10,50,1,0.5,0.5,3.2,0.8,0.3,0.7
985,1,3,2,3,2,2,1,1,2,0,2,3,3,3,0,3,13760.0,0.2752,3.120477778,0.0881916230713821,-1.054572664603439,100,100,4,1 bead per cell or 1:1 ratio,1,10,5.5,6.7,1,0.4,25,350,10,10,50,1,0.5,0.5,3.2,0.8,0.3,0.7
986,1,3,2,3,2,3,0,1,3,0,3,3,3,3,0,3,7098.333333,0.14196666666,3.120477778,0.04549516989382002,-1.3420347088332205,100,100,4,1 bead per cell or 1:1 ratio,1,10,5.5,6.7,1,0.4,25,350,10,10,50,1,0.5,0.5,3.2,0.8,0.3,0.7
987,1,3,2,3,2,3,2,1,3,0,3,3,3,3,0,3,13441.66667,0.2688333334,3.120477778,0.08615133723922964,-1.0647379770538963,100,100,4,1 bead per cell or 1:1 ratio,1,10,5.5,6.7,1,0.4,25,350,10,10,50,1,0.5,0.5,3.2,0.8,0.3,0.7
988,1,3,2,3,2,3,1,1,3,0,2,3,3,2,1,3,21138.33333,0.4227666666,3.120477778,0.135481389927078,-0.8681203565021357,100,100,4,1 bead per cell or 1:1 ratio,1,10,5.5,6.7,1,0.4,25,350,10,10,50,1,0.5,0.5,3.2,0.8,0.3,0.7
989,1,3,2,3,2,3,1,1,2,0,3,3,3,3,0,3,22755.0,0.4551,3.120477778,0.14584305108933865,-0.8361142586605198,100,100,4,1 bead per cell or 1:1 ratio,1,10,5.5,6.7,1,0.4,25,350,10,10,50,1,0.5,0.5,3.2,0.8,0.3,0.7
990,1,3,0,1,4,2,1,1,3,0,0,3,4,3,0,3,8461.666667,0.16923333334,3.120477778,0.05423314805608591,-1.265735185464862,100,100,4,1 bead per cell or 1:1 ratio,1,10,5.5,6.7,1,0.4,25,350,10,10,50,1,0.5,0.5,3.2,0.8,0.3,0.7
991,1,3,2,3,2,3,1,1,3,0,3,3,2,3,0,3,11186.66667,0.2237333334,3.120477778,0.0716984222664123,-1.1444904009365229,100,100,4,1 bead per cell or 1:1 ratio,1,10,5.5,6.7,1,0.4,25,350,10,10,50,1,0.5,0.5,3.2,0.8,0.3,0.7
992,1,3,1,0,5,2,0,3,0,5,1,2,4,1,4,3,9545.0,0.1909,3.120477778,0.06117652923083882,-1.213415165773246,100,100,4,1 bead per cell or 1:1 ratio,1,10,5.5,6.7,1,0.4,25,350,10,10,50,1,0.5,0.5,3.2,0.8,0.3,0.7
993,1,3,2,3,2,2,1,1,3,0,2,2,3,3,0,3,10765.0,0.2153,3.120477778,0.06899584464850497,-1.1611770643434256,100,100,4,1 bead per cell or 1:1 ratio,1,10,5.5,6.7,1,0.4,25,350,10,10,50,1,0.5,0.5,3.2,0.8,0.3,0.7
994,1,3,2,5,5,2,0,0,3,0,2,3,2,1,0,3,16031.66667,0.3206333334,3.120477778,0.10275135931443892,-0.9882124240615758,100,100,4,1 bead per cell or 1:1 ratio,1,10,5.5,6.7,1,0.4,25,350,10,10,50,1,0.5,0.5,3.2,0.8,0.3,0.7
995,1,3,2,3,2,3,1,1,3,0,2,3,2,3,0,3,13050.0,0.261,3.120477778,0.08364103786929772,-1.0775805868286317,100,100,4,1 bead per cell or 1:1 ratio,1,10,5.5,6.7,1,0.4,25,350,10,10,50,1,0.5,0.5,3.2,0.8,0.3,0.7
996,1,3,2,5,3,2,0,3,3,1,2,3,3,0,0,0,14610.0,0.2922,3.120477778,0.09363950676401836,-1.0285408825686349,100,100,4,1 bead per cell or 1:1 ratio,1,10,5.5,6.7,1,0.4,25,350,10,10,50,1,0.5,0.5,3.2,0.8,0.3,0.7
997,1,3,0,3,0,1,2,3,5,0,1,1,0,0,4,0,60855.0,1.2171,3.120477778,0.3900364260180929,-0.4088948317429241,100,100,4,1 bead per cell or 1:1 ratio,1,10,5.5,6.7,1,0.4,25,350,10,10,50,1,0.5,0.5,3.2,0.8,0.3,0.7
998,1,3,2,3,2,3,1,1,3,1,2,3,3,3,0,3,13560.0,0.2712,3.120477778,0.08690976808487946,-1.060931408971887,100,100,4,1 bead per cell or 1:1 ratio,1,10,5.5,6.7,1,0.4,25,350,10,10,50,1,0.5,0.5,3.2,0.8,0.3,0.7
999,1,3,2,3,2,3,1,0,3,0,3,3,3,3,0,3,14058.33333,0.2811666666,3.120477778,0.09010372340488432,-1.0452572620644056,100,100,4,1 bead per cell or 1:1 ratio,1,10,5.5,6.7,1,0.4,25,350,10,10,50,1,0.5,0.5,3.2,0.8,0.3,0.7
1000,1,3,2,3,2,3,1,1,3,0,2,3,3,3,0,3,8016.666667,0.16033333334,3.120477778,0.051381020711117525,-1.2891972724946854,100,100,4,1 bead per cell or 1:1 ratio,1,10,5.5,6.7,1,0.4,25,350,10,10,50,1,0.5,0.5,3.2,0.8,0.3,0.7
1001,1,3,2,2,2,3,1,1,3,0,2,3,3,2,0,3,9178.333333,0.18356666666000002,3.120477778,0.05882646175344755,-1.230427272421065,100,100,4,1 bead per cell or 1:1 ratio,1,10,5.5,6.7,1,0.4,25,350,10,10,50,1,0.5,0.5,3.2,0.8,0.3,0.7
1002,1,3,2,4,3,2,1,1,5,1,3,3,3,3,0,3,66041.66667,1.3208333334000002,3.120477778,0.4232791986894259,-0.373373073638847,100,100,4,1 bead per cell or 1:1 ratio,1,10,5.5,6.7,1,0.4,25,350,10,10,50,1,0.5,0.5,3.2,0.8,0.3,0.7
1003,1,3,2,3,2,2,1,1,4,0,2,3,3,2,0,3,38328.33333,0.7665666666000001,3.120477778,0.24565682601698055,-0.609671163707785,100,100,4,1 bead per cell or 1:1 ratio,1,10,5.5,6.7,1,0.4,25,350,10,10,50,1,0.5,0.5,3.2,0.8,0.3,0.7
1004,1,3,2,3,1,3,2,1,3,0,3,2,3,4,0,3,25065.0,0.5013,3.120477778,0.16064847618344422,-0.794123389553859,100,100,4,1 bead per cell or 1:1 ratio,1,10,5.5,6.7,1,0.4,25,350,10,10,50,1,0.5,0.5,3.2,0.8,0.3,0.7
1005,1,3,3,3,1,3,0,1,3,0,3,3,4,2,0,3,14600.0,0.292,3.120477778,0.09357541401469323,-1.0288382427184946,100,100,4,1 bead per cell or 1:1 ratio,1,10,5.5,6.7,1,0.4,25,350,10,10,50,1,0.5,0.5,3.2,0.8,0.3,0.7
1006,1,3,0,1,4,3,1,1,3,0,2,3,3,4,0,3,39038.33333,0.7807666666,3.120477778,0.2502074112190649,-0.6016998305183987,100,100,4,1 bead per cell or 1:1 ratio,1,10,5.5,6.7,1,0.4,25,350,10,10,50,1,0.5,0.5,3.2,0.8,0.3,0.7
1007,1,3,3,3,2,2,1,1,3,0,2,3,3,4,0,3,31786.66667,0.6357333333999999,3.120477778,0.20372948587618492,-0.6909461107808902,100,100,4,1 bead per cell or 1:1 ratio,1,10,5.5,6.7,1,0.4,25,350,10,10,50,1,0.5,0.5,3.2,0.8,0.3,0.7
1008,1,3,2,3,2,2,1,2,3,0,2,3,3,2,0,2,25905.0,0.5181,3.120477778,0.16603226712675534,-0.7798075018797915,100,100,4,1 bead per cell or 1:1 ratio,1,10,5.5,6.7,1,0.4,25,350,10,10,50,1,0.5,0.5,3.2,0.8,0.3,0.7
1009,1,3,2,3,1,3,1,2,3,0,2,3,3,2,1,2,41265.0,0.8253,3.120477778,0.26447873009015865,-0.5776092490575667,100,100,4,1 bead per cell or 1:1 ratio,1,10,5.5,6.7,1,0.4,25,350,10,10,50,1,0.5,0.5,3.2,0.8,0.3,0.7
1010,1,3,0,3,0,0,1,3,5,0,0,2,3,2,4,3,1853.333333,0.037066666660000004,3.120477778,0.011878522872788105,-1.925237561718647,100,100,4,1 bead per cell or 1:1 ratio,1,10,5.5,6.7,1,0.4,25,350,10,10,50,1,0.5,0.5,3.2,0.8,0.3,0.7
1011,1,3,1,3,3,3,0,1,0,4,0,2,4,1,4,3,43865.0,0.8773,3.120477778,0.28114284491469305,-0.5510729648083499,100,100,4,1 bead per cell or 1:1 ratio,1,10,5.5,6.7,1,0.4,25,350,10,10,50,1,0.5,0.5,3.2,0.8,0.3,0.7
1012,1,3,3,3,2,3,1,2,4,1,3,2,3,3,0,3,9931.666667,0.19863333334,3.120477778,0.06365478220688037,-1.1961689634472124,100,100,4,1 bead per cell or 1:1 ratio,1,10,5.5,6.7,1,0.4,25,350,10,10,50,1,0.5,0.5,3.2,0.8,0.3,0.7
1013,1,3,3,3,2,3,1,1,4,0,1,3,3,2,0,3,10398.33333,0.2079666666,3.120477778,0.06664577715188587,-1.1762273633954312,100,100,4,1 bead per cell or 1:1 ratio,1,10,5.5,6.7,1,0.4,25,350,10,10,50,1,0.5,0.5,3.2,0.8,0.3,0.7
1014,1,3,2,3,2,2,1,3,3,0,1,3,3,3,0,3,45328.33333,0.9065666666000001,3.120477778,0.2905217505445732,-0.5368213476527393,100,100,4,1 bead per cell or 1:1 ratio,1,10,5.5,6.7,1,0.4,25,350,10,10,50,1,0.5,0.5,3.2,0.8,0.3,0.7
1015,1,3,1,3,3,3,1,1,3,0,1,3,3,3,0,2,52490.0,1.0498,3.120477778,0.3364228412076197,-0.4731145257347909,100,100,4,1 bead per cell or 1:1 ratio,1,10,5.5,6.7,1,0.4,25,350,10,10,50,1,0.5,0.5,3.2,0.8,0.3,0.7
1016,1,3,0,3,3,1,2,3,3,0,2,1,3,0,0,0,48715.0,0.9743,3.120477778,0.3122278283373823,-0.505528391617096,100,100,4,1 bead per cell or 1:1 ratio,1,10,5.5,6.7,1,0.4,25,350,10,10,50,1,0.5,0.5,3.2,0.8,0.3,0.7
1017,1,3,2,3,2,3,1,1,3,0,3,3,3,4,0,3,23200.0,0.464,3.120477778,0.14869517843430705,-0.8277031136120319,100,100,4,1 bead per cell or 1:1 ratio,1,10,5.5,6.7,1,0.4,25,350,10,10,50,1,0.5,0.5,3.2,0.8,0.3,0.7
1018,1,3,3,3,1,2,1,1,1,0,2,3,3,3,0,2,9541.666667,0.19083333334,3.120477778,0.06115516498320021,-1.2135668578594778,100,100,4,1 bead per cell or 1:1 ratio,1,10,5.5,6.7,1,0.4,25,350,10,10,50,1,0.5,0.5,3.2,0.8,0.3,0.7
1019,1,3,1,3,5,3,0,2,5,0,1,5,2,0,4,2,79393.33333,1.5878666665999999,3.120477778,0.5088537011206364,-0.2934070623170138,100,100,4,1 bead per cell or 1:1 ratio,1,10,5.5,6.7,1,0.4,25,350,10,10,50,1,0.5,0.5,3.2,0.8,0.3,0.7
1020,1,3,2,4,0,3,2,1,5,4,2,3,3,2,0,2,79375.0,1.5875,3.120477778,0.508736197768238,-0.2935073602028995,100,100,4,1 bead per cell or 1:1 ratio,1,10,5.5,6.7,1,0.4,25,350,10,10,50,1,0.5,0.5,3.2,0.8,0.3,0.7
1021,1,3,3,3,2,3,1,1,4,0,1,3,3,4,0,3,11930.0,0.2386,3.120477778,0.07646264994488289,-1.1165506548325896,100,100,4,1 bead per cell or 1:1 ratio,1,10,5.5,6.7,1,0.4,25,350,10,10,50,1,0.5,0.5,3.2,0.8,0.3,0.7
1022,1,3,4,3,2,3,1,1,5,0,3,3,3,2,0,3,2873.333333,0.05746666666,3.120477778,0.018415983303951604,-1.7348050874482634,100,100,4,1 bead per cell or 1:1 ratio,1,10,5.5,6.7,1,0.4,25,350,10,10,50,1,0.5,0.5,3.2,0.8,0.3,0.7
1023,1,3,0,3,0,3,2,1,5,0,1,3,3,0,4,3,45275.0,0.9055,3.120477778,0.2901799225695367,-0.5373326395168356,100,100,4,1 bead per cell or 1:1 ratio,1,10,5.5,6.7,1,0.4,25,350,10,10,50,1,0.5,0.5,3.2,0.8,0.3,0.7
1024,1,3,2,3,2,2,1,0,4,0,2,3,3,2,0,3,18213.33333,0.3642666666,3.120477778,0.1167342607494768,-0.9328016626286008,100,100,4,1 bead per cell or 1:1 ratio,1,10,5.5,6.7,1,0.4,25,350,10,10,50,1,0.5,0.5,3.2,0.8,0.3,0.7
1025,1,3,0,2,2,3,2,1,5,0,1,3,0,0,4,0,48520.0,0.9704,3.120477778,0.3109780197255422,-0.5072703063083962,100,100,4,1 bead per cell or 1:1 ratio,1,10,5.5,6.7,1,0.4,25,350,10,10,50,1,0.5,0.5,3.2,0.8,0.3,0.7
1026,1,3,0,3,3,3,1,1,3,0,1,3,3,3,0,3,27820.0,0.5564,3.120477778,0.1783060286225182,-0.7488339728469039,100,100,4,1 bead per cell or 1:1 ratio,1,10,5.5,6.7,1,0.4,25,350,10,10,50,1,0.5,0.5,3.2,0.8,0.3,0.7
1027,1,3,2,3,3,3,1,1,1,2,0,4,4,3,3,3,33608.33333,0.6721666666,3.120477778,0.21540504833551805,-0.6667441225860119,100,100,4,1 bead per cell or 1:1 ratio,1,10,5.5,6.7,1,0.4,25,350,10,10,50,1,0.5,0.5,3.2,0.8,0.3,0.7
1028,1,3,2,3,2,3,1,1,2,0,3,3,4,2,0,3,10246.66667,0.2049333334,3.120477778,0.06567370382984987,-1.1826084899175877,100,100,4,1 bead per cell or 1:1 ratio,1,10,5.5,6.7,1,0.4,25,350,10,10,50,1,0.5,0.5,3.2,0.8,0.3,0.7
1029,1,3,2,3,2,0,2,3,1,0,2,1,3,2,0,0,36155.0,0.7231,3.120477778,0.23172733518501598,-0.6350227326330354,100,100,4,1 bead per cell or 1:1 ratio,1,10,5.5,6.7,1,0.4,25,350,10,10,50,1,0.5,0.5,3.2,0.8,0.3,0.7
1030,1,3,2,3,5,3,0,3,0,0,2,2,4,3,0,3,15180.0,0.3036,3.120477778,0.09729279347555089,-1.01191932694347,100,100,4,1 bead per cell or 1:1 ratio,1,10,5.5,6.7,1,0.4,25,350,10,10,50,1,0.5,0.5,3.2,0.8,0.3,0.7
1031,1,3,2,3,1,2,0,2,3,0,1,3,2,2,0,3,11691.66667,0.2338333334,3.120477778,0.07493510610733149,-1.1253146733983777,100,100,4,1 bead per cell or 1:1 ratio,1,10,5.5,6.7,1,0.4,25,350,10,10,50,1,0.5,0.5,3.2,0.8,0.3,0.7
1032,1,3,1,3,3,3,1,3,1,0,1,3,3,3,0,2,47228.33333,0.9445666666,3.120477778,0.3026993729163483,-0.518988478743631,100,100,4,1 bead per cell or 1:1 ratio,1,10,5.5,6.7,1,0.4,25,350,10,10,50,1,0.5,0.5,3.2,0.8,0.3,0.7
1033,1,3,2,3,3,3,1,0,3,1,3,3,3,3,0,2,9553.333333,0.19106666666000002,3.120477778,0.06122993985314002,-1.2130361671764216,100,100,4,1 bead per cell or 1:1 ratio,1,10,5.5,6.7,1,0.4,25,350,10,10,50,1,0.5,0.5,3.2,0.8,0.3,0.7
1034,1,3,2,3,2,3,0,2,3,0,3,3,3,2,0,3,12648.33333,0.2529666666,3.120477778,0.08106664575004065,-1.0911577961745955,100,100,4,1 bead per cell or 1:1 ratio,1,10,5.5,6.7,1,0.4,25,350,10,10,50,1,0.5,0.5,3.2,0.8,0.3,0.7
1035,1,3,0,0,3,3,1,1,4,0,2,3,4,3,4,3,10903.33333,0.2180666666,3.120477778,0.06988246099280505,-1.1556318092303834,100,100,4,1 bead per cell or 1:1 ratio,1,10,5.5,6.7,1,0.4,25,350,10,10,50,1,0.5,0.5,3.2,0.8,0.3,0.7
1036,1,3,2,1,2,3,1,1,2,2,3,3,4,4,0,3,3555.0,0.0711,3.120477778,0.022784972385084548,-1.6423514934371466,100,100,4,1 bead per cell or 1:1 ratio,1,10,5.5,6.7,1,0.4,25,350,10,10,50,1,0.5,0.5,3.2,0.8,0.3,0.7
1037,1,3,2,3,2,3,1,1,3,0,3,3,3,3,0,2,16960.0,0.3392,3.120477778,0.10870130285542447,-0.9637652505822365,100,100,4,1 bead per cell or 1:1 ratio,1,10,5.5,6.7,1,0.4,25,350,10,10,50,1,0.5,0.5,3.2,0.8,0.3,0.7
1038,1,3,2,1,0,3,2,1,3,0,2,3,3,2,4,2,17031.66667,0.34063333339999996,3.120477778,0.10916063424695215,-0.961933949649711,100,100,4,1 bead per cell or 1:1 ratio,1,10,5.5,6.7,1,0.4,25,350,10,10,50,1,0.5,0.5,3.2,0.8,0.3,0.7
1039,1,3,2,2,3,1,1,1,5,0,0,5,4,1,4,3,34355.0,0.6871,3.120477778,0.22019064030649219,-0.6572011456260044,100,100,4,1 bead per cell or 1:1 ratio,1,10,5.5,6.7,1,0.4,25,350,10,10,50,1,0.5,0.5,3.2,0.8,0.3,0.7
1040,1,3,4,3,4,3,1,0,1,0,3,3,3,4,0,3,4693.333333,0.09386666665999999,3.120477778,0.030080863681125686,-1.5217096984473455,100,100,4,1 bead per cell or 1:1 ratio,1,10,5.5,6.7,1,0.4,25,350,10,10,50,1,0.5,0.5,3.2,0.8,0.3,0.7
1041,1,3,2,3,1,2,1,2,1,0,3,3,3,3,0,3,5481.666667,0.10963333334000001,3.120477778,0.03513350875719648,-1.4542784753775115,100,100,4,1 bead per cell or 1:1 ratio,1,10,5.5,6.7,1,0.4,25,350,10,10,50,1,0.5,0.5,3.2,0.8,0.3,0.7
1042,1,3,3,3,1,0,1,1,3,0,1,2,3,1,4,3,20335.0,0.4067,3.120477778,0.13033260575265662,-0.8849469217623253,100,100,4,1 bead per cell or 1:1 ratio,1,10,5.5,6.7,1,0.4,25,350,10,10,50,1,0.5,0.5,3.2,0.8,0.3,0.7
1043,1,3,4,3,4,3,0,1,3,0,2,3,3,4,0,3,4645.0,0.0929,3.120477778,0.029771082061523974,-1.5262053801732711,100,100,4,1 bead per cell or 1:1 ratio,1,10,5.5,6.7,1,0.4,25,350,10,10,50,1,0.5,0.5,3.2,0.8,0.3,0.7
1044,1,3,2,3,1,2,0,1,3,0,1,3,3,4,0,3,9216.666667,0.18433333334,3.120477778,0.0590721506301334,-1.22861721756617,100,100,4,1 bead per cell or 1:1 ratio,1,10,5.5,6.7,1,0.4,25,350,10,10,50,1,0.5,0.5,3.2,0.8,0.3,0.7
1045,1,3,0,3,2,0,3,3,4,0,3,3,3,1,0,0,32291.66667,0.6458333333999999,3.120477778,0.2069661697171041,-0.6841006376633969,100,100,4,1 bead per cell or 1:1 ratio,1,10,5.5,6.7,1,0.4,25,350,10,10,50,1,0.5,0.5,3.2,0.8,0.3,0.7
1046,1,3,2,3,2,3,1,1,4,1,1,3,3,3,0,3,11271.66667,0.22543333340000002,3.120477778,0.07224321063567593,-1.1412029613327999,100,100,4,1 bead per cell or 1:1 ratio,1,10,5.5,6.7,1,0.4,25,350,10,10,50,1,0.5,0.5,3.2,0.8,0.3,0.7
1047,1,3,0,3,2,3,2,3,3,0,2,1,0,0,1,0,39185.0,0.7837,3.120477778,0.2511474382305311,-0.6000712473989908,100,100,4,1 bead per cell or 1:1 ratio,1,10,5.5,6.7,1,0.4,25,350,10,10,50,1,0.5,0.5,3.2,0.8,0.3,0.7
1048,1,3,2,3,2,3,1,1,2,0,1,3,3,3,0,3,21108.33333,0.4221666666,3.120477778,0.13528911167910262,-0.8687371548285903,100,100,4,1 bead per cell or 1:1 ratio,1,10,5.5,6.7,1,0.4,25,350,10,10,50,1,0.5,0.5,3.2,0.8,0.3,0.7
1049,1,3,0,3,4,3,1,1,3,2,0,5,4,2,3,3,17515.0,0.3503,3.120477778,0.11225845044296931,-0.9497809568492204,100,100,4,1 bead per cell or 1:1 ratio,1,10,5.5,6.7,1,0.4,25,350,10,10,50,1,0.5,0.5,3.2,0.8,0.3,0.7
1050,1,3,2,3,1,3,1,1,3,0,2,3,3,4,0,3,19668.33333,0.3933666666,3.120477778,0.12605975577628356,-0.8994235385963719,100,100,4,1 bead per cell or 1:1 ratio,1,10,5.5,6.7,1,0.4,25,350,10,10,50,1,0.5,0.5,3.2,0.8,0.3,0.7
1051,1,3,2,3,5,2,0,3,3,5,1,2,3,1,4,3,10551.66667,0.21103333340000002,3.120477778,0.06762853268426641,-1.169870035227908,100,100,4,1 bead per cell or 1:1 ratio,1,10,5.5,6.7,1,0.4,25,350,10,10,50,1,0.5,0.5,3.2,0.8,0.3,0.7
1052,1,3,2,3,2,3,1,0,2,0,2,2,3,3,0,3,10305.0,0.2061,3.120477778,0.06604757817954889,-1.1801431023876998,100,100,4,1 bead per cell or 1:1 ratio,1,10,5.5,6.7,1,0.4,25,350,10,10,50,1,0.5,0.5,3.2,0.8,0.3,0.7
1053,1,3,2,3,4,2,0,1,3,0,2,3,2,2,0,2,7340.0,0.1468,3.120477778,0.04704407800464715,-1.327495038586861,100,100,4,1 bead per cell or 1:1 ratio,1,10,5.5,6.7,1,0.4,25,350,10,10,50,1,0.5,0.5,3.2,0.8,0.3,0.7
1054,1,3,2,3,2,3,1,1,3,1,2,3,4,3,0,3,13796.66667,0.27593333340000004,3.120477778,0.08842662984027186,-1.0534169267169067,100,100,4,1 bead per cell or 1:1 ratio,1,10,5.5,6.7,1,0.4,25,350,10,10,50,1,0.5,0.5,3.2,0.8,0.3,0.7
1055,1,3,2,3,0,0,3,1,3,0,2,3,3,1,0,0,15583.33333,0.3116666666,3.120477778,0.09987786767696699,-1.0005307381069546,100,100,4,1 bead per cell or 1:1 ratio,1,10,5.5,6.7,1,0.4,25,350,10,10,50,1,0.5,0.5,3.2,0.8,0.3,0.7
1056,1,3,0,4,2,3,2,1,3,0,1,1,4,0,3,0,3316.666667,0.06633333334,3.120477778,0.021257428528305318,-1.672489272433221,100,100,4,1 bead per cell or 1:1 ratio,1,10,5.5,6.7,1,0.4,25,350,10,10,50,1,0.5,0.5,3.2,0.8,0.3,0.7
1057,1,3,2,3,2,2,1,1,3,0,2,0,2,3,0,0,9040.0,0.1808,3.120477778,0.05793984538991964,-1.2370226680275682,100,100,4,1 bead per cell or 1:1 ratio,1,10,5.5,6.7,1,0.4,25,350,10,10,50,1,0.5,0.5,3.2,0.8,0.3,0.7
1058,1,3,2,3,2,3,0,0,3,0,3,3,3,3,0,3,4976.666667,0.09953333334,3.120477778,0.031896824916277294,-1.4962525454684799,100,100,4,1 bead per cell or 1:1 ratio,1,10,5.5,6.7,1,0.4,25,350,10,10,50,1,0.5,0.5,3.2,0.8,0.3,0.7
1059,1,3,2,2,1,3,1,1,5,0,2,3,3,3,0,3,25393.33333,0.5078666666,3.120477778,0.16275285476492182,-0.7884713849546756,100,100,4,1 bead per cell or 1:1 ratio,1,10,5.5,6.7,1,0.4,25,350,10,10,50,1,0.5,0.5,3.2,0.8,0.3,0.7
1060,1,3,2,1,2,3,1,2,3,0,2,3,3,2,4,3,17810.0,0.3562,3.120477778,0.11414918654806072,-0.942527179039688,100,100,4,1 bead per cell or 1:1 ratio,1,10,5.5,6.7,1,0.4,25,350,10,10,50,1,0.5,0.5,3.2,0.8,0.3,0.7
1061,1,3,2,3,3,3,1,1,3,0,3,3,3,3,0,2,10473.33333,0.2094666666,3.120477778,0.06712647277182436,-1.173106172656862,100,100,4,1 bead per cell or 1:1 ratio,1,10,5.5,6.7,1,0.4,25,350,10,10,50,1,0.5,0.5,3.2,0.8,0.3,0.7
1062,1,4,2,3,2,2,1,1,4,0,2,3,3,2,0,3,8768.333333,0.17536666666,1.600622222,0.1095615594046151,-0.9603417950015032,100,100,4,1 bead per cell or 1:1 ratio,1,10,5.5,6.7,1,0.4,25,350,10,10,50,1,0.5,0.5,3.2,0.8,0.3,0.7
1063,1,4,5,3,0,2,3,1,3,0,0,0,3,4,0,3,11948.33333,0.2389666666,1.600622222,0.14929610704855004,-0.8259515165172753,100,100,4,1 bead per cell or 1:1 ratio,1,10,5.5,6.7,1,0.4,25,350,10,10,50,1,0.5,0.5,3.2,0.8,0.3,0.7
1064,1,4,3,3,1,3,0,1,3,0,3,3,4,2,0,3,17255.0,0.3451,1.600622222,0.21560365416443658,-0.6663438827710031,100,100,4,1 bead per cell or 1:1 ratio,1,10,5.5,6.7,1,0.4,25,350,10,10,50,1,0.5,0.5,3.2,0.8,0.3,0.7
1065,1,4,0,1,4,3,1,1,3,0,2,3,3,4,0,3,11531.66667,0.2306333334,1.600622222,0.14408979847338393,-0.8413667660531217,100,100,4,1 bead per cell or 1:1 ratio,1,10,5.5,6.7,1,0.4,25,350,10,10,50,1,0.5,0.5,3.2,0.8,0.3,0.7
1066,1,4,3,3,2,2,1,1,3,0,2,3,3,4,0,3,10686.66667,0.2137333334,1.600622222,0.1335314045140128,-0.8744165829645821,100,100,4,1 bead per cell or 1:1 ratio,1,10,5.5,6.7,1,0.4,25,350,10,10,50,1,0.5,0.5,3.2,0.8,0.3,0.7
1067,1,4,2,3,2,2,1,2,3,0,2,3,3,2,0,2,40271.66667,0.8054333334,1.600622222,0.5032001444998057,-0.2982592428500307,100,100,4,1 bead per cell or 1:1 ratio,1,10,5.5,6.7,1,0.4,25,350,10,10,50,1,0.5,0.5,3.2,0.8,0.3,0.7
1068,1,4,2,3,1,3,1,2,3,0,2,3,3,2,1,2,28176.66667,0.5635333334,1.600622222,0.3520714167618248,-0.45336923209114255,100,100,4,1 bead per cell or 1:1 ratio,1,10,5.5,6.7,1,0.4,25,350,10,10,50,1,0.5,0.5,3.2,0.8,0.3,0.7
1069,1,4,3,3,3,3,1,1,3,3,3,3,0,3,1,2,11515.0,0.2303,1.600622222,0.1438815460853948,-0.8419949040982588,100,100,4,1 bead per cell or 1:1 ratio,1,10,5.5,6.7,1,0.4,25,350,10,10,50,1,0.5,0.5,3.2,0.8,0.3,0.7
1070,1,4,1,3,3,3,0,1,0,4,0,2,4,1,4,3,32771.66667,0.6554333334,1.600622222,0.4094865886473992,-0.3877603175221437,100,100,4,1 bead per cell or 1:1 ratio,1,10,5.5,6.7,1,0.4,25,350,10,10,50,1,0.5,0.5,3.2,0.8,0.3,0.7
1071,1,4,2,3,2,3,1,1,3,1,3,3,3,3,0,3,24811.66667,0.4962333334,1.600622222,0.310025268036045,-0.5086029083547197,100,100,4,1 bead per cell or 1:1 ratio,1,10,5.5,6.7,1,0.4,25,350,10,10,50,1,0.5,0.5,3.2,0.8,0.3,0.7
1072,1,4,2,3,2,3,1,1,3,0,3,3,3,2,0,3,29318.33333,0.5863666666,1.600622222,0.36633670240272354,-0.43611956822469644,100,100,4,1 bead per cell or 1:1 ratio,1,10,5.5,6.7,1,0.4,25,350,10,10,50,1,0.5,0.5,3.2,0.8,0.3,0.7
1073,1,4,2,3,2,3,1,3,3,0,1,2,3,3,0,3,35563.33333,0.7112666666,1.600622222,0.44436885657582736,-0.35225638603003717,100,100,4,1 bead per cell or 1:1 ratio,1,10,5.5,6.7,1,0.4,25,350,10,10,50,1,0.5,0.5,3.2,0.8,0.3,0.7
1074,1,4,1,3,2,3,1,1,3,0,3,3,3,3,0,3,34098.33333,0.6819666666,1.600622222,0.42606347533265726,-0.37052569448148204,100,100,4,1 bead per cell or 1:1 ratio,1,10,5.5,6.7,1,0.4,25,350,10,10,50,1,0.5,0.5,3.2,0.8,0.3,0.7
1075,1,4,0,3,3,0,3,3,3,0,2,1,3,1,0,0,31121.66667,0.6224333334,1.600622222,0.3888696063598697,-0.41019599952680347,100,100,4,1 bead per cell or 1:1 ratio,1,10,5.5,6.7,1,0.4,25,350,10,10,50,1,0.5,0.5,3.2,0.8,0.3,0.7
1076,1,4,2,3,2,3,1,1,3,0,3,3,3,4,0,3,21385.0,0.4277,1.600622222,0.26720858558716176,-0.5731495918056788,100,100,4,1 bead per cell or 1:1 ratio,1,10,5.5,6.7,1,0.4,25,350,10,10,50,1,0.5,0.5,3.2,0.8,0.3,0.7
1077,1,4,2,3,3,3,1,1,3,3,3,3,0,3,1,2,32278.33333,0.6455666666000001,1.600622222,0.4033223191124733,-0.3943477442726071,100,100,4,1 bead per cell or 1:1 ratio,1,10,5.5,6.7,1,0.4,25,350,10,10,50,1,0.5,0.5,3.2,0.8,0.3,0.7
1078,1,4,1,3,5,3,0,2,5,0,1,5,2,0,4,2,68086.66667,1.3617333334000001,1.600622222,0.8507524853044307,-0.07019677352521965,100,100,4,1 bead per cell or 1:1 ratio,1,10,5.5,6.7,1,0.4,25,350,10,10,50,1,0.5,0.5,3.2,0.8,0.3,0.7
1079,1,4,2,4,0,3,2,1,5,4,2,3,3,2,0,2,65090.0,1.3018,1.600622222,0.8133087133910853,-0.0897445748566256,100,100,4,1 bead per cell or 1:1 ratio,1,10,5.5,6.7,1,0.4,25,350,10,10,50,1,0.5,0.5,3.2,0.8,0.3,0.7
1080,1,4,2,3,2,3,1,1,3,0,1,3,3,2,0,3,26786.66667,0.5357333334,1.600622222,0.33470317107717873,-0.4753401729879161,100,100,4,1 bead per cell or 1:1 ratio,1,10,5.5,6.7,1,0.4,25,350,10,10,50,1,0.5,0.5,3.2,0.8,0.3,0.7
1081,1,4,2,3,2,3,1,1,3,0,3,3,3,3,0,3,23348.33333,0.4669666666,1.600622222,0.2917407119442079,-0.5350029615571014,100,100,4,1 bead per cell or 1:1 ratio,1,10,5.5,6.7,1,0.4,25,350,10,10,50,1,0.5,0.5,3.2,0.8,0.3,0.7
1082,1,4,0,3,0,3,2,1,5,0,1,3,3,0,4,3,50055.0,1.0011,1.600622222,0.6254442717589611,-0.2038113806880347,100,100,4,1 bead per cell or 1:1 ratio,1,10,5.5,6.7,1,0.4,25,350,10,10,50,1,0.5,0.5,3.2,0.8,0.3,0.7
1083,1,4,2,3,2,3,1,0,3,0,2,3,3,2,0,3,34758.33333,0.6951666666,1.600622222,0.43431026824766905,-0.3621999026419511,100,100,4,1 bead per cell or 1:1 ratio,1,10,5.5,6.7,1,0.4,25,350,10,10,50,1,0.5,0.5,3.2,0.8,0.3,0.7
1084,1,4,0,2,2,3,2,1,5,0,1,3,0,0,4,0,55331.66667,1.1066333334,1.600622222,0.6913769646514379,-0.1602850944080558,100,100,4,1 bead per cell or 1:1 ratio,1,10,5.5,6.7,1,0.4,25,350,10,10,50,1,0.5,0.5,3.2,0.8,0.3,0.7
1085,1,4,0,3,3,3,1,1,3,0,1,3,3,3,0,3,33303.33333,0.6660666666,1.600622222,0.41612983841230217,-0.3807711421902227,100,100,4,1 bead per cell or 1:1 ratio,1,10,5.5,6.7,1,0.4,25,350,10,10,50,1,0.5,0.5,3.2,0.8,0.3,0.7
1086,1,4,2,3,3,3,1,1,1,2,0,4,4,3,3,3,20270.0,0.4054,1.600622222,0.25327650361710397,-0.5964050977055001,100,100,4,1 bead per cell or 1:1 ratio,1,10,5.5,6.7,1,0.4,25,350,10,10,50,1,0.5,0.5,3.2,0.8,0.3,0.7
1087,1,4,2,3,2,3,1,1,2,0,2,3,3,2,0,3,35055.0,0.7011,1.600622222,0.438017160054148,-0.35850887495060063,100,100,4,1 bead per cell or 1:1 ratio,1,10,5.5,6.7,1,0.4,25,350,10,10,50,1,0.5,0.5,3.2,0.8,0.3,0.7
1088,1,4,2,3,2,0,2,3,1,0,2,1,3,2,0,0,29180.0,0.5836,1.600622222,0.3646082079697629,-0.43817355884107595,100,100,4,1 bead per cell or 1:1 ratio,1,10,5.5,6.7,1,0.4,25,350,10,10,50,1,0.5,0.5,3.2,0.8,0.3,0.7
1089,1,4,1,3,3,3,1,1,3,3,3,3,0,3,1,2,35683.33333,0.7136666666,1.600622222,0.44586827346946584,-0.35079342952828335,100,100,4,1 bead per cell or 1:1 ratio,1,10,5.5,6.7,1,0.4,25,350,10,10,50,1,0.5,0.5,3.2,0.8,0.3,0.7
1090,1,4,2,3,2,3,1,1,3,0,2,3,2,2,0,3,18791.66667,0.37583333339999997,1.600622222,0.23480452053851342,-0.6292935461551176,100,100,4,1 bead per cell or 1:1 ratio,1,10,5.5,6.7,1,0.4,25,350,10,10,50,1,0.5,0.5,3.2,0.8,0.3,0.7
1091,1,4,2,3,3,3,1,2,3,3,3,3,0,3,1,2,31250.0,0.625,1.600622222,0.3904731493850271,-0.4084088247184148,100,100,4,1 bead per cell or 1:1 ratio,1,10,5.5,6.7,1,0.4,25,350,10,10,50,1,0.5,0.5,3.2,0.8,0.3,0.7
1092,1,4,2,4,3,3,1,1,5,4,3,3,0,3,1,2,84236.66667,1.6847333334,1.600622222,1.0525490089066127,0.022242326647541916,100,100,4,1 bead per cell or 1:1 ratio,1,10,5.5,6.7,1,0.4,25,350,10,10,50,1,0.5,0.5,3.2,0.8,0.3,0.7
1093,1,4,2,3,3,3,2,1,3,3,3,3,0,3,1,2,17810.0,0.3562,1.600622222,0.22253845729751467,-0.6525949269352652,100,100,4,1 bead per cell or 1:1 ratio,1,10,5.5,6.7,1,0.4,25,350,10,10,50,1,0.5,0.5,3.2,0.8,0.3,0.7
1094,1,4,1,5,3,3,1,1,5,0,2,3,3,3,4,3,107341.6667,2.146833334,1.600622222,1.3412492370107805,0.12750948791931818,100,100,4,1 bead per cell or 1:1 ratio,1,10,5.5,6.7,1,0.4,25,350,10,10,50,1,0.5,0.5,3.2,0.8,0.3,0.7
1095,1,4,2,3,3,3,1,1,3,3,3,3,0,3,2,2,22011.66667,0.4402333334,1.600622222,0.2750388738511466,-0.5606059188755877,100,100,4,1 bead per cell or 1:1 ratio,1,10,5.5,6.7,1,0.4,25,350,10,10,50,1,0.5,0.5,3.2,0.8,0.3,0.7
1096,1,4,2,3,3,3,1,1,3,3,2,3,0,3,1,2,31010.0,0.6202,1.600622222,0.3874743155977501,-0.4117570801611824,100,100,4,1 bead per cell or 1:1 ratio,1,10,5.5,6.7,1,0.4,25,350,10,10,50,1,0.5,0.5,3.2,0.8,0.3,0.7
1097,1,4,2,3,2,3,1,1,3,0,2,3,3,2,0,2,34355.0,0.6871,1.600622222,0.4292705615079234,-0.36726889352158154,100,100,4,1 bead per cell or 1:1 ratio,1,10,5.5,6.7,1,0.4,25,350,10,10,50,1,0.5,0.5,3.2,0.8,0.3,0.7
1098,1,4,2,3,3,3,0,1,3,3,3,3,0,3,1,2,13270.0,0.2654,1.600622222,0.16581051815485792,-0.7803879235340732,100,100,4,1 bead per cell or 1:1 ratio,1,10,5.5,6.7,1,0.4,25,350,10,10,50,1,0.5,0.5,3.2,0.8,0.3,0.7
1099,1,4,2,5,4,3,1,0,5,0,1,5,3,4,0,3,37895.0,0.7579,1.600622222,0.47350335987025927,-0.3246769349966391,100,100,4,1 bead per cell or 1:1 ratio,1,10,5.5,6.7,1,0.4,25,350,10,10,50,1,0.5,0.5,3.2,0.8,0.3,0.7
1100,1,4,2,3,3,3,1,1,3,3,3,3,0,3,1,3,24928.33333,0.49856666660000004,1.600622222,0.31148303437711494,-0.5065656031847692,100,100,4,1 bead per cell or 1:1 ratio,1,10,5.5,6.7,1,0.4,25,350,10,10,50,1,0.5,0.5,3.2,0.8,0.3,0.7
1101,1,4,3,3,1,0,1,1,3,0,1,2,3,1,4,3,22293.33333,0.4458666666,1.600622222,0.27855833842096944,-0.5550838367521476,100,100,4,1 bead per cell or 1:1 ratio,1,10,5.5,6.7,1,0.4,25,350,10,10,50,1,0.5,0.5,3.2,0.8,0.3,0.7
1102,1,4,1,3,3,3,1,0,3,0,2,3,3,3,3,3,29576.66667,0.5915333334,1.600622222,0.369564613854274,-0.4323096195502844,100,100,4,1 bead per cell or 1:1 ratio,1,10,5.5,6.7,1,0.4,25,350,10,10,50,1,0.5,0.5,3.2,0.8,0.3,0.7
1103,1,4,2,3,2,2,1,1,2,0,2,3,3,3,0,3,32405.0,0.6481,1.600622222,0.4049050369862977,-0.3926468206093389,100,100,4,1 bead per cell or 1:1 ratio,1,10,5.5,6.7,1,0.4,25,350,10,10,50,1,0.5,0.5,3.2,0.8,0.3,0.7
1104,1,4,0,3,2,0,3,3,4,0,3,3,3,1,0,0,24720.0,0.4944,1.600622222,0.3088798800895319,-0.5102103799817305,100,100,4,1 bead per cell or 1:1 ratio,1,10,5.5,6.7,1,0.4,25,350,10,10,50,1,0.5,0.5,3.2,0.8,0.3,0.7
1105,1,4,2,3,2,3,1,1,3,3,3,3,0,3,1,2,23515.0,0.4703,1.600622222,0.2938232354492452,-0.5319138633164104,100,100,4,1 bead per cell or 1:1 ratio,1,10,5.5,6.7,1,0.4,25,350,10,10,50,1,0.5,0.5,3.2,0.8,0.3,0.7
1106,1,4,2,3,2,3,1,1,3,0,2,3,3,2,1,3,21118.33333,0.42236666660000005,1.600622222,0.26387654800409244,-0.5785992059337866,100,100,4,1 bead per cell or 1:1 ratio,1,10,5.5,6.7,1,0.4,25,350,10,10,50,1,0.5,0.5,3.2,0.8,0.3,0.7
1107,1,4,2,3,2,3,1,1,2,0,1,3,3,3,0,3,12600.0,0.252,1.600622222,0.15743877383204294,-0.8028883012809458,100,100,4,1 bead per cell or 1:1 ratio,1,10,5.5,6.7,1,0.4,25,350,10,10,50,1,0.5,0.5,3.2,0.8,0.3,0.7
1108,1,4,2,3,3,3,1,1,3,3,3,3,1,3,1,2,9105.0,0.1821,1.600622222,0.11376825680482151,-0.9439788962675699,100,100,4,1 bead per cell or 1:1 ratio,1,10,5.5,6.7,1,0.4,25,350,10,10,50,1,0.5,0.5,3.2,0.8,0.3,0.7
1109,1,4,2,3,3,3,1,1,3,2,3,3,0,3,1,2,25356.66667,0.5071333334,1.600622222,0.31683511976131995,-0.4991666848060605,100,100,4,1 bead per cell or 1:1 ratio,1,10,5.5,6.7,1,0.4,25,350,10,10,50,1,0.5,0.5,3.2,0.8,0.3,0.7
1110,1,4,2,3,3,3,1,1,3,3,3,2,0,3,1,2,18265.0,0.3653,1.600622222,0.22822374635256065,-0.6416391698505732,100,100,4,1 bead per cell or 1:1 ratio,1,10,5.5,6.7,1,0.4,25,350,10,10,50,1,0.5,0.5,3.2,0.8,0.3,0.7
1111,1,4,2,3,3,3,1,1,3,3,3,3,0,2,1,2,8310.0,0.1662,1.600622222,0.1038346198844664,-0.9836578226143978,100,100,4,1 bead per cell or 1:1 ratio,1,10,5.5,6.7,1,0.4,25,350,10,10,50,1,0.5,0.5,3.2,0.8,0.3,0.7
1112,1,4,2,5,5,2,0,0,3,0,2,3,2,1,0,3,17085.0,0.3417,1.600622222,0.21347948023178204,-0.6706438632637272,100,100,4,1 bead per cell or 1:1 ratio,1,10,5.5,6.7,1,0.4,25,350,10,10,50,1,0.5,0.5,3.2,0.8,0.3,0.7
1113,1,4,2,3,3,3,1,1,2,3,3,3,0,3,1,2,7005.0,0.1401,1.600622222,0.08752846116614768,-1.0578507067767153,100,100,4,1 bead per cell or 1:1 ratio,1,10,5.5,6.7,1,0.4,25,350,10,10,50,1,0.5,0.5,3.2,0.8,0.3,0.7
1114,1,4,2,3,3,2,1,1,3,3,3,3,0,3,1,2,25241.66667,0.5048333334,1.600622222,0.31539817857158303,-0.5011408190559263,100,100,4,1 bead per cell or 1:1 ratio,1,10,5.5,6.7,1,0.4,25,350,10,10,50,1,0.5,0.5,3.2,0.8,0.3,0.7
1115,1,4,0,3,0,1,2,3,5,0,1,1,0,0,4,0,42441.66667,0.8488333334,1.600622222,0.5303145999931019,-0.2754664162358463,100,100,4,1 bead per cell or 1:1 ratio,1,10,5.5,6.7,1,0.4,25,350,10,10,50,1,0.5,0.5,3.2,0.8,0.3,0.7
1116,1,4,2,3,3,3,1,1,3,3,3,3,0,3,1,1,18188.33333,0.3637666666,1.600622222,0.22726578551775226,-0.643465941658646,100,100,4,1 bead per cell or 1:1 ratio,1,10,5.5,6.7,1,0.4,25,350,10,10,50,1,0.5,0.5,3.2,0.8,0.3,0.7
1117,1,4,2,3,2,3,1,0,3,0,3,3,3,3,0,3,5718.333333,0.11436666665999999,1.600622222,0.07145138002463644,-1.145989378751295,100,100,4,1 bead per cell or 1:1 ratio,1,10,5.5,6.7,1,0.4,25,350,10,10,50,1,0.5,0.5,3.2,0.8,0.3,0.7
1118,1,4,2,2,1,3,1,1,5,0,2,3,3,3,0,3,18893.33333,0.3778666666,1.600622222,0.23607485976787845,-0.6269502596193706,100,100,4,1 bead per cell or 1:1 ratio,1,10,5.5,6.7,1,0.4,25,350,10,10,50,1,0.5,0.5,3.2,0.8,0.3,0.7
1119,1,4,2,3,3,3,1,0,3,3,3,3,0,3,1,2,22686.66667,0.4537333334,1.600622222,0.28347309387786324,-0.54748815629457,100,100,4,1 bead per cell or 1:1 ratio,1,10,5.5,6.7,1,0.4,25,350,10,10,50,1,0.5,0.5,3.2,0.8,0.3,0.7
1120,1,4,2,3,3,3,1,1,3,0,3,3,3,3,0,2,40020.0,0.8004,1.600622222,0.5000555340284412,-0.3009817620983161,100,100,4,1 bead per cell or 1:1 ratio,1,10,5.5,6.7,1,0.4,25,350,10,10,50,1,0.5,0.5,3.2,0.8,0.3,0.7
1121,1,4,2,3,2,2,1,1,4,0,2,3,3,2,1,3,27921.66667,0.5584333334,1.600622222,0.34888515586284297,-0.457317508236038,100,100,4,1 bead per cell or 1:1 ratio,1,10,5.5,6.7,1,0.4,25,350,10,10,50,1,0.5,0.5,3.2,0.8,0.3,0.7
1122,1,4,2,3,4,2,3,1,3,3,0,3,0,4,0,2,29893.33333,0.5978666666,1.600622222,0.373521408351408,-0.4276845015796816,100,100,4,1 bead per cell or 1:1 ratio,1,10,5.5,6.7,1,0.4,25,350,10,10,50,1,0.5,0.5,3.2,0.8,0.3,0.7
1123,1,4,3,3,1,3,0,1,2,0,3,3,4,1,0,3,14381.66667,0.2876333334,1.600622222,0.17970094969729844,-0.7454496276923266,100,100,4,1 bead per cell or 1:1 ratio,1,10,5.5,6.7,1,0.4,25,350,10,10,50,1,0.5,0.5,3.2,0.8,0.3,0.7
1124,1,4,0,3,2,3,1,2,3,1,2,3,3,2,0,3,44331.66667,0.8866333334,1.600622222,0.5539304160679084,-0.25654478728555596,100,100,4,1 bead per cell or 1:1 ratio,1,10,5.5,6.7,1,0.4,25,350,10,10,50,1,0.5,0.5,3.2,0.8,0.3,0.7
1125,1,4,3,3,2,3,1,1,3,0,3,2,3,4,0,3,12480.0,0.2496,1.600622222,0.1559393569384044,-0.8070442610521036,100,100,4,1 bead per cell or 1:1 ratio,1,10,5.5,6.7,1,0.4,25,350,10,10,50,1,0.5,0.5,3.2,0.8,0.3,0.7
1126,1,4,2,3,2,2,2,3,5,0,0,2,3,0,4,3,40150.0,0.803,1.600622222,0.5016799023298829,-0.29957329678380895,100,100,4,1 bead per cell or 1:1 ratio,1,10,5.5,6.7,1,0.4,25,350,10,10,50,1,0.5,0.5,3.2,0.8,0.3,0.7
1127,1,4,2,3,5,3,0,1,3,0,3,3,0,2,1,2,26368.33333,0.5273666666,1.600622222,0.32947603710077694,-0.48217616630015164,100,100,4,1 bead per cell or 1:1 ratio,1,10,5.5,6.7,1,0.4,25,350,10,10,50,1,0.5,0.5,3.2,0.8,0.3,0.7
1128,1,4,3,3,3,3,1,1,1,3,3,3,0,2,0,2,15213.33333,0.3042666666,1.600622222,0.19009274169629767,-0.7210344654671507,100,100,4,1 bead per cell or 1:1 ratio,1,10,5.5,6.7,1,0.4,25,350,10,10,50,1,0.5,0.5,3.2,0.8,0.3,0.7
1129,1,4,1,3,3,3,0,2,5,3,0,5,0,1,4,0,106981.6667,2.139633334,1.600622222,1.336750986329865,0.12605051321932767,100,100,4,1 bead per cell or 1:1 ratio,1,10,5.5,6.7,1,0.4,25,350,10,10,50,1,0.5,0.5,3.2,0.8,0.3,0.7
1130,1,4,2,2,2,3,1,1,3,0,3,3,3,0,0,1,15070.0,0.3014,1.600622222,0.18830177155943548,-0.7251455940838769,100,100,4,1 bead per cell or 1:1 ratio,1,10,5.5,6.7,1,0.4,25,350,10,10,50,1,0.5,0.5,3.2,0.8,0.3,0.7
1131,1,4,1,1,3,2,0,1,3,0,3,3,3,4,0,3,12443.33333,0.24886666659999998,1.600622222,0.15548120173480884,-0.808322111308206,100,100,4,1 bead per cell or 1:1 ratio,1,10,5.5,6.7,1,0.4,25,350,10,10,50,1,0.5,0.5,3.2,0.8,0.3,0.7
1132,1,4,2,3,1,3,1,3,3,0,1,2,3,3,0,3,22448.33333,0.4489666666,1.600622222,0.28049508524191913,-0.5520747439301511,100,100,4,1 bead per cell or 1:1 ratio,1,10,5.5,6.7,1,0.4,25,350,10,10,50,1,0.5,0.5,3.2,0.8,0.3,0.7
1133,1,4,1,3,4,3,1,1,3,0,3,3,0,3,3,3,27073.33333,0.5414666666,1.600622222,0.3382851113509031,-0.47071711601762445,100,100,4,1 bead per cell or 1:1 ratio,1,10,5.5,6.7,1,0.4,25,350,10,10,50,1,0.5,0.5,3.2,0.8,0.3,0.7
1134,1,4,0,3,1,3,3,3,3,0,2,3,3,3,0,3,28280.0,0.5656,1.600622222,0.3533625812674741,-0.451779441273647,100,100,4,1 bead per cell or 1:1 ratio,1,10,5.5,6.7,1,0.4,25,350,10,10,50,1,0.5,0.5,3.2,0.8,0.3,0.7
1135,1,4,2,3,3,3,2,1,3,2,1,3,0,2,1,3,15601.66667,0.3120333334,1.600622222,0.19494502144928988,-0.7100878514465514,100,100,4,1 bead per cell or 1:1 ratio,1,10,5.5,6.7,1,0.4,25,350,10,10,50,1,0.5,0.5,3.2,0.8,0.3,0.7
1136,1,4,5,3,0,3,3,1,3,0,0,3,0,3,0,2,13481.66667,0.2696333334,1.600622222,0.16845532299500965,-0.7735152612584905,100,100,4,1 bead per cell or 1:1 ratio,1,10,5.5,6.7,1,0.4,25,350,10,10,50,1,0.5,0.5,3.2,0.8,0.3,0.7
1137,1,4,1,3,5,3,0,2,5,0,1,5,3,0,4,3,75698.33333,1.5139666665999998,1.600622222,0.9458613317940052,-0.02417252876834917,100,100,4,1 bead per cell or 1:1 ratio,1,10,5.5,6.7,1,0.4,25,350,10,10,50,1,0.5,0.5,3.2,0.8,0.3,0.7
1138,1,4,2,3,0,3,2,1,5,4,2,3,4,4,0,2,59251.66667,1.1850333334,1.600622222,0.7403579165102958,-0.1305582754226299,100,100,4,1 bead per cell or 1:1 ratio,1,10,5.5,6.7,1,0.4,25,350,10,10,50,1,0.5,0.5,3.2,0.8,0.3,0.7
1139,1,4,1,3,2,3,1,1,3,0,0,1,4,1,4,3,24815.0,0.4963,1.600622222,0.31006691846366236,-0.5085445668651666,100,100,4,1 bead per cell or 1:1 ratio,1,10,5.5,6.7,1,0.4,25,350,10,10,50,1,0.5,0.5,3.2,0.8,0.3,0.7
1140,1,4,3,3,2,3,1,1,5,0,3,5,3,3,0,3,9658.333333,0.19316666666,1.600622222,0.12068223469910068,-0.9183566564975261,100,100,4,1 bead per cell or 1:1 ratio,1,10,5.5,6.7,1,0.4,25,350,10,10,50,1,0.5,0.5,3.2,0.8,0.3,0.7
1141,1,4,2,3,0,3,1,2,5,0,2,3,3,3,4,2,47173.33333,0.9434666666,1.600622222,0.5894374410353526,-0.22956228124719236,100,100,4,1 bead per cell or 1:1 ratio,1,10,5.5,6.7,1,0.4,25,350,10,10,50,1,0.5,0.5,3.2,0.8,0.3,0.7
1142,1,4,2,3,2,3,1,1,3,0,1,2,3,3,0,3,39586.66667,0.7917333334,1.600622222,0.49464097306528587,-0.3057099121575951,100,100,4,1 bead per cell or 1:1 ratio,1,10,5.5,6.7,1,0.4,25,350,10,10,50,1,0.5,0.5,3.2,0.8,0.3,0.7
1143,1,4,0,3,2,3,1,1,5,0,0,3,4,0,4,3,24066.66667,0.48133333339999995,1.600622222,0.30071638815470597,-0.5218429034883806,100,100,4,1 bead per cell or 1:1 ratio,1,10,5.5,6.7,1,0.4,25,350,10,10,50,1,0.5,0.5,3.2,0.8,0.3,0.7
1144,1,4,0,3,3,3,1,0,0,2,1,3,3,4,0,3,24710.0,0.4942,1.600622222,0.3087549286817286,-0.5103861009964294,100,100,4,1 bead per cell or 1:1 ratio,1,10,5.5,6.7,1,0.4,25,350,10,10,50,1,0.5,0.5,3.2,0.8,0.3,0.7
1145,1,4,3,3,3,3,2,1,5,0,0,4,4,3,3,3,49858.33333,0.9971666666,1.600622222,0.6229868940305141,-0.20552108963312238,100,100,4,1 bead per cell or 1:1 ratio,1,10,5.5,6.7,1,0.4,25,350,10,10,50,1,0.5,0.5,3.2,0.8,0.3,0.7
1146,1,4,2,3,3,3,1,1,2,4,2,2,4,2,0,3,14766.66667,0.2953333334,1.600622222,0.18451157889772196,-0.7339763747970667,100,100,4,1 bead per cell or 1:1 ratio,1,10,5.5,6.7,1,0.4,25,350,10,10,50,1,0.5,0.5,3.2,0.8,0.3,0.7
1147,1,4,2,3,1,0,1,3,1,0,2,1,3,2,0,0,20846.66667,0.4169333334,1.600622222,0.26048203484207283,-0.584222224141814,100,100,4,1 bead per cell or 1:1 ratio,1,10,5.5,6.7,1,0.4,25,350,10,10,50,1,0.5,0.5,3.2,0.8,0.3,0.7
1148,1,4,0,2,3,3,1,1,3,3,1,3,3,0,4,3,13785.0,0.2757,1.600622222,0.17224551565672316,-0.7638520759567162,100,100,4,1 bead per cell or 1:1 ratio,1,10,5.5,6.7,1,0.4,25,350,10,10,50,1,0.5,0.5,3.2,0.8,0.3,0.7
1149,1,4,1,3,3,2,1,1,3,0,2,3,2,3,0,3,17473.33333,0.34946666660000003,1.600622222,0.21833175985982284,-0.6608830845904385,100,100,4,1 bead per cell or 1:1 ratio,1,10,5.5,6.7,1,0.4,25,350,10,10,50,1,0.5,0.5,3.2,0.8,0.3,0.7
1150,1,4,2,3,3,3,1,2,3,3,3,3,0,1,1,2,26161.66667,0.5232333334,1.600622222,0.3268937080894782,-0.4855934384539457,100,100,4,1 bead per cell or 1:1 ratio,1,10,5.5,6.7,1,0.4,25,350,10,10,50,1,0.5,0.5,3.2,0.8,0.3,0.7
1151,1,4,2,3,3,3,1,0,5,4,3,3,0,3,0,3,43111.66667,0.8622333334,1.600622222,0.5386863443159169,-0.26866403366773245,100,100,4,1 bead per cell or 1:1 ratio,1,10,5.5,6.7,1,0.4,25,350,10,10,50,1,0.5,0.5,3.2,0.8,0.3,0.7
1152,1,4,2,3,3,3,1,1,3,3,3,3,0,3,2,0,9590.0,0.1918,1.600622222,0.11982840008327712,-0.9214402392278451,100,100,4,1 bead per cell or 1:1 ratio,1,10,5.5,6.7,1,0.4,25,350,10,10,50,1,0.5,0.5,3.2,0.8,0.3,0.7
1153,1,4,0,3,3,1,1,3,5,0,2,3,0,1,4,3,73503.33333,1.4700666666,1.600622222,0.918434497781201,-0.03695181188574339,100,100,4,1 bead per cell or 1:1 ratio,1,10,5.5,6.7,1,0.4,25,350,10,10,50,1,0.5,0.5,3.2,0.8,0.3,0.7
1154,1,4,2,4,2,3,0,1,1,3,3,3,0,4,2,3,12275.0,0.2455,1.600622222,0.15337785307843865,-0.8142373456035027,100,100,4,1 bead per cell or 1:1 ratio,1,10,5.5,6.7,1,0.4,25,350,10,10,50,1,0.5,0.5,3.2,0.8,0.3,0.7
1155,1,4,2,3,3,3,1,0,3,0,2,3,3,4,0,3,10033.33333,0.2006666666,1.600622222,0.12536791245423556,-0.9018136056686117,100,100,4,1 bead per cell or 1:1 ratio,1,10,5.5,6.7,1,0.4,25,350,10,10,50,1,0.5,0.5,3.2,0.8,0.3,0.7
1156,1,4,2,4,4,3,1,0,3,3,3,3,0,3,0,2,12453.33333,0.2490666666,1.600622222,0.15560615314261206,-0.8079732336763613,100,100,4,1 bead per cell or 1:1 ratio,1,10,5.5,6.7,1,0.4,25,350,10,10,50,1,0.5,0.5,3.2,0.8,0.3,0.7
1157,1,4,2,1,4,3,0,1,3,3,3,5,0,4,2,2,5100.0,0.102,1.600622222,0.06372521797963641,-1.1956886703005725,100,100,4,1 bead per cell or 1:1 ratio,1,10,5.5,6.7,1,0.4,25,350,10,10,50,1,0.5,0.5,3.2,0.8,0.3,0.7
1158,1,4,2,5,4,3,1,1,5,0,2,2,3,1,0,3,52448.33333,1.0489666666,1.600622222,0.6553493086515452,-0.18352715438532233,100,100,4,1 bead per cell or 1:1 ratio,1,10,5.5,6.7,1,0.4,25,350,10,10,50,1,0.5,0.5,3.2,0.8,0.3,0.7
1159,1,4,3,3,3,3,1,1,3,0,3,3,0,3,1,3,11151.66667,0.2230333334,1.600622222,0.13934164497686202,-0.855919066772907,100,100,4,1 bead per cell or 1:1 ratio,1,10,5.5,6.7,1,0.4,25,350,10,10,50,1,0.5,0.5,3.2,0.8,0.3,0.7
1160,1,4,3,3,3,0,0,1,3,0,1,5,3,1,4,3,11068.33333,0.22136666659999998,1.600622222,0.13830038316186766,-0.8591766166741002,100,100,4,1 bead per cell or 1:1 ratio,1,10,5.5,6.7,1,0.4,25,350,10,10,50,1,0.5,0.5,3.2,0.8,0.3,0.7
1161,1,4,1,5,3,3,1,1,5,1,2,3,4,3,3,3,41945.0,0.8389,1.600622222,0.5241086800305588,-0.28057864766592716,100,100,4,1 bead per cell or 1:1 ratio,1,10,5.5,6.7,1,0.4,25,350,10,10,50,1,0.5,0.5,3.2,0.8,0.3,0.7
1162,1,4,1,3,2,3,1,2,2,0,0,2,3,3,3,3,18291.66667,0.36583333339999996,1.600622222,0.22855695014835298,-0.641005567788851,100,100,4,1 bead per cell or 1:1 ratio,1,10,5.5,6.7,1,0.4,25,350,10,10,50,1,0.5,0.5,3.2,0.8,0.3,0.7
1163,1,4,0,3,2,0,0,3,3,0,2,3,3,2,0,3,14388.33333,0.2877666666,1.600622222,0.17978425055253294,-0.7452483559716074,100,100,4,1 bead per cell or 1:1 ratio,1,10,5.5,6.7,1,0.4,25,350,10,10,50,1,0.5,0.5,3.2,0.8,0.3,0.7
1164,1,4,3,3,2,2,1,1,4,3,3,3,0,4,1,1,5841.666667,0.11683333334000001,1.600622222,0.0729924473958728,-1.1367220744546933,100,100,4,1 bead per cell or 1:1 ratio,1,10,5.5,6.7,1,0.4,25,350,10,10,50,1,0.5,0.5,3.2,0.8,0.3,0.7
1165,1,4,2,3,2,3,0,1,4,0,2,5,2,2,0,3,8928.333333,0.17856666666,1.600622222,0.11156078192946645,-0.952488450425507,100,100,4,1 bead per cell or 1:1 ratio,1,10,5.5,6.7,1,0.4,25,350,10,10,50,1,0.5,0.5,3.2,0.8,0.3,0.7
1166,1,4,0,4,2,3,1,3,1,3,1,3,3,1,1,3,23096.66667,0.4619333334,1.600622222,0.28859610159779475,-0.5397095397220844,100,100,4,1 bead per cell or 1:1 ratio,1,10,5.5,6.7,1,0.4,25,350,10,10,50,1,0.5,0.5,3.2,0.8,0.3,0.7
1167,1,4,2,5,3,3,1,1,5,3,2,3,3,3,4,2,28318.33333,0.5663666666,1.600622222,0.35384156162240266,-0.4511911569458918,100,100,4,1 bead per cell or 1:1 ratio,1,10,5.5,6.7,1,0.4,25,350,10,10,50,1,0.5,0.5,3.2,0.8,0.3,0.7
1168,1,4,2,3,3,3,1,1,3,1,1,3,0,0,1,2,12838.33333,0.25676666659999997,1.600622222,0.16041678234303558,-0.7947501990337095,100,100,4,1 bead per cell or 1:1 ratio,1,10,5.5,6.7,1,0.4,25,350,10,10,50,1,0.5,0.5,3.2,0.8,0.3,0.7
1169,1,4,0,3,0,3,2,0,3,3,3,3,4,3,1,2,5245.0,0.1049,1.600622222,0.06553701339278295,-1.1835133538689322,100,100,4,1 bead per cell or 1:1 ratio,1,10,5.5,6.7,1,0.4,25,350,10,10,50,1,0.5,0.5,3.2,0.8,0.3,0.7
1170,1,4,2,5,3,3,0,1,3,0,3,3,0,2,1,3,10700.0,0.214,1.600622222,0.13369800634943327,-0.8738750687132991,100,100,4,1 bead per cell or 1:1 ratio,1,10,5.5,6.7,1,0.4,25,350,10,10,50,1,0.5,0.5,3.2,0.8,0.3,0.7
1171,1,4,2,5,5,3,0,0,5,0,2,3,4,2,0,3,31370.0,0.6274,1.600622222,0.3919725662786656,-0.4067443277007637,100,100,4,1 bead per cell or 1:1 ratio,1,10,5.5,6.7,1,0.4,25,350,10,10,50,1,0.5,0.5,3.2,0.8,0.3,0.7
1172,1,4,0,3,3,3,3,1,2,3,3,2,0,0,1,2,12863.33333,0.25726666659999997,1.600622222,0.1607291608625436,-0.7939053226593152,100,100,4,1 bead per cell or 1:1 ratio,1,10,5.5,6.7,1,0.4,25,350,10,10,50,1,0.5,0.5,3.2,0.8,0.3,0.7
1173,1,4,2,3,3,0,3,1,3,3,3,3,0,3,1,1,9143.333333,0.18286666666,1.600622222,0.11424723719723542,-0.9421542935294746,100,100,4,1 bead per cell or 1:1 ratio,1,10,5.5,6.7,1,0.4,25,350,10,10,50,1,0.5,0.5,3.2,0.8,0.3,0.7
1174,1,4,2,3,0,3,2,1,5,0,0,3,4,1,0,0,2788.333333,0.05576666666,1.600622222,0.03484061753829631,-1.457914155871676,100,100,4,1 bead per cell or 1:1 ratio,1,10,5.5,6.7,1,0.4,25,350,10,10,50,1,0.5,0.5,3.2,0.8,0.3,0.7
1175,1,4,4,3,3,3,0,1,0,3,3,5,4,3,0,3,2330.0,0.0466,1.600622222,0.029113678018147623,-1.5359029253724898,100,100,4,1 bead per cell or 1:1 ratio,1,10,5.5,6.7,1,0.4,25,350,10,10,50,1,0.5,0.5,3.2,0.8,0.3,0.7
1176,1,4,2,3,2,3,1,0,3,0,3,3,0,3,0,3,4450.0,0.089,1.600622222,0.05560337647242786,-1.2548988354175772,100,100,4,1 bead per cell or 1:1 ratio,1,10,5.5,6.7,1,0.4,25,350,10,10,50,1,0.5,0.5,3.2,0.8,0.3,0.7
1177,1,4,2,3,4,3,1,1,1,0,1,3,3,4,0,3,5733.333333,0.11466666665999999,1.600622222,0.07163880713634126,-1.144851654235872,100,100,4,1 bead per cell or 1:1 ratio,1,10,5.5,6.7,1,0.4,25,350,10,10,50,1,0.5,0.5,3.2,0.8,0.3,0.7
1178,1,4,2,3,3,3,1,0,4,3,3,3,0,3,1,1,14891.66667,0.2978333334,1.600622222,0.18607347149526207,-0.7303155398432774,100,100,4,1 bead per cell or 1:1 ratio,1,10,5.5,6.7,1,0.4,25,350,10,10,50,1,0.5,0.5,3.2,0.8,0.3,0.7
1179,1,4,0,3,3,3,1,1,1,0,2,1,3,3,1,2,5325.0,0.1065,1.600622222,0.06653662465520861,-1.1769392342877334,100,100,4,1 bead per cell or 1:1 ratio,1,10,5.5,6.7,1,0.4,25,350,10,10,50,1,0.5,0.5,3.2,0.8,0.3,0.7
1180,1,4,2,3,2,2,1,1,4,0,2,3,3,2,0,3,8960.0,0.1792,1.600622222,0.11195646139167498,-0.9509508367363836,100,100,4,1 bead per cell or 1:1 ratio,1,10,5.5,6.7,1,0.4,25,350,10,10,50,1,0.5,0.5,3.2,0.8,0.3,0.7
1181,1,4,5,3,0,2,3,1,3,0,0,0,3,4,0,3,12418.33333,0.24836666659999998,1.600622222,0.15516882321530082,-0.8091955335011404,100,100,4,1 bead per cell or 1:1 ratio,1,10,5.5,6.7,1,0.4,25,350,10,10,50,1,0.5,0.5,3.2,0.8,0.3,0.7
1182,1,4,3,3,1,3,0,1,3,0,3,3,4,2,0,3,16905.0,0.3381,1.600622222,0.21123035489132427,-0.6752436712967209,100,100,4,1 bead per cell or 1:1 ratio,1,10,5.5,6.7,1,0.4,25,350,10,10,50,1,0.5,0.5,3.2,0.8,0.3,0.7
1183,1,4,0,1,4,3,1,1,3,0,2,3,3,4,0,3,7225.0,0.1445,1.600622222,0.09027739213781825,-1.0444209949699232,100,100,4,1 bead per cell or 1:1 ratio,1,10,5.5,6.7,1,0.4,25,350,10,10,50,1,0.5,0.5,3.2,0.8,0.3,0.7
1184,1,4,3,3,2,2,1,1,3,0,2,3,3,4,0,3,3570.0,0.0714,1.600622222,0.0446076525857455,-1.3505906302863155,100,100,4,1 bead per cell or 1:1 ratio,1,10,5.5,6.7,1,0.4,25,350,10,10,50,1,0.5,0.5,3.2,0.8,0.3,0.7
1185,1,4,2,3,2,2,1,2,3,0,2,3,3,2,0,2,27753.33333,0.5550666666,1.600622222,0.34678180708152134,-0.45994369461957385,100,100,4,1 bead per cell or 1:1 ratio,1,10,5.5,6.7,1,0.4,25,350,10,10,50,1,0.5,0.5,3.2,0.8,0.3,0.7
1186,1,4,2,3,1,3,1,2,3,0,2,3,3,2,1,2,24516.66667,0.49033333339999996,1.600622222,0.30633920150585037,-0.5137974239955748,100,100,4,1 bead per cell or 1:1 ratio,1,10,5.5,6.7,1,0.4,25,350,10,10,50,1,0.5,0.5,3.2,0.8,0.3,0.7
1187,1,4,3,3,3,3,1,1,3,3,3,3,0,3,1,2,8630.0,0.1726,1.600622222,0.1078330649341691,-0.9672480506832991,100,100,4,1 bead per cell or 1:1 ratio,1,10,5.5,6.7,1,0.4,25,350,10,10,50,1,0.5,0.5,3.2,0.8,0.3,0.7
1188,1,4,1,3,3,3,0,1,0,4,0,2,4,1,4,3,38201.66667,0.7640333334,1.600622222,0.47733520308454147,-0.32117653558642517,100,100,4,1 bead per cell or 1:1 ratio,1,10,5.5,6.7,1,0.4,25,350,10,10,50,1,0.5,0.5,3.2,0.8,0.3,0.7
1189,1,4,2,3,2,3,1,1,3,1,3,3,3,3,0,3,13376.66667,0.2675333334,1.600622222,0.16714333321307595,-0.7769109412761105,100,100,4,1 bead per cell or 1:1 ratio,1,10,5.5,6.7,1,0.4,25,350,10,10,50,1,0.5,0.5,3.2,0.8,0.3,0.7
1190,1,4,2,3,2,3,1,1,3,0,3,3,3,2,0,3,22706.66667,0.45413333339999995,1.600622222,0.2837229966934696,-0.5471054617638534,100,100,4,1 bead per cell or 1:1 ratio,1,10,5.5,6.7,1,0.4,25,350,10,10,50,1,0.5,0.5,3.2,0.8,0.3,0.7
1191,1,4,2,3,2,3,1,3,3,0,1,2,3,3,0,3,21940.0,0.4388,1.600622222,0.27414338872023986,-0.5620222231598164,100,100,4,1 bead per cell or 1:1 ratio,1,10,5.5,6.7,1,0.4,25,350,10,10,50,1,0.5,0.5,3.2,0.8,0.3,0.7
1192,1,4,1,3,2,3,1,1,3,0,3,3,3,3,0,3,26050.0,0.521,1.600622222,0.3254984173273586,-0.48745111876296543,100,100,4,1 bead per cell or 1:1 ratio,1,10,5.5,6.7,1,0.4,25,350,10,10,50,1,0.5,0.5,3.2,0.8,0.3,0.7
1193,1,4,0,3,3,0,3,3,3,0,2,1,3,1,0,0,27066.66667,0.5413333334,1.600622222,0.3382018104956686,-0.4708240718235113,100,100,4,1 bead per cell or 1:1 ratio,1,10,5.5,6.7,1,0.4,25,350,10,10,50,1,0.5,0.5,3.2,0.8,0.3,0.7
1194,1,4,2,3,2,3,1,1,3,0,3,3,3,4,0,3,15825.0,0.3165,1.600622222,0.19773560284857772,-0.703915127709116,100,100,4,1 bead per cell or 1:1 ratio,1,10,5.5,6.7,1,0.4,25,350,10,10,50,1,0.5,0.5,3.2,0.8,0.3,0.7
1195,1,4,2,3,3,3,1,1,3,3,3,3,0,3,1,2,21808.33333,0.43616666660000003,1.600622222,0.2724981951425138,-0.5646363698726331,100,100,4,1 bead per cell or 1:1 ratio,1,10,5.5,6.7,1,0.4,25,350,10,10,50,1,0.5,0.5,3.2,0.8,0.3,0.7
1196,1,4,1,3,5,3,0,2,5,0,1,5,2,0,4,2,63060.0,1.2612,1.600622222,0.7879435776070339,-0.10350487998662289,100,100,4,1 bead per cell or 1:1 ratio,1,10,5.5,6.7,1,0.4,25,350,10,10,50,1,0.5,0.5,3.2,0.8,0.3,0.7
1197,1,4,2,4,0,3,2,1,5,4,2,3,3,2,0,2,50310.0,1.0062,1.600622222,0.6286305326579429,-0.20160452907276055,100,100,4,1 bead per cell or 1:1 ratio,1,10,5.5,6.7,1,0.4,25,350,10,10,50,1,0.5,0.5,3.2,0.8,0.3,0.7
1198,1,4,2,3,2,3,1,1,3,0,1,3,3,2,0,3,23228.33333,0.4645666666,1.600622222,0.29024129505056945,-0.5372407968028085,100,100,4,1 bead per cell or 1:1 ratio,1,10,5.5,6.7,1,0.4,25,350,10,10,50,1,0.5,0.5,3.2,0.8,0.3,0.7
1199,1,4,2,3,2,3,1,1,3,0,3,3,3,3,0,3,17028.33333,0.3405666666,1.600622222,0.21277142221258005,-0.672086703486153,100,100,4,1 bead per cell or 1:1 ratio,1,10,5.5,6.7,1,0.4,25,350,10,10,50,1,0.5,0.5,3.2,0.8,0.3,0.7
1200,1,4,0,3,0,3,2,1,5,0,1,3,3,0,4,3,30978.33333,0.6195666666,1.600622222,0.38707863609805615,-0.41220079788994807,100,100,4,1 bead per cell or 1:1 ratio,1,10,5.5,6.7,1,0.4,25,350,10,10,50,1,0.5,0.5,3.2,0.8,0.3,0.7
1201,1,4,2,3,2,3,1,0,3,0,2,3,3,2,0,3,24031.66667,0.4806333334,1.600622222,0.30027905822739476,-0.5224749548919949,100,100,4,1 bead per cell or 1:1 ratio,1,10,5.5,6.7,1,0.4,25,350,10,10,50,1,0.5,0.5,3.2,0.8,0.3,0.7
1202,1,4,0,2,2,3,2,1,5,0,1,3,0,0,4,0,47316.66667,0.9463333333999999,1.600622222,0.5912284112971662,-0.22824470422570028,100,100,4,1 bead per cell or 1:1 ratio,1,10,5.5,6.7,1,0.4,25,350,10,10,50,1,0.5,0.5,3.2,0.8,0.3,0.7
1203,1,4,0,3,3,3,1,1,3,0,1,3,3,3,0,3,24673.33333,0.49346666660000005,1.600622222,0.3082967734781331,-0.5110310204177507,100,100,4,1 bead per cell or 1:1 ratio,1,10,5.5,6.7,1,0.4,25,350,10,10,50,1,0.5,0.5,3.2,0.8,0.3,0.7
1204,1,4,2,3,3,3,1,1,1,2,0,4,4,3,3,3,24136.66667,0.48273333339999996,1.600622222,0.30159104800932846,-0.5205815535776284,100,100,4,1 bead per cell or 1:1 ratio,1,10,5.5,6.7,1,0.4,25,350,10,10,50,1,0.5,0.5,3.2,0.8,0.3,0.7
1205,1,4,2,3,2,3,1,1,2,0,2,3,3,2,0,3,33303.33333,0.6660666666,1.600622222,0.41612983841230217,-0.3807711421902227,100,100,4,1 bead per cell or 1:1 ratio,1,10,5.5,6.7,1,0.4,25,350,10,10,50,1,0.5,0.5,3.2,0.8,0.3,0.7
1206,1,4,2,3,2,0,2,3,1,0,2,1,3,2,0,0,29655.0,0.5931,1.600622222,0.3705433998404153,-0.43116091802915524,100,100,4,1 bead per cell or 1:1 ratio,1,10,5.5,6.7,1,0.4,25,350,10,10,50,1,0.5,0.5,3.2,0.8,0.3,0.7
1207,1,4,1,3,3,3,1,1,3,3,3,3,0,3,1,2,21698.33333,0.43396666660000005,1.600622222,0.2711237296566785,-0.5668324698487033,100,100,4,1 bead per cell or 1:1 ratio,1,10,5.5,6.7,1,0.4,25,350,10,10,50,1,0.5,0.5,3.2,0.8,0.3,0.7
1208,1,4,2,3,2,3,1,1,3,0,2,3,2,2,0,3,10138.33333,0.20276666659999998,1.600622222,0.12667990223616923,-0.8972922804620187,100,100,4,1 bead per cell or 1:1 ratio,1,10,5.5,6.7,1,0.4,25,350,10,10,50,1,0.5,0.5,3.2,0.8,0.3,0.7
1209,1,4,2,3,3,3,1,2,3,3,3,3,0,3,1,2,21600.0,0.432,1.600622222,0.2698950408549307,-0.5688050952475779,100,100,4,1 bead per cell or 1:1 ratio,1,10,5.5,6.7,1,0.4,25,350,10,10,50,1,0.5,0.5,3.2,0.8,0.3,0.7
1210,1,4,2,4,3,3,1,1,5,4,3,3,0,3,1,2,83521.66667,1.6704333334,1.600622222,1.0436149832486832,0.01854030566727106,100,100,4,1 bead per cell or 1:1 ratio,1,10,5.5,6.7,1,0.4,25,350,10,10,50,1,0.5,0.5,3.2,0.8,0.3,0.7
1211,1,4,2,3,3,3,2,1,3,3,3,3,0,3,1,2,19608.33333,0.39216666660000005,1.600622222,0.2450088854258079,-0.6108181653439405,100,100,4,1 bead per cell or 1:1 ratio,1,10,5.5,6.7,1,0.4,25,350,10,10,50,1,0.5,0.5,3.2,0.8,0.3,0.7
1212,1,4,1,5,3,3,1,1,5,0,2,3,3,3,4,3,67988.33333,1.3597666666,1.600622222,0.8495237963777313,-0.07082445141436738,100,100,4,1 bead per cell or 1:1 ratio,1,10,5.5,6.7,1,0.4,25,350,10,10,50,1,0.5,0.5,3.2,0.8,0.3,0.7
1213,1,4,2,3,3,3,1,1,3,3,3,3,0,3,2,2,18446.66667,0.36893333339999995,1.600622222,0.23049369696930272,-0.6373409462347606,100,100,4,1 bead per cell or 1:1 ratio,1,10,5.5,6.7,1,0.4,25,350,10,10,50,1,0.5,0.5,3.2,0.8,0.3,0.7
1214,1,4,2,3,3,3,1,1,3,3,2,3,0,3,1,2,18941.66667,0.37883333339999997,1.600622222,0.23667879165556155,-0.6258406566447361,100,100,4,1 bead per cell or 1:1 ratio,1,10,5.5,6.7,1,0.4,25,350,10,10,50,1,0.5,0.5,3.2,0.8,0.3,0.7
1215,1,4,2,3,2,3,1,1,3,0,2,3,3,2,0,2,21441.66667,0.42883333339999996,1.600622222,0.2679166436063637,-0.5720003061682714,100,100,4,1 bead per cell or 1:1 ratio,1,10,5.5,6.7,1,0.4,25,350,10,10,50,1,0.5,0.5,3.2,0.8,0.3,0.7
1216,1,4,2,3,3,3,0,1,3,3,3,3,0,3,1,2,11521.66667,0.23043333340000002,1.600622222,0.14396484706558074,-0.8417435397740732,100,100,4,1 bead per cell or 1:1 ratio,1,10,5.5,6.7,1,0.4,25,350,10,10,50,1,0.5,0.5,3.2,0.8,0.3,0.7
1217,1,4,2,5,4,3,1,0,5,0,1,5,3,4,0,3,21898.33333,0.4379666666,1.600622222,0.27362275781274265,-0.5628477842126569,100,100,4,1 bead per cell or 1:1 ratio,1,10,5.5,6.7,1,0.4,25,350,10,10,50,1,0.5,0.5,3.2,0.8,0.3,0.7
1218,1,4,2,3,3,3,1,1,3,3,3,3,0,3,1,3,15948.33333,0.3189666666,1.600622222,0.1992766701698335,-0.7005435422908444,100,100,4,1 bead per cell or 1:1 ratio,1,10,5.5,6.7,1,0.4,25,350,10,10,50,1,0.5,0.5,3.2,0.8,0.3,0.7
1219,1,4,3,3,1,0,1,1,3,0,1,2,3,1,4,3,14783.33333,0.2956666666,1.600622222,0.1847198311607597,-0.7334864770483502,100,100,4,1 bead per cell or 1:1 ratio,1,10,5.5,6.7,1,0.4,25,350,10,10,50,1,0.5,0.5,3.2,0.8,0.3,0.7
1220,1,4,1,3,3,3,1,0,3,0,2,3,3,3,3,3,14933.33333,0.29866666659999996,1.600622222,0.1865941022778078,-0.729102087216968,100,100,4,1 bead per cell or 1:1 ratio,1,10,5.5,6.7,1,0.4,25,350,10,10,50,1,0.5,0.5,3.2,0.8,0.3,0.7
1221,1,4,2,3,2,2,1,1,2,0,2,3,3,3,0,3,19505.0,0.3901,1.600622222,0.24371772092015853,-0.6131128917506986,100,100,4,1 bead per cell or 1:1 ratio,1,10,5.5,6.7,1,0.4,25,350,10,10,50,1,0.5,0.5,3.2,0.8,0.3,0.7
1222,1,4,0,3,2,0,3,3,4,0,3,3,3,1,0,0,15565.0,0.3113,1.600622222,0.1944868662456943,-0.7111097213799746,100,100,4,1 bead per cell or 1:1 ratio,1,10,5.5,6.7,1,0.4,25,350,10,10,50,1,0.5,0.5,3.2,0.8,0.3,0.7
1223,1,4,2,3,2,3,1,1,3,3,3,3,0,3,1,2,16725.0,0.3345,1.600622222,0.2089812295508665,-0.679892719958648,100,100,4,1 bead per cell or 1:1 ratio,1,10,5.5,6.7,1,0.4,25,350,10,10,50,1,0.5,0.5,3.2,0.8,0.3,0.7
1224,1,4,2,3,2,3,1,1,3,0,2,3,3,2,1,3,16871.66667,0.3374333334,1.600622222,0.21081385024029736,-0.6761008598478323,100,100,4,1 bead per cell or 1:1 ratio,1,10,5.5,6.7,1,0.4,25,350,10,10,50,1,0.5,0.5,3.2,0.8,0.3,0.7
1225,1,4,2,3,2,3,1,1,2,0,1,3,3,3,0,3,9200.0,0.184,1.600622222,0.11495529517895198,-0.9394710190529535,100,100,4,1 bead per cell or 1:1 ratio,1,10,5.5,6.7,1,0.4,25,350,10,10,50,1,0.5,0.5,3.2,0.8,0.3,0.7
1226,1,4,2,3,3,3,1,1,3,3,3,3,1,3,1,2,7718.333333,0.15436666665999998,1.600622222,0.09644166158527817,-1.015735315807015,100,100,4,1 bead per cell or 1:1 ratio,1,10,5.5,6.7,1,0.4,25,350,10,10,50,1,0.5,0.5,3.2,0.8,0.3,0.7
1227,1,4,2,3,3,3,1,1,3,2,3,3,0,3,1,2,12620.0,0.2524,1.600622222,0.15768867664764935,-0.8021994914903933,100,100,4,1 bead per cell or 1:1 ratio,1,10,5.5,6.7,1,0.4,25,350,10,10,50,1,0.5,0.5,3.2,0.8,0.3,0.7
1228,1,4,2,3,3,3,1,1,3,3,3,2,0,3,1,2,12268.33333,0.24536666659999998,1.600622222,0.15329455209825268,-0.8144732791685119,100,100,4,1 bead per cell or 1:1 ratio,1,10,5.5,6.7,1,0.4,25,350,10,10,50,1,0.5,0.5,3.2,0.8,0.3,0.7
1229,1,4,2,3,3,3,1,1,3,3,3,3,0,2,1,2,8148.333333,0.16296666665999998,1.600622222,0.10181457212081614,-0.9921900595360831,100,100,4,1 bead per cell or 1:1 ratio,1,10,5.5,6.7,1,0.4,25,350,10,10,50,1,0.5,0.5,3.2,0.8,0.3,0.7
1230,1,4,2,5,5,2,0,0,3,0,2,3,2,1,0,3,14848.33333,0.2969666666,1.600622222,0.18553201531148053,-0.7315811379443344,100,100,4,1 bead per cell or 1:1 ratio,1,10,5.5,6.7,1,0.4,25,350,10,10,50,1,0.5,0.5,3.2,0.8,0.3,0.7
1231,1,4,2,3,3,3,1,1,2,3,3,3,0,3,1,2,5460.0,0.1092,1.600622222,0.06822346866055194,-1.1660662036937715,100,100,4,1 bead per cell or 1:1 ratio,1,10,5.5,6.7,1,0.4,25,350,10,10,50,1,0.5,0.5,3.2,0.8,0.3,0.7
1232,1,4,2,3,3,2,1,1,3,3,3,3,0,3,1,2,13958.33333,0.2791666666,1.600622222,0.174411340016995,-0.7584252811769816,100,100,4,1 bead per cell or 1:1 ratio,1,10,5.5,6.7,1,0.4,25,350,10,10,50,1,0.5,0.5,3.2,0.8,0.3,0.7
1233,1,4,0,3,0,1,2,3,5,0,1,1,0,0,4,0,25155.0,0.5031,1.600622222,0.31431526632897144,-0.5026345247367418,100,100,4,1 bead per cell or 1:1 ratio,1,10,5.5,6.7,1,0.4,25,350,10,10,50,1,0.5,0.5,3.2,0.8,0.3,0.7
1234,1,4,2,3,3,3,1,1,3,3,3,3,0,3,1,1,12175.0,0.2435,1.600622222,0.15212833900040656,-0.8177898765118368,100,100,4,1 bead per cell or 1:1 ratio,1,10,5.5,6.7,1,0.4,25,350,10,10,50,1,0.5,0.5,3.2,0.8,0.3,0.7
1235,1,4,2,3,2,3,1,0,3,0,3,3,3,3,0,3,4860.0,0.0972,1.600622222,0.060726384192359414,-1.2166225771362154,100,100,4,1 bead per cell or 1:1 ratio,1,10,5.5,6.7,1,0.4,25,350,10,10,50,1,0.5,0.5,3.2,0.8,0.3,0.7
1236,1,4,2,2,1,3,1,1,5,0,2,3,3,3,0,3,0.0,0.0,1.600622222,0.0,,100,100,4,1 bead per cell or 1:1 ratio,1,10,5.5,6.7,1,0.4,25,350,10,10,50,1,0.5,0.5,3.2,0.8,0.3,0.7
1237,1,4,2,3,3,3,1,0,3,3,3,3,0,3,1,2,0.0,0.0,1.600622222,0.0,,100,100,4,1 bead per cell or 1:1 ratio,1,10,5.5,6.7,1,0.4,25,350,10,10,50,1,0.5,0.5,3.2,0.8,0.3,0.7
1238,1,4,2,3,3,3,1,1,3,0,3,3,3,3,0,2,33710.0,0.6742,1.600622222,0.42121119570461646,-0.3755000938775368,100,100,4,1 bead per cell or 1:1 ratio,1,10,5.5,6.7,1,0.4,25,350,10,10,50,1,0.5,0.5,3.2,0.8,0.3,0.7
1239,1,4,2,3,2,2,1,1,4,0,2,3,3,2,1,3,33491.66667,0.6698333334,1.600622222,0.4184830900092302,-0.3783220862108746,100,100,4,1 bead per cell or 1:1 ratio,1,10,5.5,6.7,1,0.4,25,350,10,10,50,1,0.5,0.5,3.2,0.8,0.3,0.7
1240,1,4,2,3,4,2,3,1,3,3,0,3,0,4,0,2,25881.66667,0.5176333334,1.600622222,0.3233950686709884,-0.49026660677132056,100,100,4,1 bead per cell or 1:1 ratio,1,10,5.5,6.7,1,0.4,25,350,10,10,50,1,0.5,0.5,3.2,0.8,0.3,0.7
1241,1,4,3,3,1,3,0,1,2,0,3,3,4,1,0,3,10288.33333,0.20576666659999998,1.600622222,0.12855417335321737,-0.8909138199557507,100,100,4,1 bead per cell or 1:1 ratio,1,10,5.5,6.7,1,0.4,25,350,10,10,50,1,0.5,0.5,3.2,0.8,0.3,0.7
1242,1,4,0,3,2,3,1,2,3,1,2,3,3,2,0,3,29221.66667,0.5844333333999999,1.600622222,0.36512883887726005,-0.43755386392610646,100,100,4,1 bead per cell or 1:1 ratio,1,10,5.5,6.7,1,0.4,25,350,10,10,50,1,0.5,0.5,3.2,0.8,0.3,0.7
1243,1,4,3,3,2,3,1,1,3,0,3,2,3,4,0,3,8623.333333,0.17246666666000002,1.600622222,0.10774976399146857,-0.9675836724184154,100,100,4,1 bead per cell or 1:1 ratio,1,10,5.5,6.7,1,0.4,25,350,10,10,50,1,0.5,0.5,3.2,0.8,0.3,0.7
1244,1,4,2,3,2,2,2,3,5,0,0,2,3,0,4,3,34471.66667,0.6894333334,1.600622222,0.43072832797394467,-0.3657965647867388,100,100,4,1 bead per cell or 1:1 ratio,1,10,5.5,6.7,1,0.4,25,350,10,10,50,1,0.5,0.5,3.2,0.8,0.3,0.7
1245,1,4,2,3,5,3,0,1,3,0,3,3,0,2,1,2,28250.0,0.565,1.600622222,0.35298772704406445,-0.4522403942430515,100,100,4,1 bead per cell or 1:1 ratio,1,10,5.5,6.7,1,0.4,25,350,10,10,50,1,0.5,0.5,3.2,0.8,0.3,0.7
1246,1,4,3,3,3,3,1,1,1,3,3,3,0,2,0,2,14538.33333,0.2907666666,1.600622222,0.18165852166958107,-0.7407442244058982,100,100,4,1 bead per cell or 1:1 ratio,1,10,5.5,6.7,1,0.4,25,350,10,10,50,1,0.5,0.5,3.2,0.8,0.3,0.7
1247,1,4,1,3,3,3,0,2,5,3,0,5,0,1,4,0,80998.33333,1.6199666665999999,1.600622222,1.0120855779297058,0.005217236269881229,100,100,4,1 bead per cell or 1:1 ratio,1,10,5.5,6.7,1,0.4,25,350,10,10,50,1,0.5,0.5,3.2,0.8,0.3,0.7
1248,1,4,2,2,2,3,1,1,3,0,3,3,3,0,0,1,11883.33333,0.2376666666,1.600622222,0.14848392289782916,-0.8283205670521085,100,100,4,1 bead per cell or 1:1 ratio,1,10,5.5,6.7,1,0.4,25,350,10,10,50,1,0.5,0.5,3.2,0.8,0.3,0.7
1249,1,4,1,1,3,2,0,1,3,0,3,3,3,4,0,3,16166.66667,0.32333333340000003,1.600622222,0.2020047759901712,-0.6946383624263622,100,100,4,1 bead per cell or 1:1 ratio,1,10,5.5,6.7,1,0.4,25,350,10,10,50,1,0.5,0.5,3.2,0.8,0.3,0.7
1250,1,4,2,3,1,3,1,3,3,0,1,2,3,3,0,3,32831.66667,0.6566333334,1.600622222,0.4102362970942184,-0.3869659165411862,100,100,4,1 bead per cell or 1:1 ratio,1,10,5.5,6.7,1,0.4,25,350,10,10,50,1,0.5,0.5,3.2,0.8,0.3,0.7
1251,1,4,1,3,4,3,1,1,3,0,3,3,0,3,3,3,25953.33333,0.5190666666,1.600622222,0.32429055367694376,-0.489065701791807,100,100,4,1 bead per cell or 1:1 ratio,1,10,5.5,6.7,1,0.4,25,350,10,10,50,1,0.5,0.5,3.2,0.8,0.3,0.7
1252,1,4,0,3,1,3,3,3,3,0,2,3,3,3,0,3,31375.0,0.6275,1.600622222,0.39203504198256717,-0.40667511190941424,100,100,4,1 bead per cell or 1:1 ratio,1,10,5.5,6.7,1,0.4,25,350,10,10,50,1,0.5,0.5,3.2,0.8,0.3,0.7
1253,1,4,2,3,3,3,2,1,3,2,1,3,0,2,1,3,23835.0,0.4767,1.600622222,0.29782168049894786,-0.5260436901354479,100,100,4,1 bead per cell or 1:1 ratio,1,10,5.5,6.7,1,0.4,25,350,10,10,50,1,0.5,0.5,3.2,0.8,0.3,0.7
1254,1,4,5,3,0,3,3,1,3,0,0,3,0,3,0,2,18641.66667,0.37283333339999997,1.600622222,0.23293024942146529,-0.6327741082718473,100,100,4,1 bead per cell or 1:1 ratio,1,10,5.5,6.7,1,0.4,25,350,10,10,50,1,0.5,0.5,3.2,0.8,0.3,0.7
1255,1,4,1,3,5,3,0,2,5,0,1,5,3,0,4,3,48551.66667,0.9710333334,1.600622222,0.6066599101608624,-0.21705470354150147,100,100,4,1 bead per cell or 1:1 ratio,1,10,5.5,6.7,1,0.4,25,350,10,10,50,1,0.5,0.5,3.2,0.8,0.3,0.7
1256,1,4,2,3,0,3,2,1,5,4,2,3,4,4,0,2,43681.66667,0.8736333333999999,1.600622222,0.5458085745606998,-0.26295964591942805,100,100,4,1 bead per cell or 1:1 ratio,1,10,5.5,6.7,1,0.4,25,350,10,10,50,1,0.5,0.5,3.2,0.8,0.3,0.7
1257,1,4,1,3,2,3,1,1,3,0,0,1,4,1,4,3,28140.0,0.5628,1.600622222,0.3516132615582292,-0.4539347532997819,100,100,4,1 bead per cell or 1:1 ratio,1,10,5.5,6.7,1,0.4,25,350,10,10,50,1,0.5,0.5,3.2,0.8,0.3,0.7
1258,1,4,3,3,2,3,1,1,5,0,3,5,3,3,0,3,9123.333333,0.18246666666,1.600622222,0.113997334381629,-0.9431053037239151,100,100,4,1 bead per cell or 1:1 ratio,1,10,5.5,6.7,1,0.4,25,350,10,10,50,1,0.5,0.5,3.2,0.8,0.3,0.7
1259,1,4,2,3,0,3,1,2,5,0,2,3,3,3,4,2,38140.0,0.7628,1.600622222,0.47656466936143793,-0.3218781576885219,100,100,4,1 bead per cell or 1:1 ratio,1,10,5.5,6.7,1,0.4,25,350,10,10,50,1,0.5,0.5,3.2,0.8,0.3,0.7
1260,1,4,2,3,2,3,1,1,3,0,1,2,3,3,0,3,42633.33333,0.8526666666,1.600622222,0.5327095018926958,-0.27350955667347304,100,100,4,1 bead per cell or 1:1 ratio,1,10,5.5,6.7,1,0.4,25,350,10,10,50,1,0.5,0.5,3.2,0.8,0.3,0.7
1261,1,4,0,3,2,3,1,1,5,0,0,3,4,0,4,3,30783.33333,0.6156666666,1.600622222,0.3846420836458936,-0.414943201388938,100,100,4,1 bead per cell or 1:1 ratio,1,10,5.5,6.7,1,0.4,25,350,10,10,50,1,0.5,0.5,3.2,0.8,0.3,0.7
1262,1,4,0,3,3,3,1,0,0,2,1,3,3,4,0,3,28900.0,0.578,1.600622222,0.361109568551273,-0.44236100364196096,100,100,4,1 bead per cell or 1:1 ratio,1,10,5.5,6.7,1,0.4,25,350,10,10,50,1,0.5,0.5,3.2,0.8,0.3,0.7
1263,1,4,3,3,3,3,2,1,5,0,0,4,4,3,3,3,37473.33333,0.7494666666,1.600622222,0.4682345754662402,-0.3295365201998836,100,100,4,1 bead per cell or 1:1 ratio,1,10,5.5,6.7,1,0.4,25,350,10,10,50,1,0.5,0.5,3.2,0.8,0.3,0.7
1264,1,4,2,3,3,3,1,1,2,4,2,2,4,2,0,3,14493.33333,0.2898666666,1.600622222,0.18109624033446664,-0.742090565803798,100,100,4,1 bead per cell or 1:1 ratio,1,10,5.5,6.7,1,0.4,25,350,10,10,50,1,0.5,0.5,3.2,0.8,0.3,0.7
1265,1,4,2,3,1,0,1,3,1,0,2,1,3,2,0,0,26023.33333,0.5204666666000001,1.600622222,0.3251652135315663,-0.4878959218091123,100,100,4,1 bead per cell or 1:1 ratio,1,10,5.5,6.7,1,0.4,25,350,10,10,50,1,0.5,0.5,3.2,0.8,0.3,0.7
1266,1,4,0,2,3,3,1,1,3,3,1,3,3,0,4,3,17875.0,0.3575,1.600622222,0.2233506414482355,-0.6510127959253905,100,100,4,1 bead per cell or 1:1 ratio,1,10,5.5,6.7,1,0.4,25,350,10,10,50,1,0.5,0.5,3.2,0.8,0.3,0.7
1267,1,4,1,3,3,2,1,1,3,0,2,3,2,3,0,3,13973.33333,0.27946666659999997,1.600622222,0.17459876712869976,-0.7579588272461018,100,100,4,1 bead per cell or 1:1 ratio,1,10,5.5,6.7,1,0.4,25,350,10,10,50,1,0.5,0.5,3.2,0.8,0.3,0.7
1268,1,4,2,3,3,3,1,2,3,3,3,3,0,1,1,2,21638.33333,0.4327666666,1.600622222,0.27037402120985926,-0.5680350397541521,100,100,4,1 bead per cell or 1:1 ratio,1,10,5.5,6.7,1,0.4,25,350,10,10,50,1,0.5,0.5,3.2,0.8,0.3,0.7
1269,1,4,2,3,3,3,1,0,5,4,3,3,0,3,0,3,52026.66667,1.0405333334,1.600622222,0.6500805243724774,-0.18703284470388443,100,100,4,1 bead per cell or 1:1 ratio,1,10,5.5,6.7,1,0.4,25,350,10,10,50,1,0.5,0.5,3.2,0.8,0.3,0.7
1270,1,4,2,3,3,3,1,1,3,3,3,3,0,3,2,0,11253.33333,0.2250666666,1.600622222,0.14061198420622703,-0.8519776632931955,100,100,4,1 bead per cell or 1:1 ratio,1,10,5.5,6.7,1,0.4,25,350,10,10,50,1,0.5,0.5,3.2,0.8,0.3,0.7
1271,1,4,0,3,3,1,1,3,5,0,2,3,0,1,4,3,73535.0,1.4707,1.600622222,0.9188301772808949,-0.03676474964228058,100,100,4,1 bead per cell or 1:1 ratio,1,10,5.5,6.7,1,0.4,25,350,10,10,50,1,0.5,0.5,3.2,0.8,0.3,0.7
1272,1,4,2,4,2,3,0,1,1,3,3,3,0,4,2,3,14248.33333,0.2849666666,1.600622222,0.178034930843288,-0.7494947798025076,100,100,4,1 bead per cell or 1:1 ratio,1,10,5.5,6.7,1,0.4,25,350,10,10,50,1,0.5,0.5,3.2,0.8,0.3,0.7
1273,1,4,2,3,3,3,1,0,3,0,2,3,3,4,0,3,11331.66667,0.2266333334,1.600622222,0.14159077031731976,-0.8489650554802889,100,100,4,1 bead per cell or 1:1 ratio,1,10,5.5,6.7,1,0.4,25,350,10,10,50,1,0.5,0.5,3.2,0.8,0.3,0.7
1274,1,4,2,4,4,3,1,0,3,3,3,3,0,3,0,2,15161.66667,0.3032333334,1.600622222,0.1894471595059487,-0.7225119019758999,100,100,4,1 bead per cell or 1:1 ratio,1,10,5.5,6.7,1,0.4,25,350,10,10,50,1,0.5,0.5,3.2,0.8,0.3,0.7
1275,1,4,2,1,4,3,0,1,3,3,3,5,0,4,2,2,7275.0,0.1455,1.600622222,0.0909021491768343,-1.0414258487405639,100,100,4,1 bead per cell or 1:1 ratio,1,10,5.5,6.7,1,0.4,25,350,10,10,50,1,0.5,0.5,3.2,0.8,0.3,0.7
1276,1,4,2,5,4,3,1,1,5,0,2,2,3,1,0,3,62613.33333,1.2522666666,1.600622222,0.7823624146835068,-0.10659202157377119,100,100,4,1 bead per cell or 1:1 ratio,1,10,5.5,6.7,1,0.4,25,350,10,10,50,1,0.5,0.5,3.2,0.8,0.3,0.7
1277,1,4,3,3,3,3,1,1,3,0,3,3,0,3,1,3,10486.66667,0.2097333334,1.600622222,0.13103237635794862,-0.8826213826928566,100,100,4,1 bead per cell or 1:1 ratio,1,10,5.5,6.7,1,0.4,25,350,10,10,50,1,0.5,0.5,3.2,0.8,0.3,0.7
1278,1,4,3,3,3,0,0,1,3,0,1,5,3,1,4,3,15781.66667,0.3156333334,1.600622222,0.19719414678974762,-0.7051059801384199,100,100,4,1 bead per cell or 1:1 ratio,1,10,5.5,6.7,1,0.4,25,350,10,10,50,1,0.5,0.5,3.2,0.8,0.3,0.7
1279,1,4,1,5,3,3,1,1,5,1,2,3,4,3,3,3,41665.0,0.8333,1.600622222,0.520610040612069,-0.28348746023683574,100,100,4,1 bead per cell or 1:1 ratio,1,10,5.5,6.7,1,0.4,25,350,10,10,50,1,0.5,0.5,3.2,0.8,0.3,0.7
1280,1,4,1,3,2,3,1,2,2,0,0,2,3,3,3,3,24188.33333,0.4837666666,1.600622222,0.30223663019967745,-0.5196529015802742,100,100,4,1 bead per cell or 1:1 ratio,1,10,5.5,6.7,1,0.4,25,350,10,10,50,1,0.5,0.5,3.2,0.8,0.3,0.7
1281,1,4,0,3,2,0,0,3,3,0,2,3,3,2,0,3,18791.66667,0.37583333339999997,1.600622222,0.23480452053851342,-0.6292935461551176,100,100,4,1 bead per cell or 1:1 ratio,1,10,5.5,6.7,1,0.4,25,350,10,10,50,1,0.5,0.5,3.2,0.8,0.3,0.7
1282,1,4,3,3,2,2,1,1,4,3,3,3,0,4,1,1,6286.666667,0.12573333334,1.600622222,0.07855278504311557,-1.1048384126938344,100,100,4,1 bead per cell or 1:1 ratio,1,10,5.5,6.7,1,0.4,25,350,10,10,50,1,0.5,0.5,3.2,0.8,0.3,0.7
1283,1,4,2,3,2,3,0,1,4,0,2,5,2,2,0,3,13396.66667,0.26793333340000003,1.600622222,0.16739323602868236,-0.776262094818076,100,100,4,1 bead per cell or 1:1 ratio,1,10,5.5,6.7,1,0.4,25,350,10,10,50,1,0.5,0.5,3.2,0.8,0.3,0.7
1284,1,4,0,4,2,3,1,3,1,3,1,3,3,1,1,3,24435.0,0.4887,1.600622222,0.3053187649671404,-0.5152465030343182,100,100,4,1 bead per cell or 1:1 ratio,1,10,5.5,6.7,1,0.4,25,350,10,10,50,1,0.5,0.5,3.2,0.8,0.3,0.7
1285,1,4,2,5,3,3,1,1,5,3,2,3,3,3,4,2,37070.0,0.7414,1.600622222,0.4631948687264945,-0.3342362603689451,100,100,4,1 bead per cell or 1:1 ratio,1,10,5.5,6.7,1,0.4,25,350,10,10,50,1,0.5,0.5,3.2,0.8,0.3,0.7
1286,1,4,2,3,3,3,1,1,3,1,1,3,0,0,1,2,22831.66667,0.45663333339999995,1.600622222,0.2852848892910097,-0.5447212310464892,100,100,4,1 bead per cell or 1:1 ratio,1,10,5.5,6.7,1,0.4,25,350,10,10,50,1,0.5,0.5,3.2,0.8,0.3,0.7
1287,1,4,0,3,0,3,2,0,3,3,3,3,4,3,1,2,4373.333333,0.08746666666,1.600622222,0.05464541567510488,-1.2624462661116314,100,100,4,1 bead per cell or 1:1 ratio,1,10,5.5,6.7,1,0.4,25,350,10,10,50,1,0.5,0.5,3.2,0.8,0.3,0.7
1288,1,4,2,5,3,3,0,1,3,0,3,3,0,2,1,3,10906.66667,0.21813333340000002,1.600622222,0.1362803354856834,-0.8655668059861552,100,100,4,1 bead per cell or 1:1 ratio,1,10,5.5,6.7,1,0.4,25,350,10,10,50,1,0.5,0.5,3.2,0.8,0.3,0.7
1289,1,4,2,5,5,3,0,0,5,0,2,3,4,2,0,3,50903.33333,1.0180666666,1.600622222,0.6360443161459495,-0.19651262399444516,100,100,4,1 bead per cell or 1:1 ratio,1,10,5.5,6.7,1,0.4,25,350,10,10,50,1,0.5,0.5,3.2,0.8,0.3,0.7
1290,1,4,0,3,3,3,3,1,2,3,3,2,0,0,1,2,12001.66667,0.24003333340000002,1.600622222,0.14996251464013477,-0.8240172857406304,100,100,4,1 bead per cell or 1:1 ratio,1,10,5.5,6.7,1,0.4,25,350,10,10,50,1,0.5,0.5,3.2,0.8,0.3,0.7
1291,1,4,2,3,3,0,3,1,3,3,3,3,0,3,1,1,8816.666667,0.17633333333999998,1.600622222,0.11016549121732735,-0.9579544247305471,100,100,4,1 bead per cell or 1:1 ratio,1,10,5.5,6.7,1,0.4,25,350,10,10,50,1,0.5,0.5,3.2,0.8,0.3,0.7
1292,1,4,2,3,0,3,2,1,5,0,0,3,4,1,0,0,2335.0,0.0467,1.600622222,0.029176153722049226,-1.5349719614963777,100,100,4,1 bead per cell or 1:1 ratio,1,10,5.5,6.7,1,0.4,25,350,10,10,50,1,0.5,0.5,3.2,0.8,0.3,0.7
1293,1,4,4,3,3,3,0,1,0,3,3,5,4,3,0,3,2250.0,0.045,1.600622222,0.02811406675572195,-1.5510763282871463,100,100,4,1 bead per cell or 1:1 ratio,1,10,5.5,6.7,1,0.4,25,350,10,10,50,1,0.5,0.5,3.2,0.8,0.3,0.7
1294,1,4,2,3,2,3,1,0,3,0,3,3,0,3,0,3,5523.333333,0.11046666665999999,1.600622222,0.06901482757247387,-1.1610575927250442,100,100,4,1 bead per cell or 1:1 ratio,1,10,5.5,6.7,1,0.4,25,350,10,10,50,1,0.5,0.5,3.2,0.8,0.3,0.7
1295,1,4,2,3,4,3,1,1,1,0,1,3,3,4,0,3,4960.0,0.0992,1.600622222,0.0619758982703915,-1.2077771699083113,100,100,4,1 bead per cell or 1:1 ratio,1,10,5.5,6.7,1,0.4,25,350,10,10,50,1,0.5,0.5,3.2,0.8,0.3,0.7
1296,1,4,2,3,3,3,1,0,4,3,3,3,0,3,1,1,11278.33333,0.2255666666,1.600622222,0.14092436272573505,-0.8510139204270399,100,100,4,1 bead per cell or 1:1 ratio,1,10,5.5,6.7,1,0.4,25,350,10,10,50,1,0.5,0.5,3.2,0.8,0.3,0.7
1297,1,4,0,3,3,3,1,1,1,0,2,1,3,3,1,2,6581.666667,0.13163333334000002,1.600622222,0.08223885157331023,-1.084922963023613,100,100,4,1 bead per cell or 1:1 ratio,1,10,5.5,6.7,1,0.4,25,350,10,10,50,1,0.5,0.5,3.2,0.8,0.3,0.7
1298,1,4,2,3,2,2,1,1,4,0,2,3,3,2,0,3,6533.333333,0.13066666665999999,1.600622222,0.08163491976059795,-1.088124029783853,100,100,4,1 bead per cell or 1:1 ratio,1,10,5.5,6.7,1,0.4,25,350,10,10,50,1,0.5,0.5,3.2,0.8,0.3,0.7
1299,1,4,5,3,0,2,3,1,3,0,0,0,3,4,0,3,15020.0,0.3004,1.600622222,0.18767701452041943,-0.7265889137303592,100,100,4,1 bead per cell or 1:1 ratio,1,10,5.5,6.7,1,0.4,25,350,10,10,50,1,0.5,0.5,3.2,0.8,0.3,0.7
1300,1,4,3,3,1,3,0,1,3,0,3,3,4,2,0,3,15583.33333,0.3116666666,1.600622222,0.19471594378501636,-0.7105984860025318,100,100,4,1 bead per cell or 1:1 ratio,1,10,5.5,6.7,1,0.4,25,350,10,10,50,1,0.5,0.5,3.2,0.8,0.3,0.7
1301,1,4,0,1,4,3,1,1,3,0,2,3,3,4,0,3,16740.0,0.3348,1.600622222,0.2091686566625713,-0.6795033927412676,100,100,4,1 bead per cell or 1:1 ratio,1,10,5.5,6.7,1,0.4,25,350,10,10,50,1,0.5,0.5,3.2,0.8,0.3,0.7
1302,1,4,3,3,2,2,1,1,3,0,2,3,3,4,0,3,8198.333333,0.16396666666,1.600622222,0.1024393291598322,-0.9895332742404789,100,100,4,1 bead per cell or 1:1 ratio,1,10,5.5,6.7,1,0.4,25,350,10,10,50,1,0.5,0.5,3.2,0.8,0.3,0.7
1303,1,4,2,3,2,2,1,2,3,0,2,3,3,2,0,2,29116.66667,0.5823333333999999,1.600622222,0.36381684909532636,-0.4391171917495026,100,100,4,1 bead per cell or 1:1 ratio,1,10,5.5,6.7,1,0.4,25,350,10,10,50,1,0.5,0.5,3.2,0.8,0.3,0.7
1304,1,4,2,3,1,3,1,2,3,0,2,3,3,2,1,2,25000.0,0.5,1.600622222,0.3123785195080217,-0.5053188377264711,100,100,4,1 bead per cell or 1:1 ratio,1,10,5.5,6.7,1,0.4,25,350,10,10,50,1,0.5,0.5,3.2,0.8,0.3,0.7
1305,1,4,3,3,3,3,1,1,3,3,3,3,0,3,1,2,10621.66667,0.2124333334,1.600622222,0.13271922036329195,-0.8770661781659945,100,100,4,1 bead per cell or 1:1 ratio,1,10,5.5,6.7,1,0.4,25,350,10,10,50,1,0.5,0.5,3.2,0.8,0.3,0.7
1306,1,4,1,3,3,3,0,1,0,4,0,2,4,1,4,3,35563.33333,0.7112666666,1.600622222,0.44436885657582736,-0.35225638603003717,100,100,4,1 bead per cell or 1:1 ratio,1,10,5.5,6.7,1,0.4,25,350,10,10,50,1,0.5,0.5,3.2,0.8,0.3,0.7
1307,1,4,2,3,2,3,1,1,3,1,3,3,3,3,0,3,20240.0,0.4048,1.600622222,0.25290164939369436,-0.5970483382307472,100,100,4,1 bead per cell or 1:1 ratio,1,10,5.5,6.7,1,0.4,25,350,10,10,50,1,0.5,0.5,3.2,0.8,0.3,0.7
1308,1,4,2,3,2,3,1,1,3,0,3,3,3,2,0,3,25305.0,0.5061,1.600622222,0.3161895374460196,-0.5000525047537022,100,100,4,1 bead per cell or 1:1 ratio,1,10,5.5,6.7,1,0.4,25,350,10,10,50,1,0.5,0.5,3.2,0.8,0.3,0.7
1309,1,4,2,3,2,3,1,3,3,0,1,2,3,3,0,3,30946.66667,0.6189333334,1.600622222,0.3866829567233136,-0.41264496928751226,100,100,4,1 bead per cell or 1:1 ratio,1,10,5.5,6.7,1,0.4,25,350,10,10,50,1,0.5,0.5,3.2,0.8,0.3,0.7
1310,1,4,1,3,2,3,1,1,3,0,3,3,3,3,0,3,25645.0,0.5129,1.600622222,0.32043788531132866,-0.49425614299673637,100,100,4,1 bead per cell or 1:1 ratio,1,10,5.5,6.7,1,0.4,25,350,10,10,50,1,0.5,0.5,3.2,0.8,0.3,0.7
1311,1,4,0,3,3,0,3,3,3,0,2,1,3,1,0,0,36786.66667,0.7357333334,1.600622222,0.45965457888038747,-0.3375684092716708,100,100,4,1 bead per cell or 1:1 ratio,1,10,5.5,6.7,1,0.4,25,350,10,10,50,1,0.5,0.5,3.2,0.8,0.3,0.7
1312,1,4,2,3,2,3,1,1,3,0,3,3,3,4,0,3,20918.33333,0.41836666660000005,1.600622222,0.26137751984802826,-0.5827317672749174,100,100,4,1 bead per cell or 1:1 ratio,1,10,5.5,6.7,1,0.4,25,350,10,10,50,1,0.5,0.5,3.2,0.8,0.3,0.7
1313,1,4,2,3,3,3,1,1,3,3,3,3,0,3,1,2,29618.33333,0.5923666666,1.600622222,0.3700852446368198,-0.43169822995637,100,100,4,1 bead per cell or 1:1 ratio,1,10,5.5,6.7,1,0.4,25,350,10,10,50,1,0.5,0.5,3.2,0.8,0.3,0.7
1314,1,4,1,3,5,3,0,2,5,0,1,5,2,0,4,2,76738.33333,1.5347666666,1.600622222,0.958856278205539,-0.01824648381982386,100,100,4,1 bead per cell or 1:1 ratio,1,10,5.5,6.7,1,0.4,25,350,10,10,50,1,0.5,0.5,3.2,0.8,0.3,0.7
1315,1,4,2,4,0,3,2,1,5,4,2,3,3,2,0,2,67120.0,1.3424,1.600622222,0.8386738491751367,-0.07640689857786487,100,100,4,1 bead per cell or 1:1 ratio,1,10,5.5,6.7,1,0.4,25,350,10,10,50,1,0.5,0.5,3.2,0.8,0.3,0.7
1316,1,4,2,3,2,3,1,1,3,0,1,3,3,2,0,3,17288.33333,0.34576666660000005,1.600622222,0.2160201588154635,-0.6655057189703345,100,100,4,1 bead per cell or 1:1 ratio,1,10,5.5,6.7,1,0.4,25,350,10,10,50,1,0.5,0.5,3.2,0.8,0.3,0.7
1317,1,4,2,3,2,3,1,1,3,0,3,3,3,3,0,3,20600.0,0.412,1.600622222,0.25739990007460983,-0.5893916260293555,100,100,4,1 bead per cell or 1:1 ratio,1,10,5.5,6.7,1,0.4,25,350,10,10,50,1,0.5,0.5,3.2,0.8,0.3,0.7
1318,1,4,0,3,0,3,2,1,5,0,1,3,3,0,4,3,49575.0,0.9915,1.600622222,0.619446604184407,-0.20799612352116847,100,100,4,1 bead per cell or 1:1 ratio,1,10,5.5,6.7,1,0.4,25,350,10,10,50,1,0.5,0.5,3.2,0.8,0.3,0.7
1319,1,4,2,3,2,3,1,0,3,0,2,3,3,2,0,3,32348.33333,0.6469666666,1.600622222,0.4041969789670957,-0.3934069367950421,100,100,4,1 bead per cell or 1:1 ratio,1,10,5.5,6.7,1,0.4,25,350,10,10,50,1,0.5,0.5,3.2,0.8,0.3,0.7
1320,1,4,0,2,2,3,2,1,5,0,1,3,0,0,4,0,50916.66667,1.0183333334,1.600622222,0.6362109181063214,-0.1963988821751476,100,100,4,1 bead per cell or 1:1 ratio,1,10,5.5,6.7,1,0.4,25,350,10,10,50,1,0.5,0.5,3.2,0.8,0.3,0.7
1321,1,4,0,3,3,3,1,1,3,0,1,3,3,3,0,3,29571.66667,0.5914333333999999,1.600622222,0.36950213815037236,-0.432383044186012,100,100,4,1 bead per cell or 1:1 ratio,1,10,5.5,6.7,1,0.4,25,350,10,10,50,1,0.5,0.5,3.2,0.8,0.3,0.7
1322,1,4,2,3,3,3,1,1,1,2,0,4,4,3,3,3,20488.33333,0.40976666660000005,1.600622222,0.25600460931249025,-0.5917522152312802,100,100,4,1 bead per cell or 1:1 ratio,1,10,5.5,6.7,1,0.4,25,350,10,10,50,1,0.5,0.5,3.2,0.8,0.3,0.7
1323,1,4,2,3,2,3,1,1,2,0,2,3,3,2,0,3,32958.33333,0.6591666666,1.600622222,0.41181901484309147,-0.3852936046563618,100,100,4,1 bead per cell or 1:1 ratio,1,10,5.5,6.7,1,0.4,25,350,10,10,50,1,0.5,0.5,3.2,0.8,0.3,0.7
1324,1,4,2,3,2,0,2,3,1,0,2,1,3,2,0,0,31968.33333,0.6393666666000001,1.600622222,0.39944882547057387,-0.3985388514922308,100,100,4,1 bead per cell or 1:1 ratio,1,10,5.5,6.7,1,0.4,25,350,10,10,50,1,0.5,0.5,3.2,0.8,0.3,0.7
1325,1,4,1,3,3,3,1,1,3,3,3,3,0,3,1,2,28933.33333,0.5786666666,1.600622222,0.36152607320229996,-0.44186037599171324,100,100,4,1 bead per cell or 1:1 ratio,1,10,5.5,6.7,1,0.4,25,350,10,10,50,1,0.5,0.5,3.2,0.8,0.3,0.7
1326,1,4,2,3,2,3,1,1,3,0,2,3,2,2,0,3,20366.66667,0.4073333334,1.600622222,0.25448436726751883,-0.5943388908045376,100,100,4,1 bead per cell or 1:1 ratio,1,10,5.5,6.7,1,0.4,25,350,10,10,50,1,0.5,0.5,3.2,0.8,0.3,0.7
1327,1,4,2,3,3,3,1,2,3,3,3,3,0,3,1,2,20695.0,0.4139,1.600622222,0.25858693844874037,-0.58739341566173,100,100,4,1 bead per cell or 1:1 ratio,1,10,5.5,6.7,1,0.4,25,350,10,10,50,1,0.5,0.5,3.2,0.8,0.3,0.7
1328,1,4,2,4,3,3,1,1,5,4,3,3,0,3,1,2,49518.33333,0.9903666666000001,1.600622222,0.6187385461652051,-0.208492827465711,100,100,4,1 bead per cell or 1:1 ratio,1,10,5.5,6.7,1,0.4,25,350,10,10,50,1,0.5,0.5,3.2,0.8,0.3,0.7
1329,1,4,2,3,3,3,2,1,3,3,3,3,0,3,1,2,20333.33333,0.4066666666,1.600622222,0.2540678624915405,-0.5950502661785999,100,100,4,1 bead per cell or 1:1 ratio,1,10,5.5,6.7,1,0.4,25,350,10,10,50,1,0.5,0.5,3.2,0.8,0.3,0.7
1330,1,4,1,5,3,3,1,1,5,0,2,3,3,3,4,3,91013.33333,1.8202666665999998,1.600622222,1.1372244128446194,0.05584617413650535,100,100,4,1 bead per cell or 1:1 ratio,1,10,5.5,6.7,1,0.4,25,350,10,10,50,1,0.5,0.5,3.2,0.8,0.3,0.7
1331,1,4,2,3,3,3,1,1,3,3,3,3,0,3,2,2,13790.0,0.2758,1.600622222,0.17230799136062475,-0.763694580222659,100,100,4,1 bead per cell or 1:1 ratio,1,10,5.5,6.7,1,0.4,25,350,10,10,50,1,0.5,0.5,3.2,0.8,0.3,0.7
1332,1,4,2,3,3,3,1,1,3,3,2,3,0,3,1,2,18845.0,0.3769,1.600622222,0.23547092800514677,-0.6280627046128849,100,100,4,1 bead per cell or 1:1 ratio,1,10,5.5,6.7,1,0.4,25,350,10,10,50,1,0.5,0.5,3.2,0.8,0.3,0.7
1333,1,4,2,3,2,3,1,1,3,0,2,3,3,2,0,2,25255.0,0.5051,1.600622222,0.31556478040700353,-0.5009114735501403,100,100,4,1 bead per cell or 1:1 ratio,1,10,5.5,6.7,1,0.4,25,350,10,10,50,1,0.5,0.5,3.2,0.8,0.3,0.7
1334,1,4,2,3,3,3,0,1,3,3,3,3,0,3,1,2,9116.666667,0.18233333334,1.600622222,0.11391403345142362,-0.9434227704328425,100,100,4,1 bead per cell or 1:1 ratio,1,10,5.5,6.7,1,0.4,25,350,10,10,50,1,0.5,0.5,3.2,0.8,0.3,0.7
1335,1,4,2,5,4,3,1,0,5,0,1,5,3,4,0,3,39178.33333,0.7835666666000001,1.600622222,0.4895387904966873,-0.3102128894968081,100,100,4,1 bead per cell or 1:1 ratio,1,10,5.5,6.7,1,0.4,25,350,10,10,50,1,0.5,0.5,3.2,0.8,0.3,0.7
1336,1,4,2,3,3,3,1,1,3,3,3,3,0,3,1,3,16745.0,0.3349,1.600622222,0.20923113236647292,-0.6793736945226231,100,100,4,1 bead per cell or 1:1 ratio,1,10,5.5,6.7,1,0.4,25,350,10,10,50,1,0.5,0.5,3.2,0.8,0.3,0.7
1337,1,4,3,3,1,0,1,1,3,0,1,2,3,1,4,3,19126.66667,0.38253333339999995,1.600622222,0.2389903926999209,-0.6216195571325043,100,100,4,1 bead per cell or 1:1 ratio,1,10,5.5,6.7,1,0.4,25,350,10,10,50,1,0.5,0.5,3.2,0.8,0.3,0.7
1338,1,4,1,3,3,3,1,0,3,0,2,3,3,3,3,3,18716.66667,0.37433333339999997,1.600622222,0.23386738497998935,-0.6310303404433493,100,100,4,1 bead per cell or 1:1 ratio,1,10,5.5,6.7,1,0.4,25,350,10,10,50,1,0.5,0.5,3.2,0.8,0.3,0.7
1339,1,4,2,3,2,2,1,1,2,0,2,3,3,3,0,3,18873.33333,0.3774666666,1.600622222,0.23582495695227204,-0.6274102361657904,100,100,4,1 bead per cell or 1:1 ratio,1,10,5.5,6.7,1,0.4,25,350,10,10,50,1,0.5,0.5,3.2,0.8,0.3,0.7
1340,1,4,0,3,2,0,3,3,4,0,3,3,3,1,0,0,19068.33333,0.3813666666,1.600622222,0.2382615094044346,-0.6229461112558206,100,100,4,1 bead per cell or 1:1 ratio,1,10,5.5,6.7,1,0.4,25,350,10,10,50,1,0.5,0.5,3.2,0.8,0.3,0.7
1341,1,4,2,3,2,3,1,1,3,3,3,3,0,3,1,2,14008.33333,0.2801666666,1.600622222,0.17503609705601103,-0.7568723791100045,100,100,4,1 bead per cell or 1:1 ratio,1,10,5.5,6.7,1,0.4,25,350,10,10,50,1,0.5,0.5,3.2,0.8,0.3,0.7
1342,1,4,2,3,2,3,1,1,3,0,2,3,3,2,1,3,18650.0,0.373,1.600622222,0.23303437555298417,-0.6325800102538024,100,100,4,1 bead per cell or 1:1 ratio,1,10,5.5,6.7,1,0.4,25,350,10,10,50,1,0.5,0.5,3.2,0.8,0.3,0.7
1343,1,4,2,3,2,3,1,1,2,0,1,3,3,3,0,3,10606.66667,0.2121333334,1.600622222,0.13253179325158715,-0.8776799256711236,100,100,4,1 bead per cell or 1:1 ratio,1,10,5.5,6.7,1,0.4,25,350,10,10,50,1,0.5,0.5,3.2,0.8,0.3,0.7
1344,1,4,2,3,3,3,1,1,3,3,3,3,1,3,1,2,8823.333333,0.17646666666000002,1.600622222,0.11024879214753275,-0.95762615983323,100,100,4,1 bead per cell or 1:1 ratio,1,10,5.5,6.7,1,0.4,25,350,10,10,50,1,0.5,0.5,3.2,0.8,0.3,0.7
1345,1,4,2,3,3,3,1,1,3,2,3,3,0,3,1,2,11055.0,0.2211,1.600622222,0.13813378132644719,-0.859700099483776,100,100,4,1 bead per cell or 1:1 ratio,1,10,5.5,6.7,1,0.4,25,350,10,10,50,1,0.5,0.5,3.2,0.8,0.3,0.7
1346,1,4,2,3,3,3,1,1,3,3,3,2,0,3,1,2,11425.0,0.2285,1.600622222,0.1427569834151659,-0.8454026376566209,100,100,4,1 bead per cell or 1:1 ratio,1,10,5.5,6.7,1,0.4,25,350,10,10,50,1,0.5,0.5,3.2,0.8,0.3,0.7
1347,1,4,2,3,3,3,1,1,3,3,3,3,0,2,1,2,6436.666667,0.12873333334,1.600622222,0.0804270561601637,-1.0945978273162857,100,100,4,1 bead per cell or 1:1 ratio,1,10,5.5,6.7,1,0.4,25,350,10,10,50,1,0.5,0.5,3.2,0.8,0.3,0.7
1348,1,4,2,5,5,2,0,0,3,0,2,3,2,1,0,3,15080.0,0.3016,1.600622222,0.18842672296723867,-0.7248575048647535,100,100,4,1 bead per cell or 1:1 ratio,1,10,5.5,6.7,1,0.4,25,350,10,10,50,1,0.5,0.5,3.2,0.8,0.3,0.7
1349,1,4,2,3,3,3,1,1,2,3,3,3,0,3,1,2,5433.333333,0.10866666666,1.600622222,0.06789026490224499,-1.1681924967408572,100,100,4,1 bead per cell or 1:1 ratio,1,10,5.5,6.7,1,0.4,25,350,10,10,50,1,0.5,0.5,3.2,0.8,0.3,0.7
1350,1,4,2,3,3,2,1,1,3,3,3,3,0,3,1,2,12881.66667,0.2576333334,1.600622222,0.16095823852681712,-0.7932867893718634,100,100,4,1 bead per cell or 1:1 ratio,1,10,5.5,6.7,1,0.4,25,350,10,10,50,1,0.5,0.5,3.2,0.8,0.3,0.7
1351,1,4,0,3,0,1,2,3,5,0,1,1,0,0,4,0,34428.33333,0.6885666666,1.600622222,0.43018687179016313,-0.36634284730998423,100,100,4,1 bead per cell or 1:1 ratio,1,10,5.5,6.7,1,0.4,25,350,10,10,50,1,0.5,0.5,3.2,0.8,0.3,0.7
1352,1,4,2,3,3,3,1,1,3,3,3,3,0,3,1,1,9618.333333,0.19236666666000002,1.600622222,0.12018242906788784,-0.9201590224885405,100,100,4,1 bead per cell or 1:1 ratio,1,10,5.5,6.7,1,0.4,25,350,10,10,50,1,0.5,0.5,3.2,0.8,0.3,0.7
1353,1,4,2,3,2,3,1,0,3,0,3,3,3,3,0,3,4410.0,0.0882,1.600622222,0.055103570841215026,-1.2588202569306701,100,100,4,1 bead per cell or 1:1 ratio,1,10,5.5,6.7,1,0.4,25,350,10,10,50,1,0.5,0.5,3.2,0.8,0.3,0.7
1354,1,4,2,2,1,3,1,1,5,0,2,3,3,3,0,3,8913.333333,0.17826666666000002,1.600622222,0.11137335481776163,-0.953218698208447,100,100,4,1 bead per cell or 1:1 ratio,1,10,5.5,6.7,1,0.4,25,350,10,10,50,1,0.5,0.5,3.2,0.8,0.3,0.7
1355,1,4,2,3,3,3,1,0,3,3,3,3,0,3,1,2,12011.66667,0.2402333334,1.600622222,0.15008746604793796,-0.82365557460219,100,100,4,1 bead per cell or 1:1 ratio,1,10,5.5,6.7,1,0.4,25,350,10,10,50,1,0.5,0.5,3.2,0.8,0.3,0.7
1356,1,4,2,3,3,3,1,1,3,0,3,3,3,3,0,2,34208.33333,0.6841666666,1.600622222,0.42743794081849257,-0.36912693103299254,100,100,4,1 bead per cell or 1:1 ratio,1,10,5.5,6.7,1,0.4,25,350,10,10,50,1,0.5,0.5,3.2,0.8,0.3,0.7
1357,1,4,2,3,2,2,1,1,4,0,2,3,3,2,1,3,22786.66667,0.4557333334,1.600622222,0.2847226079558953,-0.5455780470059415,100,100,4,1 bead per cell or 1:1 ratio,1,10,5.5,6.7,1,0.4,25,350,10,10,50,1,0.5,0.5,3.2,0.8,0.3,0.7
1358,1,4,2,3,4,2,3,1,3,3,0,3,0,4,0,2,29691.66667,0.5938333334,1.600622222,0.3710015550440109,-0.43062427004636195,100,100,4,1 bead per cell or 1:1 ratio,1,10,5.5,6.7,1,0.4,25,350,10,10,50,1,0.5,0.5,3.2,0.8,0.3,0.7
1359,1,4,3,3,1,3,0,1,2,0,3,3,4,1,0,3,14881.66667,0.29763333340000003,1.600622222,0.18594852008745888,-0.7306072737202165,100,100,4,1 bead per cell or 1:1 ratio,1,10,5.5,6.7,1,0.4,25,350,10,10,50,1,0.5,0.5,3.2,0.8,0.3,0.7
1360,1,4,0,3,2,3,1,2,3,1,2,3,3,2,0,3,41406.66667,0.8281333334,1.600622222,0.5173821292854698,-0.2861885761736776,100,100,4,1 bead per cell or 1:1 ratio,1,10,5.5,6.7,1,0.4,25,350,10,10,50,1,0.5,0.5,3.2,0.8,0.3,0.7
1361,1,4,3,3,2,3,1,1,3,0,3,2,3,4,0,3,11206.66667,0.22413333340000002,1.600622222,0.14002887771977968,-0.8537823918855415,100,100,4,1 bead per cell or 1:1 ratio,1,10,5.5,6.7,1,0.4,25,350,10,10,50,1,0.5,0.5,3.2,0.8,0.3,0.7
1362,1,4,2,3,2,2,2,3,5,0,0,2,3,0,4,3,47993.33333,0.9598666666,1.600622222,0.5996834564752157,-0.22207793192031214,100,100,4,1 bead per cell or 1:1 ratio,1,10,5.5,6.7,1,0.4,25,350,10,10,50,1,0.5,0.5,3.2,0.8,0.3,0.7
1363,1,4,2,3,5,3,0,1,3,0,3,3,0,2,1,2,33465.0,0.6693,1.600622222,0.41814988621343785,-0.3786680170589898,100,100,4,1 bead per cell or 1:1 ratio,1,10,5.5,6.7,1,0.4,25,350,10,10,50,1,0.5,0.5,3.2,0.8,0.3,0.7
1364,1,4,3,3,3,3,1,1,1,3,3,3,0,2,0,2,12828.33333,0.2565666666,1.600622222,0.1602918309352324,-0.7950886103355205,100,100,4,1 bead per cell or 1:1 ratio,1,10,5.5,6.7,1,0.4,25,350,10,10,50,1,0.5,0.5,3.2,0.8,0.3,0.7
1365,1,4,1,3,3,3,0,2,5,3,0,5,0,1,4,0,99096.66667,1.9819333334000002,1.600622222,1.2382268009021808,0.09280019990137359,100,100,4,1 bead per cell or 1:1 ratio,1,10,5.5,6.7,1,0.4,25,350,10,10,50,1,0.5,0.5,3.2,0.8,0.3,0.7
1366,1,4,2,2,2,3,1,1,3,0,3,3,3,0,0,1,14263.33333,0.2852666666,1.600622222,0.17822235795499283,-0.7490378147357328,100,100,4,1 bead per cell or 1:1 ratio,1,10,5.5,6.7,1,0.4,25,350,10,10,50,1,0.5,0.5,3.2,0.8,0.3,0.7
1367,1,4,1,1,3,2,0,1,3,0,3,3,3,4,0,3,15271.66667,0.3054333334,1.600622222,0.19082162499178398,-0.7193724101223467,100,100,4,1 bead per cell or 1:1 ratio,1,10,5.5,6.7,1,0.4,25,350,10,10,50,1,0.5,0.5,3.2,0.8,0.3,0.7
1368,1,4,2,3,1,3,1,3,3,0,1,2,3,3,0,3,25235.0,0.5047,1.600622222,0.3153148775913971,-0.5012555373288041,100,100,4,1 bead per cell or 1:1 ratio,1,10,5.5,6.7,1,0.4,25,350,10,10,50,1,0.5,0.5,3.2,0.8,0.3,0.7
1369,1,4,1,3,4,3,1,1,3,0,3,3,0,3,3,3,25725.0,0.5145,1.600622222,0.3214374965737543,-0.4929034629640382,100,100,4,1 bead per cell or 1:1 ratio,1,10,5.5,6.7,1,0.4,25,350,10,10,50,1,0.5,0.5,3.2,0.8,0.3,0.7
1370,1,4,0,3,1,3,3,3,3,0,2,3,3,3,0,3,27663.33333,0.5532666666,1.600622222,0.3456572444112925,-0.46135433658314184,100,100,4,1 bead per cell or 1:1 ratio,1,10,5.5,6.7,1,0.4,25,350,10,10,50,1,0.5,0.5,3.2,0.8,0.3,0.7
1371,1,4,2,3,3,3,2,1,3,2,1,3,0,2,1,3,15825.0,0.3165,1.600622222,0.19773560284857772,-0.703915127709116,100,100,4,1 bead per cell or 1:1 ratio,1,10,5.5,6.7,1,0.4,25,350,10,10,50,1,0.5,0.5,3.2,0.8,0.3,0.7
1372,1,4,5,3,0,3,3,1,3,0,0,3,0,3,0,2,14730.0,0.2946,1.600622222,0.18405342369412636,-0.7350560995558779,100,100,4,1 bead per cell or 1:1 ratio,1,10,5.5,6.7,1,0.4,25,350,10,10,50,1,0.5,0.5,3.2,0.8,0.3,0.7
1373,1,4,1,3,5,3,0,2,5,0,1,5,3,0,4,3,63890.0,1.2778,1.600622222,0.7983145444547003,-0.09782595826636878,100,100,4,1 bead per cell or 1:1 ratio,1,10,5.5,6.7,1,0.4,25,350,10,10,50,1,0.5,0.5,3.2,0.8,0.3,0.7
1374,1,4,2,3,0,3,2,1,5,4,2,3,4,4,0,2,53210.0,1.0642,1.600622222,0.6648664409208734,-0.1772655874737863,100,100,4,1 bead per cell or 1:1 ratio,1,10,5.5,6.7,1,0.4,25,350,10,10,50,1,0.5,0.5,3.2,0.8,0.3,0.7
1375,1,4,1,3,2,3,1,1,3,0,0,1,4,1,4,3,27665.0,0.5533,1.600622222,0.3456780696875768,-0.4613281718483375,100,100,4,1 bead per cell or 1:1 ratio,1,10,5.5,6.7,1,0.4,25,350,10,10,50,1,0.5,0.5,3.2,0.8,0.3,0.7
1376,1,4,3,3,2,3,1,1,5,0,3,5,3,3,0,3,8045.0,0.1609,1.600622222,0.10052340757768137,-0.9977327979634605,100,100,4,1 bead per cell or 1:1 ratio,1,10,5.5,6.7,1,0.4,25,350,10,10,50,1,0.5,0.5,3.2,0.8,0.3,0.7
1377,1,4,2,3,0,3,1,2,5,0,2,3,3,3,4,2,41013.33333,0.8202666666,1.600622222,0.5124673738285761,-0.2903337786961123,100,100,4,1 bead per cell or 1:1 ratio,1,10,5.5,6.7,1,0.4,25,350,10,10,50,1,0.5,0.5,3.2,0.8,0.3,0.7
1378,1,4,2,3,2,3,1,1,3,0,1,2,3,3,0,3,38196.66667,0.7639333334,1.600622222,0.4772727273806399,-0.321233381654073,100,100,4,1 bead per cell or 1:1 ratio,1,10,5.5,6.7,1,0.4,25,350,10,10,50,1,0.5,0.5,3.2,0.8,0.3,0.7
1379,1,4,0,3,2,3,1,1,5,0,0,3,4,0,4,3,28868.33333,0.5773666666,1.600622222,0.36071388905157914,-0.4428371351356699,100,100,4,1 bead per cell or 1:1 ratio,1,10,5.5,6.7,1,0.4,25,350,10,10,50,1,0.5,0.5,3.2,0.8,0.3,0.7
1380,1,4,0,3,3,3,1,0,0,2,1,3,3,4,0,3,27770.0,0.5554,1.600622222,0.3469900594695105,-0.45968296664825115,100,100,4,1 bead per cell or 1:1 ratio,1,10,5.5,6.7,1,0.4,25,350,10,10,50,1,0.5,0.5,3.2,0.8,0.3,0.7
1381,1,4,3,3,3,3,2,1,5,0,0,4,4,3,3,3,33795.0,0.6759,1.600622222,0.42227328267094366,-0.37440639561899675,100,100,4,1 bead per cell or 1:1 ratio,1,10,5.5,6.7,1,0.4,25,350,10,10,50,1,0.5,0.5,3.2,0.8,0.3,0.7
1382,1,4,2,3,3,3,1,1,2,4,2,2,4,2,0,3,13516.66667,0.2703333334,1.600622222,0.16889265292232086,-0.7723892424638954,100,100,4,1 bead per cell or 1:1 ratio,1,10,5.5,6.7,1,0.4,25,350,10,10,50,1,0.5,0.5,3.2,0.8,0.3,0.7
1383,1,4,2,3,1,0,1,3,1,0,2,1,3,2,0,0,20928.33333,0.4185666666,1.600622222,0.2615024712558314,-0.5825242025990025,100,100,4,1 bead per cell or 1:1 ratio,1,10,5.5,6.7,1,0.4,25,350,10,10,50,1,0.5,0.5,3.2,0.8,0.3,0.7
1384,1,4,0,2,3,3,1,1,3,3,1,3,3,0,4,3,12088.33333,0.24176666659999999,1.600622222,0.15104542675779495,-0.8208924194401619,100,100,4,1 bead per cell or 1:1 ratio,1,10,5.5,6.7,1,0.4,25,350,10,10,50,1,0.5,0.5,3.2,0.8,0.3,0.7
1385,1,4,1,3,3,2,1,1,3,0,2,3,2,3,0,3,11236.66667,0.2247333334,1.600622222,0.14040373194318928,-0.8526213484683668,100,100,4,1 bead per cell or 1:1 ratio,1,10,5.5,6.7,1,0.4,25,350,10,10,50,1,0.5,0.5,3.2,0.8,0.3,0.7
1386,1,4,2,3,3,3,1,2,3,3,3,3,0,1,1,2,22081.66667,0.4416333334,1.600622222,0.2759135337057691,-0.5592269966227252,100,100,4,1 bead per cell or 1:1 ratio,1,10,5.5,6.7,1,0.4,25,350,10,10,50,1,0.5,0.5,3.2,0.8,0.3,0.7
1387,1,4,2,3,3,3,1,0,5,4,3,3,0,3,0,3,37010.0,0.7402,1.600622222,0.4624451602796753,-0.334939761303397,100,100,4,1 bead per cell or 1:1 ratio,1,10,5.5,6.7,1,0.4,25,350,10,10,50,1,0.5,0.5,3.2,0.8,0.3,0.7
1388,1,4,2,3,3,3,1,1,3,3,3,3,0,3,2,0,10105.0,0.2021,1.600622222,0.12626339758514238,-0.8987225285471859,100,100,4,1 bead per cell or 1:1 ratio,1,10,5.5,6.7,1,0.4,25,350,10,10,50,1,0.5,0.5,3.2,0.8,0.3,0.7
1389,1,4,0,3,3,1,1,3,5,0,2,3,0,1,4,3,67340.0,1.3468,1.600622222,0.8414227801468073,-0.07498573434643893,100,100,4,1 bead per cell or 1:1 ratio,1,10,5.5,6.7,1,0.4,25,350,10,10,50,1,0.5,0.5,3.2,0.8,0.3,0.7
1390,1,4,2,4,2,3,0,1,1,3,3,3,0,4,2,3,9896.666667,0.19793333334,1.600622222,0.1236602432600739,-0.907769903507499,100,100,4,1 bead per cell or 1:1 ratio,1,10,5.5,6.7,1,0.4,25,350,10,10,50,1,0.5,0.5,3.2,0.8,0.3,0.7
1391,1,4,2,3,3,3,1,0,3,0,2,3,3,4,0,3,7475.0,0.1495,1.600622222,0.09340117733289847,-1.0296476494020415,100,100,4,1 bead per cell or 1:1 ratio,1,10,5.5,6.7,1,0.4,25,350,10,10,50,1,0.5,0.5,3.2,0.8,0.3,0.7
1392,1,4,2,4,4,3,1,0,3,3,3,3,0,3,0,2,13615.0,0.2723,1.600622222,0.1701213417240686,-0.7692412007225254,100,100,4,1 bead per cell or 1:1 ratio,1,10,5.5,6.7,1,0.4,25,350,10,10,50,1,0.5,0.5,3.2,0.8,0.3,0.7
1393,1,4,2,1,4,3,0,1,3,3,3,5,0,4,2,2,6545.0,0.1309,1.600622222,0.08178069640720007,-1.0873491955117343,100,100,4,1 bead per cell or 1:1 ratio,1,10,5.5,6.7,1,0.4,25,350,10,10,50,1,0.5,0.5,3.2,0.8,0.3,0.7
1394,1,4,2,5,4,3,1,1,5,0,2,2,3,1,0,3,49858.33333,0.9971666666,1.600622222,0.6229868940305141,-0.20552108963312238,100,100,4,1 bead per cell or 1:1 ratio,1,10,5.5,6.7,1,0.4,25,350,10,10,50,1,0.5,0.5,3.2,0.8,0.3,0.7
1395,1,4,3,3,3,3,1,1,3,0,3,3,0,3,1,3,7718.333333,0.15436666665999998,1.600622222,0.09644166158527817,-1.015735315807015,100,100,4,1 bead per cell or 1:1 ratio,1,10,5.5,6.7,1,0.4,25,350,10,10,50,1,0.5,0.5,3.2,0.8,0.3,0.7
1396,1,4,3,3,3,0,0,1,3,0,1,5,3,1,4,3,11001.66667,0.2200333334,1.600622222,0.1374673738598139,-0.8618003638989827,100,100,4,1 bead per cell or 1:1 ratio,1,10,5.5,6.7,1,0.4,25,350,10,10,50,1,0.5,0.5,3.2,0.8,0.3,0.7
1397,1,4,1,5,3,3,1,1,5,1,2,3,4,3,3,3,60521.66667,1.2104333334,1.600622222,0.7562267453013032,-0.12134796710655396,100,100,4,1 bead per cell or 1:1 ratio,1,10,5.5,6.7,1,0.4,25,350,10,10,50,1,0.5,0.5,3.2,0.8,0.3,0.7
1398,1,4,1,3,2,3,1,2,2,0,0,2,3,3,3,3,17836.66667,0.35673333339999996,1.600622222,0.222871661093307,-0.651945150062755,100,100,4,1 bead per cell or 1:1 ratio,1,10,5.5,6.7,1,0.4,25,350,10,10,50,1,0.5,0.5,3.2,0.8,0.3,0.7
1399,1,4,0,3,2,0,0,3,3,0,2,3,3,2,0,3,16291.66667,0.32583333340000004,1.600622222,0.2035666685877113,-0.6912933306253897,100,100,4,1 bead per cell or 1:1 ratio,1,10,5.5,6.7,1,0.4,25,350,10,10,50,1,0.5,0.5,3.2,0.8,0.3,0.7
1400,1,4,3,3,2,2,1,1,4,3,3,3,0,4,1,1,5143.333333,0.10286666666,1.600622222,0.06426667407595195,-1.192014175083169,100,100,4,1 bead per cell or 1:1 ratio,1,10,5.5,6.7,1,0.4,25,350,10,10,50,1,0.5,0.5,3.2,0.8,0.3,0.7
1401,1,4,2,3,2,3,0,1,4,0,2,5,2,2,0,3,11678.33333,0.2335666666,1.600622222,0.1459224190378634,-0.835877979412537,100,100,4,1 bead per cell or 1:1 ratio,1,10,5.5,6.7,1,0.4,25,350,10,10,50,1,0.5,0.5,3.2,0.8,0.3,0.7
1402,1,4,0,4,2,3,1,3,1,3,1,3,3,1,1,3,21381.66667,0.4276333334,1.600622222,0.2671669351595445,-0.5732172915794052,100,100,4,1 bead per cell or 1:1 ratio,1,10,5.5,6.7,1,0.4,25,350,10,10,50,1,0.5,0.5,3.2,0.8,0.3,0.7
1403,1,4,2,5,3,3,1,1,5,3,2,3,3,3,4,2,41146.66667,0.8229333334,1.600622222,0.5141333926825864,-0.2889241880278967,100,100,4,1 bead per cell or 1:1 ratio,1,10,5.5,6.7,1,0.4,25,350,10,10,50,1,0.5,0.5,3.2,0.8,0.3,0.7
1404,1,4,2,3,3,3,1,1,3,1,1,3,0,0,1,2,18093.33333,0.36186666660000005,1.600622222,0.2260787471436218,-0.6457402622104816,100,100,4,1 bead per cell or 1:1 ratio,1,10,5.5,6.7,1,0.4,25,350,10,10,50,1,0.5,0.5,3.2,0.8,0.3,0.7
1405,1,4,0,3,0,3,2,0,3,3,3,3,4,3,1,2,4976.666667,0.09953333334,1.600622222,0.06218415062089523,-1.206320293364057,100,100,4,1 bead per cell or 1:1 ratio,1,10,5.5,6.7,1,0.4,25,350,10,10,50,1,0.5,0.5,3.2,0.8,0.3,0.7
1406,1,4,2,5,3,3,0,1,3,0,3,3,0,2,1,3,10196.66667,0.2039333334,1.600622222,0.12740878553165558,-0.8948006239915198,100,100,4,1 bead per cell or 1:1 ratio,1,10,5.5,6.7,1,0.4,25,350,10,10,50,1,0.5,0.5,3.2,0.8,0.3,0.7
1407,1,4,2,5,5,3,0,0,5,0,2,3,4,2,0,3,34498.33333,0.6899666666000001,1.600622222,0.4310615316447856,-0.36546073228374076,100,100,4,1 bead per cell or 1:1 ratio,1,10,5.5,6.7,1,0.4,25,350,10,10,50,1,0.5,0.5,3.2,0.8,0.3,0.7
1408,1,4,0,3,3,3,3,1,2,3,3,2,0,0,1,2,12678.33333,0.2535666666,1.600622222,0.15841755981818426,-0.800196680641316,100,100,4,1 bead per cell or 1:1 ratio,1,10,5.5,6.7,1,0.4,25,350,10,10,50,1,0.5,0.5,3.2,0.8,0.3,0.7
1409,1,4,2,3,3,0,3,1,3,3,3,3,0,3,1,1,8735.0,0.1747,1.600622222,0.10914505471610278,-0.961995937079559,100,100,4,1 bead per cell or 1:1 ratio,1,10,5.5,6.7,1,0.4,25,350,10,10,50,1,0.5,0.5,3.2,0.8,0.3,0.7
1410,1,4,2,3,0,3,2,1,5,0,0,3,4,1,0,0,2645.0,0.0529,1.600622222,0.0330496473639487,-1.480833170027304,100,100,4,1 bead per cell or 1:1 ratio,1,10,5.5,6.7,1,0.4,25,350,10,10,50,1,0.5,0.5,3.2,0.8,0.3,0.7
1411,1,4,4,3,3,3,0,1,0,3,3,5,4,3,0,3,1970.0,0.0394,1.600622222,0.02461542733723211,-1.6087926202369158,100,100,4,1 bead per cell or 1:1 ratio,1,10,5.5,6.7,1,0.4,25,350,10,10,50,1,0.5,0.5,3.2,0.8,0.3,0.7
1412,1,4,2,3,2,3,1,0,3,0,3,3,0,3,0,3,5433.333333,0.10866666666,1.600622222,0.06789026490224499,-1.1681924967408572,100,100,4,1 bead per cell or 1:1 ratio,1,10,5.5,6.7,1,0.4,25,350,10,10,50,1,0.5,0.5,3.2,0.8,0.3,0.7
1413,1,4,2,3,4,3,1,1,1,0,1,3,3,4,0,3,3158.333333,0.06316666666,1.600622222,0.03946381962701502,-1.4038008825238972,100,100,4,1 bead per cell or 1:1 ratio,1,10,5.5,6.7,1,0.4,25,350,10,10,50,1,0.5,0.5,3.2,0.8,0.3,0.7
1414,1,4,2,3,3,3,1,0,4,3,3,3,0,3,1,1,9353.333333,0.18706666666000002,1.600622222,0.11687121676110282,-0.9322924344413074,100,100,4,1 bead per cell or 1:1 ratio,1,10,5.5,6.7,1,0.4,25,350,10,10,50,1,0.5,0.5,3.2,0.8,0.3,0.7
1415,1,4,0,3,3,3,1,1,1,0,2,1,3,3,1,2,5993.333333,0.11986666666,1.600622222,0.07488754373922468,-1.1255904137451156,100,100,4,1 bead per cell or 1:1 ratio,1,10,5.5,6.7,1,0.4,25,350,10,10,50,1,0.5,0.5,3.2,0.8,0.3,0.7
1416,1,5,2,3,2,2,1,1,4,0,2,3,3,2,1,3,12346.66667,0.2469333334,3.1579,0.07819542525095792,-1.1068186541828824,100,100,4,1 bead per cell or 1:1 ratio,1,10,5.5,6.7,1,0.4,25,350,10,10,50,1,0.5,0.5,3.2,0.8,0.3,0.7
1417,1,5,5,3,0,2,3,1,3,0,0,0,3,4,0,3,16228.33333,0.3245666666,3.1579,0.10277927312454478,-0.9880944580569122,100,100,4,1 bead per cell or 1:1 ratio,1,10,5.5,6.7,1,0.4,25,350,10,10,50,1,0.5,0.5,3.2,0.8,0.3,0.7
1418,1,5,3,3,1,3,0,1,3,0,3,3,4,2,0,3,9271.666667,0.18543333333999998,3.1579,0.05872045769023718,-1.231210568017569,100,100,4,1 bead per cell or 1:1 ratio,1,10,5.5,6.7,1,0.4,25,350,10,10,50,1,0.5,0.5,3.2,0.8,0.3,0.7
1419,1,5,0,3,2,3,1,2,3,1,2,3,3,2,0,3,25175.0,0.5035,3.1579,0.15944140093099843,-0.7973988983647112,100,100,4,1 bead per cell or 1:1 ratio,1,10,5.5,6.7,1,0.4,25,350,10,10,50,1,0.5,0.5,3.2,0.8,0.3,0.7
1420,1,5,1,3,3,3,0,2,3,3,0,3,1,1,3,0,50336.66667,1.0067333334,3.1579,0.318798357579404,-0.4964839247164498,100,100,4,1 bead per cell or 1:1 ratio,1,10,5.5,6.7,1,0.4,25,350,10,10,50,1,0.5,0.5,3.2,0.8,0.3,0.7
1421,1,5,2,3,2,2,2,3,5,0,0,2,3,0,4,3,55441.66667,1.1088333334,3.1579,0.3511299703600494,-0.4545321001658312,100,100,4,1 bead per cell or 1:1 ratio,1,10,5.5,6.7,1,0.4,25,350,10,10,50,1,0.5,0.5,3.2,0.8,0.3,0.7
1422,1,5,2,3,5,3,0,1,3,0,3,3,0,2,1,2,21393.33333,0.4278666666,3.1579,0.13549088527185787,-0.8680899196182122,100,100,4,1 bead per cell or 1:1 ratio,1,10,5.5,6.7,1,0.4,25,350,10,10,50,1,0.5,0.5,3.2,0.8,0.3,0.7
1423,1,5,1,3,3,3,0,2,3,3,1,3,0,1,3,0,16918.33333,0.33836666660000003,3.1579,0.1071492658412236,-0.9700108002842873,100,100,4,1 bead per cell or 1:1 ratio,1,10,5.5,6.7,1,0.4,25,350,10,10,50,1,0.5,0.5,3.2,0.8,0.3,0.7
1424,1,5,1,3,3,3,0,2,5,3,0,5,0,1,4,0,72160.0,1.4432,3.1579,0.4570125716457139,-0.3400718530564815,100,100,4,1 bead per cell or 1:1 ratio,1,10,5.5,6.7,1,0.4,25,350,10,10,50,1,0.5,0.5,3.2,0.8,0.3,0.7
1425,1,5,2,3,2,3,1,1,3,1,3,3,3,3,0,3,7128.333333,0.14256666665999998,3.1579,0.04514603586560688,-1.3453803777375077,100,100,4,1 bead per cell or 1:1 ratio,1,10,5.5,6.7,1,0.4,25,350,10,10,50,1,0.5,0.5,3.2,0.8,0.3,0.7
1426,1,5,2,3,2,3,1,1,3,0,3,3,3,2,0,3,15616.66667,0.3123333334,3.1579,0.09890539073434877,-1.0047800369935334,100,100,4,1 bead per cell or 1:1 ratio,1,10,5.5,6.7,1,0.4,25,350,10,10,50,1,0.5,0.5,3.2,0.8,0.3,0.7
1427,1,5,2,3,2,3,1,3,3,0,1,2,3,3,0,3,25530.0,0.5106,3.1579,0.16168973051711583,-0.7913175627861164,100,100,4,1 bead per cell or 1:1 ratio,1,10,5.5,6.7,1,0.4,25,350,10,10,50,1,0.5,0.5,3.2,0.8,0.3,0.7
1428,1,5,1,3,4,3,1,1,3,0,3,3,0,3,3,3,22053.33333,0.44106666660000005,3.1579,0.13967087830520283,-0.854894135831182,100,100,4,1 bead per cell or 1:1 ratio,1,10,5.5,6.7,1,0.4,25,350,10,10,50,1,0.5,0.5,3.2,0.8,0.3,0.7
1429,1,5,0,3,1,3,3,3,3,0,2,3,3,3,0,3,20318.33333,0.40636666660000004,3.1579,0.12868256328572786,-0.8904802967772196,100,100,4,1 bead per cell or 1:1 ratio,1,10,5.5,6.7,1,0.4,25,350,10,10,50,1,0.5,0.5,3.2,0.8,0.3,0.7
1430,1,5,2,3,3,3,2,1,3,2,1,3,0,2,1,3,9633.333333,0.19266666666,3.1579,0.0610110094239843,-1.2145917895685088,100,100,4,1 bead per cell or 1:1 ratio,1,10,5.5,6.7,1,0.4,25,350,10,10,50,1,0.5,0.5,3.2,0.8,0.3,0.7
1431,1,5,5,3,0,3,3,1,3,0,0,3,0,3,0,2,11531.66667,0.2306333334,3.1579,0.07303376718705469,-1.1364762972449796,100,100,4,1 bead per cell or 1:1 ratio,1,10,5.5,6.7,1,0.4,25,350,10,10,50,1,0.5,0.5,3.2,0.8,0.3,0.7
1432,1,5,1,3,5,3,0,2,5,0,1,5,3,0,4,3,44421.66667,0.8884333334,3.1579,0.2813367533487444,-0.5507735286456904,100,100,4,1 bead per cell or 1:1 ratio,1,10,5.5,6.7,1,0.4,25,350,10,10,50,1,0.5,0.5,3.2,0.8,0.3,0.7
1433,1,5,2,3,0,3,2,1,5,4,2,3,4,4,0,2,59455.0,1.1891,3.1579,0.37654770575382374,-0.4241799941428126,100,100,4,1 bead per cell or 1:1 ratio,1,10,5.5,6.7,1,0.4,25,350,10,10,50,1,0.5,0.5,3.2,0.8,0.3,0.7
1434,1,5,2,3,2,3,1,1,3,0,1,3,3,2,0,3,20010.0,0.4002,3.1579,0.12672978878368535,-0.8971212889541554,100,100,4,1 bead per cell or 1:1 ratio,1,10,5.5,6.7,1,0.4,25,350,10,10,50,1,0.5,0.5,3.2,0.8,0.3,0.7
1435,1,5,2,3,2,3,1,1,3,0,3,3,3,3,0,3,11976.66667,0.23953333340000002,3.1579,0.07585209582317363,-1.1200324149845073,100,100,4,1 bead per cell or 1:1 ratio,1,10,5.5,6.7,1,0.4,25,350,10,10,50,1,0.5,0.5,3.2,0.8,0.3,0.7
1436,1,5,2,3,0,3,1,2,5,0,2,3,3,3,4,2,97173.33333,1.9434666665999998,3.1579,0.615430085373191,-0.21082127703202264,100,100,4,1 bead per cell or 1:1 ratio,1,10,5.5,6.7,1,0.4,25,350,10,10,50,1,0.5,0.5,3.2,0.8,0.3,0.7
1437,1,5,2,3,2,3,1,0,3,0,2,3,3,2,0,3,6455.0,0.1291,3.1579,0.04088159853066911,-1.3884721309879278,100,100,4,1 bead per cell or 1:1 ratio,1,10,5.5,6.7,1,0.4,25,350,10,10,50,1,0.5,0.5,3.2,0.8,0.3,0.7
1438,1,5,0,3,2,3,1,1,5,0,0,3,4,0,4,3,39286.66667,0.7857333334,3.1579,0.24881514088476517,-0.6041231955140506,100,100,4,1 bead per cell or 1:1 ratio,1,10,5.5,6.7,1,0.4,25,350,10,10,50,1,0.5,0.5,3.2,0.8,0.3,0.7
1439,1,5,0,3,3,3,1,0,0,2,1,3,3,4,0,3,18228.33333,0.36456666660000003,3.1579,0.11544591868013554,-0.9376214159388954,100,100,4,1 bead per cell or 1:1 ratio,1,10,5.5,6.7,1,0.4,25,350,10,10,50,1,0.5,0.5,3.2,0.8,0.3,0.7
1440,1,5,3,3,3,3,2,1,5,0,0,4,4,3,3,3,33770.0,0.6754,3.1579,0.21387631020614964,-0.6698373169549553,100,100,4,1 bead per cell or 1:1 ratio,1,10,5.5,6.7,1,0.4,25,350,10,10,50,1,0.5,0.5,3.2,0.8,0.3,0.7
1441,1,5,2,3,2,3,1,1,2,0,2,3,3,2,0,3,18440.0,0.3688,3.1579,0.11678647202254663,-0.9326074608727563,100,100,4,1 bead per cell or 1:1 ratio,1,10,5.5,6.7,1,0.4,25,350,10,10,50,1,0.5,0.5,3.2,0.8,0.3,0.7
1442,1,5,2,3,2,0,2,3,1,0,2,1,3,2,0,0,20781.66667,0.41563333339999997,3.1579,0.13161700288166184,-0.880688002966017,100,100,4,1 bead per cell or 1:1 ratio,1,10,5.5,6.7,1,0.4,25,350,10,10,50,1,0.5,0.5,3.2,0.8,0.3,0.7
1443,1,5,1,3,3,3,1,1,3,3,3,3,0,3,1,2,20633.33333,0.4126666666,3.1579,0.1306775599607334,-0.8837989833600719,100,100,4,1 bead per cell or 1:1 ratio,1,10,5.5,6.7,1,0.4,25,350,10,10,50,1,0.5,0.5,3.2,0.8,0.3,0.7
1444,1,5,1,3,3,2,1,1,3,0,2,3,2,3,0,3,13451.66667,0.2690333334,3.1579,0.0851937469204218,-1.069592280557436,100,100,4,1 bead per cell or 1:1 ratio,1,10,5.5,6.7,1,0.4,25,350,10,10,50,1,0.5,0.5,3.2,0.8,0.3,0.7
1445,1,5,2,3,3,3,1,2,3,3,3,3,0,3,1,2,16678.33333,0.3335666666,3.1579,0.1056292683745527,-0.9762157282759961,100,100,4,1 bead per cell or 1:1 ratio,1,10,5.5,6.7,1,0.4,25,350,10,10,50,1,0.5,0.5,3.2,0.8,0.3,0.7
1446,1,5,1,3,3,2,0,2,3,3,0,3,0,1,3,0,27573.33333,0.5514666666,3.1579,0.17463082003863326,-0.7578791066126638,100,100,4,1 bead per cell or 1:1 ratio,1,10,5.5,6.7,1,0.4,25,350,10,10,50,1,0.5,0.5,3.2,0.8,0.3,0.7
1447,1,5,1,3,3,3,0,2,3,3,0,3,0,0,3,0,20593.33333,0.41186666660000004,3.1579,0.1304242270496216,-0.8846417284148943,100,100,4,1 bead per cell or 1:1 ratio,1,10,5.5,6.7,1,0.4,25,350,10,10,50,1,0.5,0.5,3.2,0.8,0.3,0.7
1448,1,5,0,3,3,1,1,3,5,0,2,3,0,1,4,3,28325.0,0.5665,3.1579,0.17939136768105385,-0.746198459054932,100,100,4,1 bead per cell or 1:1 ratio,1,10,5.5,6.7,1,0.4,25,350,10,10,50,1,0.5,0.5,3.2,0.8,0.3,0.7
1449,1,5,1,3,3,3,0,2,3,3,0,3,0,1,3,1,19951.66667,0.39903333339999997,3.1579,0.1263603449760917,-0.8983891970988885,100,100,4,1 bead per cell or 1:1 ratio,1,10,5.5,6.7,1,0.4,25,350,10,10,50,1,0.5,0.5,3.2,0.8,0.3,0.7
1450,1,5,2,3,3,3,1,1,3,3,2,3,0,3,1,2,16063.33333,0.3212666666,3.1579,0.10173427486620855,-0.9925327060989421,100,100,4,1 bead per cell or 1:1 ratio,1,10,5.5,6.7,1,0.4,25,350,10,10,50,1,0.5,0.5,3.2,0.8,0.3,0.7
1451,1,5,2,4,4,3,1,0,3,3,3,3,0,3,0,2,8786.666667,0.17573333334,3.1579,0.055648796143006427,-1.2545442263715816,100,100,4,1 bead per cell or 1:1 ratio,1,10,5.5,6.7,1,0.4,25,350,10,10,50,1,0.5,0.5,3.2,0.8,0.3,0.7
1452,1,5,1,3,3,3,0,2,3,3,0,3,0,2,3,0,16793.33333,0.33586666660000003,3.1579,0.10635760049399919,-0.9732314692341387,100,100,4,1 bead per cell or 1:1 ratio,1,10,5.5,6.7,1,0.4,25,350,10,10,50,1,0.5,0.5,3.2,0.8,0.3,0.7
1453,1,5,2,5,4,3,1,1,5,0,2,2,3,1,0,3,1965.0,0.0393,3.1579,0.012444979258367902,-1.9050058228789213,100,100,4,1 bead per cell or 1:1 ratio,1,10,5.5,6.7,1,0.4,25,350,10,10,50,1,0.5,0.5,3.2,0.8,0.3,0.7
1454,1,5,2,3,3,3,1,1,3,3,3,3,0,3,1,3,10211.66667,0.20423333340000002,3.1579,0.0646737811203648,-1.1892717475002923,100,100,4,1 bead per cell or 1:1 ratio,1,10,5.5,6.7,1,0.4,25,350,10,10,50,1,0.5,0.5,3.2,0.8,0.3,0.7
1455,1,5,3,3,1,0,1,1,3,0,1,2,3,1,4,3,12468.33333,0.24936666659999998,3.1579,0.07896597948003418,-1.1025599733467633,100,100,4,1 bead per cell or 1:1 ratio,1,10,5.5,6.7,1,0.4,25,350,10,10,50,1,0.5,0.5,3.2,0.8,0.3,0.7
1456,1,5,1,3,3,3,1,0,3,0,2,3,3,3,3,3,13376.66667,0.2675333334,3.1579,0.08471874771208715,-1.0720204724679685,100,100,4,1 bead per cell or 1:1 ratio,1,10,5.5,6.7,1,0.4,25,350,10,10,50,1,0.5,0.5,3.2,0.8,0.3,0.7
1457,1,5,2,3,2,2,1,1,2,0,2,3,3,3,0,3,11340.0,0.2268,3.1579,0.07181988030019949,-1.1437553230334792,100,100,4,1 bead per cell or 1:1 ratio,1,10,5.5,6.7,1,0.4,25,350,10,10,50,1,0.5,0.5,3.2,0.8,0.3,0.7
1458,1,5,0,3,2,0,3,3,4,0,3,3,3,1,0,0,10186.66667,0.20373333340000002,3.1579,0.06451544805091992,-1.1903362822642647,100,100,4,1 bead per cell or 1:1 ratio,1,10,5.5,6.7,1,0.4,25,350,10,10,50,1,0.5,0.5,3.2,0.8,0.3,0.7
1459,1,5,2,3,2,3,1,1,3,3,3,3,0,3,1,2,6830.0,0.1366,3.1579,0.04325659457234238,-1.3639476739088343,100,100,4,1 bead per cell or 1:1 ratio,1,10,5.5,6.7,1,0.4,25,350,10,10,50,1,0.5,0.5,3.2,0.8,0.3,0.7
1460,1,5,2,3,2,3,1,1,3,0,2,3,3,2,1,3,2663.333333,0.05326666666,3.1579,0.01686774966275056,-1.7729428530503926,100,100,4,1 bead per cell or 1:1 ratio,1,10,5.5,6.7,1,0.4,25,350,10,10,50,1,0.5,0.5,3.2,0.8,0.3,0.7
1461,1,5,1,3,3,3,0,1,3,3,0,3,0,1,3,0,9295.0,0.1859,3.1579,0.05886823521960797,-1.2301189834824493,100,100,4,1 bead per cell or 1:1 ratio,1,10,5.5,6.7,1,0.4,25,350,10,10,50,1,0.5,0.5,3.2,0.8,0.3,0.7
1462,1,5,1,3,2,3,0,2,3,3,0,3,0,1,3,0,15276.66667,0.3055333334,3.1579,0.09675206098989834,-1.0143397749704806,100,100,4,1 bead per cell or 1:1 ratio,1,10,5.5,6.7,1,0.4,25,350,10,10,50,1,0.5,0.5,3.2,0.8,0.3,0.7
1463,1,5,2,3,3,3,1,1,3,1,1,3,0,0,1,2,21118.33333,0.42236666660000005,3.1579,0.13374922150796417,-0.8737087371256447,100,100,4,1 bead per cell or 1:1 ratio,1,10,5.5,6.7,1,0.4,25,350,10,10,50,1,0.5,0.5,3.2,0.8,0.3,0.7
1464,1,5,2,3,3,3,0,2,3,3,0,3,0,1,3,0,13253.33333,0.2650666666,3.1579,0.08393763786060356,-1.0760432566939826,100,100,4,1 bead per cell or 1:1 ratio,1,10,5.5,6.7,1,0.4,25,350,10,10,50,1,0.5,0.5,3.2,0.8,0.3,0.7
1465,1,5,1,3,3,3,0,2,3,2,0,3,0,1,3,0,12490.0,0.2498,3.1579,0.07910320149466417,-1.1018059392162314,100,100,4,1 bead per cell or 1:1 ratio,1,10,5.5,6.7,1,0.4,25,350,10,10,50,1,0.5,0.5,3.2,0.8,0.3,0.7
1466,1,5,2,5,5,3,0,0,5,0,2,3,4,2,0,3,4713.333333,0.09426666666,3.1579,0.02985106135723107,-1.5250402228798625,100,100,4,1 bead per cell or 1:1 ratio,1,10,5.5,6.7,1,0.4,25,350,10,10,50,1,0.5,0.5,3.2,0.8,0.3,0.7
1467,1,5,1,3,3,3,0,2,3,3,0,3,0,1,3,0,12481.66667,0.24963333340000002,3.1579,0.0790504238259603,-1.1020957972715266,100,100,4,1 bead per cell or 1:1 ratio,1,10,5.5,6.7,1,0.4,25,350,10,10,50,1,0.5,0.5,3.2,0.8,0.3,0.7
1468,1,5,2,3,3,2,1,1,3,3,3,3,0,3,1,2,11586.66667,0.23173333340000002,3.1579,0.07338209993983344,-1.1344098644084595,100,100,4,1 bead per cell or 1:1 ratio,1,10,5.5,6.7,1,0.4,25,350,10,10,50,1,0.5,0.5,3.2,0.8,0.3,0.7
1469,1,5,1,3,3,3,0,2,3,3,0,3,0,1,2,0,19115.0,0.3823,3.1579,0.1210614648975585,-0.91699407523532,100,100,4,1 bead per cell or 1:1 ratio,1,10,5.5,6.7,1,0.4,25,350,10,10,50,1,0.5,0.5,3.2,0.8,0.3,0.7
1470,1,5,1,3,3,3,1,2,3,3,0,3,0,1,3,0,1481.666667,0.029633333339999998,3.1579,0.009383873251211247,-2.027617866906093,100,100,4,1 bead per cell or 1:1 ratio,1,10,5.5,6.7,1,0.4,25,350,10,10,50,1,0.5,0.5,3.2,0.8,0.3,0.7
1471,1,5,1,3,3,3,0,3,3,3,0,3,0,1,3,0,12851.66667,0.2570333334,3.1579,0.08139375325374458,-1.0894089247364838,100,100,4,1 bead per cell or 1:1 ratio,1,10,5.5,6.7,1,0.4,25,350,10,10,50,1,0.5,0.5,3.2,0.8,0.3,0.7
1472,1,5,1,3,3,3,0,2,2,3,0,3,0,1,3,0,12708.33333,0.2541666666,3.1579,0.08048597694670508,-1.0942797800691004,100,100,4,1 bead per cell or 1:1 ratio,1,10,5.5,6.7,1,0.4,25,350,10,10,50,1,0.5,0.5,3.2,0.8,0.3,0.7
1473,1,5,2,3,3,3,1,0,3,3,3,3,0,3,1,2,5790.0,0.1158,3.1579,0.03666993888343519,-1.4356898138629306,100,100,4,1 bead per cell or 1:1 ratio,1,10,5.5,6.7,1,0.4,25,350,10,10,50,1,0.5,0.5,3.2,0.8,0.3,0.7
1474,1,5,1,3,3,3,0,2,3,3,0,2,0,1,3,0,7173.333333,0.14346666666,3.1579,0.04543103539060768,-1.3426473653358586,100,100,4,1 bead per cell or 1:1 ratio,1,10,5.5,6.7,1,0.4,25,350,10,10,50,1,0.5,0.5,3.2,0.8,0.3,0.7
1475,1,5,2,3,2,2,1,1,4,0,0,3,3,2,1,3,19915.0,0.3983,3.1579,0.1261281231197948,-0.8991880668450201,100,100,4,1 bead per cell or 1:1 ratio,1,10,5.5,6.7,1,0.4,25,350,10,10,50,1,0.5,0.5,3.2,0.8,0.3,0.7
1476,1,5,5,3,2,2,1,3,3,0,0,0,3,1,0,3,15198.33333,0.3039666666,3.1579,0.09625595066341555,-1.0165724123607622,100,100,4,1 bead per cell or 1:1 ratio,1,10,5.5,6.7,1,0.4,25,350,10,10,50,1,0.5,0.5,3.2,0.8,0.3,0.7
1477,1,5,1,3,3,3,0,1,3,0,3,3,4,2,3,0,20286.66667,0.40573333339999995,3.1579,0.12848200810665314,-0.8911576842165214,100,100,4,1 bead per cell or 1:1 ratio,1,10,5.5,6.7,1,0.4,25,350,10,10,50,1,0.5,0.5,3.2,0.8,0.3,0.7
1478,1,5,0,3,3,2,1,2,3,3,2,3,0,2,0,2,21046.66667,0.4209333334,3.1579,0.13329533341777763,-0.8751850546850479,100,100,4,1 bead per cell or 1:1 ratio,1,10,5.5,6.7,1,0.4,25,350,10,10,50,1,0.5,0.5,3.2,0.8,0.3,0.7
1479,1,5,1,3,3,3,0,2,3,4,2,3,1,2,3,0,18416.66667,0.36833333339999996,3.1579,0.11663869451217579,-0.9331573498742757,100,100,4,1 bead per cell or 1:1 ratio,1,10,5.5,6.7,1,0.4,25,350,10,10,50,1,0.5,0.5,3.2,0.8,0.3,0.7
1480,1,5,1,3,2,3,2,3,5,0,0,2,3,0,3,3,15433.33333,0.3086666666,3.1579,0.09774428151619746,-1.0099086413858762,100,100,4,1 bead per cell or 1:1 ratio,1,10,5.5,6.7,1,0.4,25,350,10,10,50,1,0.5,0.5,3.2,0.8,0.3,0.7
1481,1,5,5,3,5,3,0,2,3,3,3,3,0,2,0,2,5811.666667,0.11623333334000001,3.1579,0.0368071608790652,-1.4340676805731245,100,100,4,1 bead per cell or 1:1 ratio,1,10,5.5,6.7,1,0.4,25,350,10,10,50,1,0.5,0.5,3.2,0.8,0.3,0.7
1482,1,5,3,3,1,3,3,2,3,0,3,3,4,1,3,0,18078.33333,0.36156666660000003,3.1579,0.11449592026346624,-0.9412099878972854,100,100,4,1 bead per cell or 1:1 ratio,1,10,5.5,6.7,1,0.4,25,350,10,10,50,1,0.5,0.5,3.2,0.8,0.3,0.7
1483,1,5,0,3,4,3,0,2,3,3,2,3,3,1,2,1,18160.0,0.3632,3.1579,0.11501314164476392,-0.9392525334053005,100,100,4,1 bead per cell or 1:1 ratio,1,10,5.5,6.7,1,0.4,25,350,10,10,50,1,0.5,0.5,3.2,0.8,0.3,0.7
1484,1,5,2,3,3,3,1,1,3,3,0,3,3,0,0,3,16938.33333,0.33876666660000004,3.1579,0.10727593229677951,-0.9694977024807956,100,100,4,1 bead per cell or 1:1 ratio,1,10,5.5,6.7,1,0.4,25,350,10,10,50,1,0.5,0.5,3.2,0.8,0.3,0.7
1485,1,5,2,3,0,0,1,1,1,3,0,1,4,1,0,0,16001.66667,0.3200333334,3.1579,0.10134372000379999,-0.9942031581914766,100,100,4,1 bead per cell or 1:1 ratio,1,10,5.5,6.7,1,0.4,25,350,10,10,50,1,0.5,0.5,3.2,0.8,0.3,0.7
1486,1,5,2,3,2,3,1,2,3,0,1,2,3,2,1,3,6511.666667,0.13023333334,3.1579,0.04124048682352196,-1.3846762167269944,100,100,4,1 bead per cell or 1:1 ratio,1,10,5.5,6.7,1,0.4,25,350,10,10,50,1,0.5,0.5,3.2,0.8,0.3,0.7
1487,1,5,1,3,4,3,0,1,3,0,0,3,0,1,3,0,18386.66667,0.3677333334,3.1579,0.11644869482884193,-0.9338653747274835,100,100,4,1 bead per cell or 1:1 ratio,1,10,5.5,6.7,1,0.4,25,350,10,10,50,1,0.5,0.5,3.2,0.8,0.3,0.7
1488,1,5,0,3,0,3,3,0,0,1,2,3,3,4,0,3,15953.33333,0.3190666666,3.1579,0.10103760936065107,-0.9955169381233534,100,100,4,1 bead per cell or 1:1 ratio,1,10,5.5,6.7,1,0.4,25,350,10,10,50,1,0.5,0.5,3.2,0.8,0.3,0.7
1489,1,5,2,3,3,3,2,1,3,3,1,3,0,2,1,0,19548.33333,0.3909666666,3.1579,0.12380590474682542,-0.9072586417633188,100,100,4,1 bead per cell or 1:1 ratio,1,10,5.5,6.7,1,0.4,25,350,10,10,50,1,0.5,0.5,3.2,0.8,0.3,0.7
1490,1,5,5,3,2,3,2,0,3,0,3,3,4,3,0,3,15430.0,0.3086,3.1579,0.09772317046138256,-1.0100024515272186,100,100,4,1 bead per cell or 1:1 ratio,1,10,5.5,6.7,1,0.4,25,350,10,10,50,1,0.5,0.5,3.2,0.8,0.3,0.7
1491,1,5,1,3,5,3,0,0,1,0,1,3,3,0,4,3,16598.33333,0.3319666666,3.1579,0.10512260255232908,-0.9783038956902685,100,100,4,1 bead per cell or 1:1 ratio,1,10,5.5,6.7,1,0.4,25,350,10,10,50,1,0.5,0.5,3.2,0.8,0.3,0.7
1492,1,5,2,3,0,3,0,0,5,0,2,5,4,4,0,2,7915.0,0.1583,3.1579,0.05012824978625035,-1.2999174583919921,100,100,4,1 bead per cell or 1:1 ratio,1,10,5.5,6.7,1,0.4,25,350,10,10,50,1,0.5,0.5,3.2,0.8,0.3,0.7
1493,1,5,2,3,0,3,0,1,3,0,1,3,3,2,0,0,13110.0,0.2622,3.1579,0.0830298616168973,-1.0807656859002825,100,100,4,1 bead per cell or 1:1 ratio,1,10,5.5,6.7,1,0.4,25,350,10,10,50,1,0.5,0.5,3.2,0.8,0.3,0.7
1494,1,5,2,3,3,3,1,1,3,0,0,3,1,3,0,3,20636.66667,0.41273333339999996,3.1579,0.13069867107888153,-0.883728828226975,100,100,4,1 bead per cell or 1:1 ratio,1,10,5.5,6.7,1,0.4,25,350,10,10,50,1,0.5,0.5,3.2,0.8,0.3,0.7
1495,1,5,1,3,2,3,1,2,1,0,3,3,0,3,4,3,19836.66667,0.3967333334,3.1579,0.12563201285664524,-0.9008996819722563,100,100,4,1 bead per cell or 1:1 ratio,1,10,5.5,6.7,1,0.4,25,350,10,10,50,1,0.5,0.5,3.2,0.8,0.3,0.7
1496,1,5,3,3,2,3,1,0,3,0,3,3,3,2,0,3,16725.0,0.3345,3.1579,0.10592482345862757,-0.9750022511505061,100,100,4,1 bead per cell or 1:1 ratio,1,10,5.5,6.7,1,0.4,25,350,10,10,50,1,0.5,0.5,3.2,0.8,0.3,0.7
1497,1,5,0,3,4,3,1,1,4,0,3,3,3,0,0,0,16473.33333,0.3294666666,3.1579,0.10433093720510465,-0.981586891331847,100,100,4,1 bead per cell or 1:1 ratio,1,10,5.5,6.7,1,0.4,25,350,10,10,50,1,0.5,0.5,3.2,0.8,0.3,0.7
1498,1,5,1,3,0,3,1,0,0,2,1,3,3,1,0,3,7061.666667,0.14123333334000002,3.1579,0.04472381435130942,-1.3494611639525207,100,100,4,1 bead per cell or 1:1 ratio,1,10,5.5,6.7,1,0.4,25,350,10,10,50,1,0.5,0.5,3.2,0.8,0.3,0.7
1499,1,5,3,3,1,3,0,2,5,0,0,4,4,0,3,0,14295.0,0.2859,3.1579,0.09053484910858481,-1.0431842178963593,100,100,4,1 bead per cell or 1:1 ratio,1,10,5.5,6.7,1,0.4,25,350,10,10,50,1,0.5,0.5,3.2,0.8,0.3,0.7
1500,1,5,2,3,2,3,1,1,2,0,2,2,4,2,1,3,11148.33333,0.2229666666,3.1579,0.07060599341334431,-1.1511584321512305,100,100,4,1 bead per cell or 1:1 ratio,1,10,5.5,6.7,1,0.4,25,350,10,10,50,1,0.5,0.5,3.2,0.8,0.3,0.7
1501,1,5,1,3,2,3,2,3,2,3,0,3,0,1,3,0,17168.33333,0.34336666660000004,3.1579,0.10873259653567245,-0.9636402408870414,100,100,4,1 bead per cell or 1:1 ratio,1,10,5.5,6.7,1,0.4,25,350,10,10,50,1,0.5,0.5,3.2,0.8,0.3,0.7
1502,1,5,1,3,3,3,3,1,1,1,2,3,0,2,0,2,16100.0,0.322,3.1579,0.10196649672250546,-0.9915425015585171,100,100,4,1 bead per cell or 1:1 ratio,1,10,5.5,6.7,1,0.4,25,350,10,10,50,1,0.5,0.5,3.2,0.8,0.3,0.7
1503,1,5,1,3,4,2,1,2,4,3,2,3,0,3,0,3,10476.66667,0.20953333340000002,3.1579,0.06635211165648057,-1.178145251154271,100,100,4,1 bead per cell or 1:1 ratio,1,10,5.5,6.7,1,0.4,25,350,10,10,50,1,0.5,0.5,3.2,0.8,0.3,0.7
1504,1,5,2,3,3,3,1,2,3,1,3,3,3,3,0,3,5343.333333,0.10686666666,3.1579,0.03384105470724215,-1.4705561099829771,100,100,4,1 bead per cell or 1:1 ratio,1,10,5.5,6.7,1,0.4,25,350,10,10,50,1,0.5,0.5,3.2,0.8,0.3,0.7
1505,1,5,4,3,3,2,0,2,3,3,3,1,3,1,0,0,7988.333333,0.15976666666,3.1579,0.05059269345451091,-1.2959121990003446,100,100,4,1 bead per cell or 1:1 ratio,1,10,5.5,6.7,1,0.4,25,350,10,10,50,1,0.5,0.5,3.2,0.8,0.3,0.7
1506,1,5,2,3,3,3,0,0,5,5,0,3,1,4,1,1,13213.33333,0.2642666666,3.1579,0.08368430494949174,-1.0773559866063513,100,100,4,1 bead per cell or 1:1 ratio,1,10,5.5,6.7,1,0.4,25,350,10,10,50,1,0.5,0.5,3.2,0.8,0.3,0.7
1507,1,5,0,3,3,3,1,3,3,0,3,3,0,1,3,3,15130.0,0.3026,3.1579,0.09582317362804395,-1.0185294495671802,100,100,4,1 bead per cell or 1:1 ratio,1,10,5.5,6.7,1,0.4,25,350,10,10,50,1,0.5,0.5,3.2,0.8,0.3,0.7
1508,1,5,1,3,2,3,0,2,3,3,0,3,0,2,3,0,10603.33333,0.21206666659999998,3.1579,0.06715433249944583,-1.1729259633391935,100,100,4,1 bead per cell or 1:1 ratio,1,10,5.5,6.7,1,0.4,25,350,10,10,50,1,0.5,0.5,3.2,0.8,0.3,0.7
1509,1,5,1,3,3,3,0,2,3,3,2,3,0,0,1,2,10265.0,0.2053,3.1579,0.06501155831406948,-1.187009423883756,100,100,4,1 bead per cell or 1:1 ratio,1,10,5.5,6.7,1,0.4,25,350,10,10,50,1,0.5,0.5,3.2,0.8,0.3,0.7
1510,1,5,2,3,4,0,2,0,0,0,3,3,0,3,0,2,5873.333333,0.11746666666,3.1579,0.0371977157794737,-1.429483728258648,100,100,4,1 bead per cell or 1:1 ratio,1,10,5.5,6.7,1,0.4,25,350,10,10,50,1,0.5,0.5,3.2,0.8,0.3,0.7
1511,1,5,3,3,3,3,0,2,2,3,0,3,0,2,4,0,3391.666667,0.06783333334,3.1579,0.021480519756800404,-1.667955214370089,100,100,4,1 bead per cell or 1:1 ratio,1,10,5.5,6.7,1,0.4,25,350,10,10,50,1,0.5,0.5,3.2,0.8,0.3,0.7
1512,1,5,2,5,3,3,0,1,5,0,3,2,0,4,0,0,11878.33333,0.23756666659999998,3.1579,0.07522931904113492,-1.1236128692989298,100,100,4,1 bead per cell or 1:1 ratio,1,10,5.5,6.7,1,0.4,25,350,10,10,50,1,0.5,0.5,3.2,0.8,0.3,0.7
1513,1,5,2,3,3,3,0,1,3,3,0,3,0,3,1,3,7628.333333,0.15256666666,3.1579,0.04831269725450457,-1.315938715565688,100,100,4,1 bead per cell or 1:1 ratio,1,10,5.5,6.7,1,0.4,25,350,10,10,50,1,0.5,0.5,3.2,0.8,0.3,0.7
1514,1,5,2,3,3,0,0,2,3,5,1,3,0,1,2,0,7506.666667,0.15013333334,3.1579,0.04754214298742836,-1.3229212461114357,100,100,4,1 bead per cell or 1:1 ratio,1,10,5.5,6.7,1,0.4,25,350,10,10,50,1,0.5,0.5,3.2,0.8,0.3,0.7
1515,1,5,2,3,2,3,0,2,3,5,2,3,0,3,3,0,9698.333333,0.19396666666,3.1579,0.061422675404540994,-1.2116712707955264,100,100,4,1 bead per cell or 1:1 ratio,1,10,5.5,6.7,1,0.4,25,350,10,10,50,1,0.5,0.5,3.2,0.8,0.3,0.7
1516,1,5,2,3,2,3,0,1,5,0,3,3,1,3,1,1,8973.333333,0.17946666666,3.1579,0.056831016390639345,-1.2454145767742228,100,100,4,1 bead per cell or 1:1 ratio,1,10,5.5,6.7,1,0.4,25,350,10,10,50,1,0.5,0.5,3.2,0.8,0.3,0.7
1517,1,5,0,3,4,0,3,2,3,2,0,2,3,1,0,0,2908.333333,0.05816666666,3.1579,0.018419413743310426,-1.7347241967285876,100,100,4,1 bead per cell or 1:1 ratio,1,10,5.5,6.7,1,0.4,25,350,10,10,50,1,0.5,0.5,3.2,0.8,0.3,0.7
1518,1,5,2,3,1,3,3,3,4,0,3,3,3,3,1,2,6711.666667,0.13423333334,3.1579,0.04250715137908104,-1.3715379983450098,100,100,4,1 bead per cell or 1:1 ratio,1,10,5.5,6.7,1,0.4,25,350,10,10,50,1,0.5,0.5,3.2,0.8,0.3,0.7
1519,1,5,1,3,3,3,1,1,4,3,2,3,0,1,3,0,5945.0,0.1189,3.1579,0.03765160391399348,-1.4242165186356563,100,100,4,1 bead per cell or 1:1 ratio,1,10,5.5,6.7,1,0.4,25,350,10,10,50,1,0.5,0.5,3.2,0.8,0.3,0.7
1520,1,5,1,3,3,3,0,3,3,0,0,3,3,1,1,0,7113.333333,0.14226666665999999,3.1579,0.04505103602393995,-1.3462952172419294,100,100,4,1 bead per cell or 1:1 ratio,1,10,5.5,6.7,1,0.4,25,350,10,10,50,1,0.5,0.5,3.2,0.8,0.3,0.7
1521,1,5,1,3,5,3,0,1,2,3,0,3,3,1,1,3,8003.333333,0.16006666666,3.1579,0.05068769329617784,-1.29509747227109,100,100,4,1 bead per cell or 1:1 ratio,1,10,5.5,6.7,1,0.4,25,350,10,10,50,1,0.5,0.5,3.2,0.8,0.3,0.7
1522,1,5,0,3,3,3,0,0,3,1,1,3,4,0,3,3,3875.0,0.0775,3.1579,0.02454162576395706,-1.6100966707480378,100,100,4,1 bead per cell or 1:1 ratio,1,10,5.5,6.7,1,0.4,25,350,10,10,50,1,0.5,0.5,3.2,0.8,0.3,0.7
1523,1,5,4,3,5,2,0,2,3,3,3,3,0,1,0,0,4235.0,0.0847,3.1579,0.026821621963963392,-1.5715149629236411,100,100,4,1 bead per cell or 1:1 ratio,1,10,5.5,6.7,1,0.4,25,350,10,10,50,1,0.5,0.5,3.2,0.8,0.3,0.7
1524,1,5,1,3,3,3,0,1,5,4,3,3,0,1,3,1,10986.66667,0.2197333334,3.1579,0.06958210627315621,-1.157502429153187,100,100,4,1 bead per cell or 1:1 ratio,1,10,5.5,6.7,1,0.4,25,350,10,10,50,1,0.5,0.5,3.2,0.8,0.3,0.7
1525,1,5,2,5,5,3,0,0,0,3,2,3,4,2,0,2,4396.666667,0.08793333334,3.1579,0.027845509148484753,-1.5552448367307379,100,100,4,1 bead per cell or 1:1 ratio,1,10,5.5,6.7,1,0.4,25,350,10,10,50,1,0.5,0.5,3.2,0.8,0.3,0.7
1526,1,5,1,3,3,3,0,2,3,3,1,5,0,1,1,0,3251.666667,0.06503333334,3.1579,0.02059385456790905,-1.6862623585349723,100,100,4,1 bead per cell or 1:1 ratio,1,10,5.5,6.7,1,0.4,25,350,10,10,50,1,0.5,0.5,3.2,0.8,0.3,0.7
1527,1,5,2,3,3,3,1,2,3,5,3,3,0,3,1,0,4918.333333,0.09836666665999999,3.1579,0.03114939252667912,-1.5065504185034848,100,100,4,1 bead per cell or 1:1 ratio,1,10,5.5,6.7,1,0.4,25,350,10,10,50,1,0.5,0.5,3.2,0.8,0.3,0.7
1528,1,5,1,3,3,3,3,3,3,0,1,3,3,1,0,0,5088.333333,0.10176666665999999,3.1579,0.03222605739890433,-1.491792823703799,100,100,4,1 bead per cell or 1:1 ratio,1,10,5.5,6.7,1,0.4,25,350,10,10,50,1,0.5,0.5,3.2,0.8,0.3,0.7
1529,1,5,0,3,3,3,1,3,3,3,0,3,0,1,4,0,5115.0,0.1023,3.1579,0.03239494600842332,-1.489522739542188,100,100,4,1 bead per cell or 1:1 ratio,1,10,5.5,6.7,1,0.4,25,350,10,10,50,1,0.5,0.5,3.2,0.8,0.3,0.7
1530,1,5,1,3,3,2,0,3,3,3,3,3,0,1,3,0,4483.333333,0.08966666665999999,3.1579,0.028394397118338133,-1.5467673480038922,100,100,4,1 bead per cell or 1:1 ratio,1,10,5.5,6.7,1,0.4,25,350,10,10,50,1,0.5,0.5,3.2,0.8,0.3,0.7
1531,1,5,1,3,4,3,1,0,2,3,1,3,0,1,3,0,5301.666667,0.10603333334000001,3.1579,0.03357716626238957,-1.4739559588393414,100,100,4,1 bead per cell or 1:1 ratio,1,10,5.5,6.7,1,0.4,25,350,10,10,50,1,0.5,0.5,3.2,0.8,0.3,0.7
1532,1,5,2,3,3,3,0,0,3,0,3,3,0,3,1,2,4088.333333,0.08176666666,3.1579,0.025892734621108963,-1.586822079803034,100,100,4,1 bead per cell or 1:1 ratio,1,10,5.5,6.7,1,0.4,25,350,10,10,50,1,0.5,0.5,3.2,0.8,0.3,0.7
1533,1,5,0,3,3,3,0,1,3,5,0,4,0,2,3,0,3811.666667,0.07623333334,3.1579,0.02414051532347446,-1.6172534633292825,100,100,4,1 bead per cell or 1:1 ratio,1,10,5.5,6.7,1,0.4,25,350,10,10,50,1,0.5,0.5,3.2,0.8,0.3,0.7
1534,1,5,2,3,2,2,1,1,4,0,2,3,3,2,1,3,11318.33333,0.2263666666,3.1579,0.07168265828556952,-1.144585897635168,100,100,4,1 bead per cell or 1:1 ratio,1,10,5.5,6.7,1,0.4,25,350,10,10,50,1,0.5,0.5,3.2,0.8,0.3,0.7
1535,1,5,5,3,0,2,3,1,3,0,0,0,3,4,0,3,18121.66667,0.3624333334,3.1579,0.11477036429272618,-0.9401702398622873,100,100,4,1 bead per cell or 1:1 ratio,1,10,5.5,6.7,1,0.4,25,350,10,10,50,1,0.5,0.5,3.2,0.8,0.3,0.7
1536,1,5,3,3,1,3,0,1,3,0,3,3,4,2,0,3,9430.0,0.1886,3.1579,0.059723233794610336,-1.2238566848530386,100,100,4,1 bead per cell or 1:1 ratio,1,10,5.5,6.7,1,0.4,25,350,10,10,50,1,0.5,0.5,3.2,0.8,0.3,0.7
1537,1,5,0,3,2,3,1,2,3,1,2,3,3,2,0,3,25618.33333,0.5123666666000001,3.1579,0.16224917400804334,-0.7898175054654174,100,100,4,1 bead per cell or 1:1 ratio,1,10,5.5,6.7,1,0.4,25,350,10,10,50,1,0.5,0.5,3.2,0.8,0.3,0.7
1538,1,5,1,3,3,3,0,2,3,3,0,3,1,1,3,0,33920.0,0.6784,3.1579,0.21482630862281896,-0.6679125340056906,100,100,4,1 bead per cell or 1:1 ratio,1,10,5.5,6.7,1,0.4,25,350,10,10,50,1,0.5,0.5,3.2,0.8,0.3,0.7
1539,1,5,2,3,2,2,2,3,5,0,0,2,3,0,4,3,44881.66667,0.8976333334,3.1579,0.2842500818265303,-0.5462994016206834,100,100,4,1 bead per cell or 1:1 ratio,1,10,5.5,6.7,1,0.4,25,350,10,10,50,1,0.5,0.5,3.2,0.8,0.3,0.7
1540,1,5,2,3,5,3,0,1,3,0,3,3,0,2,1,2,19033.33333,0.38066666660000004,3.1579,0.12054424351626081,-0.9188535241402398,100,100,4,1 bead per cell or 1:1 ratio,1,10,5.5,6.7,1,0.4,25,350,10,10,50,1,0.5,0.5,3.2,0.8,0.3,0.7
1541,1,5,1,3,3,3,0,2,3,3,1,3,0,1,3,0,20841.66667,0.41683333339999995,3.1579,0.13199700224832955,-0.8794359318380298,100,100,4,1 bead per cell or 1:1 ratio,1,10,5.5,6.7,1,0.4,25,350,10,10,50,1,0.5,0.5,3.2,0.8,0.3,0.7
1542,1,5,1,3,3,3,0,2,5,3,0,5,0,1,4,0,72835.0,1.4567,3.1579,0.46128756452072583,-0.3360282530284642,100,100,4,1 bead per cell or 1:1 ratio,1,10,5.5,6.7,1,0.4,25,350,10,10,50,1,0.5,0.5,3.2,0.8,0.3,0.7
1543,1,5,2,3,2,3,1,1,3,1,3,3,3,3,0,3,6135.0,0.1227,3.1579,0.038854935241774594,-1.4105538105273439,100,100,4,1 bead per cell or 1:1 ratio,1,10,5.5,6.7,1,0.4,25,350,10,10,50,1,0.5,0.5,3.2,0.8,0.3,0.7
1544,1,5,2,3,2,3,1,1,3,0,3,3,3,2,0,3,13806.66667,0.2761333334,3.1579,0.08744207650653915,-1.058279537647744,100,100,4,1 bead per cell or 1:1 ratio,1,10,5.5,6.7,1,0.4,25,350,10,10,50,1,0.5,0.5,3.2,0.8,0.3,0.7
1545,1,5,2,3,2,3,1,3,3,0,1,2,3,3,0,3,19668.33333,0.3933666666,3.1579,0.12456590348016087,-0.9046008176838072,100,100,4,1 bead per cell or 1:1 ratio,1,10,5.5,6.7,1,0.4,25,350,10,10,50,1,0.5,0.5,3.2,0.8,0.3,0.7
1546,1,5,1,3,4,3,1,1,3,0,3,3,0,3,3,3,14433.33333,0.2886666666,3.1579,0.0914109587384021,-1.0390017360569628,100,100,4,1 bead per cell or 1:1 ratio,1,10,5.5,6.7,1,0.4,25,350,10,10,50,1,0.5,0.5,3.2,0.8,0.3,0.7
1547,1,5,0,3,1,3,3,3,3,0,2,3,3,3,0,3,24095.0,0.4819,3.1579,0.15260141233097943,-0.8164414469531396,100,100,4,1 bead per cell or 1:1 ratio,1,10,5.5,6.7,1,0.4,25,350,10,10,50,1,0.5,0.5,3.2,0.8,0.3,0.7
1548,1,5,2,3,3,3,2,1,3,2,1,3,0,2,1,3,7665.0,0.1533,3.1579,0.04854491909180151,-1.313856218399973,100,100,4,1 bead per cell or 1:1 ratio,1,10,5.5,6.7,1,0.4,25,350,10,10,50,1,0.5,0.5,3.2,0.8,0.3,0.7
1549,1,5,5,3,0,3,3,1,3,0,0,3,0,3,0,2,11090.0,0.2218,3.1579,0.07023654960575065,-1.1534368314412067,100,100,4,1 bead per cell or 1:1 ratio,1,10,5.5,6.7,1,0.4,25,350,10,10,50,1,0.5,0.5,3.2,0.8,0.3,0.7
1550,1,5,1,3,5,3,0,2,5,0,1,5,3,0,4,3,33616.66667,0.6723333334,3.1579,0.21290520073466543,-0.6718137297181817,100,100,4,1 bead per cell or 1:1 ratio,1,10,5.5,6.7,1,0.4,25,350,10,10,50,1,0.5,0.5,3.2,0.8,0.3,0.7
1551,1,5,2,3,0,3,2,1,5,4,2,3,4,4,0,2,44035.0,0.8807,3.1579,0.27888786852021913,-0.5545703769111318,100,100,4,1 bead per cell or 1:1 ratio,1,10,5.5,6.7,1,0.4,25,350,10,10,50,1,0.5,0.5,3.2,0.8,0.3,0.7
1552,1,5,2,3,2,3,1,1,3,0,1,3,3,2,0,3,10210.0,0.2042,3.1579,0.06466322556129073,-1.1893426355034566,100,100,4,1 bead per cell or 1:1 ratio,1,10,5.5,6.7,1,0.4,25,350,10,10,50,1,0.5,0.5,3.2,0.8,0.3,0.7
1553,1,5,2,3,2,3,1,1,3,0,3,3,3,3,0,3,7535.0,0.1507,3.1579,0.047721587130688116,-1.3212851209397163,100,100,4,1 bead per cell or 1:1 ratio,1,10,5.5,6.7,1,0.4,25,350,10,10,50,1,0.5,0.5,3.2,0.8,0.3,0.7
1554,1,5,2,3,0,3,1,2,5,0,2,3,3,3,4,2,36791.66667,0.7358333334,3.1579,0.23301350055416573,-0.6326189156850571,100,100,4,1 bead per cell or 1:1 ratio,1,10,5.5,6.7,1,0.4,25,350,10,10,50,1,0.5,0.5,3.2,0.8,0.3,0.7
1555,1,5,2,3,2,3,1,0,3,0,2,3,3,2,0,3,5128.333333,0.10256666665999999,3.1579,0.03247939031001614,-1.4883921317547806,100,100,4,1 bead per cell or 1:1 ratio,1,10,5.5,6.7,1,0.4,25,350,10,10,50,1,0.5,0.5,3.2,0.8,0.3,0.7
1556,1,5,0,3,2,3,1,1,5,0,0,3,4,0,4,3,31638.33333,0.6327666666,3.1579,0.20037577713037144,-0.698154780282078,100,100,4,1 bead per cell or 1:1 ratio,1,10,5.5,6.7,1,0.4,25,350,10,10,50,1,0.5,0.5,3.2,0.8,0.3,0.7
1557,1,5,0,3,3,3,1,0,0,2,1,3,3,4,0,3,11823.33333,0.2364666666,3.1579,0.07488098628835618,-1.1256284439605264,100,100,4,1 bead per cell or 1:1 ratio,1,10,5.5,6.7,1,0.4,25,350,10,10,50,1,0.5,0.5,3.2,0.8,0.3,0.7
1558,1,5,3,3,3,3,2,1,5,0,0,4,4,3,3,3,19728.33333,0.3945666666,3.1579,0.12494590284682859,-0.903277980435391,100,100,4,1 bead per cell or 1:1 ratio,1,10,5.5,6.7,1,0.4,25,350,10,10,50,1,0.5,0.5,3.2,0.8,0.3,0.7
1559,1,5,2,3,2,3,1,1,2,0,2,3,3,2,0,3,13310.0,0.2662,3.1579,0.08429652617245638,-1.0741903221156917,100,100,4,1 bead per cell or 1:1 ratio,1,10,5.5,6.7,1,0.4,25,350,10,10,50,1,0.5,0.5,3.2,0.8,0.3,0.7
1560,1,5,2,3,2,0,2,3,1,0,2,1,3,2,0,0,15216.66667,0.3043333334,3.1579,0.09637206162323063,-1.0160488503445757,100,100,4,1 bead per cell or 1:1 ratio,1,10,5.5,6.7,1,0.4,25,350,10,10,50,1,0.5,0.5,3.2,0.8,0.3,0.7
1561,1,5,1,3,3,3,1,1,3,3,3,3,0,3,1,2,13333.33333,0.2666666666,3.1579,0.08444430368282718,-1.0734296410906405,100,100,4,1 bead per cell or 1:1 ratio,1,10,5.5,6.7,1,0.4,25,350,10,10,50,1,0.5,0.5,3.2,0.8,0.3,0.7
1562,1,5,1,3,3,2,1,1,3,0,2,3,2,3,0,3,8911.666667,0.17823333334,3.1579,0.056440461490230846,-1.2484094438574254,100,100,4,1 bead per cell or 1:1 ratio,1,10,5.5,6.7,1,0.4,25,350,10,10,50,1,0.5,0.5,3.2,0.8,0.3,0.7
1563,1,5,2,3,3,3,1,2,3,3,3,3,0,3,1,2,15298.33333,0.3059666666,3.1579,0.09688928294119509,-1.0137242582114052,100,100,4,1 bead per cell or 1:1 ratio,1,10,5.5,6.7,1,0.4,25,350,10,10,50,1,0.5,0.5,3.2,0.8,0.3,0.7
1564,1,5,1,3,3,2,0,2,3,3,0,3,0,1,3,0,14010.0,0.2802,3.1579,0.08872985211691313,-1.0519302423045922,100,100,4,1 bead per cell or 1:1 ratio,1,10,5.5,6.7,1,0.4,25,350,10,10,50,1,0.5,0.5,3.2,0.8,0.3,0.7
1565,1,5,1,3,3,3,0,2,3,3,0,3,0,0,3,0,10881.66667,0.21763333340000002,3.1579,0.0689171073814877,-1.1616729592365116,100,100,4,1 bead per cell or 1:1 ratio,1,10,5.5,6.7,1,0.4,25,350,10,10,50,1,0.5,0.5,3.2,0.8,0.3,0.7
1566,1,5,0,3,3,1,1,3,5,0,2,3,0,1,4,3,24491.66667,0.48983333339999996,3.1579,0.15511363038728268,-0.8093500375062713,100,100,4,1 bead per cell or 1:1 ratio,1,10,5.5,6.7,1,0.4,25,350,10,10,50,1,0.5,0.5,3.2,0.8,0.3,0.7
1567,1,5,1,3,3,3,0,2,3,3,0,3,0,1,3,1,10898.33333,0.2179666666,3.1579,0.06902266271889547,-1.1610082907440784,100,100,4,1 bead per cell or 1:1 ratio,1,10,5.5,6.7,1,0.4,25,350,10,10,50,1,0.5,0.5,3.2,0.8,0.3,0.7
1568,1,5,2,3,3,3,1,1,3,3,2,3,0,3,1,2,7965.0,0.1593,3.1579,0.050444915925140124,-1.2971825974532165,100,100,4,1 bead per cell or 1:1 ratio,1,10,5.5,6.7,1,0.4,25,350,10,10,50,1,0.5,0.5,3.2,0.8,0.3,0.7
1569,1,5,2,4,4,3,1,0,3,3,3,3,0,3,0,2,8738.333333,0.17476666666000001,3.1579,0.05534268553785744,-1.2569397702768537,100,100,4,1 bead per cell or 1:1 ratio,1,10,5.5,6.7,1,0.4,25,350,10,10,50,1,0.5,0.5,3.2,0.8,0.3,0.7
1570,1,5,1,3,3,3,0,2,3,3,0,3,0,2,3,0,9313.333333,0.18626666666,3.1579,0.05898434613508977,-1.22926323054741,100,100,4,1 bead per cell or 1:1 ratio,1,10,5.5,6.7,1,0.4,25,350,10,10,50,1,0.5,0.5,3.2,0.8,0.3,0.7
1571,1,5,2,5,4,3,1,1,5,0,2,2,3,1,0,3,2608.333333,0.05216666666,3.1579,0.016519416909971815,-1.7820052861470441,100,100,4,1 bead per cell or 1:1 ratio,1,10,5.5,6.7,1,0.4,25,350,10,10,50,1,0.5,0.5,3.2,0.8,0.3,0.7
1572,1,5,2,3,3,3,1,1,3,3,3,3,0,3,1,3,4725.0,0.0945,3.1579,0.029924950125083123,-1.523966564745085,100,100,4,1 bead per cell or 1:1 ratio,1,10,5.5,6.7,1,0.4,25,350,10,10,50,1,0.5,0.5,3.2,0.8,0.3,0.7
1573,1,5,3,3,1,0,1,1,3,0,1,2,3,1,4,3,3965.0,0.0793,3.1579,0.02511162481395864,-1.6001251859367442,100,100,4,1 bead per cell or 1:1 ratio,1,10,5.5,6.7,1,0.4,25,350,10,10,50,1,0.5,0.5,3.2,0.8,0.3,0.7
1574,1,5,1,3,3,3,1,0,3,0,2,3,3,3,3,3,6080.0,0.1216,3.1579,0.03850660248899585,-1.414464798317632,100,100,4,1 bead per cell or 1:1 ratio,1,10,5.5,6.7,1,0.4,25,350,10,10,50,1,0.5,0.5,3.2,0.8,0.3,0.7
1575,1,5,2,3,2,2,1,1,2,0,2,3,3,3,0,3,6756.666667,0.13513333334,3.1579,0.042792150904081824,-1.368635883595595,100,100,4,1 bead per cell or 1:1 ratio,1,10,5.5,6.7,1,0.4,25,350,10,10,50,1,0.5,0.5,3.2,0.8,0.3,0.7
1576,1,5,0,3,2,0,3,3,4,0,3,3,3,1,0,0,10668.33333,0.21336666659999998,3.1579,0.06756599848000253,-1.170271800913916,100,100,4,1 bead per cell or 1:1 ratio,1,10,5.5,6.7,1,0.4,25,350,10,10,50,1,0.5,0.5,3.2,0.8,0.3,0.7
1577,1,5,2,3,2,3,1,1,3,3,3,3,0,3,1,2,3758.333333,0.07516666666,3.1579,0.023802738104436495,-1.6233730817985494,100,100,4,1 bead per cell or 1:1 ratio,1,10,5.5,6.7,1,0.4,25,350,10,10,50,1,0.5,0.5,3.2,0.8,0.3,0.7
1578,1,5,2,3,2,3,1,1,3,0,2,3,3,2,1,3,3465.0,0.0693,3.1579,0.021944963425060957,-1.6586651386425413,100,100,4,1 bead per cell or 1:1 ratio,1,10,5.5,6.7,1,0.4,25,350,10,10,50,1,0.5,0.5,3.2,0.8,0.3,0.7
1579,1,5,1,3,3,3,0,1,3,3,0,3,0,1,3,0,6451.666667,0.12903333334,3.1579,0.040860487456854236,-1.388696456632617,100,100,4,1 bead per cell or 1:1 ratio,1,10,5.5,6.7,1,0.4,25,350,10,10,50,1,0.5,0.5,3.2,0.8,0.3,0.7
1580,1,5,1,3,2,3,0,2,3,3,0,3,0,1,3,0,6498.333333,0.12996666665999998,3.1579,0.0411560425155958,-1.385566392808302,100,100,4,1 bead per cell or 1:1 ratio,1,10,5.5,6.7,1,0.4,25,350,10,10,50,1,0.5,0.5,3.2,0.8,0.3,0.7
1581,1,5,2,3,3,3,1,1,3,1,1,3,0,0,1,2,10113.33333,0.20226666659999998,3.1579,0.0640510043383261,-1.1934740560024601,100,100,4,1 bead per cell or 1:1 ratio,1,10,5.5,6.7,1,0.4,25,350,10,10,50,1,0.5,0.5,3.2,0.8,0.3,0.7
1582,1,5,2,3,3,3,0,2,3,3,0,3,0,1,3,0,6478.333333,0.12956666666,3.1579,0.041029376060039896,-1.38690508736509,100,100,4,1 bead per cell or 1:1 ratio,1,10,5.5,6.7,1,0.4,25,350,10,10,50,1,0.5,0.5,3.2,0.8,0.3,0.7
1583,1,5,1,3,3,3,0,2,3,2,0,3,0,1,3,0,8363.333333,0.16726666666,3.1579,0.052967689496184175,-1.2759889710127281,100,100,4,1 bead per cell or 1:1 ratio,1,10,5.5,6.7,1,0.4,25,350,10,10,50,1,0.5,0.5,3.2,0.8,0.3,0.7
1584,1,5,2,5,5,3,0,0,5,0,2,3,4,2,0,3,6893.333333,0.13786666666,3.1579,0.043657705012824975,-1.359939097909125,100,100,4,1 bead per cell or 1:1 ratio,1,10,5.5,6.7,1,0.4,25,350,10,10,50,1,0.5,0.5,3.2,0.8,0.3,0.7
1585,1,5,1,3,3,3,0,2,3,3,0,3,0,1,3,0,8453.333333,0.16906666666,3.1579,0.053537688546185756,-1.2713403831174592,100,100,4,1 bead per cell or 1:1 ratio,1,10,5.5,6.7,1,0.4,25,350,10,10,50,1,0.5,0.5,3.2,0.8,0.3,0.7
1586,1,5,2,3,3,2,1,1,3,3,3,3,0,3,1,2,8456.666667,0.16913333334,3.1579,0.053558799626333954,-1.27116916507118,100,100,4,1 bead per cell or 1:1 ratio,1,10,5.5,6.7,1,0.4,25,350,10,10,50,1,0.5,0.5,3.2,0.8,0.3,0.7
1587,1,5,1,3,3,3,0,2,3,3,0,3,0,1,2,0,7600.0,0.152,3.1579,0.04813325311124481,-1.3175547853095755,100,100,4,1 bead per cell or 1:1 ratio,1,10,5.5,6.7,1,0.4,25,350,10,10,50,1,0.5,0.5,3.2,0.8,0.3,0.7
1588,1,5,1,3,3,3,1,2,3,3,0,3,0,1,3,0,1141.666667,0.022833333339999998,3.1579,0.007230543506760821,-2.1408290563547836,100,100,4,1 bead per cell or 1:1 ratio,1,10,5.5,6.7,1,0.4,25,350,10,10,50,1,0.5,0.5,3.2,0.8,0.3,0.7
1589,1,5,1,3,3,3,0,3,3,3,0,3,0,1,3,0,8826.666667,0.17653333334,3.1579,0.05590212905411824,-1.2525716515259662,100,100,4,1 bead per cell or 1:1 ratio,1,10,5.5,6.7,1,0.4,25,350,10,10,50,1,0.5,0.5,3.2,0.8,0.3,0.7
1590,1,5,1,3,3,3,0,2,2,3,0,3,0,1,3,0,8525.0,0.1705,3.1579,0.05399157668070553,-1.2676739899258314,100,100,4,1 bead per cell or 1:1 ratio,1,10,5.5,6.7,1,0.4,25,350,10,10,50,1,0.5,0.5,3.2,0.8,0.3,0.7
1591,1,5,2,3,3,3,1,0,3,3,3,3,0,3,1,2,4265.0,0.0853,3.1579,0.027011621647297254,-1.568449342086825,100,100,4,1 bead per cell or 1:1 ratio,1,10,5.5,6.7,1,0.4,25,350,10,10,50,1,0.5,0.5,3.2,0.8,0.3,0.7
1592,1,5,1,3,3,3,0,2,3,3,0,2,0,1,3,0,34566.66667,0.6913333334,3.1579,0.21892185737357103,-0.6597108758791084,100,100,4,1 bead per cell or 1:1 ratio,1,10,5.5,6.7,1,0.4,25,350,10,10,50,1,0.5,0.5,3.2,0.8,0.3,0.7
1593,1,5,2,3,2,2,1,1,4,0,0,3,3,2,1,3,30320.0,0.6064,3.1579,0.19202634662275564,-0.7166391806303508,100,100,4,1 bead per cell or 1:1 ratio,1,10,5.5,6.7,1,0.4,25,350,10,10,50,1,0.5,0.5,3.2,0.8,0.3,0.7
1594,1,5,5,3,2,2,1,3,3,0,0,0,3,1,0,3,21595.0,0.4319,3.1579,0.136768105386491,-0.8640151692068495,100,100,4,1 bead per cell or 1:1 ratio,1,10,5.5,6.7,1,0.4,25,350,10,10,50,1,0.5,0.5,3.2,0.8,0.3,0.7
1595,1,5,1,3,3,3,0,1,3,0,3,3,4,2,3,0,25106.66667,0.5021333334,3.1579,0.15900862389562684,-0.7985793209077421,100,100,4,1 bead per cell or 1:1 ratio,1,10,5.5,6.7,1,0.4,25,350,10,10,50,1,0.5,0.5,3.2,0.8,0.3,0.7
1596,1,5,0,3,3,2,1,2,3,3,2,3,0,2,0,2,33713.33333,0.6742666666,3.1579,0.21351742189429684,-0.6705666830564435,100,100,4,1 bead per cell or 1:1 ratio,1,10,5.5,6.7,1,0.4,25,350,10,10,50,1,0.5,0.5,3.2,0.8,0.3,0.7
1597,1,5,1,3,3,3,0,2,3,4,2,3,1,2,3,0,30208.33333,0.6041666666000001,3.1579,0.19131912555812408,-0.7182416127789012,100,100,4,1 bead per cell or 1:1 ratio,1,10,5.5,6.7,1,0.4,25,350,10,10,50,1,0.5,0.5,3.2,0.8,0.3,0.7
1598,1,5,1,3,2,3,2,3,5,0,0,2,3,0,3,3,40378.33333,0.8075666666,3.1579,0.25572901820830296,-0.5922199887014781,100,100,4,1 bead per cell or 1:1 ratio,1,10,5.5,6.7,1,0.4,25,350,10,10,50,1,0.5,0.5,3.2,0.8,0.3,0.7
1599,1,5,5,3,5,3,0,2,3,3,3,3,0,2,0,2,468.3333333,0.009366666665999999,3.1579,0.0029661061673897206,-2.5278133080998413,100,100,4,1 bead per cell or 1:1 ratio,1,10,5.5,6.7,1,0.4,25,350,10,10,50,1,0.5,0.5,3.2,0.8,0.3,0.7
1600,1,5,3,3,1,3,3,2,3,0,3,3,4,1,3,0,9978.333333,0.19956666666,3.1579,0.06319600578232369,-1.1993103698428336,100,100,4,1 bead per cell or 1:1 ratio,1,10,5.5,6.7,1,0.4,25,350,10,10,50,1,0.5,0.5,3.2,0.8,0.3,0.7
1601,1,5,0,3,4,3,0,2,3,3,2,3,3,1,2,1,35681.66667,0.7136333334,3.1579,0.22598351227081287,-0.6459232457685921,100,100,4,1 bead per cell or 1:1 ratio,1,10,5.5,6.7,1,0.4,25,350,10,10,50,1,0.5,0.5,3.2,0.8,0.3,0.7
1602,1,5,2,3,3,3,1,1,3,3,0,3,3,0,0,3,18893.33333,0.3778666666,3.1579,0.11965757832736945,-0.9220597908112286,100,100,4,1 bead per cell or 1:1 ratio,1,10,5.5,6.7,1,0.4,25,350,10,10,50,1,0.5,0.5,3.2,0.8,0.3,0.7
1603,1,5,2,3,0,0,1,1,1,3,0,1,4,1,0,0,12121.66667,0.2424333334,3.1579,0.07677042762595396,-1.1148060402831497,100,100,4,1 bead per cell or 1:1 ratio,1,10,5.5,6.7,1,0.4,25,350,10,10,50,1,0.5,0.5,3.2,0.8,0.3,0.7
1604,1,5,2,3,2,3,1,2,3,0,1,2,3,2,1,3,7683.333333,0.15366666665999998,3.1579,0.048661030007283314,-1.3128187026032037,100,100,4,1 bead per cell or 1:1 ratio,1,10,5.5,6.7,1,0.4,25,350,10,10,50,1,0.5,0.5,3.2,0.8,0.3,0.7
1605,1,5,1,3,4,3,0,1,3,0,0,3,0,1,3,0,41968.33333,0.8393666666,3.1579,0.2657990014249976,-0.5754466549825566,100,100,4,1 bead per cell or 1:1 ratio,1,10,5.5,6.7,1,0.4,25,350,10,10,50,1,0.5,0.5,3.2,0.8,0.3,0.7
1606,1,5,0,3,0,3,3,0,0,1,2,3,3,4,0,3,19135.0,0.3827,3.1579,0.1211881313531144,-0.9165399110298487,100,100,4,1 bead per cell or 1:1 ratio,1,10,5.5,6.7,1,0.4,25,350,10,10,50,1,0.5,0.5,3.2,0.8,0.3,0.7
1607,1,5,2,3,3,3,2,1,3,3,1,3,0,2,1,0,27716.66667,0.5543333334,3.1579,0.17553859634567276,-0.7556273787022609,100,100,4,1 bead per cell or 1:1 ratio,1,10,5.5,6.7,1,0.4,25,350,10,10,50,1,0.5,0.5,3.2,0.8,0.3,0.7
1608,1,5,5,3,2,3,2,0,3,0,3,3,4,3,0,3,1965.0,0.0393,3.1579,0.012444979258367902,-1.9050058228789213,100,100,4,1 bead per cell or 1:1 ratio,1,10,5.5,6.7,1,0.4,25,350,10,10,50,1,0.5,0.5,3.2,0.8,0.3,0.7
1609,1,5,1,3,5,3,0,0,1,0,1,3,3,0,4,3,28151.66667,0.5630333334,3.1579,0.1782935917540137,-0.7488642659995447,100,100,4,1 bead per cell or 1:1 ratio,1,10,5.5,6.7,1,0.4,25,350,10,10,50,1,0.5,0.5,3.2,0.8,0.3,0.7
1610,1,5,2,3,0,3,0,0,5,0,2,5,4,4,0,2,36586.66667,0.7317333334,3.1579,0.2317151693847177,-0.6350455339077851,100,100,4,1 bead per cell or 1:1 ratio,1,10,5.5,6.7,1,0.4,25,350,10,10,50,1,0.5,0.5,3.2,0.8,0.3,0.7
1611,1,5,2,3,0,3,0,1,3,0,1,3,3,2,0,0,9751.666667,0.19503333334,3.1579,0.06176045262357896,-1.209289529848447,100,100,4,1 bead per cell or 1:1 ratio,1,10,5.5,6.7,1,0.4,25,350,10,10,50,1,0.5,0.5,3.2,0.8,0.3,0.7
1612,1,5,2,3,3,3,1,1,3,0,0,3,1,3,0,3,40643.33333,0.8128666666000001,3.1579,0.2574073487444188,-0.5893790585443279,100,100,4,1 bead per cell or 1:1 ratio,1,10,5.5,6.7,1,0.4,25,350,10,10,50,1,0.5,0.5,3.2,0.8,0.3,0.7
1613,1,5,1,3,2,3,1,2,1,0,3,3,0,3,4,3,36403.33333,0.7280666666000001,3.1579,0.2305540601665664,-0.6372272252450119,100,100,4,1 bead per cell or 1:1 ratio,1,10,5.5,6.7,1,0.4,25,350,10,10,50,1,0.5,0.5,3.2,0.8,0.3,0.7
1614,1,5,3,3,2,3,1,0,3,0,3,3,3,2,0,3,6161.666667,0.12323333334000001,3.1579,0.03902382385129358,-1.408670177377409,100,100,4,1 bead per cell or 1:1 ratio,1,10,5.5,6.7,1,0.4,25,350,10,10,50,1,0.5,0.5,3.2,0.8,0.3,0.7
1615,1,5,0,3,4,3,1,1,4,0,3,3,3,0,0,0,25765.0,0.5153,3.1579,0.1631780613698977,-0.7873382307932733,100,100,4,1 bead per cell or 1:1 ratio,1,10,5.5,6.7,1,0.4,25,350,10,10,50,1,0.5,0.5,3.2,0.8,0.3,0.7
1616,1,5,1,3,0,3,1,0,0,2,1,3,3,1,0,3,24360.0,0.4872,3.1579,0.15427974286709523,-0.8116910936295291,100,100,4,1 bead per cell or 1:1 ratio,1,10,5.5,6.7,1,0.4,25,350,10,10,50,1,0.5,0.5,3.2,0.8,0.3,0.7
1617,1,5,3,3,1,3,0,2,5,0,0,4,4,0,3,0,24913.33333,0.4982666666,3.1579,0.15778418144969758,-0.8019365388545179,100,100,4,1 bead per cell or 1:1 ratio,1,10,5.5,6.7,1,0.4,25,350,10,10,50,1,0.5,0.5,3.2,0.8,0.3,0.7
1618,1,5,2,3,2,3,1,1,2,0,2,2,4,2,1,3,12386.66667,0.2477333334,3.1579,0.07844875816206973,-1.1054139268715537,100,100,4,1 bead per cell or 1:1 ratio,1,10,5.5,6.7,1,0.4,25,350,10,10,50,1,0.5,0.5,3.2,0.8,0.3,0.7
1619,1,5,1,3,2,3,2,3,2,3,0,3,0,1,3,0,20083.33333,0.4016666666,3.1579,0.12719423243294595,-0.8955325811352053,100,100,4,1 bead per cell or 1:1 ratio,1,10,5.5,6.7,1,0.4,25,350,10,10,50,1,0.5,0.5,3.2,0.8,0.3,0.7
1620,1,5,1,3,3,3,3,1,1,1,2,3,0,2,0,2,25915.0,0.5183,3.1579,0.164128059786567,-0.7848171644148169,100,100,4,1 bead per cell or 1:1 ratio,1,10,5.5,6.7,1,0.4,25,350,10,10,50,1,0.5,0.5,3.2,0.8,0.3,0.7
1621,1,5,1,3,4,2,1,2,4,3,2,3,0,3,0,3,10425.0,0.2085,3.1579,0.06602488995851673,-1.1802923139445718,100,100,4,1 bead per cell or 1:1 ratio,1,10,5.5,6.7,1,0.4,25,350,10,10,50,1,0.5,0.5,3.2,0.8,0.3,0.7
1622,1,5,2,3,3,3,1,2,3,1,3,3,3,3,0,3,7593.333333,0.15186666665999998,3.1579,0.04809103095728173,-1.3179359125860124,100,100,4,1 bead per cell or 1:1 ratio,1,10,5.5,6.7,1,0.4,25,350,10,10,50,1,0.5,0.5,3.2,0.8,0.3,0.7
1623,1,5,4,3,3,2,0,2,3,3,3,1,3,1,0,0,4941.666667,0.09883333334000001,3.1579,0.03129717006238323,-1.5044949302444344,100,100,4,1 bead per cell or 1:1 ratio,1,10,5.5,6.7,1,0.4,25,350,10,10,50,1,0.5,0.5,3.2,0.8,0.3,0.7
1624,1,5,2,3,3,3,0,0,5,5,0,3,1,4,1,1,30600.0,0.612,3.1579,0.19379967700053832,-0.7126469511087868,100,100,4,1 bead per cell or 1:1 ratio,1,10,5.5,6.7,1,0.4,25,350,10,10,50,1,0.5,0.5,3.2,0.8,0.3,0.7
1625,1,5,0,3,3,3,1,3,3,0,3,3,0,1,3,3,17071.66667,0.3414333334,3.1579,0.10812037537604104,-0.9660924551721629,100,100,4,1 bead per cell or 1:1 ratio,1,10,5.5,6.7,1,0.4,25,350,10,10,50,1,0.5,0.5,3.2,0.8,0.3,0.7
1626,1,5,1,3,2,3,0,2,3,3,0,3,0,2,3,0,18623.33333,0.37246666660000005,3.1579,0.11794758117736472,-0.9283109610275978,100,100,4,1 bead per cell or 1:1 ratio,1,10,5.5,6.7,1,0.4,25,350,10,10,50,1,0.5,0.5,3.2,0.8,0.3,0.7
1627,1,5,1,3,3,3,0,2,3,3,2,3,0,0,1,2,11635.0,0.2327,3.1579,0.07368821051964913,-1.132601989967618,100,100,4,1 bead per cell or 1:1 ratio,1,10,5.5,6.7,1,0.4,25,350,10,10,50,1,0.5,0.5,3.2,0.8,0.3,0.7
1628,1,5,2,3,4,0,2,0,0,0,3,3,0,3,0,2,5715.0,0.1143,3.1579,0.03619493967510054,-1.4413521428590663,100,100,4,1 bead per cell or 1:1 ratio,1,10,5.5,6.7,1,0.4,25,350,10,10,50,1,0.5,0.5,3.2,0.8,0.3,0.7
1629,1,5,3,3,3,3,0,2,2,3,0,3,0,2,4,0,4996.666667,0.09993333334000001,3.1579,0.03164550281516198,-1.4996879994327774,100,100,4,1 bead per cell or 1:1 ratio,1,10,5.5,6.7,1,0.4,25,350,10,10,50,1,0.5,0.5,3.2,0.8,0.3,0.7
1630,1,5,2,5,3,3,0,1,5,0,3,2,0,4,0,0,31018.33333,0.6203666666000001,3.1579,0.19644911700813833,-0.7067499188977587,100,100,4,1 bead per cell or 1:1 ratio,1,10,5.5,6.7,1,0.4,25,350,10,10,50,1,0.5,0.5,3.2,0.8,0.3,0.7
1631,1,5,2,3,3,3,0,1,3,3,0,3,0,3,1,3,8425.0,0.1685,3.1579,0.053358244402926,-1.2727984680469906,100,100,4,1 bead per cell or 1:1 ratio,1,10,5.5,6.7,1,0.4,25,350,10,10,50,1,0.5,0.5,3.2,0.8,0.3,0.7
1632,1,5,2,3,3,0,0,2,3,5,1,3,0,1,2,0,5980.0,0.1196,3.1579,0.03787327021121631,-1.421667193601956,100,100,4,1 bead per cell or 1:1 ratio,1,10,5.5,6.7,1,0.4,25,350,10,10,50,1,0.5,0.5,3.2,0.8,0.3,0.7
1633,1,5,2,3,2,3,0,2,3,5,2,3,0,3,3,0,4553.333333,0.09106666665999999,3.1579,0.028837729712783807,-1.5400389329963087,100,100,4,1 bead per cell or 1:1 ratio,1,10,5.5,6.7,1,0.4,25,350,10,10,50,1,0.5,0.5,3.2,0.8,0.3,0.7
1634,1,5,2,3,2,3,0,1,5,0,3,3,1,3,1,1,10420.0,0.2084,3.1579,0.06599322334462776,-1.1805006586268612,100,100,4,1 bead per cell or 1:1 ratio,1,10,5.5,6.7,1,0.4,25,350,10,10,50,1,0.5,0.5,3.2,0.8,0.3,0.7
1635,1,5,0,3,4,0,3,2,3,2,0,2,3,1,0,0,1678.333333,0.03356666666,3.1579,0.010629426726622123,-1.9734901575066475,100,100,4,1 bead per cell or 1:1 ratio,1,10,5.5,6.7,1,0.4,25,350,10,10,50,1,0.5,0.5,3.2,0.8,0.3,0.7
1636,1,5,2,3,1,3,3,3,4,0,3,3,3,3,1,2,8656.666667,0.17313333334,3.1579,0.054825464181893026,-1.2610176826640036,100,100,4,1 bead per cell or 1:1 ratio,1,10,5.5,6.7,1,0.4,25,350,10,10,50,1,0.5,0.5,3.2,0.8,0.3,0.7
1637,1,5,1,3,3,3,1,1,4,3,2,3,0,1,3,0,6393.333333,0.12786666666,3.1579,0.04049104362392729,-1.3926410294980276,100,100,4,1 bead per cell or 1:1 ratio,1,10,5.5,6.7,1,0.4,25,350,10,10,50,1,0.5,0.5,3.2,0.8,0.3,0.7
1638,1,5,1,3,3,3,0,3,3,0,0,3,3,1,1,0,8478.333333,0.16956666666,3.1579,0.05369602161563064,-1.2700578903597304,100,100,4,1 bead per cell or 1:1 ratio,1,10,5.5,6.7,1,0.4,25,350,10,10,50,1,0.5,0.5,3.2,0.8,0.3,0.7
1639,1,5,1,3,5,3,0,1,2,3,0,3,3,1,1,3,14180.0,0.2836,3.1579,0.08980651698913836,-1.046692146743319,100,100,4,1 bead per cell or 1:1 ratio,1,10,5.5,6.7,1,0.4,25,350,10,10,50,1,0.5,0.5,3.2,0.8,0.3,0.7
1640,1,5,0,3,3,3,0,0,3,1,1,3,4,0,3,3,7691.666667,0.15383333334000002,3.1579,0.0487138077013205,-1.3123479225932586,100,100,4,1 bead per cell or 1:1 ratio,1,10,5.5,6.7,1,0.4,25,350,10,10,50,1,0.5,0.5,3.2,0.8,0.3,0.7
1641,1,5,4,3,5,2,0,2,3,3,3,3,0,1,0,0,1663.333333,0.03326666666,3.1579,0.01053442688495519,-1.9773890867736723,100,100,4,1 bead per cell or 1:1 ratio,1,10,5.5,6.7,1,0.4,25,350,10,10,50,1,0.5,0.5,3.2,0.8,0.3,0.7
1642,1,5,1,3,3,3,0,1,5,4,3,3,0,1,3,1,21428.33333,0.42856666660000003,3.1579,0.1357125515690807,-0.8673799841375519,100,100,4,1 bead per cell or 1:1 ratio,1,10,5.5,6.7,1,0.4,25,350,10,10,50,1,0.5,0.5,3.2,0.8,0.3,0.7
1643,1,5,2,5,5,3,0,0,0,3,2,3,4,2,0,2,11440.0,0.2288,3.1579,0.07245321257797903,-1.1399423531333615,100,100,4,1 bead per cell or 1:1 ratio,1,10,5.5,6.7,1,0.4,25,350,10,10,50,1,0.5,0.5,3.2,0.8,0.3,0.7
1644,1,5,1,3,3,3,0,2,3,3,1,5,0,1,1,0,6501.666667,0.13003333334,3.1579,0.041177153595744004,-1.3853436776399533,100,100,4,1 bead per cell or 1:1 ratio,1,10,5.5,6.7,1,0.4,25,350,10,10,50,1,0.5,0.5,3.2,0.8,0.3,0.7
1645,1,5,2,3,3,3,1,2,3,5,3,3,0,3,1,0,3423.333333,0.06846666666,3.1579,0.02168107497387504,-1.6639191887550389,100,100,4,1 bead per cell or 1:1 ratio,1,10,5.5,6.7,1,0.4,25,350,10,10,50,1,0.5,0.5,3.2,0.8,0.3,0.7
1646,1,5,1,3,3,3,3,3,3,0,1,3,3,1,0,0,10093.33333,0.2018666666,3.1579,0.06392433788277019,-1.1943337616254204,100,100,4,1 bead per cell or 1:1 ratio,1,10,5.5,6.7,1,0.4,25,350,10,10,50,1,0.5,0.5,3.2,0.8,0.3,0.7
1647,1,5,0,3,3,3,1,3,3,3,0,3,0,1,4,0,3528.333333,0.07056666666,3.1579,0.022346073865543555,-1.6507987699956277,100,100,4,1 bead per cell or 1:1 ratio,1,10,5.5,6.7,1,0.4,25,350,10,10,50,1,0.5,0.5,3.2,0.8,0.3,0.7
1648,1,5,1,3,3,2,0,3,3,3,3,3,0,1,3,0,556.6666667,0.011133333333999998,3.1579,0.003525549679850533,-2.4527731611364403,100,100,4,1 bead per cell or 1:1 ratio,1,10,5.5,6.7,1,0.4,25,350,10,10,50,1,0.5,0.5,3.2,0.8,0.3,0.7
1649,1,5,1,3,4,3,1,0,2,3,1,3,0,1,3,0,0.0,0.0,3.1579,0.0,,100,100,4,1 bead per cell or 1:1 ratio,1,10,5.5,6.7,1,0.4,25,350,10,10,50,1,0.5,0.5,3.2,0.8,0.3,0.7
1650,1,5,2,3,3,3,0,0,3,0,3,3,0,3,1,2,2935.0,0.0587,3.1579,0.018588302352829413,-1.7307602720067334,100,100,4,1 bead per cell or 1:1 ratio,1,10,5.5,6.7,1,0.4,25,350,10,10,50,1,0.5,0.5,3.2,0.8,0.3,0.7
1651,1,5,0,3,3,3,0,1,3,5,0,4,0,2,3,0,741.6666667,0.014833333333999998,3.1579,0.004697214393742676,-2.32815961697356,100,100,4,1 bead per cell or 1:1 ratio,1,10,5.5,6.7,1,0.4,25,350,10,10,50,1,0.5,0.5,3.2,0.8,0.3,0.7
1652,1,5,2,3,2,2,1,1,4,0,2,3,3,2,1,3,10228.33333,0.2045666666,3.1579,0.06477933645777256,-1.1885635048316119,100,100,4,1 bead per cell or 1:1 ratio,1,10,5.5,6.7,1,0.4,25,350,10,10,50,1,0.5,0.5,3.2,0.8,0.3,0.7
1653,1,5,5,3,0,2,3,1,3,0,0,0,3,4,0,3,18958.33333,0.37916666660000004,3.1579,0.12006924430792616,-0.9205682227212199,100,100,4,1 bead per cell or 1:1 ratio,1,10,5.5,6.7,1,0.4,25,350,10,10,50,1,0.5,0.5,3.2,0.8,0.3,0.7
1654,1,5,3,3,1,3,0,1,3,0,3,3,4,2,0,3,10455.0,0.2091,3.1579,0.0662148896418506,-1.1790443404366762,100,100,4,1 bead per cell or 1:1 ratio,1,10,5.5,6.7,1,0.4,25,350,10,10,50,1,0.5,0.5,3.2,0.8,0.3,0.7
1655,1,5,0,3,2,3,1,2,3,1,2,3,3,2,0,3,35261.66667,0.7052333333999999,3.1579,0.2233235167041388,-0.6510655418767007,100,100,4,1 bead per cell or 1:1 ratio,1,10,5.5,6.7,1,0.4,25,350,10,10,50,1,0.5,0.5,3.2,0.8,0.3,0.7
1656,1,5,1,3,3,3,0,2,3,3,0,3,1,1,3,0,45605.0,0.9121,3.1579,0.28883118528135787,-0.5393559175275064,100,100,4,1 bead per cell or 1:1 ratio,1,10,5.5,6.7,1,0.4,25,350,10,10,50,1,0.5,0.5,3.2,0.8,0.3,0.7
1657,1,5,2,3,2,2,2,3,5,0,0,2,3,0,4,3,53528.33333,1.0705666666,3.1579,0.3390122127363121,-0.46978465628525823,100,100,4,1 bead per cell or 1:1 ratio,1,10,5.5,6.7,1,0.4,25,350,10,10,50,1,0.5,0.5,3.2,0.8,0.3,0.7
1658,1,5,2,3,5,3,0,1,3,0,3,3,0,2,1,2,26725.0,0.5345,3.1579,0.16925805123658125,-0.7714506637095513,100,100,4,1 bead per cell or 1:1 ratio,1,10,5.5,6.7,1,0.4,25,350,10,10,50,1,0.5,0.5,3.2,0.8,0.3,0.7
1659,1,5,1,3,3,3,0,2,3,3,1,3,0,1,3,0,14688.33333,0.2937666666,3.1579,0.09302595604673992,-1.0313958579504487,100,100,4,1 bead per cell or 1:1 ratio,1,10,5.5,6.7,1,0.4,25,350,10,10,50,1,0.5,0.5,3.2,0.8,0.3,0.7
1660,1,5,1,3,3,3,0,2,5,3,0,5,0,1,4,0,92470.0,1.8494,3.1579,0.5856423572627378,-0.2323675199615828,100,100,4,1 bead per cell or 1:1 ratio,1,10,5.5,6.7,1,0.4,25,350,10,10,50,1,0.5,0.5,3.2,0.8,0.3,0.7
1661,1,5,2,3,2,3,1,1,3,1,3,3,3,3,0,3,6693.333333,0.13386666666,3.1579,0.042391040457265904,-1.3727259238586758,100,100,4,1 bead per cell or 1:1 ratio,1,10,5.5,6.7,1,0.4,25,350,10,10,50,1,0.5,0.5,3.2,0.8,0.3,0.7
1662,1,5,2,3,2,3,1,1,3,0,3,3,3,2,0,3,18718.33333,0.3743666666,3.1579,0.11854924684125526,-0.9261012008062137,100,100,4,1 bead per cell or 1:1 ratio,1,10,5.5,6.7,1,0.4,25,350,10,10,50,1,0.5,0.5,3.2,0.8,0.3,0.7
1663,1,5,2,3,2,3,1,3,3,0,1,2,3,3,0,3,20751.66667,0.4150333334,3.1579,0.13142700319832798,-0.8813153947824311,100,100,4,1 bead per cell or 1:1 ratio,1,10,5.5,6.7,1,0.4,25,350,10,10,50,1,0.5,0.5,3.2,0.8,0.3,0.7
1664,1,5,1,3,4,3,1,1,3,0,3,3,0,3,3,3,26663.33333,0.5332666666,3.1579,0.16886749631083947,-0.7724539355758255,100,100,4,1 bead per cell or 1:1 ratio,1,10,5.5,6.7,1,0.4,25,350,10,10,50,1,0.5,0.5,3.2,0.8,0.3,0.7
1665,1,5,0,3,1,3,3,3,3,0,2,3,3,3,0,3,26846.66667,0.5369333333999999,3.1579,0.17002860552899077,-0.7694780069846937,100,100,4,1 bead per cell or 1:1 ratio,1,10,5.5,6.7,1,0.4,25,350,10,10,50,1,0.5,0.5,3.2,0.8,0.3,0.7
1666,1,5,2,3,3,3,2,1,3,2,1,3,0,2,1,3,11120.0,0.2224,3.1579,0.07042654928908451,-1.1522635903443281,100,100,4,1 bead per cell or 1:1 ratio,1,10,5.5,6.7,1,0.4,25,350,10,10,50,1,0.5,0.5,3.2,0.8,0.3,0.7
1667,1,5,5,3,0,3,3,1,3,0,0,3,0,3,0,2,13940.0,0.2788,3.1579,0.08828651952246745,-1.0541056038283763,100,100,4,1 bead per cell or 1:1 ratio,1,10,5.5,6.7,1,0.4,25,350,10,10,50,1,0.5,0.5,3.2,0.8,0.3,0.7
1668,1,5,1,3,5,3,0,2,5,0,1,5,3,0,4,3,68798.33333,1.3759666665999999,3.1579,0.43572205155324734,-0.360790460202989,100,100,4,1 bead per cell or 1:1 ratio,1,10,5.5,6.7,1,0.4,25,350,10,10,50,1,0.5,0.5,3.2,0.8,0.3,0.7
1669,1,5,2,3,0,3,2,1,5,4,2,3,4,4,0,2,58618.33333,1.1723666666,3.1579,0.37124882567529055,-0.4303349114216616,100,100,4,1 bead per cell or 1:1 ratio,1,10,5.5,6.7,1,0.4,25,350,10,10,50,1,0.5,0.5,3.2,0.8,0.3,0.7
1670,1,5,2,3,2,3,1,1,3,0,1,3,3,2,0,3,18961.66667,0.3792333334,3.1579,0.12009035542607428,-0.9204918698113024,100,100,4,1 bead per cell or 1:1 ratio,1,10,5.5,6.7,1,0.4,25,350,10,10,50,1,0.5,0.5,3.2,0.8,0.3,0.7
1671,1,5,2,3,2,3,1,1,3,0,3,3,3,3,0,3,9891.666667,0.19783333334,3.1579,0.06264711781247032,-1.2030989046687655,100,100,4,1 bead per cell or 1:1 ratio,1,10,5.5,6.7,1,0.4,25,350,10,10,50,1,0.5,0.5,3.2,0.8,0.3,0.7
1672,1,5,2,3,0,3,1,2,5,0,2,3,3,3,4,2,76163.33333,1.5232666665999999,3.1579,0.48236697381171023,-0.3166224346621321,100,100,4,1 bead per cell or 1:1 ratio,1,10,5.5,6.7,1,0.4,25,350,10,10,50,1,0.5,0.5,3.2,0.8,0.3,0.7
1673,1,5,2,3,2,3,1,0,3,0,2,3,3,2,0,3,9001.666667,0.18003333334,3.1579,0.05701046054023243,-1.2440454506767349,100,100,4,1 bead per cell or 1:1 ratio,1,10,5.5,6.7,1,0.4,25,350,10,10,50,1,0.5,0.5,3.2,0.8,0.3,0.7
1674,1,5,0,3,2,3,1,1,5,0,0,3,4,0,4,3,45538.33333,0.9107666666,3.1579,0.2884089637417271,-0.5399912458837008,100,100,4,1 bead per cell or 1:1 ratio,1,10,5.5,6.7,1,0.4,25,350,10,10,50,1,0.5,0.5,3.2,0.8,0.3,0.7
1675,1,5,0,3,3,3,1,0,0,2,1,3,3,4,0,3,17795.0,0.3559,3.1579,0.1127014788308686,-0.9480703852505021,100,100,4,1 bead per cell or 1:1 ratio,1,10,5.5,6.7,1,0.4,25,350,10,10,50,1,0.5,0.5,3.2,0.8,0.3,0.7
1676,1,5,3,3,3,3,2,1,5,0,0,4,4,3,3,3,50745.0,1.0149,3.1579,0.321384464359226,-0.492975120746705,100,100,4,1 bead per cell or 1:1 ratio,1,10,5.5,6.7,1,0.4,25,350,10,10,50,1,0.5,0.5,3.2,0.8,0.3,0.7
1677,1,5,2,3,2,3,1,1,2,0,2,3,3,2,0,3,18670.0,0.3734,3.1579,0.11824313626143956,-0.9272240596412885,100,100,4,1 bead per cell or 1:1 ratio,1,10,5.5,6.7,1,0.4,25,350,10,10,50,1,0.5,0.5,3.2,0.8,0.3,0.7
1678,1,5,2,3,2,0,2,3,1,0,2,1,3,2,0,0,27680.0,0.5536,3.1579,0.17530637448937583,-0.7562022918056467,100,100,4,1 bead per cell or 1:1 ratio,1,10,5.5,6.7,1,0.4,25,350,10,10,50,1,0.5,0.5,3.2,0.8,0.3,0.7
1679,1,5,1,3,3,3,1,1,3,3,3,3,0,3,1,2,16206.66667,0.3241333334,3.1579,0.10264205117324804,-0.9886746777133881,100,100,4,1 bead per cell or 1:1 ratio,1,10,5.5,6.7,1,0.4,25,350,10,10,50,1,0.5,0.5,3.2,0.8,0.3,0.7
1680,1,5,1,3,3,2,1,1,3,0,2,3,2,3,0,3,14161.66667,0.2832333334,3.1579,0.08969040609265651,-1.047254009618722,100,100,4,1 bead per cell or 1:1 ratio,1,10,5.5,6.7,1,0.4,25,350,10,10,50,1,0.5,0.5,3.2,0.8,0.3,0.7
1681,1,5,2,3,3,3,1,2,3,3,3,3,0,3,1,2,13576.66667,0.2715333334,3.1579,0.08598541226764622,-1.065575222117404,100,100,4,1 bead per cell or 1:1 ratio,1,10,5.5,6.7,1,0.4,25,350,10,10,50,1,0.5,0.5,3.2,0.8,0.3,0.7
1682,1,5,1,3,3,2,0,2,3,3,0,3,0,1,3,0,24853.33333,0.49706666660000004,3.1579,0.15740418208302986,-0.8029837330223519,100,100,4,1 bead per cell or 1:1 ratio,1,10,5.5,6.7,1,0.4,25,350,10,10,50,1,0.5,0.5,3.2,0.8,0.3,0.7
1683,1,5,1,3,3,3,0,2,3,3,0,3,0,0,3,0,20301.66667,0.4060333334,3.1579,0.12857700794832008,-0.8908366847080885,100,100,4,1 bead per cell or 1:1 ratio,1,10,5.5,6.7,1,0.4,25,350,10,10,50,1,0.5,0.5,3.2,0.8,0.3,0.7
1684,1,5,0,3,3,1,1,3,5,0,2,3,0,1,4,3,53431.66667,1.0686333334,3.1579,0.3383999915766807,-0.4705696564433011,100,100,4,1 bead per cell or 1:1 ratio,1,10,5.5,6.7,1,0.4,25,350,10,10,50,1,0.5,0.5,3.2,0.8,0.3,0.7
1685,1,5,1,3,3,3,0,2,3,3,0,3,0,1,3,1,15941.66667,0.31883333340000003,3.1579,0.10096372063713227,-0.9958346535198866,100,100,4,1 bead per cell or 1:1 ratio,1,10,5.5,6.7,1,0.4,25,350,10,10,50,1,0.5,0.5,3.2,0.8,0.3,0.7
1686,1,5,2,3,3,3,1,1,3,3,2,3,0,3,1,2,11358.33333,0.22716666659999998,3.1579,0.07193599119668133,-1.1430537679307706,100,100,4,1 bead per cell or 1:1 ratio,1,10,5.5,6.7,1,0.4,25,350,10,10,50,1,0.5,0.5,3.2,0.8,0.3,0.7
1687,1,5,2,4,4,3,1,0,3,3,3,3,0,3,0,2,11506.66667,0.2301333334,3.1579,0.0728754341176098,-1.1374188451410479,100,100,4,1 bead per cell or 1:1 ratio,1,10,5.5,6.7,1,0.4,25,350,10,10,50,1,0.5,0.5,3.2,0.8,0.3,0.7
1688,1,5,1,3,3,3,0,2,3,3,0,3,0,2,3,0,16966.66667,0.3393333334,3.1579,0.10745537648437252,-0.9687718498879474,100,100,4,1 bead per cell or 1:1 ratio,1,10,5.5,6.7,1,0.4,25,350,10,10,50,1,0.5,0.5,3.2,0.8,0.3,0.7
1689,1,5,2,5,4,3,1,1,5,0,2,2,3,1,0,3,2760.0,0.0552,3.1579,0.01747997086671522,-1.7574592955251491,100,100,4,1 bead per cell or 1:1 ratio,1,10,5.5,6.7,1,0.4,25,350,10,10,50,1,0.5,0.5,3.2,0.8,0.3,0.7
1690,1,5,2,3,3,3,1,1,3,3,3,3,0,3,1,3,11513.33333,0.2302666666,3.1579,0.07291765622723961,-1.137167299204326,100,100,4,1 bead per cell or 1:1 ratio,1,10,5.5,6.7,1,0.4,25,350,10,10,50,1,0.5,0.5,3.2,0.8,0.3,0.7
1691,1,5,3,3,1,0,1,1,3,0,1,2,3,1,4,3,9386.666667,0.18773333334,3.1579,0.05944878980968365,-1.2258569818245322,100,100,4,1 bead per cell or 1:1 ratio,1,10,5.5,6.7,1,0.4,25,350,10,10,50,1,0.5,0.5,3.2,0.8,0.3,0.7
1692,1,5,1,3,3,3,1,0,3,0,2,3,3,3,3,3,10105.0,0.2021,3.1579,0.06399822666962221,-1.193832059739044,100,100,4,1 bead per cell or 1:1 ratio,1,10,5.5,6.7,1,0.4,25,350,10,10,50,1,0.5,0.5,3.2,0.8,0.3,0.7
1693,1,5,2,3,2,2,1,1,2,0,2,3,3,3,0,3,8996.666667,0.17993333334,3.1579,0.05697879392634345,-1.2442867477374218,100,100,4,1 bead per cell or 1:1 ratio,1,10,5.5,6.7,1,0.4,25,350,10,10,50,1,0.5,0.5,3.2,0.8,0.3,0.7
1694,1,5,0,3,2,0,3,3,4,0,3,3,3,1,0,0,16740.0,0.3348,3.1579,0.1060198233002945,-0.9746129239331256,100,100,4,1 bead per cell or 1:1 ratio,1,10,5.5,6.7,1,0.4,25,350,10,10,50,1,0.5,0.5,3.2,0.8,0.3,0.7
1695,1,5,2,3,2,3,1,1,3,3,3,3,0,3,1,2,5746.666667,0.11493333334000001,3.1579,0.036395494898508504,-1.438952370796144,100,100,4,1 bead per cell or 1:1 ratio,1,10,5.5,6.7,1,0.4,25,350,10,10,50,1,0.5,0.5,3.2,0.8,0.3,0.7
1696,1,5,2,3,2,3,1,1,3,0,2,3,3,2,1,3,4245.0,0.0849,3.1579,0.026884955191741347,-1.5704906830103953,100,100,4,1 bead per cell or 1:1 ratio,1,10,5.5,6.7,1,0.4,25,350,10,10,50,1,0.5,0.5,3.2,0.8,0.3,0.7
1697,1,5,1,3,3,3,0,1,3,3,0,3,0,1,3,0,9866.666667,0.19733333334,3.1579,0.062488784743025425,-1.2041979212364187,100,100,4,1 bead per cell or 1:1 ratio,1,10,5.5,6.7,1,0.4,25,350,10,10,50,1,0.5,0.5,3.2,0.8,0.3,0.7
1698,1,5,1,3,2,3,0,2,3,3,0,3,0,1,3,0,11625.0,0.2325,3.1579,0.07362487729187119,-1.1329754160283751,100,100,4,1 bead per cell or 1:1 ratio,1,10,5.5,6.7,1,0.4,25,350,10,10,50,1,0.5,0.5,3.2,0.8,0.3,0.7
1699,1,5,2,3,3,3,1,1,3,1,1,3,0,0,1,2,13433.33333,0.2686666666,3.1579,0.08507763596060673,-1.0701845862766852,100,100,4,1 bead per cell or 1:1 ratio,1,10,5.5,6.7,1,0.4,25,350,10,10,50,1,0.5,0.5,3.2,0.8,0.3,0.7
1700,1,5,2,3,3,3,0,2,3,3,0,3,0,1,3,0,9890.0,0.1978,3.1579,0.06263656227239621,-1.2031720859931874,100,100,4,1 bead per cell or 1:1 ratio,1,10,5.5,6.7,1,0.4,25,350,10,10,50,1,0.5,0.5,3.2,0.8,0.3,0.7
1701,1,5,1,3,3,3,0,2,3,2,0,3,0,1,3,0,10946.66667,0.2189333334,3.1579,0.06932877336204439,-1.1590864837303805,100,100,4,1 bead per cell or 1:1 ratio,1,10,5.5,6.7,1,0.4,25,350,10,10,50,1,0.5,0.5,3.2,0.8,0.3,0.7
1702,1,5,2,5,5,3,0,0,5,0,2,3,4,2,0,3,6866.666667,0.13733333334,3.1579,0.043488816409639315,-1.3616224119197935,100,100,4,1 bead per cell or 1:1 ratio,1,10,5.5,6.7,1,0.4,25,350,10,10,50,1,0.5,0.5,3.2,0.8,0.3,0.7
1703,1,5,1,3,3,3,0,2,3,3,0,3,0,1,3,0,9951.666667,0.19903333333999998,3.1579,0.06302711717913803,-1.2004725567776837,100,100,4,1 bead per cell or 1:1 ratio,1,10,5.5,6.7,1,0.4,25,350,10,10,50,1,0.5,0.5,3.2,0.8,0.3,0.7
1704,1,5,2,3,3,2,1,1,3,3,3,3,0,3,1,2,10790.0,0.2158,3.1579,0.06833655277241205,-1.1653469329074562,100,100,4,1 bead per cell or 1:1 ratio,1,10,5.5,6.7,1,0.4,25,350,10,10,50,1,0.5,0.5,3.2,0.8,0.3,0.7
1705,1,5,1,3,3,3,0,2,3,3,0,3,0,1,2,0,10611.66667,0.2122333334,3.1579,0.06720711023148294,-1.1725847779737482,100,100,4,1 bead per cell or 1:1 ratio,1,10,5.5,6.7,1,0.4,25,350,10,10,50,1,0.5,0.5,3.2,0.8,0.3,0.7
1706,1,5,1,3,3,3,1,2,3,3,0,3,0,1,3,0,1491.666667,0.02983333334,3.1579,0.009447206478989202,-2.024696592561049,100,100,4,1 bead per cell or 1:1 ratio,1,10,5.5,6.7,1,0.4,25,350,10,10,50,1,0.5,0.5,3.2,0.8,0.3,0.7
1707,1,5,1,3,3,3,0,3,3,3,0,3,0,1,3,0,10315.0,0.2063,3.1579,0.06532822445295924,-1.1848991452811963,100,100,4,1 bead per cell or 1:1 ratio,1,10,5.5,6.7,1,0.4,25,350,10,10,50,1,0.5,0.5,3.2,0.8,0.3,0.7
1708,1,5,1,3,3,3,0,2,2,3,0,3,0,1,3,0,8533.333333,0.17066666666000002,3.1579,0.05404435436840939,-1.2672496670151443,100,100,4,1 bead per cell or 1:1 ratio,1,10,5.5,6.7,1,0.4,25,350,10,10,50,1,0.5,0.5,3.2,0.8,0.3,0.7
1709,1,5,2,3,3,3,1,0,3,3,3,3,0,3,1,2,5526.666667,0.11053333334000001,3.1579,0.03500216388739352,-1.4559051060695807,100,100,4,1 bead per cell or 1:1 ratio,1,10,5.5,6.7,1,0.4,25,350,10,10,50,1,0.5,0.5,3.2,0.8,0.3,0.7
1710,1,5,1,3,3,3,0,2,3,3,0,2,0,1,3,0,45453.33333,0.9090666666,3.1579,0.28787063130561447,-0.5408026397850249,100,100,4,1 bead per cell or 1:1 ratio,1,10,5.5,6.7,1,0.4,25,350,10,10,50,1,0.5,0.5,3.2,0.8,0.3,0.7
1711,1,5,2,3,2,2,1,1,4,0,0,3,3,2,1,3,25031.66667,0.5006333333999999,3.1579,0.15853362468729215,-0.7998786106235111,100,100,4,1 bead per cell or 1:1 ratio,1,10,5.5,6.7,1,0.4,25,350,10,10,50,1,0.5,0.5,3.2,0.8,0.3,0.7
1712,1,5,5,3,2,2,1,3,3,0,0,0,3,1,0,3,32410.0,0.6482,3.1579,0.20526299122834793,-0.6876893465581568,100,100,4,1 bead per cell or 1:1 ratio,1,10,5.5,6.7,1,0.4,25,350,10,10,50,1,0.5,0.5,3.2,0.8,0.3,0.7
1713,1,5,1,3,3,3,0,1,3,0,3,3,4,2,3,0,29938.33333,0.5987666666,3.1579,0.1896091284081193,-0.7221407581274716,100,100,4,1 bead per cell or 1:1 ratio,1,10,5.5,6.7,1,0.4,25,350,10,10,50,1,0.5,0.5,3.2,0.8,0.3,0.7
1714,1,5,0,3,3,2,1,2,3,3,2,3,0,2,0,2,53128.33333,1.0625666666,3.1579,0.33647888362519396,-0.4730421855642636,100,100,4,1 bead per cell or 1:1 ratio,1,10,5.5,6.7,1,0.4,25,350,10,10,50,1,0.5,0.5,3.2,0.8,0.3,0.7
1715,1,5,1,3,3,3,0,2,3,4,2,3,1,2,3,0,28976.66667,0.5795333334,3.1579,0.18351858304569493,-0.7363199526348927,100,100,4,1 bead per cell or 1:1 ratio,1,10,5.5,6.7,1,0.4,25,350,10,10,50,1,0.5,0.5,3.2,0.8,0.3,0.7
1716,1,5,1,3,2,3,2,3,5,0,0,2,3,0,3,3,43171.66667,0.8634333334,3.1579,0.2734200998765002,-0.5631695623922391,100,100,4,1 bead per cell or 1:1 ratio,1,10,5.5,6.7,1,0.4,25,350,10,10,50,1,0.5,0.5,3.2,0.8,0.3,0.7
1717,1,5,5,3,5,3,0,2,3,3,3,3,0,2,0,2,515.0,0.0103,3.1579,0.0032616612305646155,-2.4865611485491756,100,100,4,1 bead per cell or 1:1 ratio,1,10,5.5,6.7,1,0.4,25,350,10,10,50,1,0.5,0.5,3.2,0.8,0.3,0.7
1718,1,5,3,3,1,3,3,2,3,0,3,3,4,1,3,0,13726.66667,0.2745333334,3.1579,0.08693541068431553,-1.0608032899225541,100,100,4,1 bead per cell or 1:1 ratio,1,10,5.5,6.7,1,0.4,25,350,10,10,50,1,0.5,0.5,3.2,0.8,0.3,0.7
1719,1,5,0,3,4,3,0,2,3,3,2,3,3,1,2,1,38681.66667,0.7736333334,3.1579,0.24498348060419897,-0.6108631994081964,100,100,4,1 bead per cell or 1:1 ratio,1,10,5.5,6.7,1,0.4,25,350,10,10,50,1,0.5,0.5,3.2,0.8,0.3,0.7
1720,1,5,2,3,3,3,1,1,3,3,0,3,3,0,0,3,20825.0,0.4165,3.1579,0.13189144684758858,-0.8797833675115416,100,100,4,1 bead per cell or 1:1 ratio,1,10,5.5,6.7,1,0.4,25,350,10,10,50,1,0.5,0.5,3.2,0.8,0.3,0.7
1721,1,5,2,3,0,0,1,1,1,3,0,1,4,1,0,0,10663.33333,0.2132666666,3.1579,0.06753433186611354,-1.1704753923616817,100,100,4,1 bead per cell or 1:1 ratio,1,10,5.5,6.7,1,0.4,25,350,10,10,50,1,0.5,0.5,3.2,0.8,0.3,0.7
1722,1,5,2,3,2,3,1,2,3,0,1,2,3,2,1,3,22736.66667,0.4547333334,3.1579,0.1439986489122518,-0.841641582715211,100,100,4,1 bead per cell or 1:1 ratio,1,10,5.5,6.7,1,0.4,25,350,10,10,50,1,0.5,0.5,3.2,0.8,0.3,0.7
1723,1,5,1,3,4,3,0,1,3,0,0,3,0,1,3,0,43356.66667,0.8671333334,3.1579,0.2745917645903923,-0.5613124920321914,100,100,4,1 bead per cell or 1:1 ratio,1,10,5.5,6.7,1,0.4,25,350,10,10,50,1,0.5,0.5,3.2,0.8,0.3,0.7
1724,1,5,0,3,0,3,3,0,0,1,2,3,3,4,0,3,22831.66667,0.45663333339999995,3.1579,0.14460031457614236,-0.8398307622383472,100,100,4,1 bead per cell or 1:1 ratio,1,10,5.5,6.7,1,0.4,25,350,10,10,50,1,0.5,0.5,3.2,0.8,0.3,0.7
1725,1,5,2,3,3,3,2,1,3,3,1,3,0,2,1,0,31528.33333,0.6305666666,3.1579,0.19967911162481397,-0.6996673641756518,100,100,4,1 bead per cell or 1:1 ratio,1,10,5.5,6.7,1,0.4,25,350,10,10,50,1,0.5,0.5,3.2,0.8,0.3,0.7
1726,1,5,5,3,2,3,2,0,3,0,3,3,4,3,0,3,1593.333333,0.03186666666,3.1579,0.010091094290509516,-1.9960617357887669,100,100,4,1 bead per cell or 1:1 ratio,1,10,5.5,6.7,1,0.4,25,350,10,10,50,1,0.5,0.5,3.2,0.8,0.3,0.7
1727,1,5,1,3,5,3,0,0,1,0,1,3,3,0,4,3,32981.66667,0.6596333334,3.1579,0.20888354077076537,-0.6800957794263415,100,100,4,1 bead per cell or 1:1 ratio,1,10,5.5,6.7,1,0.4,25,350,10,10,50,1,0.5,0.5,3.2,0.8,0.3,0.7
1728,1,5,2,3,0,3,0,0,5,0,2,5,4,4,0,2,62235.0,1.2447,3.1579,0.3941543430760948,-0.4043336837057126,100,100,4,1 bead per cell or 1:1 ratio,1,10,5.5,6.7,1,0.4,25,350,10,10,50,1,0.5,0.5,3.2,0.8,0.3,0.7
1729,1,5,2,3,0,3,0,1,3,0,1,3,3,2,0,0,12686.66667,0.2537333334,3.1579,0.08034875499540833,-1.0950208482449197,100,100,4,1 bead per cell or 1:1 ratio,1,10,5.5,6.7,1,0.4,25,350,10,10,50,1,0.5,0.5,3.2,0.8,0.3,0.7
1730,1,5,2,3,3,3,1,1,3,0,0,3,1,3,0,3,46185.0,0.9237,3.1579,0.29250451249247916,-0.5338674296314875,100,100,4,1 bead per cell or 1:1 ratio,1,10,5.5,6.7,1,0.4,25,350,10,10,50,1,0.5,0.5,3.2,0.8,0.3,0.7
1731,1,5,1,3,2,3,1,2,1,0,3,3,0,3,4,3,40718.33333,0.8143666666,3.1579,0.2578823479527534,-0.5885783843028642,100,100,4,1 bead per cell or 1:1 ratio,1,10,5.5,6.7,1,0.4,25,350,10,10,50,1,0.5,0.5,3.2,0.8,0.3,0.7
1732,1,5,3,3,2,3,1,0,3,0,3,3,3,2,0,3,5168.333333,0.10336666666,3.1579,0.03273272322112796,-1.485017861764694,100,100,4,1 bead per cell or 1:1 ratio,1,10,5.5,6.7,1,0.4,25,350,10,10,50,1,0.5,0.5,3.2,0.8,0.3,0.7
1733,1,5,0,3,4,3,1,1,4,0,3,3,3,0,0,0,34258.33333,0.6851666666,3.1579,0.21696908280819532,-0.6636021468998987,100,100,4,1 bead per cell or 1:1 ratio,1,10,5.5,6.7,1,0.4,25,350,10,10,50,1,0.5,0.5,3.2,0.8,0.3,0.7
1734,1,5,1,3,0,3,1,0,0,2,1,3,3,1,0,3,33540.0,0.6708,3.1579,0.2124196459672567,-0.6728053193202999,100,100,4,1 bead per cell or 1:1 ratio,1,10,5.5,6.7,1,0.4,25,350,10,10,50,1,0.5,0.5,3.2,0.8,0.3,0.7
1735,1,5,3,3,1,3,0,2,5,0,0,4,4,0,3,0,39026.66667,0.7805333334,3.1579,0.24716847696253838,-0.607006918511181,100,100,4,1 bead per cell or 1:1 ratio,1,10,5.5,6.7,1,0.4,25,350,10,10,50,1,0.5,0.5,3.2,0.8,0.3,0.7
1736,1,5,2,3,2,3,1,1,2,0,2,2,4,2,1,3,18698.33333,0.37396666660000005,3.1579,0.11842258038569937,-0.9265654800293852,100,100,4,1 bead per cell or 1:1 ratio,1,10,5.5,6.7,1,0.4,25,350,10,10,50,1,0.5,0.5,3.2,0.8,0.3,0.7
1737,1,5,1,3,2,3,2,3,2,3,0,3,0,1,3,0,25491.66667,0.5098333333999999,3.1579,0.16144695316507804,-0.7919701465965239,100,100,4,1 bead per cell or 1:1 ratio,1,10,5.5,6.7,1,0.4,25,350,10,10,50,1,0.5,0.5,3.2,0.8,0.3,0.7
1738,1,5,1,3,3,3,3,1,1,1,2,3,0,2,0,2,29051.66667,0.5810333334,3.1579,0.18399358225402956,-0.7351973250354072,100,100,4,1 bead per cell or 1:1 ratio,1,10,5.5,6.7,1,0.4,25,350,10,10,50,1,0.5,0.5,3.2,0.8,0.3,0.7
1739,1,5,1,3,4,2,1,2,4,3,2,3,0,3,0,3,18046.66667,0.3609333334,3.1579,0.11429536508439152,-0.9419713807953247,100,100,4,1 bead per cell or 1:1 ratio,1,10,5.5,6.7,1,0.4,25,350,10,10,50,1,0.5,0.5,3.2,0.8,0.3,0.7
1740,1,5,2,3,3,3,1,2,3,1,3,3,3,3,0,3,6601.666667,0.13203333334,3.1579,0.04181048587352355,-1.378714785547789,100,100,4,1 bead per cell or 1:1 ratio,1,10,5.5,6.7,1,0.4,25,350,10,10,50,1,0.5,0.5,3.2,0.8,0.3,0.7
1741,1,5,4,3,3,2,0,2,3,3,3,1,3,1,0,0,4160.0,0.0832,3.1579,0.026346622755628737,-1.579275046963624,100,100,4,1 bead per cell or 1:1 ratio,1,10,5.5,6.7,1,0.4,25,350,10,10,50,1,0.5,0.5,3.2,0.8,0.3,0.7
1742,1,5,2,3,3,3,0,0,5,5,0,3,1,4,1,1,39068.33333,0.7813666666,3.1579,0.24743236536939103,-0.6065434931386378,100,100,4,1 bead per cell or 1:1 ratio,1,10,5.5,6.7,1,0.4,25,350,10,10,50,1,0.5,0.5,3.2,0.8,0.3,0.7
1743,1,5,0,3,3,3,1,3,3,0,3,3,0,1,3,3,26020.0,0.5204,3.1579,0.16479305867823552,-0.7830610853647993,100,100,4,1 bead per cell or 1:1 ratio,1,10,5.5,6.7,1,0.4,25,350,10,10,50,1,0.5,0.5,3.2,0.8,0.3,0.7
1744,1,5,1,3,2,3,0,2,3,3,0,3,0,2,3,0,20590.0,0.4118,3.1579,0.13040311599480667,-0.8847120309723354,100,100,4,1 bead per cell or 1:1 ratio,1,10,5.5,6.7,1,0.4,25,350,10,10,50,1,0.5,0.5,3.2,0.8,0.3,0.7
1745,1,5,1,3,3,3,0,2,3,3,2,3,0,0,1,2,15278.33333,0.3055666666,3.1579,0.09676261648563918,-1.0142923967186772,100,100,4,1 bead per cell or 1:1 ratio,1,10,5.5,6.7,1,0.4,25,350,10,10,50,1,0.5,0.5,3.2,0.8,0.3,0.7
1746,1,5,2,3,4,0,2,0,0,0,3,3,0,3,0,2,5456.666667,0.10913333334000001,3.1579,0.034558831292947845,-1.461440952871558,100,100,4,1 bead per cell or 1:1 ratio,1,10,5.5,6.7,1,0.4,25,350,10,10,50,1,0.5,0.5,3.2,0.8,0.3,0.7
1747,1,5,3,3,3,3,0,2,2,3,0,3,0,2,4,0,4281.666667,0.08563333334,3.1579,0.027117177029038285,-1.566755523673854,100,100,4,1 bead per cell or 1:1 ratio,1,10,5.5,6.7,1,0.4,25,350,10,10,50,1,0.5,0.5,3.2,0.8,0.3,0.7
1748,1,5,2,5,3,3,0,1,5,0,3,2,0,4,0,0,38985.0,0.7797,3.1579,0.24690458849235247,-0.607470839033673,100,100,4,1 bead per cell or 1:1 ratio,1,10,5.5,6.7,1,0.4,25,350,10,10,50,1,0.5,0.5,3.2,0.8,0.3,0.7
1749,1,5,2,3,3,3,0,1,3,3,0,3,0,3,1,3,8403.333333,0.16806666666,3.1579,0.05322102240729599,-1.2739167866508103,100,100,4,1 bead per cell or 1:1 ratio,1,10,5.5,6.7,1,0.4,25,350,10,10,50,1,0.5,0.5,3.2,0.8,0.3,0.7
1750,1,5,2,3,3,0,0,2,3,5,1,3,0,1,2,0,7615.0,0.1523,3.1579,0.04822825295291174,-1.3166984699183055,100,100,4,1 bead per cell or 1:1 ratio,1,10,5.5,6.7,1,0.4,25,350,10,10,50,1,0.5,0.5,3.2,0.8,0.3,0.7
1751,1,5,2,3,2,3,0,2,3,5,2,3,0,3,3,0,6650.0,0.133,3.1579,0.042116596472339216,-1.375546732287262,100,100,4,1 bead per cell or 1:1 ratio,1,10,5.5,6.7,1,0.4,25,350,10,10,50,1,0.5,0.5,3.2,0.8,0.3,0.7
1752,1,5,2,3,2,3,0,1,5,0,3,3,1,3,1,1,16975.0,0.3395,3.1579,0.10750815415307641,-0.9685585946378276,100,100,4,1 bead per cell or 1:1 ratio,1,10,5.5,6.7,1,0.4,25,350,10,10,50,1,0.5,0.5,3.2,0.8,0.3,0.7
1753,1,5,0,3,4,0,3,2,3,2,0,2,3,1,0,0,2145.0,0.0429,3.1579,0.013584977358371069,-1.8669410810696239,100,100,4,1 bead per cell or 1:1 ratio,1,10,5.5,6.7,1,0.4,25,350,10,10,50,1,0.5,0.5,3.2,0.8,0.3,0.7
1754,1,5,2,3,1,3,3,3,4,0,3,3,3,3,1,2,12845.0,0.2569,3.1579,0.08135153108078154,-1.0896342689880019,100,100,4,1 bead per cell or 1:1 ratio,1,10,5.5,6.7,1,0.4,25,350,10,10,50,1,0.5,0.5,3.2,0.8,0.3,0.7
1755,1,5,1,3,3,3,1,1,4,3,2,3,0,1,3,0,14328.33333,0.28656666659999996,3.1579,0.09074595984673357,-1.042172701336789,100,100,4,1 bead per cell or 1:1 ratio,1,10,5.5,6.7,1,0.4,25,350,10,10,50,1,0.5,0.5,3.2,0.8,0.3,0.7
1756,1,5,1,3,3,3,0,3,3,0,0,3,3,1,1,0,10678.33333,0.21356666659999998,3.1579,0.06762933170778047,-1.1698649041177187,100,100,4,1 bead per cell or 1:1 ratio,1,10,5.5,6.7,1,0.4,25,350,10,10,50,1,0.5,0.5,3.2,0.8,0.3,0.7
1757,1,5,1,3,5,3,0,1,2,3,0,3,3,1,1,3,17033.33333,0.3406666666,3.1579,0.10787759796067006,-0.9670687322603057,100,100,4,1 bead per cell or 1:1 ratio,1,10,5.5,6.7,1,0.4,25,350,10,10,50,1,0.5,0.5,3.2,0.8,0.3,0.7
1758,1,5,0,3,3,3,0,0,3,1,1,3,4,0,3,3,8650.0,0.173,3.1579,0.054783242027929946,-1.2613522701255526,100,100,4,1 bead per cell or 1:1 ratio,1,10,5.5,6.7,1,0.4,25,350,10,10,50,1,0.5,0.5,3.2,0.8,0.3,0.7
1759,1,5,4,3,5,2,0,2,3,3,3,3,0,1,0,0,1810.0,0.0362,3.1579,0.01146331422780962,-1.9406898027211823,100,100,4,1 bead per cell or 1:1 ratio,1,10,5.5,6.7,1,0.4,25,350,10,10,50,1,0.5,0.5,3.2,0.8,0.3,0.7
1760,1,5,1,3,3,3,0,1,5,4,3,3,0,1,3,1,31303.33333,0.6260666666,3.1579,0.19825411399981,-0.7027777918092085,100,100,4,1 bead per cell or 1:1 ratio,1,10,5.5,6.7,1,0.4,25,350,10,10,50,1,0.5,0.5,3.2,0.8,0.3,0.7
1761,1,5,2,5,5,3,0,0,0,3,2,3,4,2,0,2,12353.33333,0.24706666659999998,3.1579,0.07823764736058772,-1.1065842174443374,100,100,4,1 bead per cell or 1:1 ratio,1,10,5.5,6.7,1,0.4,25,350,10,10,50,1,0.5,0.5,3.2,0.8,0.3,0.7
1762,1,5,1,3,3,3,0,2,3,3,1,5,0,1,1,0,5438.333333,0.10876666666,3.1579,0.03444272037113271,-1.462902554212755,100,100,4,1 bead per cell or 1:1 ratio,1,10,5.5,6.7,1,0.4,25,350,10,10,50,1,0.5,0.5,3.2,0.8,0.3,0.7
1763,1,5,2,3,3,3,1,2,3,5,3,3,0,3,1,0,5111.666667,0.10223333334000001,3.1579,0.03237383493460844,-1.4898058519632045,100,100,4,1 bead per cell or 1:1 ratio,1,10,5.5,6.7,1,0.4,25,350,10,10,50,1,0.5,0.5,3.2,0.8,0.3,0.7
1764,1,5,1,3,3,3,3,3,3,0,1,3,3,1,0,0,10546.66667,0.2109333334,3.1579,0.06679544425092625,-1.175253157347129,100,100,4,1 bead per cell or 1:1 ratio,1,10,5.5,6.7,1,0.4,25,350,10,10,50,1,0.5,0.5,3.2,0.8,0.3,0.7
1765,1,5,0,3,3,3,1,3,3,3,0,3,0,1,4,0,11088.33333,0.2217666666,3.1579,0.07022599404667658,-1.1535021046585172,100,100,4,1 bead per cell or 1:1 ratio,1,10,5.5,6.7,1,0.4,25,350,10,10,50,1,0.5,0.5,3.2,0.8,0.3,0.7
1766,1,5,1,3,3,2,0,3,3,3,3,3,0,1,3,0,5096.666667,0.10193333334000002,3.1579,0.032278835092941514,-1.4910821468693052,100,100,4,1 bead per cell or 1:1 ratio,1,10,5.5,6.7,1,0.4,25,350,10,10,50,1,0.5,0.5,3.2,0.8,0.3,0.7
1767,1,5,1,3,4,3,1,0,2,3,1,3,0,1,3,0,6981.666667,0.13963333334,3.1579,0.04421714852908578,-1.354409267592056,100,100,4,1 bead per cell or 1:1 ratio,1,10,5.5,6.7,1,0.4,25,350,10,10,50,1,0.5,0.5,3.2,0.8,0.3,0.7
1768,1,5,2,3,3,3,0,0,3,0,3,3,0,3,1,2,3021.666667,0.06043333334,3.1579,0.01913719032901612,-1.7181218238305929,100,100,4,1 bead per cell or 1:1 ratio,1,10,5.5,6.7,1,0.4,25,350,10,10,50,1,0.5,0.5,3.2,0.8,0.3,0.7
1769,1,5,0,3,3,3,0,1,3,5,0,4,0,2,3,0,651.6666667,0.013033333333999999,3.1579,0.004127215343741093,-2.3843428705559293,100,100,4,1 bead per cell or 1:1 ratio,1,10,5.5,6.7,1,0.4,25,350,10,10,50,1,0.5,0.5,3.2,0.8,0.3,0.7
1770,1,6,1,2,3,3,0,2,3,3,0,2,0,1,3,0,30605.0,0.6121,1.992688889,0.3071728875384922,-0.5126171197344593,100,100,4,1 bead per cell or 1:1 ratio,1,10,5.5,6.7,1,0.4,25,350,10,10,50,1,0.5,0.5,3.2,0.8,0.3,0.7
1771,1,6,0,3,3,3,0,2,3,2,0,3,0,1,3,0,51923.33333,1.0384666666,1.992688889,0.5211383835843729,-0.28304693841454526,100,100,4,1 bead per cell or 1:1 ratio,1,10,5.5,6.7,1,0.4,25,350,10,10,50,1,0.5,0.5,3.2,0.8,0.3,0.7
1772,1,6,1,2,3,3,1,2,3,3,0,3,0,1,3,0,27916.66667,0.5583333334,1.992688889,0.2801909201592382,-0.552545942528589,100,100,4,1 bead per cell or 1:1 ratio,1,10,5.5,6.7,1,0.4,25,350,10,10,50,1,0.5,0.5,3.2,0.8,0.3,0.7
1773,1,6,0,2,3,3,0,2,3,3,0,3,0,2,3,0,44086.66667,0.8817333333999999,1.992688889,0.4424841922225421,-0.3541022398885288,100,100,4,1 bead per cell or 1:1 ratio,1,10,5.5,6.7,1,0.4,25,350,10,10,50,1,0.5,0.5,3.2,0.8,0.3,0.7
1774,1,6,1,3,3,3,0,2,3,3,0,3,1,1,3,0,34603.33333,0.6920666666,1.992688889,0.3473029183934994,-0.45929156728852466,100,100,4,1 bead per cell or 1:1 ratio,1,10,5.5,6.7,1,0.4,25,350,10,10,50,1,0.5,0.5,3.2,0.8,0.3,0.7
1775,1,6,0,3,3,3,0,2,3,3,1,3,0,1,3,0,36940.0,0.7388,1.992688889,0.3707553166368862,-0.430912612465443,100,100,4,1 bead per cell or 1:1 ratio,1,10,5.5,6.7,1,0.4,25,350,10,10,50,1,0.5,0.5,3.2,0.8,0.3,0.7
1776,1,6,0,3,3,3,0,2,3,3,0,3,0,1,3,1,44455.0,0.8891,1.992688889,0.44618103955313415,-0.3504888889880986,100,100,4,1 bead per cell or 1:1 ratio,1,10,5.5,6.7,1,0.4,25,350,10,10,50,1,0.5,0.5,3.2,0.8,0.3,0.7
1777,1,6,1,2,3,3,0,2,3,3,0,3,0,1,3,1,31461.66667,0.6292333334,1.992688889,0.3157709850611808,-0.5006277780855882,100,100,4,1 bead per cell or 1:1 ratio,1,10,5.5,6.7,1,0.4,25,350,10,10,50,1,0.5,0.5,3.2,0.8,0.3,0.7
1778,1,6,1,2,3,3,0,2,3,3,0,3,0,1,3,0,27841.66667,0.5568333334,1.992688889,0.2794381684335271,-0.5537142739271633,100,100,4,1 bead per cell or 1:1 ratio,1,10,5.5,6.7,1,0.4,25,350,10,10,50,1,0.5,0.5,3.2,0.8,0.3,0.7
1779,1,6,0,3,3,3,0,1,3,3,0,3,0,0,3,0,47196.66667,0.9439333334,1.992688889,0.47369829711536066,-0.32449817650221324,100,100,4,1 bead per cell or 1:1 ratio,1,10,5.5,6.7,1,0.4,25,350,10,10,50,1,0.5,0.5,3.2,0.8,0.3,0.7
1780,1,6,0,3,3,3,1,2,3,3,0,3,0,1,3,0,46790.0,0.9358,1.992688889,0.4696167099469384,-0.3282564583774854,100,100,4,1 bead per cell or 1:1 ratio,1,10,5.5,6.7,1,0.4,25,350,10,10,50,1,0.5,0.5,3.2,0.8,0.3,0.7
1781,1,6,0,3,3,3,0,3,3,3,0,3,0,1,3,0,41388.33333,0.8277666666,1.992688889,0.41540185784615974,-0.3815315654549132,100,100,4,1 bead per cell or 1:1 ratio,1,10,5.5,6.7,1,0.4,25,350,10,10,50,1,0.5,0.5,3.2,0.8,0.3,0.7
1782,1,6,1,2,3,3,0,2,2,3,0,3,0,2,3,0,24508.33333,0.4901666666,1.992688889,0.24598253611279106,-0.6090957251692887,100,100,4,1 bead per cell or 1:1 ratio,1,10,5.5,6.7,1,0.4,25,350,10,10,50,1,0.5,0.5,3.2,0.8,0.3,0.7
1783,1,6,1,2,3,3,0,2,3,3,0,2,0,2,3,0,24303.33333,0.48606666660000003,1.992688889,0.24392501472918085,-0.6127436601135494,100,100,4,1 bead per cell or 1:1 ratio,1,10,5.5,6.7,1,0.4,25,350,10,10,50,1,0.5,0.5,3.2,0.8,0.3,0.7
1784,1,6,1,2,3,3,0,2,3,3,0,3,0,1,3,0,25920.0,0.5184,1.992688889,0.26015099640574146,-0.58477450637111,100,100,4,1 bead per cell or 1:1 ratio,1,10,5.5,6.7,1,0.4,25,350,10,10,50,1,0.5,0.5,3.2,0.8,0.3,0.7
1785,1,6,0,3,3,3,0,1,3,3,1,3,0,1,3,0,34325.0,0.6865,1.992688889,0.3445093731337607,-0.46279895766087287,100,100,4,1 bead per cell or 1:1 ratio,1,10,5.5,6.7,1,0.4,25,350,10,10,50,1,0.5,0.5,3.2,0.8,0.3,0.7
1786,1,6,1,2,3,3,0,2,3,2,0,3,0,2,3,0,18668.33333,0.3733666666,1.992688889,0.18736826840409004,-0.7273039567986277,100,100,4,1 bead per cell or 1:1 ratio,1,10,5.5,6.7,1,0.4,25,350,10,10,50,1,0.5,0.5,3.2,0.8,0.3,0.7
1787,1,6,1,2,3,3,0,2,3,2,0,3,0,1,3,0,21050.0,0.421,1.992688889,0.21127231768290347,-0.6751574033979785,100,100,4,1 bead per cell or 1:1 ratio,1,10,5.5,6.7,1,0.4,25,350,10,10,50,1,0.5,0.5,3.2,0.8,0.3,0.7
1788,1,6,0,3,3,3,0,1,3,3,0,2,0,1,3,0,33285.0,0.6657,1.992688889,0.3340712158705673,-0.47616094228197603,100,100,4,1 bead per cell or 1:1 ratio,1,10,5.5,6.7,1,0.4,25,350,10,10,50,1,0.5,0.5,3.2,0.8,0.3,0.7
1789,1,6,0,3,3,3,0,0,3,3,0,3,0,1,3,0,31411.66667,0.6282333334,1.992688889,0.3152691505773734,-0.5013185233513231,100,100,4,1 bead per cell or 1:1 ratio,1,10,5.5,6.7,1,0.4,25,350,10,10,50,1,0.5,0.5,3.2,0.8,0.3,0.7
1790,1,6,1,1,3,3,0,2,3,3,0,3,0,1,3,0,22608.33333,0.45216666660000004,1.992688889,0.22691282572811095,-0.6441409559197259,100,100,4,1 bead per cell or 1:1 ratio,1,10,5.5,6.7,1,0.4,25,350,10,10,50,1,0.5,0.5,3.2,0.8,0.3,0.7
1791,1,6,1,2,3,3,1,2,3,3,0,3,0,2,3,0,3086.666667,0.06173333334,1.992688889,0.03097991547038731,-1.5089197715604936,100,100,4,1 bead per cell or 1:1 ratio,1,10,5.5,6.7,1,0.4,25,350,10,10,50,1,0.5,0.5,3.2,0.8,0.3,0.7
1792,1,6,0,3,3,3,0,2,3,3,0,3,0,0,3,0,31923.33333,0.6384666666000001,1.992688889,0.3204045900614243,-0.49430127091467485,100,100,4,1 bead per cell or 1:1 ratio,1,10,5.5,6.7,1,0.4,25,350,10,10,50,1,0.5,0.5,3.2,0.8,0.3,0.7
1793,1,6,1,2,3,2,0,2,3,3,0,3,0,2,3,0,16095.0,0.3219,1.992688889,0.16154052033759295,-0.7917185225480332,100,100,4,1 bead per cell or 1:1 ratio,1,10,5.5,6.7,1,0.4,25,350,10,10,50,1,0.5,0.5,3.2,0.8,0.3,0.7
1794,1,6,0,3,3,3,0,1,3,3,0,3,0,1,3,1,32250.0,0.645,1.992688889,0.3236832420557547,-0.48987978459837905,100,100,4,1 bead per cell or 1:1 ratio,1,10,5.5,6.7,1,0.4,25,350,10,10,50,1,0.5,0.5,3.2,0.8,0.3,0.7
1795,1,6,0,3,3,3,0,1,3,3,0,3,1,1,3,0,31660.0,0.6332,1.992688889,0.3177615951468277,-0.4978985930433285,100,100,4,1 bead per cell or 1:1 ratio,1,10,5.5,6.7,1,0.4,25,350,10,10,50,1,0.5,0.5,3.2,0.8,0.3,0.7
1796,1,6,1,2,3,3,0,2,3,3,1,3,0,2,3,0,15533.33333,0.3106666666,1.992688889,0.15590324626936783,-0.8071448416925241,100,100,4,1 bead per cell or 1:1 ratio,1,10,5.5,6.7,1,0.4,25,350,10,10,50,1,0.5,0.5,3.2,0.8,0.3,0.7
1797,1,6,1,2,2,3,0,2,3,3,0,3,0,2,3,0,11628.33333,0.2325666666,1.992688889,0.11670997308401211,-0.9328920310986586,100,100,4,1 bead per cell or 1:1 ratio,1,10,5.5,6.7,1,0.4,25,350,10,10,50,1,0.5,0.5,3.2,0.8,0.3,0.7
1798,1,6,0,3,3,3,0,1,2,3,0,3,0,1,3,0,17540.0,0.3508,1.992688889,0.176043536919626,-0.7543799145396439,100,100,4,1 bead per cell or 1:1 ratio,1,10,5.5,6.7,1,0.4,25,350,10,10,50,1,0.5,0.5,3.2,0.8,0.3,0.7
1799,1,6,0,3,3,3,0,1,3,2,0,3,0,1,3,0,16746.66667,0.3349333334,1.992688889,0.1680810964766713,-0.7744811274737444,100,100,4,1 bead per cell or 1:1 ratio,1,10,5.5,6.7,1,0.4,25,350,10,10,50,1,0.5,0.5,3.2,0.8,0.3,0.7
1800,1,6,1,2,3,3,0,2,3,3,0,3,0,3,3,0,11596.66667,0.2319333334,1.992688889,0.11639214464451203,-0.934076329416906,100,100,4,1 bead per cell or 1:1 ratio,1,10,5.5,6.7,1,0.4,25,350,10,10,50,1,0.5,0.5,3.2,0.8,0.3,0.7
1801,1,6,1,2,3,3,0,2,3,3,0,3,0,2,3,1,12716.66667,0.25433333340000003,1.992688889,0.1276332370817972,-0.89403621588459,100,100,4,1 bead per cell or 1:1 ratio,1,10,5.5,6.7,1,0.4,25,350,10,10,50,1,0.5,0.5,3.2,0.8,0.3,0.7
1802,1,6,0,3,3,3,0,1,3,3,0,3,0,2,3,0,13548.33333,0.2709666666,1.992688889,0.1359804172622152,-0.8665236305071091,100,100,4,1 bead per cell or 1:1 ratio,1,10,5.5,6.7,1,0.4,25,350,10,10,50,1,0.5,0.5,3.2,0.8,0.3,0.7
1803,1,6,1,2,3,3,0,3,3,3,0,3,0,2,3,0,10520.0,0.2104,1.992688889,0.105585975393071,-0.9763937637519453,100,100,4,1 bead per cell or 1:1 ratio,1,10,5.5,6.7,1,0.4,25,350,10,10,50,1,0.5,0.5,3.2,0.8,0.3,0.7
1804,1,6,0,3,3,3,0,2,3,3,0,3,0,1,2,0,18905.0,0.3781,1.992688889,0.18974361832756723,-0.7218328218711112,100,100,4,1 bead per cell or 1:1 ratio,1,10,5.5,6.7,1,0.4,25,350,10,10,50,1,0.5,0.5,3.2,0.8,0.3,0.7
1805,1,6,0,3,3,3,0,1,3,3,0,3,0,1,2,0,16023.33333,0.3204666666,1.992688889,0.16082122421068007,-0.7936566362510274,100,100,4,1 bead per cell or 1:1 ratio,1,10,5.5,6.7,1,0.4,25,350,10,10,50,1,0.5,0.5,3.2,0.8,0.3,0.7
1806,1,6,1,2,3,3,0,1,3,3,0,3,0,2,3,0,7051.666667,0.14103333334,1.992688889,0.07077539003631189,-1.1501177286014854,100,100,4,1 bead per cell or 1:1 ratio,1,10,5.5,6.7,1,0.4,25,350,10,10,50,1,0.5,0.5,3.2,0.8,0.3,0.7
1807,1,6,0,3,3,3,1,1,3,3,0,3,0,1,3,0,40338.33333,0.8067666666000001,1.992688889,0.404863333686205,-0.3926915531866521,100,100,4,1 bead per cell or 1:1 ratio,1,10,5.5,6.7,1,0.4,25,350,10,10,50,1,0.5,0.5,3.2,0.8,0.3,0.7
1808,1,6,1,2,3,3,0,3,3,3,0,3,0,1,3,0,10846.66667,0.2169333334,1.992688889,0.10886462738740146,-0.9631132095550232,100,100,4,1 bead per cell or 1:1 ratio,1,10,5.5,6.7,1,0.4,25,350,10,10,50,1,0.5,0.5,3.2,0.8,0.3,0.7
1809,1,6,0,3,3,3,0,2,2,3,0,3,0,1,3,0,12986.66667,0.2597333334,1.992688889,0.13034314329435698,-0.8849118099712782,100,100,4,1 bead per cell or 1:1 ratio,1,10,5.5,6.7,1,0.4,25,350,10,10,50,1,0.5,0.5,3.2,0.8,0.3,0.7
1810,1,6,0,3,3,3,0,2,3,3,0,3,0,1,3,0,14230.0,0.2846,1.992688889,0.14282209409157798,-0.8452046034853813,100,100,4,1 bead per cell or 1:1 ratio,1,10,5.5,6.7,1,0.4,25,350,10,10,50,1,0.5,0.5,3.2,0.8,0.3,0.7
1811,1,6,1,2,3,2,0,2,3,3,0,3,0,1,3,0,8590.0,0.1718,1.992688889,0.08621516431810645,-1.0644163397384232,100,100,4,1 bead per cell or 1:1 ratio,1,10,5.5,6.7,1,0.4,25,350,10,10,50,1,0.5,0.5,3.2,0.8,0.3,0.7
1812,1,6,0,3,2,3,0,2,3,3,0,3,0,1,3,0,11748.33333,0.23496666659999998,1.992688889,0.1179143758451498,-0.928433243508656,100,100,4,1 bead per cell or 1:1 ratio,1,10,5.5,6.7,1,0.4,25,350,10,10,50,1,0.5,0.5,3.2,0.8,0.3,0.7
1813,1,6,0,3,2,3,0,1,3,3,0,3,0,1,3,0,12913.33333,0.25826666659999997,1.992688889,0.12960711931786154,-0.887371142018341,100,100,4,1 bead per cell or 1:1 ratio,1,10,5.5,6.7,1,0.4,25,350,10,10,50,1,0.5,0.5,3.2,0.8,0.3,0.7
1814,1,6,1,2,2,3,0,2,3,3,0,3,0,1,3,0,7413.333333,0.14826666666,1.992688889,0.07440532612916075,-1.1283959753988357,100,100,4,1 bead per cell or 1:1 ratio,1,10,5.5,6.7,1,0.4,25,350,10,10,50,1,0.5,0.5,3.2,0.8,0.3,0.7
1815,1,6,1,2,3,3,0,2,3,3,0,3,0,2,2,0,5938.333333,0.11876666665999999,1.992688889,0.05960120885684327,-1.2247449316266716,100,100,4,1 bead per cell or 1:1 ratio,1,10,5.5,6.7,1,0.4,25,350,10,10,50,1,0.5,0.5,3.2,0.8,0.3,0.7
1816,1,6,0,2,3,3,0,1,3,3,0,3,0,1,3,0,10056.66667,0.2011333334,1.992688889,0.100935642543245,-0.9959554479703905,100,100,4,1 bead per cell or 1:1 ratio,1,10,5.5,6.7,1,0.4,25,350,10,10,50,1,0.5,0.5,3.2,0.8,0.3,0.7
1817,1,6,1,2,3,3,0,2,3,3,0,3,0,2,3,0,4558.333333,0.09116666665999999,1.992688889,0.04575057710375982,-1.339603423315618,100,100,4,1 bead per cell or 1:1 ratio,1,10,5.5,6.7,1,0.4,25,350,10,10,50,1,0.5,0.5,3.2,0.8,0.3,0.7
1818,1,6,1,2,3,3,0,1,3,3,0,3,0,1,3,0,6916.666667,0.13833333334,1.992688889,0.06942043693003198,-1.1585126572202866,100,100,4,1 bead per cell or 1:1 ratio,1,10,5.5,6.7,1,0.4,25,350,10,10,50,1,0.5,0.5,3.2,0.8,0.3,0.7
1819,1,6,1,3,3,3,0,1,5,4,3,3,0,1,3,1,50346.66667,1.0069333334,1.992688889,0.5053138695952251,-0.2964387813065807,100,100,4,1 bead per cell or 1:1 ratio,1,10,5.5,6.7,1,0.4,25,350,10,10,50,1,0.5,0.5,3.2,0.8,0.3,0.7
1820,1,6,0,3,3,2,0,1,3,3,0,3,0,1,3,0,12535.0,0.2507,1.992688889,0.12580990509050807,-0.9002851652754303,100,100,4,1 bead per cell or 1:1 ratio,1,10,5.5,6.7,1,0.4,25,350,10,10,50,1,0.5,0.5,3.2,0.8,0.3,0.7
1821,1,6,2,2,3,3,0,2,3,3,0,3,0,2,3,0,5296.666667,0.10593333334,1.992688889,0.053160999654673136,-1.274406861054617,100,100,4,1 bead per cell or 1:1 ratio,1,10,5.5,6.7,1,0.4,25,350,10,10,50,1,0.5,0.5,3.2,0.8,0.3,0.7
1822,1,6,0,3,3,2,0,2,3,3,0,3,0,1,3,0,11728.33333,0.2345666666,1.992688889,0.11771364205162685,-0.9291732030493456,100,100,4,1 bead per cell or 1:1 ratio,1,10,5.5,6.7,1,0.4,25,350,10,10,50,1,0.5,0.5,3.2,0.8,0.3,0.7
1823,1,6,1,2,3,3,0,2,3,3,0,3,1,2,3,0,5218.333333,0.10436666666,1.992688889,0.052374792290017125,-1.2808776863641356,100,100,4,1 bead per cell or 1:1 ratio,1,10,5.5,6.7,1,0.4,25,350,10,10,50,1,0.5,0.5,3.2,0.8,0.3,0.7
1824,1,6,0,3,3,3,0,2,3,3,0,3,0,2,3,0,8693.333333,0.17386666666,1.992688889,0.08725228891462947,-1.0592231712460978,100,100,4,1 bead per cell or 1:1 ratio,1,10,5.5,6.7,1,0.4,25,350,10,10,50,1,0.5,0.5,3.2,0.8,0.3,0.7
1825,1,6,1,2,3,3,0,2,3,3,0,3,1,1,3,0,5738.333333,0.11476666665999999,1.992688889,0.05759387092161379,-1.2396237312738634,100,100,4,1 bead per cell or 1:1 ratio,1,10,5.5,6.7,1,0.4,25,350,10,10,50,1,0.5,0.5,3.2,0.8,0.3,0.7
1826,1,6,1,2,3,3,0,2,2,3,0,3,0,1,3,0,6463.333333,0.12926666666,1.992688889,0.06487047093682069,-1.1879529492330205,100,100,4,1 bead per cell or 1:1 ratio,1,10,5.5,6.7,1,0.4,25,350,10,10,50,1,0.5,0.5,3.2,0.8,0.3,0.7
1827,1,6,1,1,3,3,0,2,3,3,0,3,0,2,3,0,4508.333333,0.09016666665999999,1.992688889,0.045248742619952445,-1.3443934845428316,100,100,4,1 bead per cell or 1:1 ratio,1,10,5.5,6.7,1,0.4,25,350,10,10,50,1,0.5,0.5,3.2,0.8,0.3,0.7
1828,1,6,0,3,2,1,1,3,3,0,2,3,0,1,3,3,29143.33333,0.5828666666,1.992688889,0.2925025927617344,-0.5338702799506091,100,100,4,1 bead per cell or 1:1 ratio,1,10,5.5,6.7,1,0.4,25,350,10,10,50,1,0.5,0.5,3.2,0.8,0.3,0.7
1829,1,6,1,2,3,3,0,2,3,3,0,2,0,1,3,0,26910.0,0.5382,1.992688889,0.27008731918512746,-0.5684958058059111,100,100,4,1 bead per cell or 1:1 ratio,1,10,5.5,6.7,1,0.4,25,350,10,10,50,1,0.5,0.5,3.2,0.8,0.3,0.7
1830,1,6,0,3,3,3,0,2,3,3,0,3,0,1,3,0,33406.66667,0.6681333334,1.992688889,0.3352923464812876,-0.474576359839536,100,100,4,1 bead per cell or 1:1 ratio,1,10,5.5,6.7,1,0.4,25,350,10,10,50,1,0.5,0.5,3.2,0.8,0.3,0.7
1831,1,6,1,2,3,3,1,2,4,3,0,3,0,2,3,0,44655.0,0.8931,1.992688889,0.44818837748836365,-0.34853940986725956,100,100,4,1 bead per cell or 1:1 ratio,1,10,5.5,6.7,1,0.4,25,350,10,10,50,1,0.5,0.5,3.2,0.8,0.3,0.7
1832,1,6,0,2,3,3,0,2,3,3,0,3,0,2,3,0,18466.66667,0.36933333339999996,1.992688889,0.18534420271964488,-0.7320209934825058,100,100,4,1 bead per cell or 1:1 ratio,1,10,5.5,6.7,1,0.4,25,350,10,10,50,1,0.5,0.5,3.2,0.8,0.3,0.7
1833,1,6,1,3,3,3,1,3,3,3,0,3,1,1,3,1,40360.0,0.8072,1.992688889,0.40508079532931046,-0.3924583460047926,100,100,4,1 bead per cell or 1:1 ratio,1,10,5.5,6.7,1,0.4,25,350,10,10,50,1,0.5,0.5,3.2,0.8,0.3,0.7
1834,1,6,0,3,3,3,0,2,3,3,1,3,0,1,3,0,35546.66667,0.7109333334,1.992688889,0.35677086238824307,-0.4476106218427999,100,100,4,1 bead per cell or 1:1 ratio,1,10,5.5,6.7,1,0.4,25,350,10,10,50,1,0.5,0.5,3.2,0.8,0.3,0.7
1835,1,6,0,3,3,3,0,2,3,3,0,3,0,1,3,1,35826.66667,0.7165333334,1.992688889,0.3595811354975644,-0.44420310048779016,100,100,4,1 bead per cell or 1:1 ratio,1,10,5.5,6.7,1,0.4,25,350,10,10,50,1,0.5,0.5,3.2,0.8,0.3,0.7
1836,1,6,1,2,3,3,0,3,3,3,0,3,0,1,3,1,19578.33333,0.3915666666,1.992688889,0.1965016560093842,-0.7066337852747783,100,100,4,1 bead per cell or 1:1 ratio,1,10,5.5,6.7,1,0.4,25,350,10,10,50,1,0.5,0.5,3.2,0.8,0.3,0.7
1837,1,6,1,2,3,3,0,2,3,3,0,2,0,1,3,0,28086.66667,0.5617333334,1.992688889,0.2818971574041832,-0.5499093034469569,100,100,4,1 bead per cell or 1:1 ratio,1,10,5.5,6.7,1,0.4,25,350,10,10,50,1,0.5,0.5,3.2,0.8,0.3,0.7
1838,1,6,0,3,3,3,1,1,3,3,0,3,0,0,3,0,55648.33333,1.1129666666,1.992688889,0.5585250526280221,-0.2529573418427543,100,100,4,1 bead per cell or 1:1 ratio,1,10,5.5,6.7,1,0.4,25,350,10,10,50,1,0.5,0.5,3.2,0.8,0.3,0.7
1839,1,6,0,3,3,3,1,2,3,3,0,3,0,1,3,0,53903.33333,1.0780666666,1.992688889,0.5410110291431449,-0.26679388120177844,100,100,4,1 bead per cell or 1:1 ratio,1,10,5.5,6.7,1,0.4,25,350,10,10,50,1,0.5,0.5,3.2,0.8,0.3,0.7
1840,1,6,0,3,3,3,0,3,3,3,0,3,0,1,3,0,30498.33333,0.6099666666,1.992688889,0.30610230727291415,-0.5141333968576853,100,100,4,1 bead per cell or 1:1 ratio,1,10,5.5,6.7,1,0.4,25,350,10,10,50,1,0.5,0.5,3.2,0.8,0.3,0.7
1841,1,6,1,2,3,3,0,2,2,3,0,3,0,1,3,0,23645.0,0.4729,1.992688889,0.23731752739250606,-0.6246701852182205,100,100,4,1 bead per cell or 1:1 ratio,1,10,5.5,6.7,1,0.4,25,350,10,10,50,1,0.5,0.5,3.2,0.8,0.3,0.7
1842,1,6,1,2,3,3,0,2,3,3,0,3,0,1,3,0,21288.33333,0.4257666666,1.992688889,0.2136643953555963,-0.6702678418456538,100,100,4,1 bead per cell or 1:1 ratio,1,10,5.5,6.7,1,0.4,25,350,10,10,50,1,0.5,0.5,3.2,0.8,0.3,0.7
1843,1,6,1,2,3,3,0,2,3,3,0,3,1,1,3,0,12833.33333,0.2566666666,1.992688889,0.12880418414376976,-0.8900700288936312,100,100,4,1 bead per cell or 1:1 ratio,1,10,5.5,6.7,1,0.4,25,350,10,10,50,1,0.5,0.5,3.2,0.8,0.3,0.7
1844,1,6,0,3,3,3,0,1,3,3,1,3,0,2,3,0,30213.33333,0.6042666666000001,1.992688889,0.3032418507152122,-0.5182108614819013,100,100,4,1 bead per cell or 1:1 ratio,1,10,5.5,6.7,1,0.4,25,350,10,10,50,1,0.5,0.5,3.2,0.8,0.3,0.7
1845,1,6,1,2,3,3,0,2,3,3,0,3,0,2,3,0,18398.33333,0.36796666660000005,1.992688889,0.18465836219153026,-0.7336310206888331,100,100,4,1 bead per cell or 1:1 ratio,1,10,5.5,6.7,1,0.4,25,350,10,10,50,1,0.5,0.5,3.2,0.8,0.3,0.7
1846,1,6,1,2,3,3,0,2,3,3,0,3,0,1,3,0,10488.33333,0.20976666659999998,1.992688889,0.10526814685320403,-0.9777030223438483,100,100,4,1 bead per cell or 1:1 ratio,1,10,5.5,6.7,1,0.4,25,350,10,10,50,1,0.5,0.5,3.2,0.8,0.3,0.7
1847,1,6,0,3,3,3,0,1,3,3,0,3,0,1,3,0,17061.66667,0.34123333339999995,1.992688889,0.17124265372465775,-0.7663880505816826,100,100,4,1 bead per cell or 1:1 ratio,1,10,5.5,6.7,1,0.4,25,350,10,10,50,1,0.5,0.5,3.2,0.8,0.3,0.7
1848,1,6,0,3,3,3,0,0,3,3,0,3,0,2,3,0,18683.33333,0.37366666660000003,1.992688889,0.18751881874923226,-0.7269551414358194,100,100,4,1 bead per cell or 1:1 ratio,1,10,5.5,6.7,1,0.4,25,350,10,10,50,1,0.5,0.5,3.2,0.8,0.3,0.7
1849,1,6,1,1,3,3,0,2,3,3,0,3,0,1,3,0,14468.33333,0.2893666666,1.992688889,0.14521417176427082,-0.8379909978323044,100,100,4,1 bead per cell or 1:1 ratio,1,10,5.5,6.7,1,0.4,25,350,10,10,50,1,0.5,0.5,3.2,0.8,0.3,0.7
1850,1,6,1,2,3,3,1,2,3,4,0,3,0,2,3,0,1831.666667,0.03663333334,1.992688889,0.01838386992682228,-1.7355630614507842,100,100,4,1 bead per cell or 1:1 ratio,1,10,5.5,6.7,1,0.4,25,350,10,10,50,1,0.5,0.5,3.2,0.8,0.3,0.7
1851,1,6,0,2,2,3,0,3,2,3,0,3,0,0,3,0,14320.0,0.2864,1.992688889,0.14372539616243124,-0.8424664855978289,100,100,4,1 bead per cell or 1:1 ratio,1,10,5.5,6.7,1,0.4,25,350,10,10,50,1,0.5,0.5,3.2,0.8,0.3,0.7
1852,1,6,1,2,3,2,0,3,3,3,0,3,0,2,3,0,15053.33333,0.3010666666,1.992688889,0.15108563522481705,-0.8207768251325658,100,100,4,1 bead per cell or 1:1 ratio,1,10,5.5,6.7,1,0.4,25,350,10,10,50,1,0.5,0.5,3.2,0.8,0.3,0.7
1853,1,6,1,3,3,3,0,1,3,3,0,3,0,1,3,1,11791.66667,0.2358333334,1.992688889,0.11834929913136079,-0.9268343096342126,100,100,4,1 bead per cell or 1:1 ratio,1,10,5.5,6.7,1,0.4,25,350,10,10,50,1,0.5,0.5,3.2,0.8,0.3,0.7
1854,1,6,0,3,3,3,0,1,3,3,0,3,0,1,3,0,20041.66667,0.4008333334,1.992688889,0.20115198895957712,-0.696475668835208,100,100,4,1 bead per cell or 1:1 ratio,1,10,5.5,6.7,1,0.4,25,350,10,10,50,1,0.5,0.5,3.2,0.8,0.3,0.7
1855,1,6,1,2,3,3,0,2,3,3,1,3,0,2,3,0,17578.33333,0.3515666666,1.992688889,0.17642827665708935,-0.7534318080251676,100,100,4,1 bead per cell or 1:1 ratio,1,10,5.5,6.7,1,0.4,25,350,10,10,50,1,0.5,0.5,3.2,0.8,0.3,0.7
1856,1,6,1,2,2,3,0,2,3,3,0,3,0,2,3,0,11283.33333,0.22566666659999998,1.992688889,0.11324731514574124,-0.9459720853964646,100,100,4,1 bead per cell or 1:1 ratio,1,10,5.5,6.7,1,0.4,25,350,10,10,50,1,0.5,0.5,3.2,0.8,0.3,0.7
1857,1,6,0,3,3,3,0,3,2,3,0,3,0,1,3,0,17470.0,0.3494,1.992688889,0.17534096864229565,-0.7561165985867347,100,100,4,1 bead per cell or 1:1 ratio,1,10,5.5,6.7,1,0.4,25,350,10,10,50,1,0.5,0.5,3.2,0.8,0.3,0.7
1858,1,6,0,2,3,2,0,1,3,3,0,3,0,2,3,0,12403.33333,0.24806666659999999,1.992688889,0.12448840758302636,-0.9048710883845085,100,100,4,1 bead per cell or 1:1 ratio,1,10,5.5,6.7,1,0.4,25,350,10,10,50,1,0.5,0.5,3.2,0.8,0.3,0.7
1859,1,6,1,2,3,3,0,2,3,3,0,3,0,3,3,0,9505.0,0.1901,1.992688889,0.09539873537178135,-1.0204573823682037,100,100,4,1 bead per cell or 1:1 ratio,1,10,5.5,6.7,1,0.4,25,350,10,10,50,1,0.5,0.5,3.2,0.8,0.3,0.7
1860,1,6,0,2,3,3,0,2,3,3,0,3,0,1,3,1,5733.333333,0.11466666665999999,1.992688889,0.057543687473233046,-1.2400023114070289,100,100,4,1 bead per cell or 1:1 ratio,1,10,5.5,6.7,1,0.4,25,350,10,10,50,1,0.5,0.5,3.2,0.8,0.3,0.7
1861,1,6,0,3,3,3,0,1,3,3,0,3,0,2,3,0,13718.33333,0.2743666666,1.992688889,0.13768665450716022,-0.8611081523703571,100,100,4,1 bead per cell or 1:1 ratio,1,10,5.5,6.7,1,0.4,25,350,10,10,50,1,0.5,0.5,3.2,0.8,0.3,0.7
1862,1,6,1,3,3,3,0,3,3,3,0,3,0,1,3,0,8261.666667,0.16523333333999998,1.992688889,0.08291978454445027,-1.0813418350306359,100,100,4,1 bead per cell or 1:1 ratio,1,10,5.5,6.7,1,0.4,25,350,10,10,50,1,0.5,0.5,3.2,0.8,0.3,0.7
1863,1,6,0,2,3,3,0,2,3,3,0,2,0,3,2,0,10438.33333,0.20876666659999998,1.992688889,0.10476631236939665,-0.9797783423906873,100,100,4,1 bead per cell or 1:1 ratio,1,10,5.5,6.7,1,0.4,25,350,10,10,50,1,0.5,0.5,3.2,0.8,0.3,0.7
1864,1,6,0,3,3,3,0,1,3,3,0,4,0,3,3,0,8133.333333,0.16266666666,1.992688889,0.08163174269598689,-1.0881409319683977,100,100,4,1 bead per cell or 1:1 ratio,1,10,5.5,6.7,1,0.4,25,350,10,10,50,1,0.5,0.5,3.2,0.8,0.3,0.7
1865,1,6,1,2,3,3,0,1,3,3,0,3,1,2,3,0,9108.333333,0.18216666666,1.992688889,0.09141751513023065,-1.0389705876834812,100,100,4,1 bead per cell or 1:1 ratio,1,10,5.5,6.7,1,0.4,25,350,10,10,50,1,0.5,0.5,3.2,0.8,0.3,0.7
1866,1,6,0,3,3,3,1,1,3,3,0,3,0,1,3,0,958.3333333,0.019166666666,1.992688889,0.009618494272640069,-2.0168929092787846,100,100,4,1 bead per cell or 1:1 ratio,1,10,5.5,6.7,1,0.4,25,350,10,10,50,1,0.5,0.5,3.2,0.8,0.3,0.7
1867,1,6,1,3,3,3,0,3,3,3,0,3,0,1,3,0,12965.0,0.2593,1.992688889,0.13012568165125146,-0.8856369824642953,100,100,4,1 bead per cell or 1:1 ratio,1,10,5.5,6.7,1,0.4,25,350,10,10,50,1,0.5,0.5,3.2,0.8,0.3,0.7
1868,1,6,0,3,3,3,0,2,2,3,0,3,0,1,3,0,9776.666667,0.19553333334,1.992688889,0.09812536940381364,-1.0082186952939687,100,100,4,1 bead per cell or 1:1 ratio,1,10,5.5,6.7,1,0.4,25,350,10,10,50,1,0.5,0.5,3.2,0.8,0.3,0.7
1869,1,6,0,3,3,3,0,2,3,3,0,3,0,1,3,0,10871.66667,0.2174333334,1.992688889,0.10911554462930516,-0.9621133752976636,100,100,4,1 bead per cell or 1:1 ratio,1,10,5.5,6.7,1,0.4,25,350,10,10,50,1,0.5,0.5,3.2,0.8,0.3,0.7
1870,1,6,0,2,3,2,0,2,3,3,0,3,0,1,3,0,6628.333333,0.13256666666,1.992688889,0.06652652473338501,-1.1770051629891691,100,100,4,1 bead per cell or 1:1 ratio,1,10,5.5,6.7,1,0.4,25,350,10,10,50,1,0.5,0.5,3.2,0.8,0.3,0.7
1871,1,6,0,3,2,3,0,1,3,3,0,3,0,1,3,0,8175.0,0.1635,1.992688889,0.08204993810250527,-1.085921742237342,100,100,4,1 bead per cell or 1:1 ratio,1,10,5.5,6.7,1,0.4,25,350,10,10,50,1,0.5,0.5,3.2,0.8,0.3,0.7
1872,1,6,0,3,2,3,0,1,3,3,0,3,1,1,3,0,10420.0,0.2084,1.992688889,0.10458230642545625,-0.9805417846061599,100,100,4,1 bead per cell or 1:1 ratio,1,10,5.5,6.7,1,0.4,25,350,10,10,50,1,0.5,0.5,3.2,0.8,0.3,0.7
1873,1,6,1,2,2,3,0,3,3,3,0,3,0,1,3,0,4643.333333,0.09286666665999999,1.992688889,0.046603695726232346,-1.3315796418965415,100,100,4,1 bead per cell or 1:1 ratio,1,10,5.5,6.7,1,0.4,25,350,10,10,50,1,0.5,0.5,3.2,0.8,0.3,0.7
1874,1,6,0,2,2,3,0,2,4,3,0,3,0,2,2,0,8430.0,0.1686,1.992688889,0.08460929396992287,-1.0725819289449232,100,100,4,1 bead per cell or 1:1 ratio,1,10,5.5,6.7,1,0.4,25,350,10,10,50,1,0.5,0.5,3.2,0.8,0.3,0.7
1875,1,6,1,2,3,3,0,1,3,3,0,3,0,1,3,0,5990.0,0.1198,1.992688889,0.06011977116012313,-1.2209826811803541,100,100,4,1 bead per cell or 1:1 ratio,1,10,5.5,6.7,1,0.4,25,350,10,10,50,1,0.5,0.5,3.2,0.8,0.3,0.7
1876,1,6,1,2,3,3,0,2,3,3,0,3,0,1,4,0,5406.666667,0.10813333334000001,1.992688889,0.05426503551904936,-1.2654799083874155,100,100,4,1 bead per cell or 1:1 ratio,1,10,5.5,6.7,1,0.4,25,350,10,10,50,1,0.5,0.5,3.2,0.8,0.3,0.7
1877,1,6,1,2,3,3,0,1,3,3,0,3,0,1,3,0,3690.0,0.0738,1.992688889,0.03703538490498403,-1.4313831374106052,100,100,4,1 bead per cell or 1:1 ratio,1,10,5.5,6.7,1,0.4,25,350,10,10,50,1,0.5,0.5,3.2,0.8,0.3,0.7
1878,1,6,0,3,3,3,0,1,5,2,3,3,0,1,3,1,33238.33333,0.6647666666000001,1.992688889,0.33360283698555815,-0.4767702647431291,100,100,4,1 bead per cell or 1:1 ratio,1,10,5.5,6.7,1,0.4,25,350,10,10,50,1,0.5,0.5,3.2,0.8,0.3,0.7
1879,1,6,0,3,3,3,0,3,3,3,0,3,0,1,3,0,10511.66667,0.2102333334,1.992688889,0.10550233634589207,-0.9767379228222712,100,100,4,1 bead per cell or 1:1 ratio,1,10,5.5,6.7,1,0.4,25,350,10,10,50,1,0.5,0.5,3.2,0.8,0.3,0.7
1880,1,6,2,2,3,3,0,2,3,3,0,3,0,3,3,0,3346.666667,0.06693333334,1.992688889,0.03358945478618564,-1.473797045437071,100,100,4,1 bead per cell or 1:1 ratio,1,10,5.5,6.7,1,0.4,25,350,10,10,50,1,0.5,0.5,3.2,0.8,0.3,0.7
1881,1,6,0,3,3,2,0,2,3,3,0,3,1,1,3,0,9698.333333,0.19396666666,1.992688889,0.09733916203915763,-1.0117123967748252,100,100,4,1 bead per cell or 1:1 ratio,1,10,5.5,6.7,1,0.4,25,350,10,10,50,1,0.5,0.5,3.2,0.8,0.3,0.7
1882,1,6,1,2,3,3,0,2,3,3,0,3,1,2,3,0,3030.0,0.0606,1.992688889,0.030411169718726726,-1.5169668750673606,100,100,4,1 bead per cell or 1:1 ratio,1,10,5.5,6.7,1,0.4,25,350,10,10,50,1,0.5,0.5,3.2,0.8,0.3,0.7
1883,1,6,0,3,2,3,0,2,3,3,0,3,0,2,3,0,9735.0,0.1947,1.992688889,0.09770717399729527,-1.0100735477136151,100,100,4,1 bead per cell or 1:1 ratio,1,10,5.5,6.7,1,0.4,25,350,10,10,50,1,0.5,0.5,3.2,0.8,0.3,0.7
1884,1,6,1,2,3,3,0,2,3,3,0,3,1,1,3,0,5975.0,0.1195,1.992688889,0.05996922081498091,-1.2220715939494904,100,100,4,1 bead per cell or 1:1 ratio,1,10,5.5,6.7,1,0.4,25,350,10,10,50,1,0.5,0.5,3.2,0.8,0.3,0.7
1885,1,6,2,2,3,3,0,3,2,3,0,3,0,3,3,0,3790.0,0.0758,1.992688889,0.038039053872598774,-1.4197702936015932,100,100,4,1 bead per cell or 1:1 ratio,1,10,5.5,6.7,1,0.4,25,350,10,10,50,1,0.5,0.5,3.2,0.8,0.3,0.7
1886,1,6,1,3,3,3,0,2,3,3,0,3,1,2,3,0,5680.0,0.1136,1.992688889,0.057008397360517424,-1.2440611678586466,100,100,4,1 bead per cell or 1:1 ratio,1,10,5.5,6.7,1,0.4,25,350,10,10,50,1,0.5,0.5,3.2,0.8,0.3,0.7
1887,1,6,0,3,2,1,1,3,3,0,2,3,0,1,3,3,7423.333333,0.14846666666,1.992688889,0.07450569302592222,-1.1278105412747912,100,100,4,1 bead per cell or 1:1 ratio,1,10,5.5,6.7,1,0.4,25,350,10,10,50,1,0.5,0.5,3.2,0.8,0.3,0.7
1888,1,6,1,2,3,3,0,2,3,3,0,2,0,1,3,0,28621.66667,0.5724333334,1.992688889,0.2872667863809221,-0.5417145839813664,100,100,4,1 bead per cell or 1:1 ratio,1,10,5.5,6.7,1,0.4,25,350,10,10,50,1,0.5,0.5,3.2,0.8,0.3,0.7
1889,1,6,0,3,3,3,0,2,3,2,0,3,0,1,3,0,40886.66667,0.8177333334,1.992688889,0.4103667852588704,-0.3868277979024475,100,100,4,1 bead per cell or 1:1 ratio,1,10,5.5,6.7,1,0.4,25,350,10,10,50,1,0.5,0.5,3.2,0.8,0.3,0.7
1890,1,6,1,2,3,3,1,2,3,3,0,3,0,1,3,0,10211.66667,0.20423333340000002,1.992688889,0.10249132944304785,-0.9893128734795911,100,100,4,1 bead per cell or 1:1 ratio,1,10,5.5,6.7,1,0.4,25,350,10,10,50,1,0.5,0.5,3.2,0.8,0.3,0.7
1891,1,6,0,2,3,3,0,2,3,3,0,3,0,2,3,0,38333.33333,0.7666666666,1.992688889,0.38473977088552935,-0.41483291797348104,100,100,4,1 bead per cell or 1:1 ratio,1,10,5.5,6.7,1,0.4,25,350,10,10,50,1,0.5,0.5,3.2,0.8,0.3,0.7
1892,1,6,1,3,3,3,0,2,3,3,0,3,1,1,3,0,28350.0,0.567,1.992688889,0.2845401523187797,-0.5458564403407402,100,100,4,1 bead per cell or 1:1 ratio,1,10,5.5,6.7,1,0.4,25,350,10,10,50,1,0.5,0.5,3.2,0.8,0.3,0.7
1893,1,6,0,3,3,3,0,2,3,3,1,3,0,1,3,0,34575.0,0.6915,1.992688889,0.34701854555279754,-0.4596473147883174,100,100,4,1 bead per cell or 1:1 ratio,1,10,5.5,6.7,1,0.4,25,350,10,10,50,1,0.5,0.5,3.2,0.8,0.3,0.7
1894,1,6,0,3,3,3,0,2,3,3,0,3,0,1,3,1,39273.33333,0.7854666666,1.992688889,0.3941742591811079,-0.40431173992621444,100,100,4,1 bead per cell or 1:1 ratio,1,10,5.5,6.7,1,0.4,25,350,10,10,50,1,0.5,0.5,3.2,0.8,0.3,0.7
1895,1,6,1,2,3,3,0,2,3,3,0,3,0,1,3,1,26045.0,0.5209,1.992688889,0.2614055826152599,-0.5826851418009495,100,100,4,1 bead per cell or 1:1 ratio,1,10,5.5,6.7,1,0.4,25,350,10,10,50,1,0.5,0.5,3.2,0.8,0.3,0.7
1896,1,6,1,2,3,3,0,2,3,3,0,3,0,1,3,0,20896.66667,0.4179333334,1.992688889,0.20973335863268316,-0.6783324883810926,100,100,4,1 bead per cell or 1:1 ratio,1,10,5.5,6.7,1,0.4,25,350,10,10,50,1,0.5,0.5,3.2,0.8,0.3,0.7
1897,1,6,0,3,3,3,0,1,3,3,0,3,0,0,3,0,32303.33333,0.6460666666,1.992688889,0.3242185321383603,-0.48916216476386926,100,100,4,1 bead per cell or 1:1 ratio,1,10,5.5,6.7,1,0.4,25,350,10,10,50,1,0.5,0.5,3.2,0.8,0.3,0.7
1898,1,6,0,3,3,3,1,2,3,3,0,3,0,1,3,0,22298.33333,0.4459666666,1.992688889,0.22380145192850523,-0.6501371002808926,100,100,4,1 bead per cell or 1:1 ratio,1,10,5.5,6.7,1,0.4,25,350,10,10,50,1,0.5,0.5,3.2,0.8,0.3,0.7
1899,1,6,0,3,3,3,0,3,3,3,0,3,0,1,3,0,28726.66667,0.5745333334,1.992688889,0.2883206387969176,-0.5401242684865851,100,100,4,1 bead per cell or 1:1 ratio,1,10,5.5,6.7,1,0.4,25,350,10,10,50,1,0.5,0.5,3.2,0.8,0.3,0.7
1900,1,6,1,2,3,3,0,2,2,3,0,3,0,2,3,0,22401.66667,0.44803333339999996,1.992688889,0.22483857659528503,-0.6481291727954404,100,100,4,1 bead per cell or 1:1 ratio,1,10,5.5,6.7,1,0.4,25,350,10,10,50,1,0.5,0.5,3.2,0.8,0.3,0.7
1901,1,6,1,2,3,3,0,2,3,3,0,2,0,2,3,0,18616.66667,0.37233333339999997,1.992688889,0.186849706171067,-0.7285075807599394,100,100,4,1 bead per cell or 1:1 ratio,1,10,5.5,6.7,1,0.4,25,350,10,10,50,1,0.5,0.5,3.2,0.8,0.3,0.7
1902,1,6,1,2,3,3,0,2,3,3,0,3,0,1,3,0,19473.33333,0.3894666666,1.992688889,0.19544780359338873,-0.7089692057261371,100,100,4,1 bead per cell or 1:1 ratio,1,10,5.5,6.7,1,0.4,25,350,10,10,50,1,0.5,0.5,3.2,0.8,0.3,0.7
1903,1,6,0,3,3,3,0,1,3,3,1,3,0,1,3,0,17955.0,0.3591,1.992688889,0.18020876313522716,-0.7442240941075737,100,100,4,1 bead per cell or 1:1 ratio,1,10,5.5,6.7,1,0.4,25,350,10,10,50,1,0.5,0.5,3.2,0.8,0.3,0.7
1904,1,6,1,2,3,3,0,2,3,2,0,3,0,2,3,0,14330.0,0.2866,1.992688889,0.14382576305919273,-0.8421633131723211,100,100,4,1 bead per cell or 1:1 ratio,1,10,5.5,6.7,1,0.4,25,350,10,10,50,1,0.5,0.5,3.2,0.8,0.3,0.7
1905,1,6,1,2,3,3,0,2,3,2,0,3,0,1,3,0,18431.66667,0.3686333334,1.992688889,0.18499291858097974,-0.7328448958135616,100,100,4,1 bead per cell or 1:1 ratio,1,10,5.5,6.7,1,0.4,25,350,10,10,50,1,0.5,0.5,3.2,0.8,0.3,0.7
1906,1,6,0,3,3,3,0,1,3,3,0,2,0,1,3,0,23635.0,0.4727,1.992688889,0.2372171604957446,-0.6248538969307329,100,100,4,1 bead per cell or 1:1 ratio,1,10,5.5,6.7,1,0.4,25,350,10,10,50,1,0.5,0.5,3.2,0.8,0.3,0.7
1907,1,6,0,3,3,3,0,0,3,3,0,3,0,1,3,0,21403.33333,0.42806666660000003,1.992688889,0.21481861466835328,-0.66792808844047,100,100,4,1 bead per cell or 1:1 ratio,1,10,5.5,6.7,1,0.4,25,350,10,10,50,1,0.5,0.5,3.2,0.8,0.3,0.7
1908,1,6,1,1,3,3,0,2,3,3,0,3,0,1,3,0,18640.0,0.3728,1.992688889,0.18708389556338817,-0.727963595551703,100,100,4,1 bead per cell or 1:1 ratio,1,10,5.5,6.7,1,0.4,25,350,10,10,50,1,0.5,0.5,3.2,0.8,0.3,0.7
1909,1,6,1,2,3,3,1,2,3,3,0,3,0,2,3,0,2338.333333,0.04676666666,1.992688889,0.02346912602271252,-1.6295030829868586,100,100,4,1 bead per cell or 1:1 ratio,1,10,5.5,6.7,1,0.4,25,350,10,10,50,1,0.5,0.5,3.2,0.8,0.3,0.7
1910,1,6,0,3,3,3,0,2,3,3,0,3,0,0,3,0,16080.0,0.3216,1.992688889,0.16138996999245073,-0.7921234591572331,100,100,4,1 bead per cell or 1:1 ratio,1,10,5.5,6.7,1,0.4,25,350,10,10,50,1,0.5,0.5,3.2,0.8,0.3,0.7
1911,1,6,1,2,3,2,0,2,3,3,0,3,0,2,3,0,12400.0,0.248,1.992688889,0.12445495198422818,-0.9049878184074305,100,100,4,1 bead per cell or 1:1 ratio,1,10,5.5,6.7,1,0.4,25,350,10,10,50,1,0.5,0.5,3.2,0.8,0.3,0.7
1912,1,6,0,3,3,3,0,1,3,3,0,3,0,1,3,1,15153.33333,0.3030666666,1.992688889,0.1520893041924318,-0.8179013269959093,100,100,4,1 bead per cell or 1:1 ratio,1,10,5.5,6.7,1,0.4,25,350,10,10,50,1,0.5,0.5,3.2,0.8,0.3,0.7
1913,1,6,0,3,3,3,0,1,3,3,0,3,1,1,3,0,15253.33333,0.3050666666,1.992688889,0.15309297316004655,-0.8150447425992673,100,100,4,1 bead per cell or 1:1 ratio,1,10,5.5,6.7,1,0.4,25,350,10,10,50,1,0.5,0.5,3.2,0.8,0.3,0.7
1914,1,6,1,2,3,3,0,2,3,3,1,3,0,2,3,0,8283.333333,0.16566666666000002,1.992688889,0.08313724614740901,-1.0802043652374538,100,100,4,1 bead per cell or 1:1 ratio,1,10,5.5,6.7,1,0.4,25,350,10,10,50,1,0.5,0.5,3.2,0.8,0.3,0.7
1915,1,6,1,2,2,3,0,2,3,3,0,3,0,2,3,0,7118.333333,0.14236666666,1.992688889,0.07144450267469725,-1.1460311825468221,100,100,4,1 bead per cell or 1:1 ratio,1,10,5.5,6.7,1,0.4,25,350,10,10,50,1,0.5,0.5,3.2,0.8,0.3,0.7
1916,1,6,0,3,3,3,0,1,2,3,0,3,0,1,3,0,12263.33333,0.2452666666,1.992688889,0.12308327102836572,-0.909800970576248,100,100,4,1 bead per cell or 1:1 ratio,1,10,5.5,6.7,1,0.4,25,350,10,10,50,1,0.5,0.5,3.2,0.8,0.3,0.7
1917,1,6,0,3,3,3,0,1,3,2,0,3,0,1,3,0,18995.0,0.3799,1.992688889,0.19064692039842052,-0.7197702056789264,100,100,4,1 bead per cell or 1:1 ratio,1,10,5.5,6.7,1,0.4,25,350,10,10,50,1,0.5,0.5,3.2,0.8,0.3,0.7
1918,1,6,1,2,3,3,0,2,3,3,0,3,0,3,3,0,10953.33333,0.2190666666,1.992688889,0.10993520755261259,-0.9588631993224502,100,100,4,1 bead per cell or 1:1 ratio,1,10,5.5,6.7,1,0.4,25,350,10,10,50,1,0.5,0.5,3.2,0.8,0.3,0.7
1919,1,6,1,2,3,3,0,2,3,3,0,3,0,2,3,1,9865.0,0.1973,1.992688889,0.09901194365519443,-1.0043124139814557,100,100,4,1 bead per cell or 1:1 ratio,1,10,5.5,6.7,1,0.4,25,350,10,10,50,1,0.5,0.5,3.2,0.8,0.3,0.7
1920,1,6,0,3,3,3,0,1,3,3,0,3,0,2,3,0,11531.66667,0.2306333334,1.992688889,0.11573975981556245,-0.9365174232242786,100,100,4,1 bead per cell or 1:1 ratio,1,10,5.5,6.7,1,0.4,25,350,10,10,50,1,0.5,0.5,3.2,0.8,0.3,0.7
1921,1,6,1,2,3,3,0,3,3,3,0,3,0,2,3,0,6998.333333,0.13996666666,1.992688889,0.07024009991355955,-1.1534148793360552,100,100,4,1 bead per cell or 1:1 ratio,1,10,5.5,6.7,1,0.4,25,350,10,10,50,1,0.5,0.5,3.2,0.8,0.3,0.7
1922,1,6,0,3,3,3,0,2,3,3,0,3,0,1,2,0,11220.0,0.2244,1.992688889,0.1126116581663742,-0.9484166466495231,100,100,4,1 bead per cell or 1:1 ratio,1,10,5.5,6.7,1,0.4,25,350,10,10,50,1,0.5,0.5,3.2,0.8,0.3,0.7
1923,1,6,0,3,3,3,0,1,3,3,0,3,0,1,2,0,11673.33333,0.23346666659999998,1.992688889,0.11716162411943873,-0.931214616665914,100,100,4,1 bead per cell or 1:1 ratio,1,10,5.5,6.7,1,0.4,25,350,10,10,50,1,0.5,0.5,3.2,0.8,0.3,0.7
1924,1,6,1,2,3,3,0,1,3,3,0,3,0,2,3,0,5020.0,0.1004,1.992688889,0.05038418217426012,-1.2977057864246462,100,100,4,1 bead per cell or 1:1 ratio,1,10,5.5,6.7,1,0.4,25,350,10,10,50,1,0.5,0.5,3.2,0.8,0.3,0.7
1925,1,6,0,3,3,3,1,1,3,3,0,3,0,1,3,0,21218.33333,0.42436666660000005,1.992688889,0.21296182707826602,-0.671698235880458,100,100,4,1 bead per cell or 1:1 ratio,1,10,5.5,6.7,1,0.4,25,350,10,10,50,1,0.5,0.5,3.2,0.8,0.3,0.7
1926,1,6,1,2,3,3,0,3,3,3,0,3,0,1,3,0,7618.333333,0.15236666665999998,1.992688889,0.07646284751277097,-1.1165495326829806,100,100,4,1 bead per cell or 1:1 ratio,1,10,5.5,6.7,1,0.4,25,350,10,10,50,1,0.5,0.5,3.2,0.8,0.3,0.7
1927,1,6,0,3,3,3,0,2,2,3,0,3,0,1,3,0,9491.666667,0.18983333334,1.992688889,0.09526491284611162,-1.0210670255229384,100,100,4,1 bead per cell or 1:1 ratio,1,10,5.5,6.7,1,0.4,25,350,10,10,50,1,0.5,0.5,3.2,0.8,0.3,0.7
1928,1,6,0,3,3,3,0,2,3,3,0,3,0,1,3,0,8696.666667,0.17393333334,1.992688889,0.08728574455357441,-1.0590566791724612,100,100,4,1 bead per cell or 1:1 ratio,1,10,5.5,6.7,1,0.4,25,350,10,10,50,1,0.5,0.5,3.2,0.8,0.3,0.7
1929,1,6,1,2,3,2,0,2,3,3,0,3,0,1,3,0,6418.333333,0.12836666666,1.992688889,0.06441881990139404,-1.190987235353133,100,100,4,1 bead per cell or 1:1 ratio,1,10,5.5,6.7,1,0.4,25,350,10,10,50,1,0.5,0.5,3.2,0.8,0.3,0.7
1930,1,6,0,3,2,3,0,2,3,3,0,3,0,1,3,0,9738.333333,0.19476666666,1.992688889,0.09774062962620353,-1.0099248676579071,100,100,4,1 bead per cell or 1:1 ratio,1,10,5.5,6.7,1,0.4,25,350,10,10,50,1,0.5,0.5,3.2,0.8,0.3,0.7
1931,1,6,0,3,2,3,0,1,3,3,0,3,0,1,3,0,7946.666667,0.15893333334,1.992688889,0.07975822729646384,-1.0982245072029122,100,100,4,1 bead per cell or 1:1 ratio,1,10,5.5,6.7,1,0.4,25,350,10,10,50,1,0.5,0.5,3.2,0.8,0.3,0.7
1932,1,6,1,2,2,3,0,2,3,3,0,3,0,1,3,0,5436.666667,0.10873333334,1.992688889,0.05456613620933378,-1.2630767972224246,100,100,4,1 bead per cell or 1:1 ratio,1,10,5.5,6.7,1,0.4,25,350,10,10,50,1,0.5,0.5,3.2,0.8,0.3,0.7
1933,1,6,1,2,3,3,0,2,3,3,0,3,0,2,2,0,4151.666667,0.08303333334000002,1.992688889,0.041668989975484336,-1.3801870263819336,100,100,4,1 bead per cell or 1:1 ratio,1,10,5.5,6.7,1,0.4,25,350,10,10,50,1,0.5,0.5,3.2,0.8,0.3,0.7
1934,1,6,0,2,3,3,0,1,3,3,0,3,0,1,3,0,6520.0,0.1304,1.992688889,0.06543921668848127,-1.1841619078377454,100,100,4,1 bead per cell or 1:1 ratio,1,10,5.5,6.7,1,0.4,25,350,10,10,50,1,0.5,0.5,3.2,0.8,0.3,0.7
1935,1,6,1,2,3,3,0,2,3,3,0,3,0,2,3,0,4373.333333,0.08746666666,1.992688889,0.043893789513672545,-1.3575969232827882,100,100,4,1 bead per cell or 1:1 ratio,1,10,5.5,6.7,1,0.4,25,350,10,10,50,1,0.5,0.5,3.2,0.8,0.3,0.7
1936,1,6,1,2,3,3,0,1,3,3,0,3,0,1,3,0,6071.666667,0.12143333334,1.992688889,0.0609394341536874,-1.2151015826875506,100,100,4,1 bead per cell or 1:1 ratio,1,10,5.5,6.7,1,0.4,25,350,10,10,50,1,0.5,0.5,3.2,0.8,0.3,0.7
1937,1,6,1,3,3,3,0,1,5,4,3,3,0,1,3,1,27173.33333,0.5434666666,1.992688889,0.272730314099724,-0.5642665873442326,100,100,4,1 bead per cell or 1:1 ratio,1,10,5.5,6.7,1,0.4,25,350,10,10,50,1,0.5,0.5,3.2,0.8,0.3,0.7
1938,1,6,0,3,3,2,0,1,3,3,0,3,0,1,3,0,8046.666667,0.16093333334,1.992688889,0.08076189626407858,-1.092793492510007,100,100,4,1 bead per cell or 1:1 ratio,1,10,5.5,6.7,1,0.4,25,350,10,10,50,1,0.5,0.5,3.2,0.8,0.3,0.7
1939,1,6,2,2,3,3,0,2,3,3,0,3,0,2,3,0,3605.0,0.0721,1.992688889,0.0361822662825115,-1.4415042345142177,100,100,4,1 bead per cell or 1:1 ratio,1,10,5.5,6.7,1,0.4,25,350,10,10,50,1,0.5,0.5,3.2,0.8,0.3,0.7
1940,1,6,0,3,3,2,0,2,3,3,0,3,0,1,3,0,6861.666667,0.13723333334,1.992688889,0.06886841899784388,-1.1619798869347255,100,100,4,1 bead per cell or 1:1 ratio,1,10,5.5,6.7,1,0.4,25,350,10,10,50,1,0.5,0.5,3.2,0.8,0.3,0.7
1941,1,6,1,2,3,3,0,2,3,3,0,3,1,2,3,0,4066.666667,0.08133333334,1.992688889,0.04081587135301179,-1.3891709275789819,100,100,4,1 bead per cell or 1:1 ratio,1,10,5.5,6.7,1,0.4,25,350,10,10,50,1,0.5,0.5,3.2,0.8,0.3,0.7
1942,1,6,0,3,3,3,0,2,3,3,0,3,0,2,3,0,6881.666667,0.13763333334,1.992688889,0.06906915279136681,-1.160715871057571,100,100,4,1 bead per cell or 1:1 ratio,1,10,5.5,6.7,1,0.4,25,350,10,10,50,1,0.5,0.5,3.2,0.8,0.3,0.7
1943,1,6,1,2,3,3,0,2,3,3,0,3,1,1,3,0,5043.333333,0.10086666665999999,1.992688889,0.050618371596691324,-1.2956918302948455,100,100,4,1 bead per cell or 1:1 ratio,1,10,5.5,6.7,1,0.4,25,350,10,10,50,1,0.5,0.5,3.2,0.8,0.3,0.7
1944,1,6,1,2,3,3,0,2,2,3,0,3,0,1,3,0,4650.0,0.093,1.992688889,0.04667060699408557,-1.3309565506797116,100,100,4,1 bead per cell or 1:1 ratio,1,10,5.5,6.7,1,0.4,25,350,10,10,50,1,0.5,0.5,3.2,0.8,0.3,0.7
1945,1,6,1,1,3,3,0,2,3,3,0,3,0,2,3,0,3791.666667,0.07583333334,1.992688889,0.03805578169207125,-1.4195793529219982,100,100,4,1 bead per cell or 1:1 ratio,1,10,5.5,6.7,1,0.4,25,350,10,10,50,1,0.5,0.5,3.2,0.8,0.3,0.7
1946,1,6,0,3,2,1,1,3,3,0,2,3,0,1,3,3,22826.66667,0.45653333339999996,1.992688889,0.2291041697076477,-0.6399670065568122,100,100,4,1 bead per cell or 1:1 ratio,1,10,5.5,6.7,1,0.4,25,350,10,10,50,1,0.5,0.5,3.2,0.8,0.3,0.7
1947,1,6,1,2,3,3,0,2,3,3,0,2,0,1,3,0,30438.33333,0.6087666666,1.992688889,0.30550010589234533,-0.5149886348863917,100,100,4,1 bead per cell or 1:1 ratio,1,10,5.5,6.7,1,0.4,25,350,10,10,50,1,0.5,0.5,3.2,0.8,0.3,0.7
1948,1,6,0,3,3,3,0,2,3,3,0,3,0,1,3,0,38413.33333,0.7682666666,1.992688889,0.3855427060596211,-0.4139275087186388,100,100,4,1 bead per cell or 1:1 ratio,1,10,5.5,6.7,1,0.4,25,350,10,10,50,1,0.5,0.5,3.2,0.8,0.3,0.7
1949,1,6,1,2,3,3,1,2,4,3,0,3,0,2,3,0,49105.0,0.9821,1.992688889,0.4928516465472197,-0.3072837881910301,100,100,4,1 bead per cell or 1:1 ratio,1,10,5.5,6.7,1,0.4,25,350,10,10,50,1,0.5,0.5,3.2,0.8,0.3,0.7
1950,1,6,0,2,3,3,0,2,3,3,0,3,0,2,3,0,27726.66667,0.5545333334,1.992688889,0.27828394912077015,-0.5555118422082018,100,100,4,1 bead per cell or 1:1 ratio,1,10,5.5,6.7,1,0.4,25,350,10,10,50,1,0.5,0.5,3.2,0.8,0.3,0.7
1951,1,6,1,3,3,3,1,3,3,3,0,3,1,1,3,1,39391.66667,0.7878333334,1.992688889,0.39536193419302995,-0.40300514727762643,100,100,4,1 bead per cell or 1:1 ratio,1,10,5.5,6.7,1,0.4,25,350,10,10,50,1,0.5,0.5,3.2,0.8,0.3,0.7
1952,1,6,0,3,3,3,0,2,3,3,1,3,0,1,3,0,42785.0,0.8557,1.992688889,0.42941976779396795,-0.3671179672443536,100,100,4,1 bead per cell or 1:1 ratio,1,10,5.5,6.7,1,0.4,25,350,10,10,50,1,0.5,0.5,3.2,0.8,0.3,0.7
1953,1,6,0,3,3,3,0,2,3,3,0,3,0,1,3,1,43650.0,0.873,1.992688889,0.4381015043638355,-0.358425255528077,100,100,4,1 bead per cell or 1:1 ratio,1,10,5.5,6.7,1,0.4,25,350,10,10,50,1,0.5,0.5,3.2,0.8,0.3,0.7
1954,1,6,1,2,3,3,0,3,3,3,0,3,0,1,3,1,21073.33333,0.42146666660000004,1.992688889,0.21150650707522464,-0.6746762668544628,100,100,4,1 bead per cell or 1:1 ratio,1,10,5.5,6.7,1,0.4,25,350,10,10,50,1,0.5,0.5,3.2,0.8,0.3,0.7
1955,1,6,1,2,3,3,0,2,3,3,0,2,0,1,3,0,33523.33333,0.6704666666,1.992688889,0.33646329354326016,-0.4730623082041788,100,100,4,1 bead per cell or 1:1 ratio,1,10,5.5,6.7,1,0.4,25,350,10,10,50,1,0.5,0.5,3.2,0.8,0.3,0.7
1956,1,6,0,3,3,3,1,1,3,3,0,3,0,0,3,0,65480.0,1.3096,1.992688889,0.657202439994134,-0.18230083282976176,100,100,4,1 bead per cell or 1:1 ratio,1,10,5.5,6.7,1,0.4,25,350,10,10,50,1,0.5,0.5,3.2,0.8,0.3,0.7
1957,1,6,0,3,3,3,1,2,3,3,0,3,0,1,3,0,61283.33333,1.2256666666,1.992688889,0.6150817989531129,-0.21106712410806908,100,100,4,1 bead per cell or 1:1 ratio,1,10,5.5,6.7,1,0.4,25,350,10,10,50,1,0.5,0.5,3.2,0.8,0.3,0.7
1958,1,6,0,3,3,3,0,3,3,3,0,3,0,1,3,0,31433.33333,0.6286666666,1.992688889,0.31548661212011203,-0.5010190655980542,100,100,4,1 bead per cell or 1:1 ratio,1,10,5.5,6.7,1,0.4,25,350,10,10,50,1,0.5,0.5,3.2,0.8,0.3,0.7
1959,1,6,1,2,3,3,0,2,2,3,0,3,0,1,3,0,26743.33333,0.5348666666,1.992688889,0.2684145375389806,-0.5711939661409642,100,100,4,1 bead per cell or 1:1 ratio,1,10,5.5,6.7,1,0.4,25,350,10,10,50,1,0.5,0.5,3.2,0.8,0.3,0.7
1960,1,6,1,2,3,3,0,2,3,3,0,3,0,1,3,0,22401.66667,0.44803333339999996,1.992688889,0.22483857659528503,-0.6481291727954404,100,100,4,1 bead per cell or 1:1 ratio,1,10,5.5,6.7,1,0.4,25,350,10,10,50,1,0.5,0.5,3.2,0.8,0.3,0.7
1961,1,6,1,2,3,3,0,2,3,3,0,3,1,1,3,0,13386.66667,0.2677333334,1.992688889,0.13435781916481593,-0.8717370540442241,100,100,4,1 bead per cell or 1:1 ratio,1,10,5.5,6.7,1,0.4,25,350,10,10,50,1,0.5,0.5,3.2,0.8,0.3,0.7
1962,1,6,0,3,3,3,0,1,3,3,1,3,0,2,3,0,32778.33333,0.6555666666000001,1.992688889,0.3289859597345304,-0.4828226362139501,100,100,4,1 bead per cell or 1:1 ratio,1,10,5.5,6.7,1,0.4,25,350,10,10,50,1,0.5,0.5,3.2,0.8,0.3,0.7
1963,1,6,1,2,3,3,0,2,3,3,0,3,0,2,3,0,18925.0,0.3785,1.992688889,0.18994435212109018,-0.7213736153975553,100,100,4,1 bead per cell or 1:1 ratio,1,10,5.5,6.7,1,0.4,25,350,10,10,50,1,0.5,0.5,3.2,0.8,0.3,0.7
1964,1,6,1,2,3,3,0,2,3,3,0,3,0,1,3,0,13766.66667,0.2753333334,1.992688889,0.13817176124175196,-0.859580706527771,100,100,4,1 bead per cell or 1:1 ratio,1,10,5.5,6.7,1,0.4,25,350,10,10,50,1,0.5,0.5,3.2,0.8,0.3,0.7
1965,1,6,0,3,3,3,0,1,3,3,0,3,0,1,3,0,26326.66667,0.5265333334,1.992688889,0.26423258357416374,-0.5780136288338147,100,100,4,1 bead per cell or 1:1 ratio,1,10,5.5,6.7,1,0.4,25,350,10,10,50,1,0.5,0.5,3.2,0.8,0.3,0.7
1966,1,6,0,3,3,3,0,0,3,3,0,3,0,2,3,0,17996.66667,0.3599333334,1.992688889,0.18062695857185562,-0.7432174307376457,100,100,4,1 bead per cell or 1:1 ratio,1,10,5.5,6.7,1,0.4,25,350,10,10,50,1,0.5,0.5,3.2,0.8,0.3,0.7
1967,1,6,1,1,3,3,0,2,3,3,0,3,0,1,3,0,20583.33333,0.4116666666,1.992688889,0.20658852913391237,-0.6848937964279558,100,100,4,1 bead per cell or 1:1 ratio,1,10,5.5,6.7,1,0.4,25,350,10,10,50,1,0.5,0.5,3.2,0.8,0.3,0.7
1968,1,6,1,2,3,3,1,2,3,4,0,3,0,2,3,0,2090.0,0.0418,1.992688889,0.020976681423148135,-1.6782632174586116,100,100,4,1 bead per cell or 1:1 ratio,1,10,5.5,6.7,1,0.4,25,350,10,10,50,1,0.5,0.5,3.2,0.8,0.3,0.7
1969,1,6,0,2,2,3,0,3,2,3,0,3,0,0,3,0,17895.0,0.3579,1.992688889,0.17960656175465833,-0.7456778008436424,100,100,4,1 bead per cell or 1:1 ratio,1,10,5.5,6.7,1,0.4,25,350,10,10,50,1,0.5,0.5,3.2,0.8,0.3,0.7
1970,1,6,1,2,3,2,0,3,3,3,0,3,0,2,3,0,15155.0,0.3031,1.992688889,0.15210603204201434,-0.8178535628660246,100,100,4,1 bead per cell or 1:1 ratio,1,10,5.5,6.7,1,0.4,25,350,10,10,50,1,0.5,0.5,3.2,0.8,0.3,0.7
1971,1,6,1,3,3,3,0,1,3,3,0,3,0,1,3,1,10726.66667,0.2145333334,1.992688889,0.10766022462626378,-0.9679447183913594,100,100,4,1 bead per cell or 1:1 ratio,1,10,5.5,6.7,1,0.4,25,350,10,10,50,1,0.5,0.5,3.2,0.8,0.3,0.7
1972,1,6,0,3,3,3,0,1,3,3,0,3,0,1,3,0,24221.66667,0.4844333334,1.992688889,0.2431053518058734,-0.6142054803414635,100,100,4,1 bead per cell or 1:1 ratio,1,10,5.5,6.7,1,0.4,25,350,10,10,50,1,0.5,0.5,3.2,0.8,0.3,0.7
1973,1,6,1,2,3,3,0,2,3,3,1,3,0,2,3,0,15253.33333,0.3050666666,1.992688889,0.15309297316004655,-0.8150447425992673,100,100,4,1 bead per cell or 1:1 ratio,1,10,5.5,6.7,1,0.4,25,350,10,10,50,1,0.5,0.5,3.2,0.8,0.3,0.7
1974,1,6,1,2,2,3,0,2,3,3,0,3,0,2,3,0,11986.66667,0.2397333334,1.992688889,0.12030645361820953,-0.9197110751073654,100,100,4,1 bead per cell or 1:1 ratio,1,10,5.5,6.7,1,0.4,25,350,10,10,50,1,0.5,0.5,3.2,0.8,0.3,0.7
1975,1,6,0,3,3,3,0,3,2,3,0,3,0,1,3,0,15215.0,0.3043,1.992688889,0.15270823342258322,-0.8161375468754797,100,100,4,1 bead per cell or 1:1 ratio,1,10,5.5,6.7,1,0.4,25,350,10,10,50,1,0.5,0.5,3.2,0.8,0.3,0.7
1976,1,6,0,2,3,2,0,1,3,3,0,3,0,2,3,0,20811.66667,0.41623333339999996,1.992688889,0.2088802400102106,-0.6801026421662965,100,100,4,1 bead per cell or 1:1 ratio,1,10,5.5,6.7,1,0.4,25,350,10,10,50,1,0.5,0.5,3.2,0.8,0.3,0.7
1977,1,6,1,2,3,3,0,2,3,3,0,3,0,3,3,0,11811.66667,0.23623333340000002,1.992688889,0.11855003292488375,-0.9260983210692317,100,100,4,1 bead per cell or 1:1 ratio,1,10,5.5,6.7,1,0.4,25,350,10,10,50,1,0.5,0.5,3.2,0.8,0.3,0.7
1978,1,6,0,2,3,3,0,2,3,3,0,3,0,1,3,1,8618.333333,0.17236666666,1.992688889,0.0864995371889184,-1.0629862161980368,100,100,4,1 bead per cell or 1:1 ratio,1,10,5.5,6.7,1,0.4,25,350,10,10,50,1,0.5,0.5,3.2,0.8,0.3,0.7
1979,1,6,0,3,3,3,0,1,3,3,0,3,0,2,3,0,21900.0,0.438,1.992688889,0.2198035039076288,-0.6579653887295472,100,100,4,1 bead per cell or 1:1 ratio,1,10,5.5,6.7,1,0.4,25,350,10,10,50,1,0.5,0.5,3.2,0.8,0.3,0.7
1980,1,6,1,3,3,3,0,3,3,3,0,3,0,1,3,0,8531.666667,0.17063333334,1.992688889,0.08562969075701009,-1.067375624386096,100,100,4,1 bead per cell or 1:1 ratio,1,10,5.5,6.7,1,0.4,25,350,10,10,50,1,0.5,0.5,3.2,0.8,0.3,0.7
1981,1,6,0,2,3,3,0,2,3,3,0,2,0,3,2,0,15156.66667,0.30313333340000004,1.992688889,0.15212275989159693,-0.8178058039887074,100,100,4,1 bead per cell or 1:1 ratio,1,10,5.5,6.7,1,0.4,25,350,10,10,50,1,0.5,0.5,3.2,0.8,0.3,0.7
1982,1,6,0,3,3,3,0,1,3,3,0,4,0,3,3,0,10158.33333,0.2031666666,1.992688889,0.10195603926007538,-0.991587044141417,100,100,4,1 bead per cell or 1:1 ratio,1,10,5.5,6.7,1,0.4,25,350,10,10,50,1,0.5,0.5,3.2,0.8,0.3,0.7
1983,1,6,1,2,3,3,0,1,3,3,0,3,1,2,3,0,9258.333333,0.18516666666,1.992688889,0.09292301858165276,-1.031876690692059,100,100,4,1 bead per cell or 1:1 ratio,1,10,5.5,6.7,1,0.4,25,350,10,10,50,1,0.5,0.5,3.2,0.8,0.3,0.7
1984,1,6,0,3,3,3,1,1,3,3,0,3,0,1,3,0,800.0,0.016,1.992688889,0.008029351740917947,-2.095319516577722,100,100,4,1 bead per cell or 1:1 ratio,1,10,5.5,6.7,1,0.4,25,350,10,10,50,1,0.5,0.5,3.2,0.8,0.3,0.7
1985,1,6,1,3,3,3,0,3,3,3,0,3,0,1,3,0,12405.0,0.2481,1.992688889,0.12450513543260891,-0.9048127349614377,100,100,4,1 bead per cell or 1:1 ratio,1,10,5.5,6.7,1,0.4,25,350,10,10,50,1,0.5,0.5,3.2,0.8,0.3,0.7
1986,1,6,0,3,3,3,0,2,2,3,0,3,0,1,3,0,9216.666667,0.18433333334,1.992688889,0.09250482318517107,-1.0338356226329042,100,100,4,1 bead per cell or 1:1 ratio,1,10,5.5,6.7,1,0.4,25,350,10,10,50,1,0.5,0.5,3.2,0.8,0.3,0.7
1987,1,6,0,3,3,3,0,2,3,3,0,3,0,1,3,0,10843.33333,0.21686666659999998,1.992688889,0.10883117168823636,-0.9632466951409804,100,100,4,1 bead per cell or 1:1 ratio,1,10,5.5,6.7,1,0.4,25,350,10,10,50,1,0.5,0.5,3.2,0.8,0.3,0.7
1988,1,6,0,2,3,2,0,2,3,3,0,3,0,1,3,0,8785.0,0.1757,1.992688889,0.0881723188049552,-1.0546677377383518,100,100,4,1 bead per cell or 1:1 ratio,1,10,5.5,6.7,1,0.4,25,350,10,10,50,1,0.5,0.5,3.2,0.8,0.3,0.7
1989,1,6,0,3,2,3,0,1,3,3,0,3,0,1,3,0,8736.666667,0.17473333334,1.992688889,0.08768721214062031,-1.0570637373261578,100,100,4,1 bead per cell or 1:1 ratio,1,10,5.5,6.7,1,0.4,25,350,10,10,50,1,0.5,0.5,3.2,0.8,0.3,0.7
1990,1,6,0,3,2,3,0,1,3,3,0,3,1,1,3,0,11803.33333,0.2360666666,1.992688889,0.1184663937773379,-0.9264048316538643,100,100,4,1 bead per cell or 1:1 ratio,1,10,5.5,6.7,1,0.4,25,350,10,10,50,1,0.5,0.5,3.2,0.8,0.3,0.7
1991,1,6,1,2,2,3,0,3,3,3,0,3,0,1,3,0,4318.333333,0.08636666666,1.992688889,0.04334177158148443,-1.3630933410010078,100,100,4,1 bead per cell or 1:1 ratio,1,10,5.5,6.7,1,0.4,25,350,10,10,50,1,0.5,0.5,3.2,0.8,0.3,0.7
1992,1,6,0,2,2,3,0,2,4,3,0,3,0,2,2,0,8721.666667,0.17443333334,1.992688889,0.08753666179547809,-1.0578100191970456,100,100,4,1 bead per cell or 1:1 ratio,1,10,5.5,6.7,1,0.4,25,350,10,10,50,1,0.5,0.5,3.2,0.8,0.3,0.7
1993,1,6,1,2,3,3,0,1,3,3,0,3,0,1,3,0,7523.333333,0.15046666666,1.992688889,0.07550936199353696,-1.121999199230808,100,100,4,1 bead per cell or 1:1 ratio,1,10,5.5,6.7,1,0.4,25,350,10,10,50,1,0.5,0.5,3.2,0.8,0.3,0.7
1994,1,6,1,2,3,3,0,2,3,3,0,3,0,1,4,0,8028.333333,0.16056666666,1.992688889,0.08057789027999142,-1.0937841076569068,100,100,4,1 bead per cell or 1:1 ratio,1,10,5.5,6.7,1,0.4,25,350,10,10,50,1,0.5,0.5,3.2,0.8,0.3,0.7
1995,1,6,1,2,3,3,0,1,3,3,0,3,0,1,3,0,3483.333333,0.06966666666,1.992688889,0.03496113570190133,-1.4564144678838145,100,100,4,1 bead per cell or 1:1 ratio,1,10,5.5,6.7,1,0.4,25,350,10,10,50,1,0.5,0.5,3.2,0.8,0.3,0.7
1996,1,6,0,3,3,3,0,1,5,2,3,3,0,1,3,1,32418.33333,0.6483666666,1.992688889,0.3253727514511172,-0.4876188201450861,100,100,4,1 bead per cell or 1:1 ratio,1,10,5.5,6.7,1,0.4,25,350,10,10,50,1,0.5,0.5,3.2,0.8,0.3,0.7
1997,1,6,0,3,3,3,0,3,3,3,0,3,0,1,3,0,11183.33333,0.22366666659999998,1.992688889,0.11224364617812649,-0.9498382339137641,100,100,4,1 bead per cell or 1:1 ratio,1,10,5.5,6.7,1,0.4,25,350,10,10,50,1,0.5,0.5,3.2,0.8,0.3,0.7
1998,1,6,2,2,3,3,0,2,3,3,0,3,0,3,3,0,3388.333333,0.06776666666,1.992688889,0.034007650182667326,-1.4684233753579952,100,100,4,1 bead per cell or 1:1 ratio,1,10,5.5,6.7,1,0.4,25,350,10,10,50,1,0.5,0.5,3.2,0.8,0.3,0.7
1999,1,6,0,3,3,2,0,2,3,3,0,3,1,1,3,0,12931.66667,0.2586333334,1.992688889,0.12979112536216886,-0.8867550019732778,100,100,4,1 bead per cell or 1:1 ratio,1,10,5.5,6.7,1,0.4,25,350,10,10,50,1,0.5,0.5,3.2,0.8,0.3,0.7
2000,1,6,1,2,3,3,0,2,3,3,0,3,1,2,3,0,3356.666667,0.06713333334,1.992688889,0.03368982168294712,-1.4725012876925825,100,100,4,1 bead per cell or 1:1 ratio,1,10,5.5,6.7,1,0.4,25,350,10,10,50,1,0.5,0.5,3.2,0.8,0.3,0.7
2001,1,6,0,3,2,3,0,2,3,3,0,3,0,2,3,0,11593.33333,0.2318666666,1.992688889,0.11635868894534694,-0.9342011807475035,100,100,4,1 bead per cell or 1:1 ratio,1,10,5.5,6.7,1,0.4,25,350,10,10,50,1,0.5,0.5,3.2,0.8,0.3,0.7
2002,1,6,1,2,3,3,0,2,3,3,0,3,1,1,3,0,6030.0,0.1206,1.992688889,0.060521238747169026,-1.2180921914295142,100,100,4,1 bead per cell or 1:1 ratio,1,10,5.5,6.7,1,0.4,25,350,10,10,50,1,0.5,0.5,3.2,0.8,0.3,0.7
2003,1,6,2,2,3,3,0,3,2,3,0,3,0,3,3,0,3828.333333,0.07656666666,1.992688889,0.0384237936401722,-1.4153997587960971,100,100,4,1 bead per cell or 1:1 ratio,1,10,5.5,6.7,1,0.4,25,350,10,10,50,1,0.5,0.5,3.2,0.8,0.3,0.7
2004,1,6,1,3,3,3,0,2,3,3,0,3,1,2,3,0,5666.666667,0.11333333334000001,1.992688889,0.05687457483484769,-1.2450818368855074,100,100,4,1 bead per cell or 1:1 ratio,1,10,5.5,6.7,1,0.4,25,350,10,10,50,1,0.5,0.5,3.2,0.8,0.3,0.7
2005,1,6,0,3,2,1,1,3,3,0,2,3,0,1,3,3,8146.666667,0.16293333334000001,1.992688889,0.08176556523169333,-1.0874295567010415,100,100,4,1 bead per cell or 1:1 ratio,1,10,5.5,6.7,1,0.4,25,350,10,10,50,1,0.5,0.5,3.2,0.8,0.3,0.7
2006,1,6,1,2,3,3,0,2,3,3,0,2,0,1,3,0,28508.33333,0.5701666666,1.992688889,0.2861292948173808,-0.5434376754830077,100,100,4,1 bead per cell or 1:1 ratio,1,10,5.5,6.7,1,0.4,25,350,10,10,50,1,0.5,0.5,3.2,0.8,0.3,0.7
2007,1,6,0,3,3,3,0,2,3,2,0,3,0,1,3,0,53270.0,1.0654,1.992688889,0.5346544590483737,-0.271926806784836,100,100,4,1 bead per cell or 1:1 ratio,1,10,5.5,6.7,1,0.4,25,350,10,10,50,1,0.5,0.5,3.2,0.8,0.3,0.7
2008,1,6,1,2,3,3,1,2,3,3,0,3,0,1,3,0,33575.0,0.6715,1.992688889,0.3369818558766501,-0.47239348222891264,100,100,4,1 bead per cell or 1:1 ratio,1,10,5.5,6.7,1,0.4,25,350,10,10,50,1,0.5,0.5,3.2,0.8,0.3,0.7
2009,1,6,0,2,3,3,0,2,3,3,0,3,0,2,3,0,46771.66667,0.9354333334,1.992688889,0.469432704002998,-0.3284266576575794,100,100,4,1 bead per cell or 1:1 ratio,1,10,5.5,6.7,1,0.4,25,350,10,10,50,1,0.5,0.5,3.2,0.8,0.3,0.7
2010,1,6,1,3,3,3,0,2,3,3,0,3,1,1,3,0,31990.0,0.6398,1.992688889,0.32107370273995645,-0.49339526348555846,100,100,4,1 bead per cell or 1:1 ratio,1,10,5.5,6.7,1,0.4,25,350,10,10,50,1,0.5,0.5,3.2,0.8,0.3,0.7
2011,1,6,0,3,3,3,0,2,3,3,1,3,0,1,3,0,40478.33333,0.8095666666,1.992688889,0.40626847024086554,-0.39118688117284095,100,100,4,1 bead per cell or 1:1 ratio,1,10,5.5,6.7,1,0.4,25,350,10,10,50,1,0.5,0.5,3.2,0.8,0.3,0.7
2012,1,6,0,3,3,3,0,2,3,3,0,3,0,1,3,1,43053.33333,0.8610666666,1.992688889,0.4321129461569452,-0.3644027219778286,100,100,4,1 bead per cell or 1:1 ratio,1,10,5.5,6.7,1,0.4,25,350,10,10,50,1,0.5,0.5,3.2,0.8,0.3,0.7
2013,1,6,1,2,3,3,0,2,3,3,0,3,0,1,3,1,33713.33333,0.6742666666,1.992688889,0.3383702645817282,-0.47060780903574223,100,100,4,1 bead per cell or 1:1 ratio,1,10,5.5,6.7,1,0.4,25,350,10,10,50,1,0.5,0.5,3.2,0.8,0.3,0.7
2014,1,6,1,2,3,3,0,2,3,3,0,3,0,1,3,0,27191.66667,0.5438333334,1.992688889,0.2729143201440312,-0.563973675776177,100,100,4,1 bead per cell or 1:1 ratio,1,10,5.5,6.7,1,0.4,25,350,10,10,50,1,0.5,0.5,3.2,0.8,0.3,0.7
2015,1,6,0,3,3,3,0,1,3,3,0,3,0,0,3,0,45570.0,0.9114,1.992688889,0.45737194854203855,-0.3397304749872168,100,100,4,1 bead per cell or 1:1 ratio,1,10,5.5,6.7,1,0.4,25,350,10,10,50,1,0.5,0.5,3.2,0.8,0.3,0.7
2016,1,6,0,3,3,3,1,2,3,3,0,3,0,1,3,0,51603.33333,1.0320666666,1.992688889,0.5179266428880058,-0.2857317476775549,100,100,4,1 bead per cell or 1:1 ratio,1,10,5.5,6.7,1,0.4,25,350,10,10,50,1,0.5,0.5,3.2,0.8,0.3,0.7
2017,1,6,0,3,3,3,0,3,3,3,0,3,0,1,3,0,35663.33333,0.7132666666,1.992688889,0.3579418094502157,-0.44618757081081345,100,100,4,1 bead per cell or 1:1 ratio,1,10,5.5,6.7,1,0.4,25,350,10,10,50,1,0.5,0.5,3.2,0.8,0.3,0.7
2018,1,6,1,2,3,3,0,2,2,3,0,3,0,2,3,0,22885.0,0.4577,1.992688889,0.22968964323863403,-0.6388585868063472,100,100,4,1 bead per cell or 1:1 ratio,1,10,5.5,6.7,1,0.4,25,350,10,10,50,1,0.5,0.5,3.2,0.8,0.3,0.7
2019,1,6,1,2,3,3,0,2,3,3,0,2,0,2,3,0,23910.0,0.4782,1.992688889,0.23997725015668514,-0.6198299274538908,100,100,4,1 bead per cell or 1:1 ratio,1,10,5.5,6.7,1,0.4,25,350,10,10,50,1,0.5,0.5,3.2,0.8,0.3,0.7
2020,1,6,1,2,3,3,0,2,3,3,0,3,0,1,3,0,23968.33333,0.47936666660000005,1.992688889,0.24056272368767145,-0.6187716677316587,100,100,4,1 bead per cell or 1:1 ratio,1,10,5.5,6.7,1,0.4,25,350,10,10,50,1,0.5,0.5,3.2,0.8,0.3,0.7
2021,1,6,0,3,3,3,0,1,3,3,1,3,0,1,3,0,36111.66667,0.7222333334,1.992688889,0.3624415920552663,-0.44076197058785554,100,100,4,1 bead per cell or 1:1 ratio,1,10,5.5,6.7,1,0.4,25,350,10,10,50,1,0.5,0.5,3.2,0.8,0.3,0.7
2022,1,6,1,2,3,3,0,2,3,2,0,3,0,2,3,0,19066.66667,0.3813333334,1.992688889,0.19136621652533337,-0.7181347294203783,100,100,4,1 bead per cell or 1:1 ratio,1,10,5.5,6.7,1,0.4,25,350,10,10,50,1,0.5,0.5,3.2,0.8,0.3,0.7
2023,1,6,1,2,3,3,0,2,3,2,0,3,0,1,3,0,24073.33333,0.48146666660000004,1.992688889,0.24161657610366694,-0.6168732742586551,100,100,4,1 bead per cell or 1:1 ratio,1,10,5.5,6.7,1,0.4,25,350,10,10,50,1,0.5,0.5,3.2,0.8,0.3,0.7
2024,1,6,0,3,3,3,0,1,3,3,0,2,0,1,3,0,38916.66667,0.7783333334,1.992688889,0.3905945065968599,-0.4082738690139796,100,100,4,1 bead per cell or 1:1 ratio,1,10,5.5,6.7,1,0.4,25,350,10,10,50,1,0.5,0.5,3.2,0.8,0.3,0.7
2025,1,6,0,3,3,3,0,0,3,3,0,3,0,1,3,0,36050.0,0.721,1.992688889,0.361822662825115,-0.4415042345142177,100,100,4,1 bead per cell or 1:1 ratio,1,10,5.5,6.7,1,0.4,25,350,10,10,50,1,0.5,0.5,3.2,0.8,0.3,0.7
2026,1,6,1,1,3,3,0,2,3,3,0,3,0,1,3,0,22605.0,0.4521,1.992688889,0.22687937012931272,-0.6442049921993526,100,100,4,1 bead per cell or 1:1 ratio,1,10,5.5,6.7,1,0.4,25,350,10,10,50,1,0.5,0.5,3.2,0.8,0.3,0.7
2027,1,6,1,2,3,3,1,2,3,3,0,3,0,2,3,0,4508.333333,0.09016666665999999,1.992688889,0.045248742619952445,-1.3443934845428316,100,100,4,1 bead per cell or 1:1 ratio,1,10,5.5,6.7,1,0.4,25,350,10,10,50,1,0.5,0.5,3.2,0.8,0.3,0.7
2028,1,6,0,3,3,3,0,2,3,3,0,3,0,0,3,0,27903.33333,0.5580666666,1.992688889,0.2800570975633116,-0.5527534164124109,100,100,4,1 bead per cell or 1:1 ratio,1,10,5.5,6.7,1,0.4,25,350,10,10,50,1,0.5,0.5,3.2,0.8,0.3,0.7
2029,1,6,1,2,3,2,0,2,3,3,0,3,0,2,3,0,14730.0,0.2946,1.992688889,0.14784043892965168,-0.8302067567270347,100,100,4,1 bead per cell or 1:1 ratio,1,10,5.5,6.7,1,0.4,25,350,10,10,50,1,0.5,0.5,3.2,0.8,0.3,0.7
2030,1,6,0,3,3,3,0,1,3,3,0,3,0,1,3,1,30133.33333,0.6026666666,1.992688889,0.30243891554112035,-0.5193623278620062,100,100,4,1 bead per cell or 1:1 ratio,1,10,5.5,6.7,1,0.4,25,350,10,10,50,1,0.5,0.5,3.2,0.8,0.3,0.7
2031,1,6,0,3,3,3,0,1,3,3,0,3,1,1,3,0,30440.0,0.6088,1.992688889,0.3055168337419279,-0.5149648554711304,100,100,4,1 bead per cell or 1:1 ratio,1,10,5.5,6.7,1,0.4,25,350,10,10,50,1,0.5,0.5,3.2,0.8,0.3,0.7
2032,1,6,1,2,3,3,0,2,3,3,1,3,0,2,3,0,13871.66667,0.27743333340000004,1.992688889,0.13922561365774747,-0.8562808592160007,100,100,4,1 bead per cell or 1:1 ratio,1,10,5.5,6.7,1,0.4,25,350,10,10,50,1,0.5,0.5,3.2,0.8,0.3,0.7
2033,1,6,1,2,2,3,0,2,3,3,0,3,0,2,3,0,12106.66667,0.2421333334,1.992688889,0.12151085637934723,-0.915384918320706,100,100,4,1 bead per cell or 1:1 ratio,1,10,5.5,6.7,1,0.4,25,350,10,10,50,1,0.5,0.5,3.2,0.8,0.3,0.7
2034,1,6,0,3,3,3,0,1,2,3,0,3,0,1,3,0,20268.33333,0.40536666660000004,1.992688889,0.20342697188592596,-0.6915914655497459,100,100,4,1 bead per cell or 1:1 ratio,1,10,5.5,6.7,1,0.4,25,350,10,10,50,1,0.5,0.5,3.2,0.8,0.3,0.7
2035,1,6,0,3,3,3,0,1,3,2,0,3,0,1,3,0,16078.33333,0.3215666666,1.992688889,0.1613732421428682,-0.7921684755190809,100,100,4,1 bead per cell or 1:1 ratio,1,10,5.5,6.7,1,0.4,25,350,10,10,50,1,0.5,0.5,3.2,0.8,0.3,0.7
2036,1,6,1,2,3,3,0,2,3,3,0,3,0,3,3,0,11171.66667,0.22343333340000002,1.992688889,0.11212655153214938,-0.9502915344300008,100,100,4,1 bead per cell or 1:1 ratio,1,10,5.5,6.7,1,0.4,25,350,10,10,50,1,0.5,0.5,3.2,0.8,0.3,0.7
2037,1,6,1,2,3,3,0,2,3,3,0,3,0,2,3,1,12485.0,0.2497,1.992688889,0.1253080706067007,-0.902020956882299,100,100,4,1 bead per cell or 1:1 ratio,1,10,5.5,6.7,1,0.4,25,350,10,10,50,1,0.5,0.5,3.2,0.8,0.3,0.7
2038,1,6,0,3,3,3,0,1,3,3,0,3,0,2,3,0,16596.66667,0.3319333334,1.992688889,0.16657559302524919,-0.7783886319266433,100,100,4,1 bead per cell or 1:1 ratio,1,10,5.5,6.7,1,0.4,25,350,10,10,50,1,0.5,0.5,3.2,0.8,0.3,0.7
2039,1,6,1,2,3,3,0,3,3,3,0,3,0,2,3,0,8818.333333,0.17636666666,1.992688889,0.08850687512414789,-1.0530229924376688,100,100,4,1 bead per cell or 1:1 ratio,1,10,5.5,6.7,1,0.4,25,350,10,10,50,1,0.5,0.5,3.2,0.8,0.3,0.7
2040,1,6,0,3,3,3,0,2,3,3,0,3,0,1,2,0,17068.33333,0.34136666660000003,1.992688889,0.17130956492225416,-0.7662183878985563,100,100,4,1 bead per cell or 1:1 ratio,1,10,5.5,6.7,1,0.4,25,350,10,10,50,1,0.5,0.5,3.2,0.8,0.3,0.7
2041,1,6,0,3,3,3,0,1,3,3,0,3,0,1,2,0,15221.66667,0.3044333334,1.992688889,0.15277514472054649,-0.8159472962102959,100,100,4,1 bead per cell or 1:1 ratio,1,10,5.5,6.7,1,0.4,25,350,10,10,50,1,0.5,0.5,3.2,0.8,0.3,0.7
2042,1,6,1,2,3,3,0,1,3,3,0,3,0,2,3,0,7240.0,0.1448,1.992688889,0.07266563325530742,-1.1386709373725188,100,100,4,1 bead per cell or 1:1 ratio,1,10,5.5,6.7,1,0.4,25,350,10,10,50,1,0.5,0.5,3.2,0.8,0.3,0.7
2043,1,6,0,3,3,3,1,1,3,3,0,3,0,1,3,0,39895.0,0.7979,1.992688889,0.4004137346299019,-0.39749103416056275,100,100,4,1 bead per cell or 1:1 ratio,1,10,5.5,6.7,1,0.4,25,350,10,10,50,1,0.5,0.5,3.2,0.8,0.3,0.7
2044,1,6,1,2,3,3,0,3,3,3,0,3,0,1,3,0,8015.0,0.1603,1.992688889,0.08044406775432168,-1.094505976879502,100,100,4,1 bead per cell or 1:1 ratio,1,10,5.5,6.7,1,0.4,25,350,10,10,50,1,0.5,0.5,3.2,0.8,0.3,0.7
2045,1,6,0,3,3,3,0,2,2,3,0,3,0,1,3,0,9836.666667,0.19673333333999998,1.992688889,0.09872757078438248,-1.0055615487746516,100,100,4,1 bead per cell or 1:1 ratio,1,10,5.5,6.7,1,0.4,25,350,10,10,50,1,0.5,0.5,3.2,0.8,0.3,0.7
2046,1,6,0,3,3,3,0,2,3,3,0,3,0,1,3,0,12755.0,0.2551,1.992688889,0.12801797681926053,-0.8927290406238567,100,100,4,1 bead per cell or 1:1 ratio,1,10,5.5,6.7,1,0.4,25,350,10,10,50,1,0.5,0.5,3.2,0.8,0.3,0.7
2047,1,6,1,2,3,2,0,2,3,3,0,3,0,1,3,0,7531.666667,0.15063333334,1.992688889,0.07559300108086266,-1.1215184126028865,100,100,4,1 bead per cell or 1:1 ratio,1,10,5.5,6.7,1,0.4,25,350,10,10,50,1,0.5,0.5,3.2,0.8,0.3,0.7
2048,1,6,0,3,2,3,0,2,3,3,0,3,0,1,3,0,10066.66667,0.2013333334,1.992688889,0.10103600944000647,-0.9955238151883713,100,100,4,1 bead per cell or 1:1 ratio,1,10,5.5,6.7,1,0.4,25,350,10,10,50,1,0.5,0.5,3.2,0.8,0.3,0.7
2049,1,6,0,3,2,3,0,1,3,3,0,3,0,1,3,0,10170.0,0.2034,1.992688889,0.1020731340064194,-0.991088550646921,100,100,4,1 bead per cell or 1:1 ratio,1,10,5.5,6.7,1,0.4,25,350,10,10,50,1,0.5,0.5,3.2,0.8,0.3,0.7
2050,1,6,1,2,2,3,0,2,3,3,0,3,0,1,3,0,5988.333333,0.11976666665999999,1.992688889,0.06010304334065065,-1.2211035367728342,100,100,4,1 bead per cell or 1:1 ratio,1,10,5.5,6.7,1,0.4,25,350,10,10,50,1,0.5,0.5,3.2,0.8,0.3,0.7
2051,1,6,1,2,3,3,0,2,3,3,0,3,0,2,2,0,6301.666667,0.12603333334,1.992688889,0.06324787277920131,-1.198954076567801,100,100,4,1 bead per cell or 1:1 ratio,1,10,5.5,6.7,1,0.4,25,350,10,10,50,1,0.5,0.5,3.2,0.8,0.3,0.7
2052,1,6,0,2,3,3,0,1,3,3,0,3,0,1,3,0,11443.33333,0.2288666666,1.992688889,0.11485318549392483,-0.9398569549900837,100,100,4,1 bead per cell or 1:1 ratio,1,10,5.5,6.7,1,0.4,25,350,10,10,50,1,0.5,0.5,3.2,0.8,0.3,0.7
2053,1,6,1,2,3,3,0,2,3,3,0,3,0,2,3,0,5220.0,0.1044,1.992688889,0.05239152010948961,-1.2807390005674033,100,100,4,1 bead per cell or 1:1 ratio,1,10,5.5,6.7,1,0.4,25,350,10,10,50,1,0.5,0.5,3.2,0.8,0.3,0.7
2054,1,6,1,2,3,3,0,1,3,3,0,3,0,1,3,0,9481.666667,0.18963333334,1.992688889,0.09516454594935014,-1.0215248201702698,100,100,4,1 bead per cell or 1:1 ratio,1,10,5.5,6.7,1,0.4,25,350,10,10,50,1,0.5,0.5,3.2,0.8,0.3,0.7
2055,1,6,1,3,3,3,0,1,5,4,3,3,0,1,3,1,24978.33333,0.49956666660000004,1.992688889,0.2506997802605804,-0.6008460467025701,100,100,4,1 bead per cell or 1:1 ratio,1,10,5.5,6.7,1,0.4,25,350,10,10,50,1,0.5,0.5,3.2,0.8,0.3,0.7
2056,1,6,0,3,3,2,0,1,3,3,0,3,0,1,3,0,11516.66667,0.2303333334,1.992688889,0.11558920947042024,-0.9370827064534105,100,100,4,1 bead per cell or 1:1 ratio,1,10,5.5,6.7,1,0.4,25,350,10,10,50,1,0.5,0.5,3.2,0.8,0.3,0.7
2057,1,6,2,2,3,3,0,2,3,3,0,3,0,2,3,0,4708.333333,0.09416666666,1.992688889,0.047256080555181934,-1.3255423018285983,100,100,4,1 bead per cell or 1:1 ratio,1,10,5.5,6.7,1,0.4,25,350,10,10,50,1,0.5,0.5,3.2,0.8,0.3,0.7
2058,1,6,0,3,3,2,0,2,3,3,0,3,0,1,3,0,13300.0,0.266,1.992688889,0.1334879726927609,-0.8745578626025797,100,100,4,1 bead per cell or 1:1 ratio,1,10,5.5,6.7,1,0.4,25,350,10,10,50,1,0.5,0.5,3.2,0.8,0.3,0.7
2059,1,6,1,2,3,3,0,2,3,3,0,3,1,2,3,0,5786.666667,0.11573333334000001,1.992688889,0.05807897759598538,-1.235981037423838,100,100,4,1 bead per cell or 1:1 ratio,1,10,5.5,6.7,1,0.4,25,350,10,10,50,1,0.5,0.5,3.2,0.8,0.3,0.7
2060,1,6,0,3,3,3,0,2,3,3,0,3,0,2,3,0,10570.0,0.2114,1.992688889,0.10608780987687838,-0.9743345162622393,100,100,4,1 bead per cell or 1:1 ratio,1,10,5.5,6.7,1,0.4,25,350,10,10,50,1,0.5,0.5,3.2,0.8,0.3,0.7
2061,1,6,1,2,3,3,0,2,3,3,0,3,1,1,3,0,5721.666667,0.11443333334000001,1.992688889,0.0574265927670358,-1.240886950502258,100,100,4,1 bead per cell or 1:1 ratio,1,10,5.5,6.7,1,0.4,25,350,10,10,50,1,0.5,0.5,3.2,0.8,0.3,0.7
2062,1,6,1,2,3,3,0,2,2,3,0,3,0,1,3,0,7035.0,0.1407,1.992688889,0.07060811187169719,-1.1511454017989011,100,100,4,1 bead per cell or 1:1 ratio,1,10,5.5,6.7,1,0.4,25,350,10,10,50,1,0.5,0.5,3.2,0.8,0.3,0.7
2063,1,6,1,1,3,3,0,2,3,3,0,3,0,2,3,0,4921.666667,0.09843333334000001,1.992688889,0.04939724102611785,-1.306297306958817,100,100,4,1 bead per cell or 1:1 ratio,1,10,5.5,6.7,1,0.4,25,350,10,10,50,1,0.5,0.5,3.2,0.8,0.3,0.7
2064,1,6,0,3,2,1,1,3,3,0,2,3,0,1,3,3,24436.66667,0.48873333339999997,1.992688889,0.24526324008624506,-0.6103675387240011,100,100,4,1 bead per cell or 1:1 ratio,1,10,5.5,6.7,1,0.4,25,350,10,10,50,1,0.5,0.5,3.2,0.8,0.3,0.7
2065,1,6,1,2,3,3,0,2,3,3,0,2,0,1,3,0,28603.33333,0.5720666666,1.992688889,0.28708278033661483,-0.5419928563682345,100,100,4,1 bead per cell or 1:1 ratio,1,10,5.5,6.7,1,0.4,25,350,10,10,50,1,0.5,0.5,3.2,0.8,0.3,0.7
2066,1,6,0,3,3,3,0,2,3,3,0,3,0,1,3,0,44511.66667,0.8902333334,1.992688889,0.44674978533490484,-0.349935647502539,100,100,4,1 bead per cell or 1:1 ratio,1,10,5.5,6.7,1,0.4,25,350,10,10,50,1,0.5,0.5,3.2,0.8,0.3,0.7
2067,1,6,1,2,3,3,1,2,4,3,0,3,0,2,3,0,45975.0,0.9195,1.992688889,0.46143680786087826,-0.33588776565955053,100,100,4,1 bead per cell or 1:1 ratio,1,10,5.5,6.7,1,0.4,25,350,10,10,50,1,0.5,0.5,3.2,0.8,0.3,0.7
2068,1,6,0,2,3,3,0,2,3,3,0,3,0,2,3,0,33301.66667,0.6660333333999999,1.992688889,0.33423849406529205,-0.4759435341032566,100,100,4,1 bead per cell or 1:1 ratio,1,10,5.5,6.7,1,0.4,25,350,10,10,50,1,0.5,0.5,3.2,0.8,0.3,0.7
2069,1,6,1,3,3,3,1,3,3,3,0,3,1,1,3,1,42345.0,0.8469,1.992688889,0.42500362433646305,-0.37160736636706504,100,100,4,1 bead per cell or 1:1 ratio,1,10,5.5,6.7,1,0.4,25,350,10,10,50,1,0.5,0.5,3.2,0.8,0.3,0.7
2070,1,6,0,3,3,3,0,2,3,3,1,3,0,1,3,0,51670.0,1.0334,1.992688889,0.5185957555665379,-0.28517104202400384,100,100,4,1 bead per cell or 1:1 ratio,1,10,5.5,6.7,1,0.4,25,350,10,10,50,1,0.5,0.5,3.2,0.8,0.3,0.7
2071,1,6,0,3,3,3,0,2,3,3,0,3,0,1,3,1,43871.66667,0.8774333334,1.992688889,0.4403263039421704,-0.3562253701486495,100,100,4,1 bead per cell or 1:1 ratio,1,10,5.5,6.7,1,0.4,25,350,10,10,50,1,0.5,0.5,3.2,0.8,0.3,0.7
2072,1,6,1,2,3,3,0,3,3,3,0,3,0,1,3,1,22615.0,0.4523,1.992688889,0.2269797370260742,-0.6440129114877281,100,100,4,1 bead per cell or 1:1 ratio,1,10,5.5,6.7,1,0.4,25,350,10,10,50,1,0.5,0.5,3.2,0.8,0.3,0.7
2073,1,6,1,2,3,3,0,2,3,3,0,2,0,1,3,0,34573.33333,0.6914666666,1.992688889,0.347001817703215,-0.45966825023388597,100,100,4,1 bead per cell or 1:1 ratio,1,10,5.5,6.7,1,0.4,25,350,10,10,50,1,0.5,0.5,3.2,0.8,0.3,0.7
2074,1,6,0,3,3,3,1,1,3,3,0,3,0,0,3,0,69306.66667,1.3861333334000001,1.992688889,0.6956095058549805,-0.15763449177548422,100,100,4,1 bead per cell or 1:1 ratio,1,10,5.5,6.7,1,0.4,25,350,10,10,50,1,0.5,0.5,3.2,0.8,0.3,0.7
2075,1,6,0,3,3,3,1,2,3,3,0,3,0,1,3,0,58740.0,1.1748,1.992688889,0.5895551515769003,-0.22947556138288408,100,100,4,1 bead per cell or 1:1 ratio,1,10,5.5,6.7,1,0.4,25,350,10,10,50,1,0.5,0.5,3.2,0.8,0.3,0.7
2076,1,6,0,3,3,3,0,3,3,3,0,3,0,1,3,0,36301.66667,0.7260333334,1.992688889,0.36434856309373437,-0.4384829388925647,100,100,4,1 bead per cell or 1:1 ratio,1,10,5.5,6.7,1,0.4,25,350,10,10,50,1,0.5,0.5,3.2,0.8,0.3,0.7
2077,1,6,1,2,3,3,0,2,2,3,0,3,0,1,3,0,28980.0,0.5796,1.992688889,0.2908632668147526,-0.5363111224345098,100,100,4,1 bead per cell or 1:1 ratio,1,10,5.5,6.7,1,0.4,25,350,10,10,50,1,0.5,0.5,3.2,0.8,0.3,0.7
2078,1,6,1,2,3,3,0,2,3,3,0,3,0,1,3,0,30353.33333,0.6070666666,1.992688889,0.30464698726987277,-0.5162031123648503,100,100,4,1 bead per cell or 1:1 ratio,1,10,5.5,6.7,1,0.4,25,350,10,10,50,1,0.5,0.5,3.2,0.8,0.3,0.7
2079,1,6,1,2,3,3,0,2,3,3,0,3,1,1,3,0,18611.66667,0.3722333334,1.992688889,0.18679952272268627,-0.7286242377374484,100,100,4,1 bead per cell or 1:1 ratio,1,10,5.5,6.7,1,0.4,25,350,10,10,50,1,0.5,0.5,3.2,0.8,0.3,0.7
2080,1,6,0,3,3,3,0,1,3,3,1,3,0,2,3,0,43280.0,0.8656,1.992688889,0.4343879291836609,-0.36212225147115257,100,100,4,1 bead per cell or 1:1 ratio,1,10,5.5,6.7,1,0.4,25,350,10,10,50,1,0.5,0.5,3.2,0.8,0.3,0.7
2081,1,6,1,2,3,3,0,2,3,3,0,3,0,2,3,0,24818.33333,0.4963666666,1.992688889,0.24909390991239677,-0.6036368903830942,100,100,4,1 bead per cell or 1:1 ratio,1,10,5.5,6.7,1,0.4,25,350,10,10,50,1,0.5,0.5,3.2,0.8,0.3,0.7
2082,1,6,1,2,3,3,0,2,3,3,0,3,0,1,3,0,18873.33333,0.3774666666,1.992688889,0.18942578978770028,-0.7225608933369472,100,100,4,1 bead per cell or 1:1 ratio,1,10,5.5,6.7,1,0.4,25,350,10,10,50,1,0.5,0.5,3.2,0.8,0.3,0.7
2083,1,6,0,3,3,3,0,1,3,3,0,3,0,1,3,0,34163.33333,0.6832666666,1.992688889,0.3428867749359945,-0.4648492652002588,100,100,4,1 bead per cell or 1:1 ratio,1,10,5.5,6.7,1,0.4,25,350,10,10,50,1,0.5,0.5,3.2,0.8,0.3,0.7
2084,1,6,0,3,3,3,0,0,3,3,0,3,0,2,3,0,32148.33333,0.6429666666,1.992688889,0.3226628452385574,-0.4912510409080723,100,100,4,1 bead per cell or 1:1 ratio,1,10,5.5,6.7,1,0.4,25,350,10,10,50,1,0.5,0.5,3.2,0.8,0.3,0.7
2085,1,6,1,1,3,3,0,2,3,3,0,3,0,1,3,0,18281.66667,0.3656333334,1.992688889,0.18348741512955763,-0.7363937173912765,100,100,4,1 bead per cell or 1:1 ratio,1,10,5.5,6.7,1,0.4,25,350,10,10,50,1,0.5,0.5,3.2,0.8,0.3,0.7
2086,1,6,1,2,3,3,1,2,3,4,0,3,0,2,3,0,2875.0,0.0575,1.992688889,0.02885548281892387,-1.5397716545440163,100,100,4,1 bead per cell or 1:1 ratio,1,10,5.5,6.7,1,0.4,25,350,10,10,50,1,0.5,0.5,3.2,0.8,0.3,0.7
2087,1,6,0,2,2,3,0,3,2,3,0,3,0,0,3,0,27346.66667,0.5469333333999999,1.992688889,0.27447000704383406,-0.5615051065400625,100,100,4,1 bead per cell or 1:1 ratio,1,10,5.5,6.7,1,0.4,25,350,10,10,50,1,0.5,0.5,3.2,0.8,0.3,0.7
2088,1,6,1,2,3,2,0,3,3,3,0,3,0,2,3,0,22516.66667,0.4503333334,1.992688889,0.225992795908042,-0.6459054048669863,100,100,4,1 bead per cell or 1:1 ratio,1,10,5.5,6.7,1,0.4,25,350,10,10,50,1,0.5,0.5,3.2,0.8,0.3,0.7
2089,1,6,1,3,3,3,0,1,3,3,0,3,0,1,3,1,14551.66667,0.2910333334,1.992688889,0.1460505626375277,-0.8354967656339239,100,100,4,1 bead per cell or 1:1 ratio,1,10,5.5,6.7,1,0.4,25,350,10,10,50,1,0.5,0.5,3.2,0.8,0.3,0.7
2090,1,6,0,3,3,3,0,1,3,3,0,3,0,1,3,0,30911.66667,0.6182333334,1.992688889,0.3102508057392997,-0.5082870819398617,100,100,4,1 bead per cell or 1:1 ratio,1,10,5.5,6.7,1,0.4,25,350,10,10,50,1,0.5,0.5,3.2,0.8,0.3,0.7
2091,1,6,1,2,3,3,0,2,3,3,1,3,0,2,3,0,22048.33333,0.4409666666,1.992688889,0.22129227950946836,-0.6550337375635884,100,100,4,1 bead per cell or 1:1 ratio,1,10,5.5,6.7,1,0.4,25,350,10,10,50,1,0.5,0.5,3.2,0.8,0.3,0.7
2092,1,6,1,2,2,3,0,2,3,3,0,3,0,2,3,0,14996.66667,0.2999333334,1.992688889,0.1505168895434133,-0.8224147650272299,100,100,4,1 bead per cell or 1:1 ratio,1,10,5.5,6.7,1,0.4,25,350,10,10,50,1,0.5,0.5,3.2,0.8,0.3,0.7
2093,1,6,0,3,3,3,0,3,2,3,0,3,0,1,3,0,18965.0,0.3793,1.992688889,0.1903458197081361,-0.7204566565308562,100,100,4,1 bead per cell or 1:1 ratio,1,10,5.5,6.7,1,0.4,25,350,10,10,50,1,0.5,0.5,3.2,0.8,0.3,0.7
2094,1,6,0,2,3,2,0,1,3,3,0,3,0,2,3,0,19695.0,0.3939,1.992688889,0.1976726031717237,-0.704053518424505,100,100,4,1 bead per cell or 1:1 ratio,1,10,5.5,6.7,1,0.4,25,350,10,10,50,1,0.5,0.5,3.2,0.8,0.3,0.7
2095,1,6,1,2,3,3,0,2,3,3,0,3,0,3,3,0,11761.66667,0.23523333340000002,1.992688889,0.11804819844107638,-0.9279406363960934,100,100,4,1 bead per cell or 1:1 ratio,1,10,5.5,6.7,1,0.4,25,350,10,10,50,1,0.5,0.5,3.2,0.8,0.3,0.7
2096,1,6,0,2,3,3,0,2,3,3,0,3,0,1,3,1,10351.66667,0.20703333340000002,1.992688889,0.10389646599770849,-0.9833992245679116,100,100,4,1 bead per cell or 1:1 ratio,1,10,5.5,6.7,1,0.4,25,350,10,10,50,1,0.5,0.5,3.2,0.8,0.3,0.7
2097,1,6,0,3,3,3,0,1,3,3,0,3,0,2,3,0,21185.0,0.4237,1.992688889,0.2126272707891834,-0.6723810352326571,100,100,4,1 bead per cell or 1:1 ratio,1,10,5.5,6.7,1,0.4,25,350,10,10,50,1,0.5,0.5,3.2,0.8,0.3,0.7
2098,1,6,1,3,3,3,0,3,3,3,0,3,0,1,3,0,10711.66667,0.2142333334,1.992688889,0.10750967428112156,-0.9685524539077623,100,100,4,1 bead per cell or 1:1 ratio,1,10,5.5,6.7,1,0.4,25,350,10,10,50,1,0.5,0.5,3.2,0.8,0.3,0.7
2099,1,6,0,2,3,3,0,2,3,3,0,2,0,3,2,0,16618.33333,0.3323666666,1.992688889,0.16679305456798782,-0.777822037784603,100,100,4,1 bead per cell or 1:1 ratio,1,10,5.5,6.7,1,0.4,25,350,10,10,50,1,0.5,0.5,3.2,0.8,0.3,0.7
2100,1,6,0,3,3,3,0,1,3,3,0,4,0,3,3,0,9533.333333,0.19066666666,1.992688889,0.09568310824259331,-1.01916472517547,100,100,4,1 bead per cell or 1:1 ratio,1,10,5.5,6.7,1,0.4,25,350,10,10,50,1,0.5,0.5,3.2,0.8,0.3,0.7
2101,1,6,1,2,3,3,0,1,3,3,0,3,1,2,3,0,12465.0,0.2493,1.992688889,0.12510733681317776,-0.9027172207298734,100,100,4,1 bead per cell or 1:1 ratio,1,10,5.5,6.7,1,0.4,25,350,10,10,50,1,0.5,0.5,3.2,0.8,0.3,0.7
2102,1,6,0,3,3,3,1,1,3,3,0,3,0,1,3,0,763.3333333,0.015266666666000002,1.992688889,0.007661339785791319,-2.1156952759684047,100,100,4,1 bead per cell or 1:1 ratio,1,10,5.5,6.7,1,0.4,25,350,10,10,50,1,0.5,0.5,3.2,0.8,0.3,0.7
2103,1,6,1,3,3,3,0,3,3,3,0,3,0,1,3,0,14563.33333,0.2912666666,1.992688889,0.14616765728350484,-0.8351487136791632,100,100,4,1 bead per cell or 1:1 ratio,1,10,5.5,6.7,1,0.4,25,350,10,10,50,1,0.5,0.5,3.2,0.8,0.3,0.7
2104,1,6,0,3,3,3,0,2,2,3,0,3,0,1,3,0,13480.0,0.2696,1.992688889,0.1352945768344674,-0.8687196113703646,100,100,4,1 bead per cell or 1:1 ratio,1,10,5.5,6.7,1,0.4,25,350,10,10,50,1,0.5,0.5,3.2,0.8,0.3,0.7
2105,1,6,0,3,3,3,0,2,3,3,0,3,0,1,3,0,11338.33333,0.2267666666,1.992688889,0.11379933307792935,-0.9438602831204191,100,100,4,1 bead per cell or 1:1 ratio,1,10,5.5,6.7,1,0.4,25,350,10,10,50,1,0.5,0.5,3.2,0.8,0.3,0.7
2106,1,6,0,2,3,2,0,2,3,3,0,3,0,1,3,0,11835.0,0.2367,1.992688889,0.11878422231720487,-0.9252412413045641,100,100,4,1 bead per cell or 1:1 ratio,1,10,5.5,6.7,1,0.4,25,350,10,10,50,1,0.5,0.5,3.2,0.8,0.3,0.7
2107,1,6,0,3,2,3,0,1,3,3,0,3,0,1,3,0,8145.0,0.1629,1.992688889,0.08174883741222085,-1.0875184149251373,100,100,4,1 bead per cell or 1:1 ratio,1,10,5.5,6.7,1,0.4,25,350,10,10,50,1,0.5,0.5,3.2,0.8,0.3,0.7
2108,1,6,0,3,2,3,0,1,3,3,0,3,1,1,3,0,12970.0,0.2594,1.992688889,0.13017586509963222,-0.8854695274855855,100,100,4,1 bead per cell or 1:1 ratio,1,10,5.5,6.7,1,0.4,25,350,10,10,50,1,0.5,0.5,3.2,0.8,0.3,0.7
2109,1,6,1,2,2,3,0,3,3,3,0,3,0,1,3,0,5311.666667,0.10623333334000001,1.992688889,0.053311549999815355,-1.2731786904523223,100,100,4,1 bead per cell or 1:1 ratio,1,10,5.5,6.7,1,0.4,25,350,10,10,50,1,0.5,0.5,3.2,0.8,0.3,0.7
2110,1,6,0,2,2,3,0,2,4,3,0,3,0,2,2,0,11740.0,0.2348,1.992688889,0.11783073679797088,-0.9287414066580699,100,100,4,1 bead per cell or 1:1 ratio,1,10,5.5,6.7,1,0.4,25,350,10,10,50,1,0.5,0.5,3.2,0.8,0.3,0.7
2111,1,6,1,2,3,3,0,1,3,3,0,3,0,1,3,0,6185.0,0.1237,1.992688889,0.06207692564697188,-1.207069799604526,100,100,4,1 bead per cell or 1:1 ratio,1,10,5.5,6.7,1,0.4,25,350,10,10,50,1,0.5,0.5,3.2,0.8,0.3,0.7
2112,1,6,1,2,3,3,0,2,3,3,0,3,0,1,4,0,8740.0,0.1748,1.992688889,0.08772066776952858,-1.0568980709352624,100,100,4,1 bead per cell or 1:1 ratio,1,10,5.5,6.7,1,0.4,25,350,10,10,50,1,0.5,0.5,3.2,0.8,0.3,0.7
2113,1,6,1,2,3,3,0,1,3,3,0,3,0,1,3,0,3681.666667,0.07363333334,1.992688889,0.03695174582769503,-1.4323650380425539,100,100,4,1 bead per cell or 1:1 ratio,1,10,5.5,6.7,1,0.4,25,350,10,10,50,1,0.5,0.5,3.2,0.8,0.3,0.7
2114,1,6,0,3,3,3,0,1,5,2,3,3,0,1,3,1,29575.0,0.5915,1.992688889,0.29683509717206036,-0.5274847502696977,100,100,4,1 bead per cell or 1:1 ratio,1,10,5.5,6.7,1,0.4,25,350,10,10,50,1,0.5,0.5,3.2,0.8,0.3,0.7
2115,1,6,0,3,3,3,0,3,3,3,0,3,0,1,3,0,11943.33333,0.2388666666,1.992688889,0.11987153033199854,-0.9212839502444272,100,100,4,1 bead per cell or 1:1 ratio,1,10,5.5,6.7,1,0.4,25,350,10,10,50,1,0.5,0.5,3.2,0.8,0.3,0.7
2116,1,6,2,2,3,3,0,2,3,3,0,3,0,3,3,0,4885.0,0.0977,1.992688889,0.04902922906798021,-1.3095449355148738,100,100,4,1 bead per cell or 1:1 ratio,1,10,5.5,6.7,1,0.4,25,350,10,10,50,1,0.5,0.5,3.2,0.8,0.3,0.7
2117,1,6,0,3,3,2,0,2,3,3,0,3,1,1,3,0,11115.0,0.2223,1.992688889,0.11155780575037873,-0.9525000365346562,100,100,4,1 bead per cell or 1:1 ratio,1,10,5.5,6.7,1,0.4,25,350,10,10,50,1,0.5,0.5,3.2,0.8,0.3,0.7
2118,1,6,1,2,3,3,0,2,3,3,0,3,1,2,3,0,3763.333333,0.07526666666,1.992688889,0.03777140881122261,-1.4228368164028273,100,100,4,1 bead per cell or 1:1 ratio,1,10,5.5,6.7,1,0.4,25,350,10,10,50,1,0.5,0.5,3.2,0.8,0.3,0.7
2119,1,6,0,3,2,3,0,2,3,3,0,3,0,2,3,0,13435.0,0.2687,1.992688889,0.13484292579904078,-0.8701718328004783,100,100,4,1 bead per cell or 1:1 ratio,1,10,5.5,6.7,1,0.4,25,350,10,10,50,1,0.5,0.5,3.2,0.8,0.3,0.7
2120,1,6,1,2,3,3,0,2,3,3,0,3,1,1,3,0,7063.333333,0.14126666665999998,1.992688889,0.07089248474250913,-1.1493998015990288,100,100,4,1 bead per cell or 1:1 ratio,1,10,5.5,6.7,1,0.4,25,350,10,10,50,1,0.5,0.5,3.2,0.8,0.3,0.7
2121,1,6,2,2,3,3,0,3,2,3,0,3,0,3,3,0,4385.0,0.0877,1.992688889,0.0440108842299065,-1.3564399058676062,100,100,4,1 bead per cell or 1:1 ratio,1,10,5.5,6.7,1,0.4,25,350,10,10,50,1,0.5,0.5,3.2,0.8,0.3,0.7
2122,1,6,1,3,3,3,0,2,3,3,0,3,1,2,3,0,8163.333333,0.16326666666,1.992688889,0.08193284338627133,-1.0865419731823474,100,100,4,1 bead per cell or 1:1 ratio,1,10,5.5,6.7,1,0.4,25,350,10,10,50,1,0.5,0.5,3.2,0.8,0.3,0.7
2123,1,6,0,3,2,1,1,3,3,0,2,3,0,1,3,3,7540.0,0.1508,1.992688889,0.07567664015815165,-1.1210381576998916,100,100,4,1 bead per cell or 1:1 ratio,1,10,5.5,6.7,1,0.4,25,350,10,10,50,1,0.5,0.5,3.2,0.8,0.3,0.7
